model,evaluation_role,outer_fold,context_id,connectivity_id,source_id,solvent_raw,class_level_1,class_level_2,level2_figure,figure4_solvent_included,figure4_solvent_status,N_true,automatic_n_prediction,known_site_n_prediction,automatic_abs_error,known_site_abs_error,automatic_within_2,known_site_within_2
joint model,retrospective connectivity-grouped out-of-fold evaluation,0,context:001aff9d192ba5bb00ea7813,NDOMXVXCNMTXDL,mayr:1292,DMSO,C-Nucleophiles,Carbanions,figure_s3,True,included,14.46,16.1835187276,16.1835187276,1.7235187276,1.7235187276,True,True
joint model,retrospective connectivity-grouped out-of-fold evaluation,0,context:03f78f46086cefb733d5d11b,DNJLFZHMJDSJFN,mayr:476,dichloromethane,C-Nucleophiles,Isonitriles,figure_s3,True,included,4.59,5.58917792638,5.58917792638,0.99917792638,0.99917792638,True,True
joint model,retrospective connectivity-grouped out-of-fold evaluation,0,context:046650b42d9338282244a2d8,WNGRAVYBVJNTMT,mayr:1082,MeCN,H-Nucleophiles,H-C hydride donors,figure_s5,True,included,-1.2,-0.286630312602,0.505120277405,0.913369687398,1.7051202774,True,True
joint model,retrospective connectivity-grouped out-of-fold evaluation,0,context:06e6d7dec0af50fa72831e57,IVRMZWNICZWHMI,mayr:426,DMSO,N-Nucleophiles,Other N-centered nucleophiles,figure_s4,True,included,20.5,15.6168518066,15.6734488805,4.8831481934,4.8265511195,False,False
joint model,retrospective connectivity-grouped out-of-fold evaluation,0,context:090dbc083620bee62ad32180,FUDLPTUMHBESOS,mayr:117,DMSO,C-Nucleophiles,Carbanions,figure_s3,True,included,16.27,16.0781294505,16.0781294505,0.1918705495,0.1918705495,True,True
joint model,retrospective connectivity-grouped out-of-fold evaluation,0,context:0a30d5946ad9e79a6f3d44a3,YJSCYFWNFZXUDZ,mayr:1236,DMSO,C-Nucleophiles,Carbanions,figure_s3,True,included,16.03,16.7267386119,16.7267386119,0.6967386119,0.6967386119,True,True
joint model,retrospective connectivity-grouped out-of-fold evaluation,0,context:0a30e11d6079a6f65e244bae,WXAZIUYTQHYBFW,mayr:197,dichloromethane,P-Nucleophiles,,,True,included,15.44,14.435971578,14.435971578,1.004028422,1.004028422,True,True
joint model,retrospective connectivity-grouped out-of-fold evaluation,0,context:0b6c95348653b6f10c426164,DCFOWKDNANGCTA,mayr:84,dichloromethane,C-Nucleophiles,"Enamines, Enamides, and Ynamides",figure_s3,True,included,12.03,11.6634550095,11.6634550095,0.3665449905,0.3665449905,True,True
joint model,retrospective connectivity-grouped out-of-fold evaluation,0,context:0b7cf750d726379289cdc1df,JIABXJQBVOUBOD,mayr:1079,MeCN,H-Nucleophiles,H-C hydride donors,figure_s5,True,included,-4.8,-3.155474027,-3.155474027,1.644525973,1.644525973,True,True
joint model,retrospective connectivity-grouped out-of-fold evaluation,0,context:0e13cec0808376ddbfdd7085,BWJAFKSLQWCVOB,mayr:728,DMSO,C-Nucleophiles,Ylides,figure_s3,True,included,13.78,13.8331972758,13.8331972758,0.0531972758,0.0531972758,True,True
joint model,retrospective connectivity-grouped out-of-fold evaluation,0,context:12d9b5d2f11b21943d18ad53,AVFZOVWCLRSYKC,mayr:677,MeCN,N-Nucleophiles,Aliphatic amines,figure_s4,True,included,20.59,19.1275959015,19.1275959015,1.4624040985,1.4624040985,True,True
joint model,retrospective connectivity-grouped out-of-fold evaluation,0,context:13a3b87f352eeb4562f06016,MIYKHJXFICMPOJ,mayr:1151,dichloromethane,N-Nucleophiles,Amidines and Imines,figure_s4,True,included,7.9,8.93349806468,8.93349806468,1.03349806468,1.03349806468,True,True
joint model,retrospective connectivity-grouped out-of-fold evaluation,0,context:14d010006c37274be2241233,JSINEXDALPWUTH,mayr:1136,DMSO,C-Nucleophiles,Carbanions,figure_s3,True,included,27.62,26.5736420949,26.5736420949,1.0463579051,1.0463579051,True,True
joint model,retrospective connectivity-grouped out-of-fold evaluation,0,context:1650dd1b8b569bb4f72e3821,COKQMTJWXMERBR,mayr:1787,dichloromethane,N-Nucleophiles,Isochalkogenoureas,figure_s4,True,included,13.43,15.0083370209,15.0083370209,1.5783370209,1.5783370209,True,True
joint model,retrospective connectivity-grouped out-of-fold evaluation,0,context:16b1e73b7ed6334a3dae379c,IQIMPHPFMHVWBZ,mayr:1546,MeCN,N-Nucleophiles,Aliphatic amines,figure_s4,True,included,7.39,3.65661557515,5.97643661499,3.73338442485,1.41356338501,False,True
joint model,retrospective connectivity-grouped out-of-fold evaluation,0,context:18ff98d098dbd02ed5f75395,HXTGGPKOEKKUQO,mayr:1150,dichloromethane,N-Nucleophiles,Amidines and Imines,figure_s4,True,included,8.6,10.1507320404,10.1507320404,1.5507320404,1.5507320404,True,True
joint model,retrospective connectivity-grouped out-of-fold evaluation,0,context:1aa45c306021fc9c59c6bc28,DRLPQHUSIRTYBM,mayr:1414,MeCN,C-Nucleophiles,"Enamines, Enamides, and Ynamides",figure_s3,True,included,10.3,11.3890873591,11.3890873591,1.0890873591,1.0890873591,True,True
joint model,retrospective connectivity-grouped out-of-fold evaluation,0,context:1b4e88786daad3fbde5cf36c,FHHJDRFHHWUPDG,mayr:1428,water,O-Nucleophiles,Other O-centered nucleophiles,figure_s6,True,included,14.41,16.0452006658,16.0452006658,1.6352006658,1.6352006658,True,True
joint model,retrospective connectivity-grouped out-of-fold evaluation,0,context:1d7f74611726de1d3e40ba2c,VTGIVYVOVVQLRL,mayr:336,dichloromethane,C-Nucleophiles,Enol Ethers,figure_s3,True,included,9.81,10.8676592509,10.8676592509,1.0576592509,1.0576592509,True,True
joint model,retrospective connectivity-grouped out-of-fold evaluation,0,context:1dfd7188ae714564d2989a31,NZNTUXSPRYJURO,mayr:1655,THF,C-Nucleophiles,NHOs (conventional and mesoionic),figure_s3,True,included,31.92,30.4564997355,30.4564997355,1.4635002645,1.4635002645,True,True
joint model,retrospective connectivity-grouped out-of-fold evaluation,0,context:1e09b044d95fdd440ea85ec5,ZSBDPRIWBYHIAF,mayr:705,DMSO,N-Nucleophiles,Amide anions (N reactivity),figure_s4,True,included,16.05,16.0537344615,16.0537344615,0.0037344615,0.0037344615,True,True
joint model,retrospective connectivity-grouped out-of-fold evaluation,0,context:206208777f16c1a993720f92,HJTMLKUQGRHHBV,mayr:1751,dichloromethane,C-Nucleophiles,Vinyl azides,figure_s3,True,included,3.17,5.03501462936,5.03501462936,1.86501462936,1.86501462936,True,True
joint model,retrospective connectivity-grouped out-of-fold evaluation,0,context:20d0d451e75912ece86fa97d,LFQSCWFLJHTTHZ,mayr:313,EtOH,O-Nucleophiles,Alcohols and aqueous solvents,figure_s6,False,excluded as one of the three smallest observed solvent strata,7.44,7.97177680333,7.97177680333,0.53177680333,0.53177680333,True,True
joint model,retrospective connectivity-grouped out-of-fold evaluation,0,context:20d8a2eaf05b9af6bc9e3953,JJWLVOIRVHMVIS,mayr:482,water,N-Nucleophiles,Aliphatic amines,figure_s4,True,included,12,12.100481987,12.100481987,0.100481987,0.100481987,True,True
joint model,retrospective connectivity-grouped out-of-fold evaluation,0,context:214dd31c19747d5f9196b372,ULGQYSSQBVDCSA,mayr:1536,MeCN,N-Nucleophiles,Aliphatic amines,figure_s4,True,included,14.97,17.5275719961,17.5275719961,2.5575719961,2.5575719961,False,False
joint model,retrospective connectivity-grouped out-of-fold evaluation,0,context:22ab8ea7871358274033ad6b,CLLOFODTUXGHHT,mayr:712,DMSO,N-Nucleophiles,Amide anions (N reactivity),figure_s4,True,included,15.99,16.8643143972,16.8643143972,0.8743143972,0.8743143972,True,True
joint model,retrospective connectivity-grouped out-of-fold evaluation,0,context:240fd2ffad6a938368e2f5c3,NRMQMTQTYONMFY,mayr:814,MeCN,S- and Se-Nucleophiles,,,True,included,21.72,22.7669576009,22.7669576009,1.0469576009,1.0469576009,True,True
joint model,retrospective connectivity-grouped out-of-fold evaluation,0,context:2673b2e6f4836612040b8d76,PSINDLUNOGABJV,mayr:191,dichloromethane,C-Nucleophiles,Diazo Compounds and Hydrazones,figure_s3,True,included,-0.35,-0.443183581034,-0.443183581034,0.093183581034,0.093183581034,True,True
joint model,retrospective connectivity-grouped out-of-fold evaluation,0,context:288cc6beb66cb328095d548c,FUPIVZHYVSCYLX,mayr:1121,MeCN,H-Nucleophiles,H-C hydride donors,figure_s5,True,included,-2.5,-0.707476615906,-0.707476615906,1.79252338409,1.79252338409,True,True
joint model,retrospective connectivity-grouped out-of-fold evaluation,0,context:28c4c7e6ec32ffa11083abac,UTWQHEUIFBZBTR,mayr:1585,dichloromethane,C-Nucleophiles,Diazo Compounds and Hydrazones,figure_s3,True,included,5.61,2.56765333811,2.56765333811,3.04234666189,3.04234666189,False,False
joint model,retrospective connectivity-grouped out-of-fold evaluation,0,context:29e5bbce5254d2dac1ffbd22,BHLKIZCNPYDMOY,mayr:992,dichloromethane,H-Nucleophiles,H-Si hydride donors,figure_s5,True,included,0.8,3.01926898956,3.01926898956,2.21926898956,2.21926898956,False,False
joint model,retrospective connectivity-grouped out-of-fold evaluation,0,context:2a71df212f4b05ff5d632060,OZTFXWYJHCTJDS,mayr:1342,DMSO,C-Nucleophiles,Carbanions,figure_s3,True,included,20.63,20.0123577118,20.0123577118,0.6176422882,0.6176422882,True,True
joint model,retrospective connectivity-grouped out-of-fold evaluation,0,context:2bc2210e23222f2ca1056fea,AFFPCIMDERUIST,mayr:46,dichloromethane,C-Nucleophiles,Enol Ethers,figure_s3,True,included,6.22,5.24630212784,5.24630212784,0.97369787216,0.97369787216,True,True
joint model,retrospective connectivity-grouped out-of-fold evaluation,0,context:2bcaae8f6c47902e047369e7,XKUKSGPZAADMRA,mayr:548,water,N-Nucleophiles,Amino acids,figure_s4,True,included,12.26,12.746720314,12.746720314,0.486720314,0.486720314,True,True
joint model,retrospective connectivity-grouped out-of-fold evaluation,0,context:2bfa69960aef26811d418f7d,KKFHAJHLJHVUDM,mayr:76,dichloromethane,C-Nucleophiles,"Enamines, Enamides, and Ynamides",figure_s3,True,included,5.02,2.16033045451,4.5068581899,2.85966954549,0.5131418101,False,True
joint model,retrospective connectivity-grouped out-of-fold evaluation,0,context:2c1a5d14a43c365e85d4804a,ZACFZWVWCJFOCW,mayr:1001,dichloromethane,H-Nucleophiles,H-Si hydride donors,figure_s5,True,included,6.53,4.28319152196,4.28319152196,2.24680847804,2.24680847804,False,False
joint model,retrospective connectivity-grouped out-of-fold evaluation,0,context:2c808b13daaa61e2f6d4753c,ZISUALSZTAEPJH,mayr:60,dichloromethane,H-Nucleophiles,H-Si hydride donors,figure_s5,True,included,3.55,3.01589711507,3.01589711507,0.53410288493,0.53410288493,True,True
joint model,retrospective connectivity-grouped out-of-fold evaluation,0,context:2c8b623afe89567861089788,LJUQGASMPRMWIW,mayr:671,DMSO,N-Nucleophiles,Azoles and Azole Anions,figure_s4,True,included,11.08,10.9542706807,10.9542706807,0.1257293193,0.1257293193,True,True
joint model,retrospective connectivity-grouped out-of-fold evaluation,0,context:2e3e48b834eb017dc1b5abf5,QTBSBXVTEAMEQO,mayr:782,MeCN,O-Nucleophiles,Carboxylates and Carbonates,figure_s6,True,included,16.9,16.977921168,16.977921168,0.077921168,0.077921168,True,True
joint model,retrospective connectivity-grouped out-of-fold evaluation,0,context:30af75f1241104415ea92d87,GKIYSZCDLDAYKO,mayr:1614,THF,C-Nucleophiles,NHOs (conventional and mesoionic),figure_s3,True,included,19.84,16.6986529032,16.6986529032,3.1413470968,3.1413470968,False,False
joint model,retrospective connectivity-grouped out-of-fold evaluation,0,context:3217aae091c441f2962a149f,XCRBXWCUXJNEFX,mayr:1390,water,O-Nucleophiles,Peroxy anions,figure_s6,True,included,18.57,17.1922550201,17.1922550201,1.3777449799,1.3777449799,True,True
joint model,retrospective connectivity-grouped out-of-fold evaluation,0,context:32244f821b4c117bc6bb69c4,RREAVEQOCKXSHQ,mayr:1257,DMSO,C-Nucleophiles,Carbanions,figure_s3,True,included,23.8533333333,27.4756482442,26.0037924449,3.6223149109,2.1504591116,False,False
joint model,retrospective connectivity-grouped out-of-fold evaluation,0,context:328d0fcbd1c9eadad4363008,TUQOTMZNTHZOKS,mayr:202,dichloromethane,P-Nucleophiles,,,True,included,15.49,13.8743518194,13.8743518194,1.6156481806,1.6156481806,True,True
joint model,retrospective connectivity-grouped out-of-fold evaluation,0,context:3430fb24e13c01a1c2b1f374,OMRYFORMTXHEKG,mayr:1229,dichloromethane,C-Nucleophiles,"Enamines, Enamides, and Ynamides",figure_s3,True,included,12.26,11.7426687876,11.7426687876,0.5173312124,0.5173312124,True,True
joint model,retrospective connectivity-grouped out-of-fold evaluation,0,context:35a3e1527a4cd1317f5c5416,UZXKWLDYUXFLFO,mayr:796,dichloromethane,N-Nucleophiles,Isochalkogenoureas,figure_s4,True,included,14.45,14.2889709473,14.2889709473,0.1610290527,0.1610290527,True,True
joint model,retrospective connectivity-grouped out-of-fold evaluation,0,context:39cbfe1b30a616c36be79b3c,DIXNHFYWIDAWDL,mayr:1445,dichloromethane,C-Nucleophiles,Diazo Compounds and Hydrazones,figure_s3,True,included,8.87,8.8203496933,8.8203496933,0.0496503067,0.0496503067,True,True
joint model,retrospective connectivity-grouped out-of-fold evaluation,0,context:3ad3fc5ff9838c1f0d5de912,CWFHQXFFTAMVMB,mayr:583,DMSO,C-Nucleophiles,Carbanions,figure_s3,True,included,19.67,20.4364941915,20.4364941915,0.7664941915,0.7664941915,True,True
joint model,retrospective connectivity-grouped out-of-fold evaluation,0,context:3b811e197d9b46329ab92cad,BQCIUPMFLJNBIZ,mayr:601,MeCN,C-Nucleophiles,Alkenes,figure_s3,True,included,7.79,6.87450297674,6.87450297674,0.91549702326,0.91549702326,True,True
joint model,retrospective connectivity-grouped out-of-fold evaluation,0,context:3b9b85e5cb3830bc1f496370,NIFAOMSJMGEFTQ,mayr:1617,DMSO,S- and Se-Nucleophiles,,,True,included,24.97,23.2651729584,23.2651729584,1.7048270416,1.7048270416,True,True
joint model,retrospective connectivity-grouped out-of-fold evaluation,0,context:3dc4d6df096ef54ef2814e4b,RXSPZPXAAMOOOX,mayr:1656,THF,C-Nucleophiles,NHOs (conventional and mesoionic),figure_s3,True,included,22.8,24.5889027913,24.5889027913,1.7889027913,1.7889027913,True,True
joint model,retrospective connectivity-grouped out-of-fold evaluation,0,context:3ea3a9a7593a86fbafa8a68c,RNELPITXEMRBAL,mayr:1611,THF,C-Nucleophiles,NHOs (conventional and mesoionic),figure_s3,True,included,18.11,18.7110176086,18.7110176086,0.6010176086,0.6010176086,True,True
joint model,retrospective connectivity-grouped out-of-fold evaluation,0,context:3f291e98cdee9b74b828c413,SUGDTIRKYVZSJV,mayr:1186,dichloromethane,C-Nucleophiles,Vinylsilanes,figure_s3,True,included,0.61,0.289595286051,0.289595286051,0.320404713949,0.320404713949,True,True
joint model,retrospective connectivity-grouped out-of-fold evaluation,0,context:4025c01c926785d20b4da857,OMRYFORMTXHEKG,mayr:922,MeCN,C-Nucleophiles,"Enamines, Enamides, and Ynamides",figure_s3,True,included,13.87,12.9652630488,12.9652630488,0.9047369512,0.9047369512,True,True
joint model,retrospective connectivity-grouped out-of-fold evaluation,0,context:4089f8c411fff3f28ae1ebd4,JYCRDKIYCUUZJK,mayr:1241,DMSO,C-Nucleophiles,Carbanions,figure_s3,True,included,25.77,25.2290910085,25.2290910085,0.5409089915,0.5409089915,True,True
joint model,retrospective connectivity-grouped out-of-fold evaluation,0,context:42149965af3f589a07e54719,MTGZTDPLQGHQDR,mayr:1394,DMSO,C-Nucleophiles,Carbanions,figure_s3,True,included,14.9,17.1131528219,17.1131528219,2.2131528219,2.2131528219,False,False
joint model,retrospective connectivity-grouped out-of-fold evaluation,0,context:4313160ed0b65a3bb70fc2d1,SGIJBHQBXMMPRH,mayr:1523,MeCN,N-Nucleophiles,Aliphatic amines,figure_s4,True,included,17.41,17.3262786865,17.3262786865,0.0837213135,0.0837213135,True,True
joint model,retrospective connectivity-grouped out-of-fold evaluation,0,context:43dfd007875e9355ac0b09fb,OAKJQQAXSVQMHS,mayr:841,MeCN,N-Nucleophiles,"Hydrazines, Hydroxylamines etc.",figure_s4,True,included,16.45,14.6616945267,14.6616945267,1.7883054733,1.7883054733,True,True
joint model,retrospective connectivity-grouped out-of-fold evaluation,0,context:45ed864d032709cd388e9432,AXBVSRMHOPMXBA,mayr:1604,DMSO,S- and Se-Nucleophiles,,,True,included,18.92,17.9443829854,17.9443829854,0.9756170146,0.9756170146,True,True
joint model,retrospective connectivity-grouped out-of-fold evaluation,0,context:475f15baece4965001ba7174,JCYWCSGERIELPG,mayr:803,THF,C-Nucleophiles,Carbenes (NHCs),figure_s3,True,included,21.72,21.8777211507,21.8777211507,0.1577211507,0.1577211507,True,True
joint model,retrospective connectivity-grouped out-of-fold evaluation,0,context:48cc80b27c2a4a4513d904a0,VINAMCOZNJHNIH,mayr:1528,MeCN,N-Nucleophiles,Aliphatic amines,figure_s4,True,included,11.34,10.8565975825,10.8565975825,0.4834024175,0.4834024175,True,True
joint model,retrospective connectivity-grouped out-of-fold evaluation,0,context:4b655358583f89db3e0df328,OTMWKVKLWVNOIR,mayr:1183,dichloromethane,C-Nucleophiles,Vinylsilanes,figure_s3,True,included,-0.26,-0.320624669393,-0.320624669393,0.060624669393,0.060624669393,True,True
joint model,retrospective connectivity-grouped out-of-fold evaluation,0,context:4c8c59af0bb4cf7ab98bba4a,GYAWYTAKUGNDPZ,mayr:585,DMSO,C-Nucleophiles,Carbanions,figure_s3,True,included,25.35,26.6584332784,26.6584332784,1.3084332784,1.3084332784,True,True
joint model,retrospective connectivity-grouped out-of-fold evaluation,0,context:4c93c4353e4fb08790bf79a6,SQMFULTZZQBFBM,mayr:997,dichloromethane,H-Nucleophiles,H-Si hydride donors,figure_s5,True,included,3.61,-0.174039840698,-0.174039840698,3.7840398407,3.7840398407,False,False
joint model,retrospective connectivity-grouped out-of-fold evaluation,0,context:4f94c0d1686cedd9704e545b,WMEWVEGNFHLPSE,mayr:1400,MeCN,C-Nucleophiles,"Enamines, Enamides, and Ynamides",figure_s3,True,included,11.99,10.7682971954,10.7682971954,1.2217028046,1.2217028046,True,True
joint model,retrospective connectivity-grouped out-of-fold evaluation,0,context:501b7e461778b4b921582278,RSEUOMWVYSLIKM,mayr:75,dichloromethane,C-Nucleophiles,"Enamines, Enamides, and Ynamides",figure_s3,True,included,10.04,11.2247794469,11.2247794469,1.1847794469,1.1847794469,True,True
joint model,retrospective connectivity-grouped out-of-fold evaluation,0,context:50d0003ee7c34e8242409e0f,LPGWNCNRGQANGC,mayr:1041,dichloromethane,H-Nucleophiles,H-B hydride donors,figure_s5,True,included,10.01,10.1350800196,10.1350800196,0.1250800196,0.1250800196,True,True
joint model,retrospective connectivity-grouped out-of-fold evaluation,0,context:5265d6cc2ccfe8e825df9705,XDQPJHFZMRLQML,mayr:1326,THF,C-Nucleophiles,Carbenes (NHCs),figure_s3,True,included,16.54,18.5630187988,18.5630187988,2.0230187988,2.0230187988,False,False
joint model,retrospective connectivity-grouped out-of-fold evaluation,0,context:540416c0c3d81c0c8b862336,YKXTUAGSORHHEC,mayr:146,dichloromethane,C-Nucleophiles,Allyl Element Compounds,figure_s3,True,included,0.9,3.95656792323,4.97024297714,3.05656792323,4.07024297714,False,False
joint model,retrospective connectivity-grouped out-of-fold evaluation,0,context:562e2fcda1751362366111d2,NVVNLCKXNCYPQH,mayr:1591,dichloromethane,C-Nucleophiles,Diazo Compounds and Hydrazones,figure_s3,True,included,0.4,2.30397891998,2.30397891998,1.90397891998,1.90397891998,True,True
joint model,retrospective connectivity-grouped out-of-fold evaluation,0,context:57a61b4108bbe829656084aa,UQSOGZXHDSPWFD,mayr:795,dichloromethane,N-Nucleophiles,Isochalkogenoureas,figure_s4,True,included,14.1,14.7334569295,14.7334569295,0.6334569295,0.6334569295,True,True
joint model,retrospective connectivity-grouped out-of-fold evaluation,0,context:5c932a5a707faf4a1d8d4816,PARWUHTVGZSQPD,mayr:58,dichloromethane,H-Nucleophiles,H-Si hydride donors,figure_s5,True,included,0.06,0.766449928284,0.766449928284,0.706449928284,0.706449928284,True,True
joint model,retrospective connectivity-grouped out-of-fold evaluation,0,context:5d0fb36cab7bd0e930227806,ZCNQIKXAMNBENN,mayr:1457,MeCN,C-Nucleophiles,Enol Ethers,figure_s3,True,included,5.18,4.65237188339,4.65237188339,0.52762811661,0.52762811661,True,True
joint model,retrospective connectivity-grouped out-of-fold evaluation,0,context:60c800e66fa41e374ca1a6ea,QHPQWRBYOIRBIT,mayr:1505,DMSO,O-Nucleophiles,Phenolate Ions,figure_s6,True,included,19.67,19.9747962952,19.9747962952,0.3047962952,0.3047962952,True,True
joint model,retrospective connectivity-grouped out-of-fold evaluation,0,context:61c409edafbb65211c953435,RGHPCLZJAFCTIK,mayr:1516,MeCN,N-Nucleophiles,Aliphatic amines,figure_s4,True,included,16.78,16.8371334076,16.8371334076,0.0571334076,0.0571334076,True,True
joint model,retrospective connectivity-grouped out-of-fold evaluation,0,context:627ab01c8a54d15a19c60183,YEQVLORJYBRUCD,mayr:514,DMSO,C-Nucleophiles,Carbanions,figure_s3,True,included,19.35,18.2616990407,18.2616990407,1.0883009593,1.0883009593,True,True
joint model,retrospective connectivity-grouped out-of-fold evaluation,0,context:630dea893af48e2ceff430cd,XQQBUAPQHNYYRS,mayr:30,dichloromethane,C-Nucleophiles,Arenes,figure_s3,True,included,1.35,2.12483406067,2.12483406067,0.77483406067,0.77483406067,True,True
joint model,retrospective connectivity-grouped out-of-fold evaluation,0,context:63b73b1f6264f63166a91179,VSWGLJOQFUMFOQ,mayr:466,MeCN,C-Nucleophiles,Arenes,figure_s3,True,included,7.26,6.72997204463,6.72997204463,0.53002795537,0.53002795537,True,True
joint model,retrospective connectivity-grouped out-of-fold evaluation,0,context:650ea309010a457d79e885ff,XXUWAAJQVTXRAO,mayr:1251,MeCN,C-Nucleophiles,"Alkyl, Alkenyl and Aryl Boron Compounds",figure_s3,True,included,8.13,8.96006457011,8.96006457011,0.83006457011,0.83006457011,True,True
joint model,retrospective connectivity-grouped out-of-fold evaluation,0,context:67770d8629fea2fbc751003a,SIRKLJAAYVUMHD,mayr:55,dichloromethane,C-Nucleophiles,Enol Ethers,figure_s3,True,included,3.44,2.56705792745,2.56705792745,0.87294207255,0.87294207255,True,True
joint model,retrospective connectivity-grouped out-of-fold evaluation,0,context:67ee3741a939c576944199f8,HQABUPZFAYXKJW,mayr:640,MeCN,N-Nucleophiles,Aliphatic amines,figure_s4,True,included,15.27,14.4119917552,14.4119917552,0.8580082448,0.8580082448,True,True
joint model,retrospective connectivity-grouped out-of-fold evaluation,0,context:685e870ff662803e7026f805,ALDROZNLTAZHKM,mayr:855,DMSO,N-Nucleophiles,Azoles and Azole Anions,figure_s4,True,included,21.03,20.8560117086,20.8560117086,0.1739882914,0.1739882914,True,True
joint model,retrospective connectivity-grouped out-of-fold evaluation,0,context:688a91d83a46070bb1ebae42,RFSKGCVUDQRZSD,mayr:1149,MeCN,C-Nucleophiles,Arenes,figure_s3,True,included,3.06,4.52642917633,4.52642917633,1.46642917633,1.46642917633,True,True
joint model,retrospective connectivity-grouped out-of-fold evaluation,0,context:69a88882c4e79c18ebac1184,IOVCWXUNBOPUCH,mayr:390,MeCN,N-Nucleophiles,Other N-centered nucleophiles,figure_s4,True,included,17.2,14.1532793045,12.2747999827,3.0467206955,4.9252000173,False,False
joint model,retrospective connectivity-grouped out-of-fold evaluation,0,context:69c70eb06837fbce6263e31a,GIDBRWGOCCCTPC,mayr:1740,dichloromethane,N-Nucleophiles,Isochalkogenoureas,figure_s4,True,included,13.46,12.9698165258,12.9698165258,0.4901834742,0.4901834742,True,True
joint model,retrospective connectivity-grouped out-of-fold evaluation,0,context:6abaff92fb45b01155e3050e,XUJNEKJLAYXESH,mayr:543,water,N-Nucleophiles,Amino acids,figure_s4,True,included,23.43,21.3153661092,21.3153661092,2.1146338908,2.1146338908,False,False
joint model,retrospective connectivity-grouped out-of-fold evaluation,0,context:6d39068728338474cb8b12a7,PDELBHCVXBSVPJ,mayr:357,dichloromethane,C-Nucleophiles,Alkenes,figure_s3,True,included,0.68,0.467419306437,-0.0050999323527,0.212580693563,0.685099932353,True,True
joint model,retrospective connectivity-grouped out-of-fold evaluation,0,context:6ec86f203c2a42a29b194cf2,YQJCJUHORLSWRJ,mayr:1454,DMSO,C-Nucleophiles,Carbanions,figure_s3,True,included,30.82,28.7283236186,28.7283236186,2.0916763814,2.0916763814,False,False
joint model,retrospective connectivity-grouped out-of-fold evaluation,0,context:6fc996e25232cfba497818fe,UVUCNSNMTAWNQM,mayr:1668,dichloromethane,C-Nucleophiles,"Enamines, Enamides, and Ynamides",figure_s3,True,included,7.99,6.97157684962,6.97157684962,1.01842315038,1.01842315038,True,True
joint model,retrospective connectivity-grouped out-of-fold evaluation,0,context:71430ff0a7183d78d7d86cd5,MRXYAMDBOPZJJK,mayr:1083,MeCN,H-Nucleophiles,H-C hydride donors,figure_s5,True,included,-1,-0.217644055684,0.665046374003,0.782355944316,1.665046374,True,True
joint model,retrospective connectivity-grouped out-of-fold evaluation,0,context:74f0f478d87e1a6f17da3e3d,QHPQWRBYOIRBIT,mayr:1507,DMF,O-Nucleophiles,Phenolate Ions,figure_s6,True,included,19.9,19.7240130107,19.7240130107,0.1759869893,0.1759869893,True,True
joint model,retrospective connectivity-grouped out-of-fold evaluation,0,context:79674fa65e3e769efbe4cd21,MDRTVDMOEOENKV,mayr:293,DMSO,C-Nucleophiles,Carbanions,figure_s3,True,included,18.38,18.1711476644,18.1711476644,0.2088523356,0.2088523356,True,True
joint model,retrospective connectivity-grouped out-of-fold evaluation,0,context:79a50ba7c4ebd615df8add3f,DKCPKDPYUFEZCP,mayr:1512,DMSO,O-Nucleophiles,Phenolate Ions,figure_s6,True,included,21.02,19.6054191589,19.6054191589,1.4145808411,1.4145808411,True,True
joint model,retrospective connectivity-grouped out-of-fold evaluation,0,context:7c0fef815e96a583c571606a,PVVRRUUMHFWFQV,mayr:505,water,N-Nucleophiles,Aliphatic amines,figure_s4,True,included,13.5,13.7637090683,13.7637090683,0.2637090683,0.2637090683,True,True
joint model,retrospective connectivity-grouped out-of-fold evaluation,0,context:7e213e0b900e91c693b92650,AKQNYQDSIDKVJZ,mayr:59,dichloromethane,H-Nucleophiles,H-Si hydride donors,figure_s5,True,included,2.65,2.01632944743,2.01632944743,0.63367055257,0.63367055257,True,True
joint model,retrospective connectivity-grouped out-of-fold evaluation,0,context:7f42f59424116027fc166d10,WLHCBQAPPJAULW,mayr:1615,DMSO,S- and Se-Nucleophiles,,,True,included,24.35,22.8497416178,22.8497416178,1.5002583822,1.5002583822,True,True
joint model,retrospective connectivity-grouped out-of-fold evaluation,0,context:8019b9cf1b4d1b390e19717b,UVJHQYIOXKWHFD,mayr:89,dichloromethane,H-Nucleophiles,H-C hydride donors,figure_s5,True,included,0.09,-0.88077100118,-0.88077100118,0.97077100118,0.97077100118,True,True
joint model,retrospective connectivity-grouped out-of-fold evaluation,0,context:807c37d0f04d431d98aa438d,ZEBBLOXDLGIMEG,mayr:558,MeCN,C-Nucleophiles,Arenes,figure_s3,True,included,11.63,7.11059125264,7.11059125264,4.51940874736,4.51940874736,False,False
joint model,retrospective connectivity-grouped out-of-fold evaluation,0,context:80fb90c0b3fe5cf48d23fd77,YLBWRMSQRFEIEB,mayr:1524,MeCN,N-Nucleophiles,Aliphatic amines,figure_s4,True,included,18.33,17.4840183258,17.4840183258,0.8459816742,0.8459816742,True,True
joint model,retrospective connectivity-grouped out-of-fold evaluation,0,context:813e0334086da86a5e1fe9a5,JFIRJUGAIIXIKT,mayr:1272,MeCN,C-Nucleophiles,"Alkyl, Alkenyl and Aryl Boron Compounds",figure_s3,True,included,7.72,7.79430294037,7.79430294037,0.07430294037,0.07430294037,True,True
joint model,retrospective connectivity-grouped out-of-fold evaluation,0,context:82b5459ad16032d7dd4f7b44,UETCMNDFHMOYSP,mayr:1664,dichloromethane,C-Nucleophiles,Diazo Compounds and Hydrazones,figure_s3,True,included,4.84,7.31258710225,3.11761856079,2.47258710225,1.72238143921,False,True
joint model,retrospective connectivity-grouped out-of-fold evaluation,0,context:83d957069d2b0682f7ca5c7b,MZGNSEAPZQGJRB,mayr:810,MeCN,S- and Se-Nucleophiles,,,True,included,20.93,22.1359138489,22.1359138489,1.2059138489,1.2059138489,True,True
joint model,retrospective connectivity-grouped out-of-fold evaluation,0,context:85a1d71610adfe7ee596a8f6,UANFUHHPWZFXOZ,mayr:1308,DMSO,C-Nucleophiles,Carbanions,figure_s3,True,included,16.73,16.6555608114,16.6555608114,0.0744391886,0.0744391886,True,True
joint model,retrospective connectivity-grouped out-of-fold evaluation,0,context:85a689ce13f3268050252c35,OAKJQQAXSVQMHS,mayr:964,water,N-Nucleophiles,"Hydrazines, Hydroxylamines etc.",figure_s4,True,included,13.46,14.8402287165,14.8402287165,1.3802287165,1.3802287165,True,True
joint model,retrospective connectivity-grouped out-of-fold evaluation,0,context:88bf258341de5dac70c4e8f3,WGBRKOIQXMBFOG,mayr:732,DMSO,C-Nucleophiles,Ylides,figure_s3,True,included,18.42,16.8816064199,16.8816064199,1.5383935801,1.5383935801,True,True
joint model,retrospective connectivity-grouped out-of-fold evaluation,0,context:8931b4baf65a6cb3b8f5cb7c,BKOOMYPCSUNDGP,mayr:141,dichloromethane,C-Nucleophiles,Alkenes,figure_s3,True,included,0.65,0.417743682861,0.417743682861,0.232256317139,0.232256317139,True,True
joint model,retrospective connectivity-grouped out-of-fold evaluation,0,context:8bc75ff1d2268de55951ac84,KLCCPWRSRHUOJD,mayr:1252,MeCN,C-Nucleophiles,"Alkyl, Alkenyl and Aryl Boron Compounds",figure_s3,True,included,11.23,8.44094530741,8.44094530741,2.78905469259,2.78905469259,False,False
joint model,retrospective connectivity-grouped out-of-fold evaluation,0,context:8d17e62f030f0bbad706b170,BBNCFUDDDLKWIF,mayr:1462,DMSO,C-Nucleophiles,Carbanions,figure_s3,True,included,16.26,16.3479881287,16.3479881287,0.0879881287,0.0879881287,True,True
joint model,retrospective connectivity-grouped out-of-fold evaluation,0,context:8f6ba47e73ed7489abf7a143,LYVYUAHSSSHKHC,mayr:1056,dichloromethane,H-Nucleophiles,H-C hydride donors,figure_s5,True,included,-5.4,-3.59563223521,-3.59563223521,1.80436776479,1.80436776479,True,True
joint model,retrospective connectivity-grouped out-of-fold evaluation,0,context:8fe3d3bda1ba20a64d2d160b,OAZWDJGLIYNYMU,mayr:1118,MeCN,H-Nucleophiles,H-C hydride donors,figure_s5,True,included,-3.3,-3.2271493276,-3.2271493276,0.0728506724,0.0728506724,True,True
joint model,retrospective connectivity-grouped out-of-fold evaluation,0,context:911265bcff5e0e286db9cf17,FIONWRDVKJFHRC,mayr:1187,dichloromethane,C-Nucleophiles,Vinylsilanes,figure_s3,True,included,-0.43,0.793171564738,0.793171564738,1.22317156474,1.22317156474,True,True
joint model,retrospective connectivity-grouped out-of-fold evaluation,0,context:918105f4116a019fb5d63ae2,YVPJCJLMRRTDMQ,mayr:189,dichloromethane,C-Nucleophiles,Diazo Compounds and Hydrazones,figure_s3,True,included,4.91,5.20346943537,5.20346943537,0.29346943537,0.29346943537,True,True
joint model,retrospective connectivity-grouped out-of-fold evaluation,0,context:91b0731e743a60365754f31e,UVUCNSNMTAWNQM,mayr:1663,MeCN,C-Nucleophiles,"Enamines, Enamides, and Ynamides",figure_s3,True,included,8.3,7.51149749756,7.51149749756,0.78850250244,0.78850250244,True,True
joint model,retrospective connectivity-grouped out-of-fold evaluation,0,context:9228967bc4510f8f659f36c5,YMHIEPNFCBNQQU,mayr:1395,dichloromethane,C-Nucleophiles,Allyl Element Compounds,figure_s3,True,included,-0.64,-1.61735979716,-1.61735979716,0.97735979716,0.97735979716,True,True
joint model,retrospective connectivity-grouped out-of-fold evaluation,0,context:9293f1dc8268b7ed7c3fdadb,HPKILAUQVUIYJX,mayr:608,DMSO,C-Nucleophiles,Carbanions,figure_s3,True,included,18.57,19.925505956,19.925505956,1.355505956,1.355505956,True,True
joint model,retrospective connectivity-grouped out-of-fold evaluation,0,context:95f520a6ed9373a0c9caca8b,URHVULHWITWMRL,mayr:1178,DMSO,C-Nucleophiles,Ylides,figure_s3,True,included,21.61,23.2857074738,23.2857074738,1.6757074738,1.6757074738,True,True
joint model,retrospective connectivity-grouped out-of-fold evaluation,0,context:9600838b498c7561747ba82c,VKEKEVSKCQVRNL,mayr:1173,DMSO,C-Nucleophiles,Ylides,figure_s3,True,included,26.71,23.8540026347,23.8540026347,2.8559973653,2.8559973653,False,False
joint model,retrospective connectivity-grouped out-of-fold evaluation,0,context:980037e2453100b757ab25e4,JJWLVOIRVHMVIS,mayr:635,MeCN,N-Nucleophiles,Aliphatic amines,figure_s4,True,included,13.77,12.8183403015,12.8183403015,0.9516596985,0.9516596985,True,True
joint model,retrospective connectivity-grouped out-of-fold evaluation,0,context:992c0eadbe25a381ab5fdaa9,CMNUYDSETOTBDE,mayr:593,dichloromethane,H-Nucleophiles,H-C hydride donors,figure_s5,True,included,8.67,8.92942969004,8.92942969004,0.25942969004,0.25942969004,True,True
joint model,retrospective connectivity-grouped out-of-fold evaluation,0,context:9a08a861eafd7d0c42f91eaa,FSXRUCROJQTPJL,mayr:1213,DMSO,C-Nucleophiles,Carbanions,figure_s3,True,included,15.02,13.9519996643,13.9519996643,1.0680003357,1.0680003357,True,True
joint model,retrospective connectivity-grouped out-of-fold evaluation,0,context:9b4343222cddc0bda3f79c47,ZJAFQAPHWPSKRZ,mayr:1387,water,O-Nucleophiles,Peroxy anions,figure_s6,True,included,17.43,15.1782547633,15.1782547633,2.2517452367,2.2517452367,False,False
joint model,retrospective connectivity-grouped out-of-fold evaluation,0,context:9bcd71656118ba26a7ecec32,ATHRJHFIJWCLFV,mayr:1728,dichloromethane,N-Nucleophiles,Isochalkogenoureas,figure_s4,True,included,15.16,15.2523361842,15.2523361842,0.0923361842,0.0923361842,True,True
joint model,retrospective connectivity-grouped out-of-fold evaluation,0,context:9bff423585c537984a6c5398,CQYSBAHQDYWVKQ,mayr:1450,DMSO,C-Nucleophiles,Carbanions,figure_s3,True,included,26.95,28.3938077291,28.3938077291,1.4438077291,1.4438077291,True,True
joint model,retrospective connectivity-grouped out-of-fold evaluation,0,context:9c8acdbe5f9d8998619de1b4,AXYRIKDCPCRBHJ,mayr:1652,THF,C-Nucleophiles,NHOs (conventional and mesoionic),figure_s3,True,included,23.55,24.7955404917,24.7955404917,1.2455404917,1.2455404917,True,True
joint model,retrospective connectivity-grouped out-of-fold evaluation,0,context:a0c15b9089c1328d45fb68cf,MFFMQGGZCLEMCI,mayr:557,MeCN,C-Nucleophiles,Arenes,figure_s3,True,included,10.67,7.19316387177,7.19316387177,3.47683612823,3.47683612823,False,False
joint model,retrospective connectivity-grouped out-of-fold evaluation,0,context:a1b67c476d324ea2fad83d07,JQNVVACBXZAFHF,mayr:802,dichloromethane,N-Nucleophiles,Isochalkogenoureas,figure_s4,True,included,12.95,15.6958223979,15.6958223979,2.7458223979,2.7458223979,False,False
joint model,retrospective connectivity-grouped out-of-fold evaluation,0,context:a4379c962bcb29e5fa8762fd,FUPIVZHYVSCYLX,mayr:90,dichloromethane,H-Nucleophiles,H-C hydride donors,figure_s5,True,included,-0.07,-0.276529630025,-0.276529630025,0.206529630025,0.206529630025,True,True
joint model,retrospective connectivity-grouped out-of-fold evaluation,0,context:a5d757b84e8b38f6375513cd,MDRTVDMOEOENKV,mayr:294,water,C-Nucleophiles,Carbanions,figure_s3,True,included,14.33,13.6768213908,13.6768213908,0.6531786092,0.6531786092,True,True
joint model,retrospective connectivity-grouped out-of-fold evaluation,0,context:a65af6ab7938ca5563462eeb,SMCZAFXJZGCLQH,mayr:982,dichloromethane,H-Nucleophiles,H-Si hydride donors,figure_s5,True,included,4.23,3.91803455353,3.91803455353,0.31196544647,0.31196544647,True,True
joint model,retrospective connectivity-grouped out-of-fold evaluation,0,context:a6a5de240902d4b9945e4bbc,XPEIPGVWERPKHJ,mayr:870,water,N-Nucleophiles,Azoles and Azole Anions,figure_s4,True,included,11.07,13.0636733373,13.0636733373,1.9936733373,1.9936733373,True,True
joint model,retrospective connectivity-grouped out-of-fold evaluation,0,context:a8372a452070c6c0b566016b,PVGJVPSTRUYNOE,mayr:1233,DMSO,C-Nucleophiles,Carbanions,figure_s3,True,included,19.28,19.6833845774,19.6833845774,0.4033845774,0.4033845774,True,True
joint model,retrospective connectivity-grouped out-of-fold evaluation,0,context:a96e6a9e6f2d3bb121fe73df,ACKMJXPGBWTWGC,mayr:385,dichloromethane,C-Nucleophiles,Enol Ethers,figure_s3,True,included,11.28,10.5799166361,10.5799166361,0.7000833639,0.7000833639,True,True
joint model,retrospective connectivity-grouped out-of-fold evaluation,0,context:a9ff9fb8921e13fcc83283ce,JKANAVGODYYCQF,mayr:494,water,N-Nucleophiles,Aliphatic amines,figure_s4,True,included,12.29,12.7932570775,12.7932570775,0.5032570775,0.5032570775,True,True
joint model,retrospective connectivity-grouped out-of-fold evaluation,0,context:ac982fe97657c8af530f50fb,CVLCYQFQIMSIHJ,mayr:1773,dichloromethane,C-Nucleophiles,Enol Ethers,figure_s3,True,included,5.5,5.05731312434,5.05731312434,0.44268687566,0.44268687566,True,True
joint model,retrospective connectivity-grouped out-of-fold evaluation,0,context:ad4393e7f48289c26ed4fcd4,MNRBVTDLMUNVLD,mayr:962,MeCN,N-Nucleophiles,"Pyridines, Quinolines etc.",figure_s4,True,included,11.11,11.0161600113,11.0161600113,0.0938399887,0.0938399887,True,True
joint model,retrospective connectivity-grouped out-of-fold evaluation,0,context:ae7dae587ead93a8d23cf8a6,MZIGTOLTYBBGEV,mayr:1042,dichloromethane,H-Nucleophiles,H-B hydride donors,figure_s5,True,included,10.46,10.5076840719,10.5076840719,0.0476840719,0.0476840719,True,True
joint model,retrospective connectivity-grouped out-of-fold evaluation,0,context:aef17422fa857ca9671d2a62,QCRZUFHWDDXSHW,mayr:1590,dichloromethane,C-Nucleophiles,Diazo Compounds and Hydrazones,figure_s3,True,included,2.72,5.51984039942,5.51984039942,2.79984039942,2.79984039942,False,False
joint model,retrospective connectivity-grouped out-of-fold evaluation,0,context:b2148f730cc8fa004dc2a383,WECJUPODCKXNQK,mayr:1228,dichloromethane,H-Nucleophiles,H-C hydride donors,figure_s5,True,included,-2.11,-1.5643342336,-1.5643342336,0.5456657664,0.5456657664,True,True
joint model,retrospective connectivity-grouped out-of-fold evaluation,0,context:b36b9cf224d502b6bd3f1005,RIWNFZUWWRVGEU,mayr:475,dichloromethane,C-Nucleophiles,Isonitriles,figure_s3,True,included,4.9,6.0996371905,6.0996371905,1.1996371905,1.1996371905,True,True
joint model,retrospective connectivity-grouped out-of-fold evaluation,0,context:b472207a5469ed04ab915cc9,IKGHVFNXLBSAFX,mayr:1040,dichloromethane,H-Nucleophiles,H-B hydride donors,figure_s5,True,included,10.33,10.3031632106,10.3031632106,0.0268367894,0.0268367894,True,True
joint model,retrospective connectivity-grouped out-of-fold evaluation,0,context:b4a2a4f99946fe6fa6310a03,CWZRQWCJPONHOD,mayr:1058,dichloromethane,H-Nucleophiles,H-C hydride donors,figure_s5,True,included,-6.4,-3.22542413076,-3.22542413076,3.17457586924,3.17457586924,False,False
joint model,retrospective connectivity-grouped out-of-fold evaluation,0,context:b62c4999dd33fa8482f4293b,OUQXBIMQCUSOGP,mayr:1189,dichloromethane,C-Nucleophiles,Vinylsilanes,figure_s3,True,included,-0.65,-0.582483291626,-0.582483291626,0.067516708374,0.067516708374,True,True
joint model,retrospective connectivity-grouped out-of-fold evaluation,0,context:b86c2e9af6334b2d9670036e,LMIQERWZRIFWNZ,mayr:460,MeCN,C-Nucleophiles,Arenes,figure_s3,True,included,6.44,5.68623272578,5.68623272578,0.75376727422,0.75376727422,True,True
joint model,retrospective connectivity-grouped out-of-fold evaluation,0,context:b939e721a54f89915f85cea8,VMGFHPGLWRZORG,mayr:738,dichloromethane,C-Nucleophiles,Enol Ethers,figure_s3,True,included,5.07,6.79408868154,6.79408868154,1.72408868154,1.72408868154,True,True
joint model,retrospective connectivity-grouped out-of-fold evaluation,0,context:ba9ea8effc624601730e8dc8,DXJZZRSMGLGFPW,mayr:52,dichloromethane,C-Nucleophiles,Allyl Element Compounds,figure_s3,True,included,-0.13,0.924028396606,0.924028396606,1.05402839661,1.05402839661,True,True
joint model,retrospective connectivity-grouped out-of-fold evaluation,0,context:bc906490bcd87f3d7da264b3,IIOSDXGZLBPOHD,mayr:1363,dichloromethane,P-Nucleophiles,,,True,included,14.26,13.2144575119,13.2144575119,1.0455424881,1.0455424881,True,True
joint model,retrospective connectivity-grouped out-of-fold evaluation,0,context:bcd9f64b994e9544afb0108e,IRIFPBQOVIDMFC,mayr:586,DMSO,C-Nucleophiles,Carbanions,figure_s3,True,included,19.61,20.3462359111,20.3462359111,0.7362359111,0.7362359111,True,True
joint model,retrospective connectivity-grouped out-of-fold evaluation,0,context:bdd587d65b838137bfc608fb,GRGKYWJIDJKXGA,mayr:800,dichloromethane,N-Nucleophiles,Isochalkogenoureas,figure_s4,True,included,15.3,15.0105527242,15.0105527242,0.2894472758,0.2894472758,True,True
joint model,retrospective connectivity-grouped out-of-fold evaluation,0,context:be285c68daff9e4004fcdcd7,XZZSHPQZTUOUIJ,mayr:1780,dichloromethane,N-Nucleophiles,Isochalkogenoureas,figure_s4,True,included,14.62,14.7650194168,14.7650194168,0.1450194168,0.1450194168,True,True
joint model,retrospective connectivity-grouped out-of-fold evaluation,0,context:bee88a396aaf8c76eef89d99,VFTRUCCMVUPYFC,mayr:1465,MeCN,H-Nucleophiles,H-P hydride donors,figure_s5,True,included,19.85,17.1065622965,17.1065622965,2.7434377035,2.7434377035,False,False
joint model,retrospective connectivity-grouped out-of-fold evaluation,0,context:bf17f3fe9e1f0c2c950ac549,KQSSATDQUYCRGS,mayr:506,water,N-Nucleophiles,Aliphatic amines,figure_s4,True,included,12.08,12.0559314092,12.0559314092,0.0240685908,0.0240685908,True,True
joint model,retrospective connectivity-grouped out-of-fold evaluation,0,context:c0e5200ef121c85e7a9c0930,SBYHFKPVCBCYGV,mayr:519,MeCN,N-Nucleophiles,Aliphatic amines,figure_s4,True,included,20.54,17.7059110006,17.7059110006,2.8340889994,2.8340889994,False,False
joint model,retrospective connectivity-grouped out-of-fold evaluation,0,context:c16baac1c8203bcb17fed5dc,IGKZJQSYTNNPIQ,mayr:1057,dichloromethane,H-Nucleophiles,H-C hydride donors,figure_s5,True,included,-3.5,-3.45595486959,-3.45595486959,0.04404513041,0.04404513041,True,True
joint model,retrospective connectivity-grouped out-of-fold evaluation,0,context:c1c03ef0cebadcc552cbed39,CHPRFKYDQRKRRK,mayr:1527,MeCN,N-Nucleophiles,Aliphatic amines,figure_s4,True,included,16.5,16.6573683421,16.6573683421,0.1573683421,0.1573683421,True,True
joint model,retrospective connectivity-grouped out-of-fold evaluation,0,context:c1e0e264126b914e151029f3,WQLOIPJBHZUMDQ,mayr:57,dichloromethane,C-Nucleophiles,Enol Ethers,figure_s3,True,included,5.38,4.76100158691,4.76100158691,0.61899841309,0.61899841309,True,True
joint model,retrospective connectivity-grouped out-of-fold evaluation,0,context:c24763e636662121ff0af679,HEVPNXRKMVHCNL,mayr:134,dichloromethane,C-Nucleophiles,"Enamines, Enamides, and Ynamides",figure_s3,True,included,4.8,5.54936059316,5.54936059316,0.74936059316,0.74936059316,True,True
joint model,retrospective connectivity-grouped out-of-fold evaluation,0,context:c24a2b229e975fe2db33546a,DWEYZWRAPWVVAR,mayr:1245,MeCN,C-Nucleophiles,"Alkyl, Alkenyl and Aryl Boron Compounds",figure_s3,True,included,6.77,7.56184116999,7.56184116999,0.79184116999,0.79184116999,True,True
joint model,retrospective connectivity-grouped out-of-fold evaluation,0,context:c409a03707b7ee5cf1ac28c6,LTWOWNFQZPMVEV,mayr:1691,DMSO,C-Nucleophiles,NHOs (conventional and mesoionic),figure_s3,True,included,20.76,21.0648721059,21.0648721059,0.3048721059,0.3048721059,True,True
joint model,retrospective connectivity-grouped out-of-fold evaluation,0,context:c95a4aa1bca0a6615515617b,BHHGXPLMPWCGHP,mayr:1265,water,N-Nucleophiles,Aliphatic amines,figure_s4,True,included,13.4,13.3345190684,13.3345190684,0.0654809316,0.0654809316,True,True
joint model,retrospective connectivity-grouped out-of-fold evaluation,0,context:c97e0cd1c67c67eb918aa3fb,RWXZXCZBMQPOBF,mayr:669,DMSO,N-Nucleophiles,Azoles and Azole Anions,figure_s4,True,included,10.69,10.7394282023,10.7394282023,0.0494282023,0.0494282023,True,True
joint model,retrospective connectivity-grouped out-of-fold evaluation,0,context:cd6c7f2e9e50d298d669a067,DRLPQHUSIRTYBM,mayr:86,dichloromethane,C-Nucleophiles,"Enamines, Enamides, and Ynamides",figure_s3,True,included,9.96,10.3982922236,10.3982922236,0.4382922236,0.4382922236,True,True
joint model,retrospective connectivity-grouped out-of-fold evaluation,0,context:ceb6fae0326a8a1396c98cbc,IBNSYFQZHBBNLR,mayr:989,dichloromethane,H-Nucleophiles,H-Si hydride donors,figure_s5,True,included,3.89,4.57019265493,4.57019265493,0.68019265493,0.68019265493,True,True
joint model,retrospective connectivity-grouped out-of-fold evaluation,0,context:d0d2a667857756a2726af781,CIHOLLKRGTVIJN,mayr:1379,water,O-Nucleophiles,Peroxy anions,figure_s6,True,included,14.29,13.6102406184,13.6102406184,0.6797593816,0.6797593816,True,True
joint model,retrospective connectivity-grouped out-of-fold evaluation,0,context:d3bb48ee3c413555e8abe563,CWFHQXFFTAMVMB,mayr:1576,MeCN,C-Nucleophiles,Carbanions,figure_s3,True,included,20.1,21.7278340658,21.7278340658,1.6278340658,1.6278340658,True,True
joint model,retrospective connectivity-grouped out-of-fold evaluation,0,context:d5459a7ce6f9ef1e4c3087fe,UVJHQYIOXKWHFD,mayr:1007,MeCN,H-Nucleophiles,H-C hydride donors,figure_s5,True,included,0.35,-1.01196448008,-1.01196448008,1.36196448008,1.36196448008,True,True
joint model,retrospective connectivity-grouped out-of-fold evaluation,0,context:dac035816071942828a97715,KZSNJWFQEVHDMF,mayr:531,water,N-Nucleophiles,Amino acids,figure_s4,True,included,13.65,13.3283920288,13.3283920288,0.3216079712,0.3216079712,True,True
joint model,retrospective connectivity-grouped out-of-fold evaluation,0,context:dc520fd0d2f296368d2b143d,AVFZOVWCLRSYKC,mayr:678,dichloromethane,N-Nucleophiles,Aliphatic amines,figure_s4,True,included,20.6,18.5603065491,18.5603065491,2.0396934509,2.0396934509,False,False
joint model,retrospective connectivity-grouped out-of-fold evaluation,0,context:de7863a9f30dc85446668fa4,LFQSCWFLJHTTHZ,mayr:1597,MeCN,O-Nucleophiles,Alcohols and aqueous solvents,figure_s6,True,included,7.13,6.98196077347,6.98196077347,0.14803922653,0.14803922653,True,True
joint model,retrospective connectivity-grouped out-of-fold evaluation,0,context:e1a895f5d8198b8056159ad7,VWSLLSXLURJCDF,mayr:1123,dichloromethane,N-Nucleophiles,Imidazolines and related compounds,figure_s4,True,included,12.92,13.7440255483,13.7440255483,0.8240255483,0.8240255483,True,True
joint model,retrospective connectivity-grouped out-of-fold evaluation,0,context:e326875611e1cbdd7aac724a,GWDGKETUJGWYQO,mayr:1289,DMSO,C-Nucleophiles,Carbanions,figure_s3,True,included,19.53,19.1885693868,19.1885693868,0.3414306132,0.3414306132,True,True
joint model,retrospective connectivity-grouped out-of-fold evaluation,0,context:e380ffdc89b71236fc23b9a4,ZSFFNMWHQIKTAO,mayr:1329,dichloromethane,C-Nucleophiles,Ylides,figure_s3,True,included,4.36,2.99338944753,2.99338944753,1.36661055247,1.36661055247,True,True
joint model,retrospective connectivity-grouped out-of-fold evaluation,0,context:e570da68634a7dae810334ea,JFNLZVQOOSMTJK,mayr:248,dichloromethane,C-Nucleophiles,Alkenes,figure_s3,True,included,-0.25,-1.55041631063,-1.55041631063,1.30041631063,1.30041631063,True,True
joint model,retrospective connectivity-grouped out-of-fold evaluation,0,context:e601b6e7192fe44a75d7d093,IQIMPHPFMHVWBZ,mayr:1545,MeCN,N-Nucleophiles,Aliphatic amines,figure_s4,True,included,8.76,6.5626745224,6.5626745224,2.1973254776,2.1973254776,False,False
joint model,retrospective connectivity-grouped out-of-fold evaluation,0,context:e67c7c7106b68d3c998d5d95,YBRBMKDOPFTVDT,mayr:483,water,N-Nucleophiles,Aliphatic amines,figure_s4,True,included,10.48,11.2682511012,11.2682511012,0.7882511012,0.7882511012,True,True
joint model,retrospective connectivity-grouped out-of-fold evaluation,0,context:e734109216fa2a439f33ed9b,YXHKONLOYHBTNS,mayr:185,dichloromethane,C-Nucleophiles,Diazo Compounds and Hydrazones,figure_s3,True,included,10.48,8.71073532104,8.71073532104,1.76926467896,1.76926467896,True,True
joint model,retrospective connectivity-grouped out-of-fold evaluation,0,context:e79ec175558e0bc952859bea,YPDIZBUWKWIELE,mayr:292,water,C-Nucleophiles,Carbanions,figure_s3,True,included,17.68,15.4150807063,15.4150807063,2.2649192937,2.2649192937,False,False
joint model,retrospective connectivity-grouped out-of-fold evaluation,0,context:e92c84b09c6eeae677a0946d,QNAYBMKLOCPYGJ,mayr:530,water,N-Nucleophiles,Amino acids,figure_s4,True,included,13.01,13.2381029129,13.2381029129,0.2281029129,0.2281029129,True,True
joint model,retrospective connectivity-grouped out-of-fold evaluation,0,context:e9b6876467fe9769098ed944,QHPQWRBYOIRBIT,mayr:1506,MeCN,O-Nucleophiles,Phenolate Ions,figure_s6,True,included,21.7,19.096192042,19.096192042,2.603807958,2.603807958,False,False
joint model,retrospective connectivity-grouped out-of-fold evaluation,0,context:ecb297174bed3707aadaa462,HUDALTOSJROBFH,mayr:1730,dichloromethane,N-Nucleophiles,Isochalkogenoureas,figure_s4,True,included,14.27,14.0067192713,14.0067192713,0.2632807287,0.2632807287,True,True
joint model,retrospective connectivity-grouped out-of-fold evaluation,0,context:ef014762e11f0d2a3289968c,FSXRUCROJQTPJL,mayr:1212,MeCN,H-Nucleophiles,H-C hydride donors,figure_s5,True,included,5.51,5.813483874,5.813483874,0.303483874,0.303483874,True,True
joint model,retrospective connectivity-grouped out-of-fold evaluation,0,context:efbe15f5d33e6bb8743efcec,OTZYLKUZVWKKHG,mayr:1753,dichloromethane,N-Nucleophiles,Isochalkogenoureas,figure_s4,True,included,13.86,14.0545066198,14.0545066198,0.1945066198,0.1945066198,True,True
joint model,retrospective connectivity-grouped out-of-fold evaluation,0,context:f1325b18e7f94b2c1cdb3414,CBDRKLYGOJXLKK,mayr:609,DMSO,C-Nucleophiles,Carbanions,figure_s3,True,included,19.2,18.430949529,18.430949529,0.769050471,0.769050471,True,True
joint model,retrospective connectivity-grouped out-of-fold evaluation,0,context:f18c376da10bde2ffc18a9cc,IXRNQIKIVWWFBH,mayr:881,MeCN,C-Nucleophiles,"Enamines, Enamides, and Ynamides",figure_s3,True,included,5.73,6.01616938909,6.01616938909,0.28616938909,0.28616938909,True,True
joint model,retrospective connectivity-grouped out-of-fold evaluation,0,context:f2814866427845d84ca7ee33,RVIXKDRPFPUUOO,mayr:1554,dichloromethane,S- and Se-Nucleophiles,,,True,included,12.6,13.8013089498,13.8013089498,1.2013089498,1.2013089498,True,True
joint model,retrospective connectivity-grouped out-of-fold evaluation,0,context:f2cc18433a144f07b39a3396,XFECHWDUMFDDIF,mayr:1165,THF,C-Nucleophiles,Azolium enolates,figure_s3,True,included,15.92,14.9206641515,14.9206641515,0.9993358485,0.9993358485,True,True
joint model,retrospective connectivity-grouped out-of-fold evaluation,0,context:f4678a3e07b10f3b9f85aa7e,KCQAMWOSJTWKNI,mayr:1035,dichloromethane,H-Nucleophiles,H-B hydride donors,figure_s5,True,included,7.49,11.8305651347,11.8305651347,4.3405651347,4.3405651347,False,False
joint model,retrospective connectivity-grouped out-of-fold evaluation,0,context:f48319850a2bb2ec228c58a9,YPDIZBUWKWIELE,mayr:291,DMSO,C-Nucleophiles,Carbanions,figure_s3,True,included,21.13,22.2074337006,22.2074337006,1.0774337006,1.0774337006,True,True
joint model,retrospective connectivity-grouped out-of-fold evaluation,0,context:f79096b8dda843f4aefe2a72,JAGYXYUAYDLKNO,mayr:92,dichloromethane,H-Nucleophiles,H-C hydride donors,figure_s5,True,included,-0.74,-1.85651906331,-2.64241123199,1.11651906331,1.90241123199,True,True
joint model,retrospective connectivity-grouped out-of-fold evaluation,0,context:f895ec2ac94bd10eb738b767,BWJAFKSLQWCVOB,mayr:618,dichloromethane,C-Nucleophiles,Ylides,figure_s3,True,included,11.95,12.3105494181,12.3105494181,0.3605494181,0.3605494181,True,True
joint model,retrospective connectivity-grouped out-of-fold evaluation,0,context:fb90d5b0a9b4b463d2b2fafe,RAMNFTKKGHOHPJ,mayr:73,dichloromethane,C-Nucleophiles,"Enamines, Enamides, and Ynamides",figure_s3,True,included,12.9,11.8206570943,11.8206570943,1.0793429057,1.0793429057,True,True
joint model,retrospective connectivity-grouped out-of-fold evaluation,0,context:fd0048508dd47031cbbf4049,YBRBMKDOPFTVDT,mayr:634,MeCN,N-Nucleophiles,Aliphatic amines,figure_s4,True,included,12.35,11.3439925512,11.3439925512,1.0060074488,1.0060074488,True,True
joint model,retrospective connectivity-grouped out-of-fold evaluation,0,context:fd2af92c872af77ad3756bb5,SCURCOWZQJIUGR,mayr:1607,DMSO,S- and Se-Nucleophiles,,,True,included,21.75,22.0185832977,22.0185832977,0.2685832977,0.2685832977,True,True
joint model,retrospective connectivity-grouped out-of-fold evaluation,0,context:fe5846df70dc46310419f4c9,FUDLPTUMHBESOS,mayr:285,water,C-Nucleophiles,Carbanions,figure_s3,True,included,11.77,14.531373024,14.531373024,2.761373024,2.761373024,False,False
joint model,retrospective connectivity-grouped out-of-fold evaluation,0,context:ff14485f155d2826eedc3461,PMDMVQFNTPLNPX,mayr:1125,dichloromethane,N-Nucleophiles,Imidazolines and related compounds,figure_s4,True,included,10.03,10.4959726334,10.4959726334,0.4659726334,0.4659726334,True,True
joint model,retrospective connectivity-grouped out-of-fold evaluation,1,context:000edfe6c31e366ec614031b,RAOIDOHSFRTOEL,mayr:1563,MeCN,S- and Se-Nucleophiles,,,True,included,13.3,12.874434789,12.874434789,0.425565211,0.425565211,True,True
joint model,retrospective connectivity-grouped out-of-fold evaluation,1,context:01312c5e36069481a232d7fa,KIPSRYDSZQRPEA,mayr:633,MeCN,N-Nucleophiles,Aliphatic amines,figure_s4,True,included,10.13,11.2599849701,11.2599849701,1.1299849701,1.1299849701,True,True
joint model,retrospective connectivity-grouped out-of-fold evaluation,1,context:013d10528d577ad23343fe24,DVUMGIDOTXJYIW,mayr:884,MeCN,C-Nucleophiles,"Enamines, Enamides, and Ynamides",figure_s3,True,included,5.6,6.04932816823,6.04932816823,0.44932816823,0.44932816823,True,True
joint model,retrospective connectivity-grouped out-of-fold evaluation,1,context:017f7ba29a7550dbfbd917e1,WEVYAHXRMPXWCK,mayr:959,MeCN,N-Nucleophiles,Other N-centered nucleophiles,figure_s4,True,included,2.23,-0.762613932292,0.635806083679,2.99261393229,1.59419391632,False,True
joint model,retrospective connectivity-grouped out-of-fold evaluation,1,context:04095404de33edb25a6698ab,YYKAFPWEQRAEAQ,mayr:610,DMSO,C-Nucleophiles,Carbanions,figure_s3,True,included,18.69,19.0870564779,19.0870564779,0.3970564779,0.3970564779,True,True
joint model,retrospective connectivity-grouped out-of-fold evaluation,1,context:05a1836bf03e7d9800b7833c,AZIXWBRHGNBNNF,mayr:1340,DMSO,C-Nucleophiles,Carbanions,figure_s3,True,included,20.51,19.739185969,19.739185969,0.770814031,0.770814031,True,True
joint model,retrospective connectivity-grouped out-of-fold evaluation,1,context:05cd838cbc65c359c7a472e8,DCXYFEDJOCDNAF,mayr:537,water,N-Nucleophiles,Amino acids,figure_s4,True,included,13.03,12.9556544622,12.9556544622,0.0743455378,0.0743455378,True,True
joint model,retrospective connectivity-grouped out-of-fold evaluation,1,context:06ddadbb9af8eaa94c5e2b88,LSNNMFCWUKXFEE,mayr:112,water,S- and Se-Nucleophiles,,,True,included,16.83,15.0256083806,14.1097288132,1.8043916194,2.7202711868,True,False
joint model,retrospective connectivity-grouped out-of-fold evaluation,1,context:085861b02cdfed858e464ec2,RAOIDOHSFRTOEL,mayr:1562,dichloromethane,S- and Se-Nucleophiles,,,True,included,13.1,12.2576859792,12.2576859792,0.8423140208,0.8423140208,True,True
joint model,retrospective connectivity-grouped out-of-fold evaluation,1,context:089677f122968cf0d5bdb68f,IBZOSHDHPFXJFD,mayr:1784,dichloromethane,N-Nucleophiles,Isochalkogenoureas,figure_s4,True,included,14.49,13.7868102392,13.7868102392,0.7031897608,0.7031897608,True,True
joint model,retrospective connectivity-grouped out-of-fold evaluation,1,context:08b64e5d08f015f03937ffca,YQQFFTNDQFUNHB,mayr:1061,dichloromethane,H-Nucleophiles,H-C hydride donors,figure_s5,True,included,-2.1,-2.70232804616,-2.70232804616,0.60232804616,0.60232804616,True,True
joint model,retrospective connectivity-grouped out-of-fold evaluation,1,context:093c49e9de05754d68ebc889,MRMOZBOQVYRSEM,mayr:1074,MeCN,H-Nucleophiles,H-C hydride donors,figure_s5,True,included,0.1,-2.05982939402,-1.39479573568,2.15982939402,1.49479573568,False,True
joint model,retrospective connectivity-grouped out-of-fold evaluation,1,context:0a6b2588e4678c622f6b61fa,AUNRNFJMNRQWOE,mayr:1741,dichloromethane,N-Nucleophiles,Isochalkogenoureas,figure_s4,True,included,13.15,14.0503603617,14.0503603617,0.9003603617,0.9003603617,True,True
joint model,retrospective connectivity-grouped out-of-fold evaluation,1,context:10b63c4b91785257dcc53543,AGBOAUNKIUIEGH,mayr:290,water,C-Nucleophiles,Carbanions,figure_s3,True,included,16.15,16.6788457235,16.6788457235,0.5288457235,0.5288457235,True,True
joint model,retrospective connectivity-grouped out-of-fold evaluation,1,context:11c3c240451cfb805aeeb0f7,QNBOHFPDAYXLCC,mayr:1140,MeCN,C-Nucleophiles,"Alkyl, Alkenyl and Aryl Boron Compounds",figure_s3,True,included,9.55,11.3588968913,11.3588968913,1.8088968913,1.8088968913,True,True
joint model,retrospective connectivity-grouped out-of-fold evaluation,1,context:131d6c46f6c14c0cd20d1dd1,VQTUBCCKSQIDNK,mayr:142,dichloromethane,C-Nucleophiles,Alkenes,figure_s3,True,included,1.11,0.527196884155,0.527196884155,0.582803115845,0.582803115845,True,True
joint model,retrospective connectivity-grouped out-of-fold evaluation,1,context:136998ed9d421e73aba9cbbc,FWNSPYIKHBSEAH,mayr:1226,dichloromethane,H-Nucleophiles,H-C hydride donors,figure_s5,True,included,4.95,1.67830276489,1.67830276489,3.27169723511,3.27169723511,False,False
joint model,retrospective connectivity-grouped out-of-fold evaluation,1,context:140625e7a8792f40d3d70476,WXNZTHHGJRFXKQ,mayr:1499,DMF,O-Nucleophiles,Phenolate Ions,figure_s6,True,included,19.67,20.1222139994,20.1222139994,0.4522139994,0.4522139994,True,True
joint model,retrospective connectivity-grouped out-of-fold evaluation,1,context:15e6e8b9d92c865fb032ba8a,WPZQENSANSNYSI,mayr:739,dichloromethane,C-Nucleophiles,Enol Ethers,figure_s3,True,included,4.01,3.97558387121,3.97558387121,0.03441612879,0.03441612879,True,True
joint model,retrospective connectivity-grouped out-of-fold evaluation,1,context:15f619a19572113953d2b8d6,BDZGAPNZRQNDAK,mayr:1587,dichloromethane,C-Nucleophiles,Diazo Compounds and Hydrazones,figure_s3,True,included,3.51,3.37256511052,3.37256511052,0.13743488948,0.13743488948,True,True
joint model,retrospective connectivity-grouped out-of-fold evaluation,1,context:15f73ae160b9f380663ec083,RTZZCYNQPHTPPL,mayr:1484,DMF,O-Nucleophiles,Phenolate Ions,figure_s6,True,included,22.41,18.017548879,18.017548879,4.392451121,4.392451121,False,False
joint model,retrospective connectivity-grouped out-of-fold evaluation,1,context:18d37ab4b2b4a8f29e8a141d,QQQSFSZALRVCSZ,mayr:1050,dichloromethane,H-Nucleophiles,H-Si hydride donors,figure_s5,True,included,-1.8,2.05626138051,2.05626138051,3.85626138051,3.85626138051,False,False
joint model,retrospective connectivity-grouped out-of-fold evaluation,1,context:195064f7a53aab9469bd6e71,JKTCBAGSMQIFNL,mayr:387,dichloromethane,C-Nucleophiles,Enol Ethers,figure_s3,True,included,4.37,3.24444611867,3.24444611867,1.12555388133,1.12555388133,True,True
joint model,retrospective connectivity-grouped out-of-fold evaluation,1,context:1a065821ea356358c9a90e1e,AVXURJPOCDRRFD,mayr:105,water,N-Nucleophiles,"Hydrazines, Hydroxylamines etc.",figure_s4,True,included,11.41,10.3085950216,10.3085950216,1.1014049784,1.1014049784,True,True
joint model,retrospective connectivity-grouped out-of-fold evaluation,1,context:1d1b32db7b6231cdfbf81c0a,XKJCHHZQLQNZHY,mayr:699,DMSO,N-Nucleophiles,Amide anions (N reactivity),figure_s4,True,included,15.52,14.5424509048,14.5424509048,0.9775490952,0.9775490952,True,True
joint model,retrospective connectivity-grouped out-of-fold evaluation,1,context:1e317e343456e6afbce995e0,MJVQTBDTLNENNZ,mayr:1653,THF,C-Nucleophiles,NHOs (conventional and mesoionic),figure_s3,True,included,20.78,23.121799469,23.121799469,2.341799469,2.341799469,False,False
joint model,retrospective connectivity-grouped out-of-fold evaluation,1,context:1e4bcbaf7b560172aaaf8855,YGHUUVGIRWMJGE,mayr:994,dichloromethane,H-Nucleophiles,H-Si hydride donors,figure_s5,True,included,0.79,-0.275531450907,-0.275531450907,1.06553145091,1.06553145091,True,True
joint model,retrospective connectivity-grouped out-of-fold evaluation,1,context:206b78dae8b3648108a62d42,YAXSHOYVZVGDND,mayr:56,dichloromethane,C-Nucleophiles,Allyl Element Compounds,figure_s3,True,included,4.17,3.86393562953,3.86393562953,0.30606437047,0.30606437047,True,True
joint model,retrospective connectivity-grouped out-of-fold evaluation,1,context:206ec3b9fe4bc58a15228abb,BEHPKGIJAWBJMV,mayr:1051,dichloromethane,H-Nucleophiles,H-Si hydride donors,figure_s5,True,included,2.4,3.29747486115,3.29747486115,0.89747486115,0.89747486115,True,True
joint model,retrospective connectivity-grouped out-of-fold evaluation,1,context:225d83664fdeb392a8139654,PAKGNZCTBNXXBR,mayr:1575,MeCN,C-Nucleophiles,Carbanions,figure_s3,True,included,15.62,16.4843772252,16.4843772252,0.8643772252,0.8643772252,True,True
joint model,retrospective connectivity-grouped out-of-fold evaluation,1,context:2342a64135a1f8a923b559ff,JUJWROOIHBZHMG,mayr:443,water,N-Nucleophiles,"Pyridines, Quinolines etc.",figure_s4,True,included,11.05,10.8659454981,10.8659454981,0.1840545019,0.1840545019,True,True
joint model,retrospective connectivity-grouped out-of-fold evaluation,1,context:23a2be1f8e5f7b9a4f245658,RGUKYNXWOWSRET,mayr:456,dichloromethane,N-Nucleophiles,"Pyridines, Quinolines etc.",figure_s4,True,included,15.9,15.6314535141,15.6314535141,0.2685464859,0.2685464859,True,True
joint model,retrospective connectivity-grouped out-of-fold evaluation,1,context:241eb9ff18fe66fb1ceef540,HVLLSGMXQDNUAL,mayr:203,dichloromethane,P-Nucleophiles,,,True,included,5.51,10.8487110138,10.8487110138,5.3387110138,5.3387110138,False,False
joint model,retrospective connectivity-grouped out-of-fold evaluation,1,context:244ce1f3736a92f31366b4e5,BKSCHYJRFHICHN,mayr:1354,DMSO,C-Nucleophiles,Carbanions,figure_s3,True,included,15.85,15.9020862579,15.9020862579,0.0520862579,0.0520862579,True,True
joint model,retrospective connectivity-grouped out-of-fold evaluation,1,context:24a5f8cfdcaae49d1c6f7ea5,CROBTXVXNQNKKO,mayr:588,DMSO,H-Nucleophiles,H-B hydride donors,figure_s5,True,included,14.94,19.3171844482,12.5562397639,4.3771844482,2.3837602361,False,False
joint model,retrospective connectivity-grouped out-of-fold evaluation,1,context:2598383d39d2588da12e755f,NSVNNAPWCRPQDR,mayr:1271,MeCN,C-Nucleophiles,"Alkyl, Alkenyl and Aryl Boron Compounds",figure_s3,True,included,6.63,9.16727956136,9.16727956136,2.53727956136,2.53727956136,False,False
joint model,retrospective connectivity-grouped out-of-fold evaluation,1,context:26d333ffbc3818edd23dc525,PQGUROUGKBASIY,mayr:730,DMSO,C-Nucleophiles,Ylides,figure_s3,True,included,14.48,14.2519591649,14.2519591649,0.2280408351,0.2280408351,True,True
joint model,retrospective connectivity-grouped out-of-fold evaluation,1,context:28aee48fcc1d87b84eaf52e1,CKLJMWTZIZZHCS,mayr:541,water,N-Nucleophiles,Amino acids,figure_s4,True,included,13.81,13.8374156952,13.8374156952,0.0274156952,0.0274156952,True,True
joint model,retrospective connectivity-grouped out-of-fold evaluation,1,context:298d42e9c266a97c96310a00,BTJIUGUIPKRLHP,mayr:1478,DMF,O-Nucleophiles,Phenolate Ions,figure_s6,True,included,15.05,18.3143215179,18.3143215179,3.2643215179,3.2643215179,False,False
joint model,retrospective connectivity-grouped out-of-fold evaluation,1,context:2b79bd08eb9e0df4cee1d714,JJPYHMCTZLBOEO,mayr:1176,DMSO,C-Nucleophiles,Ylides,figure_s3,True,included,20.24,22.7979596456,22.7979596456,2.5579596456,2.5579596456,False,False
joint model,retrospective connectivity-grouped out-of-fold evaluation,1,context:2b80cf137e6185ba9ecd7b83,KKJVNKHIPVHCQX,mayr:1025,MeCN,H-Nucleophiles,H-C hydride donors,figure_s5,True,included,8.36,8.15383466085,8.15383466085,0.20616533915,0.20616533915,True,True
joint model,retrospective connectivity-grouped out-of-fold evaluation,1,context:2cabe2dd19cc048d8fa2d37e,YLGRTLMDMVAFNI,mayr:36,dichloromethane,C-Nucleophiles,Allyl Element Compounds,figure_s3,True,included,5.46,3.99392811457,3.99392811457,1.46607188543,1.46607188543,True,True
joint model,retrospective connectivity-grouped out-of-fold evaluation,1,context:2de6d8532d5c94a5c86a8659,FDPMPHQWCLVHND,mayr:729,DMSO,C-Nucleophiles,Ylides,figure_s3,True,included,13.95,13.6397822698,13.6397822698,0.3102177302,0.3102177302,True,True
joint model,retrospective connectivity-grouped out-of-fold evaluation,1,context:304b88cc370966d95b9b1d06,NOFJNSNJJMUDAO,mayr:1139,DMSO,C-Nucleophiles,Carbanions,figure_s3,True,included,23.27,26.5905939738,26.5905939738,3.3205939738,3.3205939738,False,False
joint model,retrospective connectivity-grouped out-of-fold evaluation,1,context:31dcbf10a16aae1a128c3b39,CFOAUYCPAUGDFF,mayr:477,dichloromethane,C-Nucleophiles,Isonitriles,figure_s3,True,included,3.5,2.92508983612,2.92508983612,0.57491016388,0.57491016388,True,True
joint model,retrospective connectivity-grouped out-of-fold evaluation,1,context:329f6b55fd07166c50259d0c,RIOQSEWOXXDEQQ,mayr:929,THF,P-Nucleophiles,,,True,included,13.59,16.0607268016,16.0607268016,2.4707268016,2.4707268016,False,False
joint model,retrospective connectivity-grouped out-of-fold evaluation,1,context:331a1c6820892ac9e1d6acb3,JBFYUZGYRGXSFL,mayr:854,DMSO,N-Nucleophiles,Azoles and Azole Anions,figure_s4,True,included,21.09,20.9051233927,20.9051233927,0.1848766073,0.1848766073,True,True
joint model,retrospective connectivity-grouped out-of-fold evaluation,1,context:332c2a8ba46c6b8a97773027,MASFLDCFDIPNAL,mayr:1143,MeCN,C-Nucleophiles,"Alkyl, Alkenyl and Aryl Boron Compounds",figure_s3,True,included,7.1,6.22297382355,6.22297382355,0.87702617645,0.87702617645,True,True
joint model,retrospective connectivity-grouped out-of-fold evaluation,1,context:33ab0bdafdc3aff6e946353e,YUJCWMGBRDBPDL,mayr:704,DMSO,N-Nucleophiles,Amide anions (N reactivity),figure_s4,True,included,17.52,15.9767783483,15.9767783483,1.5432216517,1.5432216517,True,True
joint model,retrospective connectivity-grouped out-of-fold evaluation,1,context:346a96217133a4296dd83d49,ZCBIFHNDZBSCEP,mayr:459,MeCN,C-Nucleophiles,Arenes,figure_s3,True,included,7.22,8.85615603129,8.85615603129,1.63615603129,1.63615603129,True,True
joint model,retrospective connectivity-grouped out-of-fold evaluation,1,context:358d64dbd288241dca32d497,HHFAWKCIHAUFRX,mayr:404,EtOH,O-Nucleophiles,Alkoxide Anions,figure_s6,False,excluded as one of the three smallest observed solvent strata,15.78,18.6225668589,18.6225668589,2.8425668589,2.8425668589,False,False
joint model,retrospective connectivity-grouped out-of-fold evaluation,1,context:369606617ef5a3bb9b2c9dc5,PAPNRQCYSFBWDI,mayr:555,MeCN,C-Nucleophiles,Arenes,figure_s3,True,included,8.01,8.88130633036,8.88130633036,0.87130633036,0.87130633036,True,True
joint model,retrospective connectivity-grouped out-of-fold evaluation,1,context:36a60dcacd689271d3d18d4e,KPVMGWQGPJULFL,mayr:837,MeCN,C-Nucleophiles,"Enamines, Enamides, and Ynamides",figure_s3,True,included,14.02,15.4701989492,15.4701989492,1.4501989492,1.4501989492,True,True
joint model,retrospective connectivity-grouped out-of-fold evaluation,1,context:39e984a45f10fde75799f050,WZKXBGJNNCGHIC,mayr:1119,MeCN,H-Nucleophiles,H-C hydride donors,figure_s5,True,included,-4.2,-4.59071985881,-4.59071985881,0.39071985881,0.39071985881,True,True
joint model,retrospective connectivity-grouped out-of-fold evaluation,1,context:3bf53d42bc26a56f293ee427,HVJNWTXBDFYTDI,mayr:1306,DMSO,C-Nucleophiles,Carbanions,figure_s3,True,included,11.54,13.2081950506,13.2081950506,1.6681950506,1.6681950506,True,True
joint model,retrospective connectivity-grouped out-of-fold evaluation,1,context:3c25c591fe9606f9b246cf25,NDUYAGLANMHJHF,mayr:34,dichloromethane,C-Nucleophiles,Allyl Element Compounds,figure_s3,True,included,3.09,2.70809110006,2.70809110006,0.38190889994,0.38190889994,True,True
joint model,retrospective connectivity-grouped out-of-fold evaluation,1,context:3f12c489ef0d5e693bd9a660,LLKCNMZUGYSUDD,mayr:1455,DMSO,C-Nucleophiles,Carbanions,figure_s3,True,included,29.5,26.7981033325,26.7981033325,2.7018966675,2.7018966675,False,False
joint model,retrospective connectivity-grouped out-of-fold evaluation,1,context:404bf59c32cf699e6796c3be,UXQDCOOBHOHTCR,mayr:1660,MeCN,C-Nucleophiles,"Enamines, Enamides, and Ynamides",figure_s3,True,included,7.79,8.65107663472,8.65107663472,0.86107663472,0.86107663472,True,True
joint model,retrospective connectivity-grouped out-of-fold evaluation,1,context:4054d4348b5284c6e380c335,HTIRHQRTDBPHNZ,mayr:1555,dichloromethane,S- and Se-Nucleophiles,,,True,included,11.86,12.491613706,12.491613706,0.631613706,0.631613706,True,True
joint model,retrospective connectivity-grouped out-of-fold evaluation,1,context:415e9fdbe62273d85b5a09bd,GVJPCYQNQCNEAO,mayr:1192,dichloromethane,C-Nucleophiles,"Enamines, Enamides, and Ynamides",figure_s3,True,included,3.85,3.71702734629,3.71702734629,0.13297265371,0.13297265371,True,True
joint model,retrospective connectivity-grouped out-of-fold evaluation,1,context:480cc48a62b8ee4deaba74c9,KTAVPKXGIGJSCD,mayr:346,water,C-Nucleophiles,Carbanions,figure_s3,True,included,12.05,13.0796305339,13.0796305339,1.0296305339,1.0296305339,True,True
joint model,retrospective connectivity-grouped out-of-fold evaluation,1,context:48d65bdc173df2d680ba82d1,ITQTTZVARXURQS,mayr:1313,dichloromethane,N-Nucleophiles,"Pyridines, Quinolines etc.",figure_s4,True,included,10.9,11.9495207469,11.9495207469,1.0495207469,1.0495207469,True,True
joint model,retrospective connectivity-grouped out-of-fold evaluation,1,context:4d748e33beda0753a3070e3f,URUWNYQVXHOQAM,mayr:1153,dichloromethane,N-Nucleophiles,Amidines and Imines,figure_s4,True,included,11.13,9.06393909454,9.06393909454,2.06606090546,2.06606090546,False,False
joint model,retrospective connectivity-grouped out-of-fold evaluation,1,context:4f07c0ff41ea145ef262cbec,WXACXMWYHXOSIX,mayr:599,MeCN,C-Nucleophiles,Alkenes,figure_s3,True,included,3.93,5.1444773674,5.1444773674,1.2144773674,1.2144773674,True,True
joint model,retrospective connectivity-grouped out-of-fold evaluation,1,context:5023bb904c12bf330c3a0084,DZEWJULWIYVMKR,mayr:1232,DMSO,C-Nucleophiles,Carbanions,figure_s3,True,included,23.15,22.5409889221,22.5409889221,0.6090110779,0.6090110779,True,True
joint model,retrospective connectivity-grouped out-of-fold evaluation,1,context:50b3562f04a3566c156fabf3,RSUHWMSTWSSNOW,mayr:1539,MeCN,N-Nucleophiles,Aliphatic amines,figure_s4,True,included,12.03,11.9339590073,11.9339590073,0.0960409927,0.0960409927,True,True
joint model,retrospective connectivity-grouped out-of-fold evaluation,1,context:51f1b8db2a07ad75f313d6b6,UGEJOEBBMPOJMT,mayr:1494,DMSO,O-Nucleophiles,Phenolate Ions,figure_s6,True,included,22.62,19.4182071686,19.4182071686,3.2017928314,3.2017928314,False,False
joint model,retrospective connectivity-grouped out-of-fold evaluation,1,context:522b697d439ecba8c047c940,SNICXCGAKADSCV,mayr:1311,dichloromethane,N-Nucleophiles,"Pyridines, Quinolines etc.",figure_s4,True,included,10.4,16.776942571,13.9929059347,6.376942571,3.5929059347,False,False
joint model,retrospective connectivity-grouped out-of-fold evaluation,1,context:5303c45ffb390bd5ce52bb9c,UUGUIYYFRQUCGK,mayr:916,dichloromethane,N-Nucleophiles,Guanidines,figure_s4,True,included,14,12.990784963,12.990784963,1.009215037,1.009215037,True,True
joint model,retrospective connectivity-grouped out-of-fold evaluation,1,context:5690bc18731d2660ae80342c,WNQGOBRMTGELHB,mayr:1343,DMSO,C-Nucleophiles,Carbanions,figure_s3,True,included,18.19,20.2337061564,20.2337061564,2.0437061564,2.0437061564,False,False
joint model,retrospective connectivity-grouped out-of-fold evaluation,1,context:56d2bbd0c00b76f288366c4e,PAQMOJBNTFYAFL,mayr:737,dichloromethane,C-Nucleophiles,Enol Ethers,figure_s3,True,included,6.04,5.59014765422,5.59014765422,0.44985234578,0.44985234578,True,True
joint model,retrospective connectivity-grouped out-of-fold evaluation,1,context:57f9b1144ec7d9800b73c776,QIXNINALAYEKKB,mayr:388,dichloromethane,C-Nucleophiles,Enol Ethers,figure_s3,True,included,0.58,1.78686491648,1.78686491648,1.20686491648,1.20686491648,True,True
joint model,retrospective connectivity-grouped out-of-fold evaluation,1,context:581f6f950209e5a3e18937e3,XVQDTXHCRHPVKU,mayr:890,MeCN,C-Nucleophiles,"Enamines, Enamides, and Ynamides",figure_s3,True,included,7.06,5.7890103658,5.7890103658,1.2709896342,1.2709896342,True,True
joint model,retrospective connectivity-grouped out-of-fold evaluation,1,context:582d0809ca7404b54b808139,SUXVTICOXXNSKI,mayr:1225,dichloromethane,H-Nucleophiles,H-C hydride donors,figure_s5,True,included,1.88,0.707217534383,0.707217534383,1.17278246562,1.17278246562,True,True
joint model,retrospective connectivity-grouped out-of-fold evaluation,1,context:597d6b0f08b5e4d413c1c970,HWJMXFOOQWFOCE,mayr:794,dichloromethane,N-Nucleophiles,Isochalkogenoureas,figure_s4,True,included,13.42,12.5976177851,12.5976177851,0.8223822149,0.8223822149,True,True
joint model,retrospective connectivity-grouped out-of-fold evaluation,1,context:5e738909ab5514ce2b2ba129,SDDKBWPIFZJMDW,mayr:351,DMSO,C-Nucleophiles,Carbanions,figure_s3,True,included,16.29,15.8160184224,15.8160184224,0.4739815776,0.4739815776,True,True
joint model,retrospective connectivity-grouped out-of-fold evaluation,1,context:5fcfcdf24720a7657dd70d15,VLNMFRPPGPXJHP,mayr:1534,MeCN,N-Nucleophiles,Aliphatic amines,figure_s4,True,included,15.55,16.9646040599,16.9646040599,1.4146040599,1.4146040599,True,True
joint model,retrospective connectivity-grouped out-of-fold evaluation,1,context:60a070cb9cf3f7e2e170d20a,GNROSMHJEUZVFQ,mayr:74,dichloromethane,C-Nucleophiles,"Enamines, Enamides, and Ynamides",figure_s3,True,included,10.73,11.8036343257,11.8036343257,1.0736343257,1.0736343257,True,True
joint model,retrospective connectivity-grouped out-of-fold evaluation,1,context:626d491d1576051326f00ee9,ARLBPBOMNUIDOG,mayr:597,dichloromethane,H-Nucleophiles,H-C hydride donors,figure_s5,True,included,8.11,7.95417372386,7.95417372386,0.15582627614,0.15582627614,True,True
joint model,retrospective connectivity-grouped out-of-fold evaluation,1,context:631cd960257204ed955203e6,SNICXCGAKADSCV,mayr:1312,MeCN,N-Nucleophiles,"Pyridines, Quinolines etc.",figure_s4,True,included,11.6,16.8713302612,13.695379893,5.2713302612,2.095379893,False,False
joint model,retrospective connectivity-grouped out-of-fold evaluation,1,context:6357d4600e10f9c43e8a6505,VNMXERKOFPWFRR,mayr:743,MeCN,N-Nucleophiles,"Pyridines, Quinolines etc.",figure_s4,True,included,15.39,13.1958449682,13.1958449682,2.1941550318,2.1941550318,False,False
joint model,retrospective connectivity-grouped out-of-fold evaluation,1,context:63c3757522bc10ed47945f05,IIAIGCWRMDEUDI,mayr:1327,THF,C-Nucleophiles,Carbenes (NHCs),figure_s3,True,included,20.41,21.3564109802,21.3564109802,0.9464109802,0.9464109802,True,True
joint model,retrospective connectivity-grouped out-of-fold evaluation,1,context:64cf075e76f4a30a3f470d70,NJHWKFPLUOUXOM,mayr:1081,MeCN,H-Nucleophiles,H-C hydride donors,figure_s5,True,included,-3.4,-4.22491931915,-4.22491931915,0.82491931915,0.82491931915,True,True
joint model,retrospective connectivity-grouped out-of-fold evaluation,1,context:6642a9b4be2f5df822854e2f,LTLGQZPDSQYFSB,mayr:1052,dichloromethane,H-Nucleophiles,H-Sn and H-Ge hydride donors,figure_s5,True,included,4,4.67569700877,4.67569700877,0.67569700877,0.67569700877,True,True
joint model,retrospective connectivity-grouped out-of-fold evaluation,1,context:669bd480197f953b4a7216c2,RPBRMANNSNGNFS,mayr:799,dichloromethane,N-Nucleophiles,Isochalkogenoureas,figure_s4,True,included,14.96,14.2828302383,14.2828302383,0.6771697617,0.6771697617,True,True
joint model,retrospective connectivity-grouped out-of-fold evaluation,1,context:66c3ec77a9936c080285f4e2,OMEGOEHZPKDZLL,mayr:1199,dichloromethane,N-Nucleophiles,"Pyridines, Quinolines etc.",figure_s4,True,included,14.57,15.1152165731,15.1152165731,0.5452165731,0.5452165731,True,True
joint model,retrospective connectivity-grouped out-of-fold evaluation,1,context:685b918ba0fd154e2d79d44b,OLANGBUYTLNYCP,mayr:944,dichloromethane,C-Nucleophiles,Enol Ethers,figure_s3,True,included,-2.94,-2.67202218374,-2.67202218374,0.26797781626,0.26797781626,True,True
joint model,retrospective connectivity-grouped out-of-fold evaluation,1,context:686d1a7b6b72e1ebd72d0011,IVSZLXZYQVIEFR,mayr:28,dichloromethane,C-Nucleophiles,Arenes,figure_s3,True,included,-3.57,-2.83673063914,-2.83673063914,0.73326936086,0.73326936086,True,True
joint model,retrospective connectivity-grouped out-of-fold evaluation,1,context:6b7ab89e0502123301223b09,YNCCYIAVGRFFNA,mayr:1044,dichloromethane,H-Nucleophiles,H-B hydride donors,figure_s5,True,included,12.44,11.2579609553,11.2579609553,1.1820390447,1.1820390447,True,True
joint model,retrospective connectivity-grouped out-of-fold evaluation,1,context:6bd634dfeee8401fed0c887c,RGUKYNXWOWSRET,mayr:1628,MeCN,N-Nucleophiles,"Pyridines, Quinolines etc.",figure_s4,True,included,14.99,15.6009667714,15.6009667714,0.6109667714,0.6109667714,True,True
joint model,retrospective connectivity-grouped out-of-fold evaluation,1,context:6c51346254185e2c11f803b4,PEEHTFAAVSWFBL,mayr:701,DMSO,N-Nucleophiles,Amide anions (N reactivity),figure_s4,True,included,14.87,14.9482199351,14.9482199351,0.0782199351,0.0782199351,True,True
joint model,retrospective connectivity-grouped out-of-fold evaluation,1,context:6f626de24a2f246db2586247,RGUKYNXWOWSRET,mayr:457,water,N-Nucleophiles,"Pyridines, Quinolines etc.",figure_s4,True,included,12.39,13.6259009043,13.6259009043,1.2359009043,1.2359009043,True,True
joint model,retrospective connectivity-grouped out-of-fold evaluation,1,context:6fe40c98d34f921a9c02d6a6,ZMANZCXQSJIPKH,mayr:676,dichloromethane,N-Nucleophiles,Aliphatic amines,figure_s4,True,included,17.3,16.0762173335,16.0762173335,1.2237826665,1.2237826665,True,True
joint model,retrospective connectivity-grouped out-of-fold evaluation,1,context:700b5605f54719742def0fe1,SQESPNLCTGRVCP,mayr:716,DMSO,C-Nucleophiles,Carbanions,figure_s3,True,included,20.61,21.3856455485,21.3856455485,0.7756455485,0.7756455485,True,True
joint model,retrospective connectivity-grouped out-of-fold evaluation,1,context:727f472f92d8d55448af4fc0,CTMHWPIWNRWQEG,mayr:140,dichloromethane,C-Nucleophiles,Alkenes,figure_s3,True,included,0.08,1.37007427216,1.37007427216,1.29007427216,1.29007427216,True,True
joint model,retrospective connectivity-grouped out-of-fold evaluation,1,context:7343fbc9f96a2ea1dd784f66,UZKWTJUDCOPSNM,mayr:958,dichloromethane,C-Nucleophiles,Enol Ethers,figure_s3,True,included,3.76,4.58752791087,4.58752791087,0.82752791087,0.82752791087,True,True
joint model,retrospective connectivity-grouped out-of-fold evaluation,1,context:74c0635ee831b2e8b4c23bb1,CQFRXHDORNUERA,mayr:1048,dichloromethane,H-Nucleophiles,H-Si hydride donors,figure_s5,True,included,2.3,4.13802051544,4.13802051544,1.83802051544,1.83802051544,True,True
joint model,retrospective connectivity-grouped out-of-fold evaluation,1,context:757786a42d4a0ad96624d68a,BAVYZALUXZFZLV,mayr:480,water,N-Nucleophiles,Aliphatic amines,figure_s4,True,included,13.85,12.8385105133,12.8385105133,1.0114894867,1.0114894867,True,True
joint model,retrospective connectivity-grouped out-of-fold evaluation,1,context:7580733c6a7819a9f36ec24e,JNZPAOFOCUDNDX,mayr:1466,MeCN,H-Nucleophiles,H-P hydride donors,figure_s5,True,included,13.46,20.8992595673,20.8992595673,7.4392595673,7.4392595673,False,False
joint model,retrospective connectivity-grouped out-of-fold evaluation,1,context:7a75802ec7dcc3872bc03dd1,GACALPFXAWHEBC,mayr:1227,dichloromethane,H-Nucleophiles,H-C hydride donors,figure_s5,True,included,4.27,1.50472386678,1.50472386678,2.76527613322,2.76527613322,False,False
joint model,retrospective connectivity-grouped out-of-fold evaluation,1,context:7de967ab5e021c658c86551f,XOJNEFQLMRCOMS,mayr:1359,dichloromethane,P-Nucleophiles,,,True,included,12.4,11.5067183177,11.5067183177,0.8932816823,0.8932816823,True,True
joint model,retrospective connectivity-grouped out-of-fold evaluation,1,context:7e7fa65fb8f731408642a008,TYLBDZLHYORWJA,mayr:1002,dichloromethane,H-Nucleophiles,H-Si hydride donors,figure_s5,True,included,4.91,5.14186986287,5.14186986287,0.23186986287,0.23186986287,True,True
joint model,retrospective connectivity-grouped out-of-fold evaluation,1,context:803ff654c0b718c980897227,OUMCHNPMALRRAV,mayr:1777,MeCN,P-Nucleophiles,,,True,included,19.02,18.1532732646,14.5258363088,0.8667267354,4.4941636912,True,False
joint model,retrospective connectivity-grouped out-of-fold evaluation,1,context:8040ef6d9ccb2396e714690b,UGEJOEBBMPOJMT,mayr:1495,MeCN,O-Nucleophiles,Phenolate Ions,figure_s6,True,included,23.2,20.7229811351,20.7229811351,2.4770188649,2.4770188649,False,False
joint model,retrospective connectivity-grouped out-of-fold evaluation,1,context:808fcfbd46dc610859394598,JUIQOABNSLTJSW,mayr:1127,dichloromethane,N-Nucleophiles,Imidazolines and related compounds,figure_s4,True,included,10.2,12.4244101842,12.4244101842,2.2244101842,2.2244101842,False,False
joint model,retrospective connectivity-grouped out-of-fold evaluation,1,context:809cc90dc6a58b5017aa8ea0,UIIDIWSTMOYJBZ,mayr:1448,water,O-Nucleophiles,Peroxy anions,figure_s6,True,included,14.33,14.1742127736,14.1742127736,0.1557872264,0.1557872264,True,True
joint model,retrospective connectivity-grouped out-of-fold evaluation,1,context:81ff8abfa8d8f3151e68657e,NZXHRHATECOPAO,mayr:1237,DMSO,C-Nucleophiles,Carbanions,figure_s3,True,included,17.46,15.546801885,15.546801885,1.913198115,1.913198115,True,True
joint model,retrospective connectivity-grouped out-of-fold evaluation,1,context:84108be1ef50af538cada275,ZEZQXYUIJPURCG,mayr:581,DMSO,C-Nucleophiles,Carbanions,figure_s3,True,included,27.28,26.2747065226,26.2747065226,1.0052934774,1.0052934774,True,True
joint model,retrospective connectivity-grouped out-of-fold evaluation,1,context:86cdeaa157fc2526515f3b82,PVMNPAUTCMBOMO,mayr:441,water,N-Nucleophiles,"Pyridines, Quinolines etc.",figure_s4,True,included,10.5,10.5364093781,10.5364093781,0.0364093781,0.0364093781,True,True
joint model,retrospective connectivity-grouped out-of-fold evaluation,1,context:88e78d8b299e7eb4c1cbe329,KRHYYFGTRYWZRS,mayr:904,MeOH,Halide Anions,,,False,excluded as one of the three smallest observed solvent strata,11.31,11.3255049388,11.3255049388,0.0155049388,0.0155049388,True,True
joint model,retrospective connectivity-grouped out-of-fold evaluation,1,context:895c8593add43e69516f8ec4,SJCJNAHOFNKBAF,mayr:1003,dichloromethane,H-Nucleophiles,H-Si hydride donors,figure_s5,True,included,3.59,5.27757072449,5.27757072449,1.68757072449,1.68757072449,True,True
joint model,retrospective connectivity-grouped out-of-fold evaluation,1,context:896b243f7362a3f08efd6c43,WEOLAPIPKPOLGJ,mayr:1191,dichloromethane,C-Nucleophiles,"Enamines, Enamides, and Ynamides",figure_s3,True,included,4.4,4.0347495079,4.0347495079,0.3652504921,0.3652504921,True,True
joint model,retrospective connectivity-grouped out-of-fold evaluation,1,context:8cc4929818499ee0eff4545e,QSNSCYSYFYORTR,mayr:497,MeCN,N-Nucleophiles,Aromatic amines,figure_s4,True,included,12.92,12.7676410675,12.7676410675,0.1523589325,0.1523589325,True,True
joint model,retrospective connectivity-grouped out-of-fold evaluation,1,context:8dc46ba7a36754c53960139f,JDJUBLMJMMUVJJ,mayr:1174,DMSO,C-Nucleophiles,Ylides,figure_s3,True,included,27.45,27.7678286235,27.7678286235,0.3178286235,0.3178286235,True,True
joint model,retrospective connectivity-grouped out-of-fold evaluation,1,context:8f3508be14914b6fbfc56c87,DTPVDESHBDFTSE,mayr:1146,MeCN,C-Nucleophiles,"Alkyl, Alkenyl and Aryl Boron Compounds",figure_s3,True,included,5.99,5.56625890732,8.44619146983,0.42374109268,2.45619146983,True,False
joint model,retrospective connectivity-grouped out-of-fold evaluation,1,context:8f6e0e5771d567ea44b9d623,RTZZCYNQPHTPPL,mayr:1482,DMSO,O-Nucleophiles,Phenolate Ions,figure_s6,True,included,21.29,16.7565924327,16.7565924327,4.5334075673,4.5334075673,False,False
joint model,retrospective connectivity-grouped out-of-fold evaluation,1,context:905f0a9619309210604754dc,GPNUBZPACCOTQD,mayr:1586,dichloromethane,C-Nucleophiles,Diazo Compounds and Hydrazones,figure_s3,True,included,3.44,3.52680762609,3.52680762609,0.08680762609,0.08680762609,True,True
joint model,retrospective connectivity-grouped out-of-fold evaluation,1,context:9189fdf2970ca0fe9ea2f01e,KPVMGWQGPJULFL,mayr:50,dichloromethane,C-Nucleophiles,"Enamines, Enamides, and Ynamides",figure_s3,True,included,13.36,14.0021944046,14.0021944046,0.6421944046,0.6421944046,True,True
joint model,retrospective connectivity-grouped out-of-fold evaluation,1,context:943ac9d646b550866524cfe3,XQABVLBGNWBWIV,mayr:446,dichloromethane,N-Nucleophiles,"Pyridines, Quinolines etc.",figure_s4,True,included,13.7,13.1456689835,13.1456689835,0.5543310165,0.5543310165,True,True
joint model,retrospective connectivity-grouped out-of-fold evaluation,1,context:947bb7122c611f033f5dceb4,FPSWXPXRLCSGIV,mayr:961,MeCN,N-Nucleophiles,"Pyridines, Quinolines etc.",figure_s4,True,included,12.96,13.6946458817,13.6946458817,0.7346458817,0.7346458817,True,True
joint model,retrospective connectivity-grouped out-of-fold evaluation,1,context:98ec2019ab24eee7a4d2b6e6,BAVYZALUXZFZLV,mayr:975,MeCN,N-Nucleophiles,Aliphatic amines,figure_s4,True,included,15.19,15.1114273071,15.1114273071,0.0785726929,0.0785726929,True,True
joint model,retrospective connectivity-grouped out-of-fold evaluation,1,context:98fd3cc1dcf4cddb5df85326,HYWCXWRMUZYRPH,mayr:33,dichloromethane,C-Nucleophiles,Allyl Element Compounds,figure_s3,True,included,1.68,-0.224093437195,-0.224093437195,1.9040934372,1.9040934372,True,True
joint model,retrospective connectivity-grouped out-of-fold evaluation,1,context:99a537817fc315be5ec46c72,JUJWROOIHBZHMG,mayr:1673,MeCN,N-Nucleophiles,"Pyridines, Quinolines etc.",figure_s4,True,included,13.6,12.4318415324,12.4318415324,1.1681584676,1.1681584676,True,True
joint model,retrospective connectivity-grouped out-of-fold evaluation,1,context:9a9fa31bdd530397bc30311e,SJRJJKPEHAURKC,mayr:681,MeCN,N-Nucleophiles,Aliphatic amines,figure_s4,True,included,16.8,19.6125984192,19.6125984192,2.8125984192,2.8125984192,False,False
joint model,retrospective connectivity-grouped out-of-fold evaluation,1,context:9ab1b75cbe10925200705d2b,OLIUEZHTWQEOOZ,mayr:731,DMSO,C-Nucleophiles,Ylides,figure_s3,True,included,15.68,15.343691508,15.343691508,0.336308492,0.336308492,True,True
joint model,retrospective connectivity-grouped out-of-fold evaluation,1,context:9b05c76729472c049ad82e1d,KTAVPKXGIGJSCD,mayr:347,DMSO,C-Nucleophiles,Carbanions,figure_s3,True,included,18.29,18.2468407949,18.2468407949,0.0431592051,0.0431592051,True,True
joint model,retrospective connectivity-grouped out-of-fold evaluation,1,context:9b2ebe0470707b049a7dc5e3,ODKSFYDXXFIFQN,mayr:539,water,N-Nucleophiles,Amino acids,figure_s4,True,included,12.96,12.9065761566,12.9065761566,0.0534238434,0.0534238434,True,True
joint model,retrospective connectivity-grouped out-of-fold evaluation,1,context:9d531c035752d05f2479104b,BTJIUGUIPKRLHP,mayr:1476,DMSO,O-Nucleophiles,Phenolate Ions,figure_s6,True,included,14.32,16.490210851,16.490210851,2.170210851,2.170210851,False,False
joint model,retrospective connectivity-grouped out-of-fold evaluation,1,context:9ed26fa745888933574a2ce5,IIWSLXWOGWUDPL,mayr:1182,dichloromethane,C-Nucleophiles,Vinylsilanes,figure_s3,True,included,-1.46,-2.20394229889,-2.20394229889,0.74394229889,0.74394229889,True,True
joint model,retrospective connectivity-grouped out-of-fold evaluation,1,context:a0c6674b0d4136f31f57f03a,AQWNKDATHZVQIK,mayr:1399,MeCN,C-Nucleophiles,Allyl Element Compounds,figure_s3,True,included,9.49,8.5207824707,8.6161924998,0.9692175293,0.8738075002,True,True
joint model,retrospective connectivity-grouped out-of-fold evaluation,1,context:a10d576e08a625bd90a13a7d,PVMNPAUTCMBOMO,mayr:440,dichloromethane,N-Nucleophiles,"Pyridines, Quinolines etc.",figure_s4,True,included,11.7,11.8367598852,11.8367598852,0.1367598852,0.1367598852,True,True
joint model,retrospective connectivity-grouped out-of-fold evaluation,1,context:a256a77d3f1eab452162cebd,LOJSXZBYZPEQRS,mayr:998,dichloromethane,H-Nucleophiles,H-Si hydride donors,figure_s5,True,included,3.55,3.57311916351,3.57311916351,0.02311916351,0.02311916351,True,True
joint model,retrospective connectivity-grouped out-of-fold evaluation,1,context:a2f8205ea7b0854b6b1093db,NJJVRWBREKHQFA,mayr:707,DMSO,N-Nucleophiles,Amide anions (N reactivity),figure_s4,True,included,17.14,18.190984726,18.190984726,1.050984726,1.050984726,True,True
joint model,retrospective connectivity-grouped out-of-fold evaluation,1,context:a425baa54b98f0de9b55f7ff,FXNDIJDIPNCZQJ,mayr:158,dichloromethane,C-Nucleophiles,Alkenes,figure_s3,True,included,0.79,-0.126125653585,-0.126125653585,0.916125653585,0.916125653585,True,True
joint model,retrospective connectivity-grouped out-of-fold evaluation,1,context:a43d8e14be31f8d9e1f49fd8,IOIAGUSMWXRQRZ,mayr:1727,dichloromethane,N-Nucleophiles,Isochalkogenoureas,figure_s4,True,included,14.62,15.4128812154,15.4128812154,0.7928812154,0.7928812154,True,True
joint model,retrospective connectivity-grouped out-of-fold evaluation,1,context:a6eb258ade9435d61731aa5a,ZMANZCXQSJIPKH,mayr:675,MeCN,N-Nucleophiles,Aliphatic amines,figure_s4,True,included,17.1,16.2777487437,16.2777487437,0.8222512563,0.8222512563,True,True
joint model,retrospective connectivity-grouped out-of-fold evaluation,1,context:a7c520d419de41880d76fc84,RTZZCYNQPHTPPL,mayr:1483,MeCN,O-Nucleophiles,Phenolate Ions,figure_s6,True,included,25.51,17.3020680745,17.3020680745,8.2079319255,8.2079319255,False,False
joint model,retrospective connectivity-grouped out-of-fold evaluation,1,context:a947b45394b5923f34d82c46,LOUPRKONTZGTKE,mayr:631,dichloromethane,N-Nucleophiles,"Pyridines, Quinolines etc.",figure_s4,True,included,10.46,16.8134740194,13.3103078206,6.3534740194,2.8503078206,False,False
joint model,retrospective connectivity-grouped out-of-fold evaluation,1,context:a9cdd2e740102748514f601f,BYJIRDDQRLFSFF,mayr:1779,dichloromethane,N-Nucleophiles,Isochalkogenoureas,figure_s4,True,included,14.95,14.6005277634,14.6005277634,0.3494722366,0.3494722366,True,True
joint model,retrospective connectivity-grouped out-of-fold evaluation,1,context:aa268d7396c95ae41bf59376,PZIRTPFQQUHSJY,mayr:630,MeCN,N-Nucleophiles,"Pyridines, Quinolines etc.",figure_s4,True,included,15.66,16.9830080668,16.9830080668,1.3230080668,1.3230080668,True,True
joint model,retrospective connectivity-grouped out-of-fold evaluation,1,context:aaa8d845e04644d6f2246a0a,YEYCASGOSICVMZ,mayr:1152,dichloromethane,N-Nucleophiles,Amidines and Imines,figure_s4,True,included,9.53,8.55252806346,8.55252806346,0.97747193654,0.97747193654,True,True
joint model,retrospective connectivity-grouped out-of-fold evaluation,1,context:ac4357a43be859389ef1f64d,LOUPRKONTZGTKE,mayr:632,dichloromethane,N-Nucleophiles,"Pyridines, Quinolines etc.",figure_s4,True,included,10.54,16.7643928528,13.2660471598,6.2243928528,2.7260471598,False,False
joint model,retrospective connectivity-grouped out-of-fold evaluation,1,context:ada3cd1a236ca3dc720bb07f,VCZQFJFZMMALHB,mayr:1055,MeCN,H-Nucleophiles,H-C hydride donors,figure_s5,True,included,-6.5,-5.07001654307,-5.07001654307,1.42998345693,1.42998345693,True,True
joint model,retrospective connectivity-grouped out-of-fold evaluation,1,context:ae487d836c621d7d2afedbb8,MIVRMHJOEYRXQB,mayr:1696,dichloromethane,C-Nucleophiles,Diazo Compounds and Hydrazones,figure_s3,True,included,4.68,4.47552204132,4.47552204132,0.20447795868,0.20447795868,True,True
joint model,retrospective connectivity-grouped out-of-fold evaluation,1,context:b26630fba92aa5e105ad4ee3,DCVICHWBECIALB,mayr:1763,MeCN,C-Nucleophiles,"Enamines, Enamides, and Ynamides",figure_s3,True,included,6.82,3.42552804947,3.42552804947,3.39447195053,3.39447195053,False,False
joint model,retrospective connectivity-grouped out-of-fold evaluation,1,context:b29b7f73a22c874968d92e01,UACYWOJLWBDSHG,mayr:1543,MeCN,N-Nucleophiles,Aliphatic amines,figure_s4,True,included,6.04,6.88135703405,6.88135703405,0.84135703405,0.84135703405,True,True
joint model,retrospective connectivity-grouped out-of-fold evaluation,1,context:b2e9e0beda26597d147ed3b3,SJRJJKPEHAURKC,mayr:682,dichloromethane,N-Nucleophiles,Aliphatic amines,figure_s4,True,included,16.5,18.8763173421,18.8763173421,2.3763173421,2.3763173421,False,False
joint model,retrospective connectivity-grouped out-of-fold evaluation,1,context:b3aeef7d31405707f4da89df,FJWLWQRPZMZRQI,mayr:1345,DMSO,C-Nucleophiles,Carbanions,figure_s3,True,included,28.27,26.5342769623,26.5342769623,1.7357230377,1.7357230377,True,True
joint model,retrospective connectivity-grouped out-of-fold evaluation,1,context:b5117e6dd52e5f5a64381fbc,RHAFPDMTJCXVAM,mayr:1401,MeCN,C-Nucleophiles,"Enamines, Enamides, and Ynamides",figure_s3,True,included,11.66,11.1338342031,11.1338342031,0.5261657969,0.5261657969,True,True
joint model,retrospective connectivity-grouped out-of-fold evaluation,1,context:b58abecd293f8e63e352f4b2,HAHWYZKXGPCZPC,mayr:340,dichloromethane,C-Nucleophiles,Enol Ethers,figure_s3,True,included,11.5,12.3978198369,12.3978198369,0.8978198369,0.8978198369,True,True
joint model,retrospective connectivity-grouped out-of-fold evaluation,1,context:b612688feb0eeb64d36e1f8b,KRHYYFGTRYWZRS,mayr:906,water,Halide Anions,,,True,included,7.7,9.30342849096,9.30342849096,1.60342849096,1.60342849096,True,True
joint model,retrospective connectivity-grouped out-of-fold evaluation,1,context:b66dc3e2fb4cd6970a1aff62,FJWLWQRPZMZRQI,mayr:1672,DMF,C-Nucleophiles,Carbanions,figure_s3,True,included,26.64,26.9628435771,26.9628435771,0.3228435771,0.3228435771,True,True
joint model,retrospective connectivity-grouped out-of-fold evaluation,1,context:bb9df2fcb337367b3208b6c6,CIROOWQVERYDSK,mayr:478,dichloromethane,C-Nucleophiles,Isonitriles,figure_s3,True,included,3.57,3.51443545024,3.51443545024,0.05556454976,0.05556454976,True,True
joint model,retrospective connectivity-grouped out-of-fold evaluation,1,context:bc68b10d8833e0b746c07daf,DKWOHBPRFZIUQL,mayr:734,DMSO,C-Nucleophiles,Ylides,figure_s3,True,included,21.29,18.4977506002,18.4977506002,2.7922493998,2.7922493998,False,False
joint model,retrospective connectivity-grouped out-of-fold evaluation,1,context:be9fcc77e1f75b3402db1d54,XQABVLBGNWBWIV,mayr:447,water,N-Nucleophiles,"Pyridines, Quinolines etc.",figure_s4,True,included,11.44,11.0478423436,11.0478423436,0.3921576564,0.3921576564,True,True
joint model,retrospective connectivity-grouped out-of-fold evaluation,1,context:bf463949bb8f99fca6876a12,BIJAWQUBRNHZGE,mayr:963,MeCN,N-Nucleophiles,"Pyridines, Quinolines etc.",figure_s4,True,included,13.24,12.7060559591,12.7060559591,0.5339440409,0.5339440409,True,True
joint model,retrospective connectivity-grouped out-of-fold evaluation,1,context:c096e1d72c564944086a74a1,HJWLCRVIBGQPNF,mayr:99,dichloromethane,H-Nucleophiles,H-C hydride donors,figure_s5,True,included,-4.12,-4.20579147339,-3.2871465683,0.08579147339,0.8328534317,True,True
joint model,retrospective connectivity-grouped out-of-fold evaluation,1,context:c0f45621b2f1f6fa96c6edbe,CVNOWLNNPYYEOH,mayr:1485,DMSO,O-Nucleophiles,Phenolate Ions,figure_s6,True,included,18.78,18.9559237162,18.9559237162,0.1759237162,0.1759237162,True,True
joint model,retrospective connectivity-grouped out-of-fold evaluation,1,context:c1ecde0a54f348974e48eb60,ZSIQJIWKELUFRJ,mayr:490,water,N-Nucleophiles,Aliphatic amines,figure_s4,True,included,18.29,17.6939093272,17.6939093272,0.5960906728,0.5960906728,True,True
joint model,retrospective connectivity-grouped out-of-fold evaluation,1,context:c1f6f4623c50422d657d7bc4,DQWVAAWANRXNEG,mayr:1396,MeCN,C-Nucleophiles,Allyl Element Compounds,figure_s3,True,included,5.29,9.41040770213,4.72888056437,4.12040770213,0.56111943563,False,True
joint model,retrospective connectivity-grouped out-of-fold evaluation,1,context:c3824808eed7a4f7b22be19d,JIVXOVKFQCJKAK,mayr:1078,MeCN,H-Nucleophiles,H-C hydride donors,figure_s5,True,included,-1.7,-1.63778114319,-1.63778114319,0.06221885681,0.06221885681,True,True
joint model,retrospective connectivity-grouped out-of-fold evaluation,1,context:c496b79d00600def22994b2b,WXNZTHHGJRFXKQ,mayr:1498,MeCN,O-Nucleophiles,Phenolate Ions,figure_s6,True,included,18.32,20.2750676473,20.2750676473,1.9550676473,1.9550676473,True,True
joint model,retrospective connectivity-grouped out-of-fold evaluation,1,context:c4df683517b2f84482f76d2a,VHIICGGVDHJCCG,mayr:1244,MeCN,C-Nucleophiles,"Alkyl, Alkenyl and Aryl Boron Compounds",figure_s3,True,included,6.24,6.29849322637,6.29849322637,0.05849322637,0.05849322637,True,True
joint model,retrospective connectivity-grouped out-of-fold evaluation,1,context:c5421dedf982838445627f8f,XGWTWUYLCLABRB,mayr:1695,DMSO,C-Nucleophiles,Carbanions,figure_s3,True,included,19.6,23.0788472493,23.0788472493,3.4788472493,3.4788472493,False,False
joint model,retrospective connectivity-grouped out-of-fold evaluation,1,context:c55aa7cf9f244ace1d08bf32,SDDKBWPIFZJMDW,mayr:350,water,C-Nucleophiles,Carbanions,figure_s3,True,included,13.58,12.7535498937,12.7535498937,0.8264501063,0.8264501063,True,True
joint model,retrospective connectivity-grouped out-of-fold evaluation,1,context:c5dfc6b4da871b7bdb5f6c59,ZOOODBUHSVUZEM,mayr:808,MeCN,S- and Se-Nucleophiles,,,True,included,19.3,18.7555961609,18.7555961609,0.5444038391,0.5444038391,True,True
joint model,retrospective connectivity-grouped out-of-fold evaluation,1,context:c704da356f8294514718f0fb,ITPBGPDKSKEXEA,mayr:1531,MeCN,N-Nucleophiles,Aliphatic amines,figure_s4,True,included,15.2,16.8549410502,16.8549410502,1.6549410502,1.6549410502,True,True
joint model,retrospective connectivity-grouped out-of-fold evaluation,1,context:c709e99ccf7c6c92d81e1bb7,JLBJTVDPSNHSKJ,mayr:143,dichloromethane,C-Nucleophiles,Alkenes,figure_s3,True,included,1.7,0.76216729482,0.76216729482,0.93783270518,0.93783270518,True,True
joint model,retrospective connectivity-grouped out-of-fold evaluation,1,context:c767745561595d2e468da065,WXNZTHHGJRFXKQ,mayr:1497,DMSO,O-Nucleophiles,Phenolate Ions,figure_s6,True,included,20.34,19.6050510406,19.6050510406,0.7349489594,0.7349489594,True,True
joint model,retrospective connectivity-grouped out-of-fold evaluation,1,context:c8aff9c640a3352822a6a483,CVNOWLNNPYYEOH,mayr:1486,MeCN,O-Nucleophiles,Phenolate Ions,figure_s6,True,included,19.58,19.9933344523,19.9933344523,0.4133344523,0.4133344523,True,True
joint model,retrospective connectivity-grouped out-of-fold evaluation,1,context:ca178de80ef60355af81a87a,CYIUFVYZGOCGEV,mayr:37,dichloromethane,C-Nucleophiles,Allyl Element Compounds,figure_s3,True,included,7.48,7.02500581741,7.02500581741,0.45499418259,0.45499418259,True,True
joint model,retrospective connectivity-grouped out-of-fold evaluation,1,context:caae2aaa0d90850aa6cc2108,RIOQSEWOXXDEQQ,mayr:195,dichloromethane,P-Nucleophiles,,,True,included,14.33,13.6061531703,13.6061531703,0.7238468297,0.7238468297,True,True
joint model,retrospective connectivity-grouped out-of-fold evaluation,1,context:cac4e4e0278c62ba340a89ee,UYHVGSLAEZDHER,mayr:386,dichloromethane,C-Nucleophiles,Enol Ethers,figure_s3,True,included,5.76,4.60069322586,4.60069322586,1.15930677414,1.15930677414,True,True
joint model,retrospective connectivity-grouped out-of-fold evaluation,1,context:cb24e39f8a43fc8073cf0a9f,PAKGNZCTBNXXBR,mayr:511,DMSO,C-Nucleophiles,Carbanions,figure_s3,True,included,16.28,17.0390275319,17.0390275319,0.7590275319,0.7590275319,True,True
joint model,retrospective connectivity-grouped out-of-fold evaluation,1,context:cc114cb0d86fffc7e25bfda0,RRFOVNOYWOAPHE,mayr:1141,MeCN,C-Nucleophiles,"Alkyl, Alkenyl and Aryl Boron Compounds",figure_s3,True,included,8.77,11.3841260274,11.3841260274,2.6141260274,2.6141260274,False,False
joint model,retrospective connectivity-grouped out-of-fold evaluation,1,context:cccab85177b969269a7524c7,ITQTTZVARXURQS,mayr:1314,MeCN,N-Nucleophiles,"Pyridines, Quinolines etc.",figure_s4,True,included,11.5,11.5998245875,11.5998245875,0.0998245875,0.0998245875,True,True
joint model,retrospective connectivity-grouped out-of-fold evaluation,1,context:cd28f232bd76fdde447beca7,XECZPMLUVPEPKQ,mayr:1126,dichloromethane,N-Nucleophiles,Imidazolines and related compounds,figure_s4,True,included,13.11,13.0454641978,13.0454641978,0.0645358022,0.0645358022,True,True
joint model,retrospective connectivity-grouped out-of-fold evaluation,1,context:d116f7a979afaf6848e317f7,IGNTWNVBGLNYDV,mayr:200,dichloromethane,P-Nucleophiles,,,True,included,13.37,12.2943223317,12.2943223317,1.0756776683,1.0756776683,True,True
joint model,retrospective connectivity-grouped out-of-fold evaluation,1,context:d1b4f6982964363eba7fa7fb,XVFWSVOQGGAMGB,mayr:136,dichloromethane,C-Nucleophiles,"Enamines, Enamides, and Ynamides",figure_s3,True,included,3.84,5.13281774521,5.13281774521,1.29281774521,1.29281774521,True,True
joint model,retrospective connectivity-grouped out-of-fold evaluation,1,context:d4fc625fb1656cfe23e866b6,CVNOWLNNPYYEOH,mayr:1487,DMF,O-Nucleophiles,Phenolate Ions,figure_s6,True,included,17.85,20.2542317708,20.2542317708,2.4042317708,2.4042317708,False,False
joint model,retrospective connectivity-grouped out-of-fold evaluation,1,context:d62003990a5ba2e8e7d5d607,WQYVRQLZKVEZGA,mayr:1425,water,O-Nucleophiles,Other O-centered nucleophiles,figure_s6,True,included,14.5,17.3823420207,17.3823420207,2.8823420207,2.8823420207,False,False
joint model,retrospective connectivity-grouped out-of-fold evaluation,1,context:d6295089975eb421aafc81d7,KZVPFSJPLBOVLO,mayr:227,dichloromethane,C-Nucleophiles,Enol Ethers,figure_s3,True,included,3.94,3.15648873647,3.15648873647,0.78351126353,0.78351126353,True,True
joint model,retrospective connectivity-grouped out-of-fold evaluation,1,context:d7440ac402a7c00ff68496a7,MRYUZFHUXCUPQI,mayr:1059,dichloromethane,H-Nucleophiles,H-C hydride donors,figure_s5,True,included,-4.7,-2.8890616099,-2.8890616099,1.8109383901,1.8109383901,True,True
joint model,retrospective connectivity-grouped out-of-fold evaluation,1,context:da03cd30c10dd2d6bead6fe6,MVXVYAKCVDQRLW,mayr:471,MeCN,C-Nucleophiles,Arenes,figure_s3,True,included,3.87,4.01118977865,4.01118977865,0.14118977865,0.14118977865,True,True
joint model,retrospective connectivity-grouped out-of-fold evaluation,1,context:dc68d4a9d93a8f79e915cbd6,QDWMQWWQPMMBBG,mayr:1304,DMSO,C-Nucleophiles,Carbanions,figure_s3,True,included,13.83,14.3320973714,14.3320973714,0.5020973714,0.5020973714,True,True
joint model,retrospective connectivity-grouped out-of-fold evaluation,1,context:dd44c8cc42c94692b481d5dc,WARCRYXKINZHGQ,mayr:971,MeCN,N-Nucleophiles,"Hydrazines, Hydroxylamines etc.",figure_s4,True,included,12.49,11.1421979268,11.1421979268,1.3478020732,1.3478020732,True,True
joint model,retrospective connectivity-grouped out-of-fold evaluation,1,context:de65154542a141228a281893,BLWYXBNNBYXPPL,mayr:1529,MeCN,N-Nucleophiles,Aliphatic amines,figure_s4,True,included,14.75,16.3935349782,16.3935349782,1.6435349782,1.6435349782,True,True
joint model,retrospective connectivity-grouped out-of-fold evaluation,1,context:e21eb29452a3ae52a6555386,RYDKCSZCFDOYMM,mayr:744,MeCN,N-Nucleophiles,"Pyridines, Quinolines etc.",figure_s4,True,included,14.19,13.1449111303,13.1449111303,1.0450888697,1.0450888697,True,True
joint model,retrospective connectivity-grouped out-of-fold evaluation,1,context:e370fc8473ce87286731d551,AGBOAUNKIUIEGH,mayr:122,DMSO,C-Nucleophiles,Carbanions,figure_s3,True,included,20.22,19.8004906972,19.8004906972,0.4195093028,0.4195093028,True,True
joint model,retrospective connectivity-grouped out-of-fold evaluation,1,context:e460046fcc304b9d0143276b,MNEWPTXCYUMJKC,mayr:1240,DMSO,C-Nucleophiles,Carbanions,figure_s3,True,included,24.99,26.6578496297,26.6578496297,1.6678496297,1.6678496297,True,True
joint model,retrospective connectivity-grouped out-of-fold evaluation,1,context:e9c484139b822f3b07d1aecd,RWWNQEOPUOCKGR,mayr:1063,MeCN,H-Nucleophiles,H-C hydride donors,figure_s5,True,included,-2.4,-4.09351062775,-4.09351062775,1.69351062775,1.69351062775,True,True
joint model,retrospective connectivity-grouped out-of-fold evaluation,1,context:eb6cd37a112f67ec8c3ea3e7,YKFRUJSEPGHZFJ,mayr:665,MeCN,N-Nucleophiles,Azoles and Azole Anions,figure_s4,True,included,11.43,12.2454471588,12.2454471588,0.8154471588,0.8154471588,True,True
joint model,retrospective connectivity-grouped out-of-fold evaluation,1,context:eb725e72322d6034a2214834,VVBLMPAHLKEJIS,mayr:1307,DMSO,C-Nucleophiles,Carbanions,figure_s3,True,included,12.35,13.7472314835,13.7472314835,1.3972314835,1.3972314835,True,True
joint model,retrospective connectivity-grouped out-of-fold evaluation,1,context:ec1313ad61a1a2a268460821,JKTCBAGSMQIFNL,mayr:1756,MeCN,C-Nucleophiles,Enol Ethers,figure_s3,True,included,5.02,2.88531335195,2.88531335195,2.13468664805,2.13468664805,False,False
joint model,retrospective connectivity-grouped out-of-fold evaluation,1,context:ec4c82a5dca4e65a77c7f804,BTJIUGUIPKRLHP,mayr:1477,MeCN,O-Nucleophiles,Phenolate Ions,figure_s6,True,included,15.14,17.2357762655,17.2357762655,2.0957762655,2.0957762655,False,False
joint model,retrospective connectivity-grouped out-of-fold evaluation,1,context:ed937310be7a8650581bfc70,WGIBLLKNPFCFIK,mayr:1670,dichloromethane,N-Nucleophiles,Isochalkogenoureas,figure_s4,True,included,10.83,10.9721151988,10.9721151988,0.1421151988,0.1421151988,True,True
joint model,retrospective connectivity-grouped out-of-fold evaluation,1,context:f32315dce16d627c79b595b5,HREIFDWKNPVPMP,mayr:1332,dichloromethane,C-Nucleophiles,Ylides,figure_s3,True,included,4.67,5.35096788406,5.35096788406,0.68096788406,0.68096788406,True,True
joint model,retrospective connectivity-grouped out-of-fold evaluation,1,context:f580bc599b447e28cf0b139b,JUJWROOIHBZHMG,mayr:442,dichloromethane,N-Nucleophiles,"Pyridines, Quinolines etc.",figure_s4,True,included,12.9,12.5223045349,12.5223045349,0.3776954651,0.3776954651,True,True
joint model,retrospective connectivity-grouped out-of-fold evaluation,1,context:f6fb2cdc92ca70d0dd7d1c85,ALTGURJQVWBILJ,mayr:969,MeCN,N-Nucleophiles,"Hydrazines, Hydroxylamines etc.",figure_s4,True,included,15.69,19.4837118785,19.4837118785,3.7937118785,3.7937118785,False,False
joint model,retrospective connectivity-grouped out-of-fold evaluation,1,context:f73defab43cfe37427a6f08e,YUKGJHBJVJSQMU,mayr:1286,DMSO,C-Nucleophiles,Carbanions,figure_s3,True,included,19.58,19.4175256093,19.4175256093,0.1624743907,0.1624743907,True,True
joint model,retrospective connectivity-grouped out-of-fold evaluation,1,context:f905592f9996443173300183,ZYERMUSVJRTOLH,mayr:1451,DMSO,C-Nucleophiles,Carbanions,figure_s3,True,included,27.77,27.3115196228,27.3115196228,0.4584803772,0.4584803772,True,True
joint model,retrospective connectivity-grouped out-of-fold evaluation,1,context:f9a42587545e4f14501b5250,CROPDUGHHVHJOA,mayr:1175,DMSO,C-Nucleophiles,Ylides,figure_s3,True,included,25.94,23.4552987417,23.4552987417,2.4847012583,2.4847012583,False,False
joint model,retrospective connectivity-grouped out-of-fold evaluation,1,context:fa4f7643ccb394753d09b249,LIKMAJRDDDTEIG,mayr:139,dichloromethane,C-Nucleophiles,Alkenes,figure_s3,True,included,-2.77,-1.97175852458,-1.49452177684,0.79824147542,1.27547822316,True,True
joint model,retrospective connectivity-grouped out-of-fold evaluation,1,context:faba65abf1ba6bbf63cc4733,CROBTXVXNQNKKO,mayr:1053,water,H-Nucleophiles,H-B hydride donors,figure_s5,True,included,12.1,13.4711996714,8.5054585139,1.3711996714,3.5945414861,True,False
joint model,retrospective connectivity-grouped out-of-fold evaluation,1,context:fb6bfee9fb6a01db5e250560,KIPSRYDSZQRPEA,mayr:106,DMSO,N-Nucleophiles,Aliphatic amines,figure_s4,True,included,12.15,13.0671784083,13.0671784083,0.9171784083,0.9171784083,True,True
joint model,retrospective connectivity-grouped out-of-fold evaluation,1,context:fce495275a5d9fcbb2523575,AVXURJPOCDRRFD,mayr:972,MeCN,N-Nucleophiles,"Hydrazines, Hydroxylamines etc.",figure_s4,True,included,12.8,11.7795743942,11.7795743942,1.0204256058,1.0204256058,True,True
joint model,retrospective connectivity-grouped out-of-fold evaluation,1,context:fe5abbf79290593e86569ebd,UGEJOEBBMPOJMT,mayr:1496,DMF,O-Nucleophiles,Phenolate Ions,figure_s6,True,included,23.4,21.3251775106,21.3251775106,2.0748224894,2.0748224894,False,False
joint model,retrospective connectivity-grouped out-of-fold evaluation,1,context:fef8090e20ba56535f2620ef,AOJHDNSYXUZCCE,mayr:996,dichloromethane,H-Nucleophiles,H-Si hydride donors,figure_s5,True,included,3.12,3.13993024826,3.13993024826,0.01993024826,0.01993024826,True,True
joint model,retrospective connectivity-grouped out-of-fold evaluation,2,context:026b96b3063775741a0ae01a,NBTOZLQBSIZIKS,mayr:403,MeOH,O-Nucleophiles,Alkoxide Anions,figure_s6,False,excluded as one of the three smallest observed solvent strata,15.78,19.2543697357,19.2543697357,3.4743697357,3.4743697357,False,False
joint model,retrospective connectivity-grouped out-of-fold evaluation,2,context:028a91f64fb736abbafc87f3,CZLRSLOXHJWOFV,mayr:1731,dichloromethane,N-Nucleophiles,Isochalkogenoureas,figure_s4,True,included,14.42,14.9729601542,14.9729601542,0.5529601542,0.5529601542,True,True
joint model,retrospective connectivity-grouped out-of-fold evaluation,2,context:030e83aab7f135e0133aa41f,HZAXFHJVJLSVMW,mayr:636,MeCN,N-Nucleophiles,Aliphatic amines,figure_s4,True,included,14.11,13.6964524587,13.6964524587,0.4135475413,0.4135475413,True,True
joint model,retrospective connectivity-grouped out-of-fold evaluation,2,context:08000475f3d07bd0d2ed13c6,BLRHMMGNCXNXJL,mayr:79,dichloromethane,C-Nucleophiles,Arenes,figure_s3,True,included,5.75,5.85833676656,5.85833676656,0.10833676656,0.10833676656,True,True
joint model,retrospective connectivity-grouped out-of-fold evaluation,2,context:09b3ae1e126b41012e248cf8,VISBKZYDQCHZRG,mayr:1274,MeCN,C-Nucleophiles,"Alkyl, Alkenyl and Aryl Boron Compounds",figure_s3,True,included,11.29,6.92339642843,6.92339642843,4.36660357157,4.36660357157,False,False
joint model,retrospective connectivity-grouped out-of-fold evaluation,2,context:09f0dbd8b24d4b90404054b4,WGQKYBSKWIADBV,mayr:496,water,N-Nucleophiles,Aliphatic amines,figure_s4,True,included,13.44,12.7834418615,12.7834418615,0.6565581385,0.6565581385,True,True
joint model,retrospective connectivity-grouped out-of-fold evaluation,2,context:0ab8765197e529e9cdbe5c4a,SKQFWLMZKFEKRZ,mayr:1461,MeCN,C-Nucleophiles,"Enamines, Enamides, and Ynamides",figure_s3,True,included,14.09,13.9949795405,13.9949795405,0.0950204595,0.0950204595,True,True
joint model,retrospective connectivity-grouped out-of-fold evaluation,2,context:0af9d64b6b3139ac739f9173,JARUXAOCUHNKJV,mayr:1039,dichloromethane,H-Nucleophiles,H-B hydride donors,figure_s5,True,included,8.84,9.6034784317,9.6034784317,0.7634784317,0.7634784317,True,True
joint model,retrospective connectivity-grouped out-of-fold evaluation,2,context:0c366168070cc5dfed893203,IURHAHGTFVRCIT,mayr:1712,MeCN,N-Nucleophiles,"Pyridines, Quinolines etc.",figure_s4,True,included,16.5133333333,18.2001654307,18.2001654307,1.6868320974,1.6868320974,True,True
joint model,retrospective connectivity-grouped out-of-fold evaluation,2,context:0d8ad7ee4901a2cf1b8f86b7,IKQUUYYDRTYXAP,mayr:96,dichloromethane,H-Nucleophiles,H-C hydride donors,figure_s5,True,included,-3.08,-1.75128173828,-2.4140440623,1.32871826172,0.6659559377,True,True
joint model,retrospective connectivity-grouped out-of-fold evaluation,2,context:0e605707546ed7048b41f516,PKYCXNVLSSGOFD,mayr:1612,THF,C-Nucleophiles,NHOs (conventional and mesoionic),figure_s3,True,included,18.68,18.5621700287,18.5621700287,0.1178299713,0.1178299713,True,True
joint model,retrospective connectivity-grouped out-of-fold evaluation,2,context:10eb87177546527bc43e1ef8,XWLLGMTXHZNRDQ,mayr:1407,MeCN,C-Nucleophiles,"Enamines, Enamides, and Ynamides",figure_s3,True,included,11.66,12.5312856038,12.5312856038,0.8712856038,0.8712856038,True,True
joint model,retrospective connectivity-grouped out-of-fold evaluation,2,context:14402e407fec5db1bff1a900,IAZDPXIOMUYVGZ,mayr:727,DMSO,O-Nucleophiles,Alcohols and aqueous solvents,figure_s6,True,included,11.3,9.80671564738,9.80671564738,1.49328435262,1.49328435262,True,True
joint model,retrospective connectivity-grouped out-of-fold evaluation,2,context:14c173cebd6c777a417cc2b5,BUJZXAPKHBWNII,mayr:562,DMSO,C-Nucleophiles,Carbanions,figure_s3,True,included,18.5,19.6807530721,19.6807530721,1.1807530721,1.1807530721,True,True
joint model,retrospective connectivity-grouped out-of-fold evaluation,2,context:16efe844af97c91715848b85,GLVYLTSKTCWWJR,mayr:1384,water,O-Nucleophiles,Peroxy anions,figure_s6,True,included,18.43,19.2835267385,19.2835267385,0.8535267385,0.8535267385,True,True
joint model,retrospective connectivity-grouped out-of-fold evaluation,2,context:1995a20c597d88c0e700d8c6,IVUSHBHIOWRDAM,mayr:1692,DMSO,C-Nucleophiles,NHOs (conventional and mesoionic),figure_s3,True,included,19.41,19.274500529,19.274500529,0.135499471,0.135499471,True,True
joint model,retrospective connectivity-grouped out-of-fold evaluation,2,context:1b857dd0ac32063532e9f8b5,CCTCRLPORAQCQS,mayr:1750,dichloromethane,C-Nucleophiles,Vinyl azides,figure_s3,True,included,5.39,4.64794810613,4.64794810613,0.74205189387,0.74205189387,True,True
joint model,retrospective connectivity-grouped out-of-fold evaluation,2,context:1bda57e961f67673722a35ff,BEBCJVAWIBVWNZ,mayr:507,water,N-Nucleophiles,Aliphatic amines,figure_s4,True,included,12.29,11.8393259048,11.8393259048,0.4506740952,0.4506740952,True,True
joint model,retrospective connectivity-grouped out-of-fold evaluation,2,context:1e3add533f640317d55dab2f,ZIPLUEXSCPLCEI,mayr:706,DMSO,N-Nucleophiles,Amide anions (N reactivity),figure_s4,True,included,20.33,19.7586243947,19.7586243947,0.5713756053,0.5713756053,True,True
joint model,retrospective connectivity-grouped out-of-fold evaluation,2,context:21ae076d2a3c7d8e677c6cf4,KFZMGEQAYNKOFK,mayr:1026,water,H-Nucleophiles,H-C hydride donors,figure_s5,True,included,-2.6,7.6595304807,0.415186246236,10.2595304807,3.01518624624,False,False
joint model,retrospective connectivity-grouped out-of-fold evaluation,2,context:21d2478620ac307a608b8278,NWVVVBRKAWDGAB,mayr:1508,DMSO,O-Nucleophiles,Phenolate Ions,figure_s6,True,included,20.09,20.4389235179,20.4389235179,0.3489235179,0.3489235179,True,True
joint model,retrospective connectivity-grouped out-of-fold evaluation,2,context:222215f383f7930f46670801,SUYJEMFJSAFJBG,mayr:1344,DMSO,C-Nucleophiles,Carbanions,figure_s3,True,included,20.08,21.661640803,21.661640803,1.581640803,1.581640803,True,True
joint model,retrospective connectivity-grouped out-of-fold evaluation,2,context:23e15683143e8a56167f25e8,SPBRYLXACBPZLU,mayr:1246,MeCN,C-Nucleophiles,"Alkyl, Alkenyl and Aryl Boron Compounds",figure_s3,True,included,7.24,7.4835117658,7.4835117658,0.2435117658,0.2435117658,True,True
joint model,retrospective connectivity-grouped out-of-fold evaluation,2,context:27be502f8f8eb586c54ced8c,VEKDDHYCIOYPHJ,mayr:1745,dichloromethane,C-Nucleophiles,Vinyl azides,figure_s3,True,included,5.47,4.48041566213,4.48041566213,0.98958433787,0.98958433787,True,True
joint model,retrospective connectivity-grouped out-of-fold evaluation,2,context:29ced4b0c513df1372b98c37,TZHIYVWDNYEFOA,mayr:1293,DMSO,C-Nucleophiles,Carbanions,figure_s3,True,included,17,17.102215449,17.102215449,0.102215449,0.102215449,True,True
joint model,retrospective connectivity-grouped out-of-fold evaluation,2,context:2c42ed243e7dd33ce08283de,ZBCBWPMODOFKDW,mayr:623,DMSO,N-Nucleophiles,Aliphatic amines,figure_s4,True,included,15.51,15.2381372452,15.2381372452,0.2718627548,0.2718627548,True,True
joint model,retrospective connectivity-grouped out-of-fold evaluation,2,context:2f0c0d845c48ac47fa56fd88,ZVNDTFFBORBYMW,mayr:1532,MeCN,N-Nucleophiles,Aliphatic amines,figure_s4,True,included,15.9,14.9824946721,14.9824946721,0.9175053279,0.9175053279,True,True
joint model,retrospective connectivity-grouped out-of-fold evaluation,2,context:2f6621f5e9bb44a721f8d73a,VWUHPHHTAVCBMR,mayr:943,dichloromethane,C-Nucleophiles,Enol Ethers,figure_s3,True,included,1.47,2.86514123281,2.86514123281,1.39514123281,1.39514123281,True,True
joint model,retrospective connectivity-grouped out-of-fold evaluation,2,context:311c6dfd6c44c173849d6627,JJRADMCAQVSRQP,mayr:389,dichloromethane,C-Nucleophiles,Enol Ethers,figure_s3,True,included,1.38,2.09680366516,2.09680366516,0.71680366516,0.71680366516,True,True
joint model,retrospective connectivity-grouped out-of-fold evaluation,2,context:33854c28d4e2f299ffe08dcc,GJCOSYZMQJWQCA,mayr:94,dichloromethane,H-Nucleophiles,H-C hydride donors,figure_s5,True,included,0.64,1.21029535929,1.21029535929,0.57029535929,0.57029535929,True,True
joint model,retrospective connectivity-grouped out-of-fold evaluation,2,context:33aef67643cbd72249c53a0d,BHNHHSOHWZKFOX,mayr:468,MeCN,C-Nucleophiles,Arenes,figure_s3,True,included,6.91,6.27284447352,6.27284447352,0.63715552648,0.63715552648,True,True
joint model,retrospective connectivity-grouped out-of-fold evaluation,2,context:35394cdbf7533a7546930816,QFDUNXOXVCHBBF,mayr:1269,MeCN,C-Nucleophiles,"Alkyl, Alkenyl and Aryl Boron Compounds",figure_s3,True,included,7.46,7.18416961034,7.18416961034,0.27583038966,0.27583038966,True,True
joint model,retrospective connectivity-grouped out-of-fold evaluation,2,context:3a5ca9cc4d3e968d0c310c49,VSFUTDSKGMGVSY,mayr:1688,DMSO,C-Nucleophiles,NHOs (conventional and mesoionic),figure_s3,True,included,21.16,20.9552815755,20.9552815755,0.2047184245,0.2047184245,True,True
joint model,retrospective connectivity-grouped out-of-fold evaluation,2,context:3ad7f5145082dd7c8f297e26,WSMPLUKWVPUMKQ,mayr:882,MeCN,C-Nucleophiles,"Enamines, Enamides, and Ynamides",figure_s3,True,included,6.57,5.89194154739,5.89194154739,0.67805845261,0.67805845261,True,True
joint model,retrospective connectivity-grouped out-of-fold evaluation,2,context:3b6aeb55af353fadb24526a4,VARHFUNXFXTFII,mayr:1560,MeCN,N-Nucleophiles,"Pyridines, Quinolines etc.",figure_s4,True,included,15.6,15.3374951681,15.3374951681,0.2625048319,0.2625048319,True,True
joint model,retrospective connectivity-grouped out-of-fold evaluation,2,context:3b99e960c731fc7f0838d70c,OWVJMAKUWHECNI,mayr:35,dichloromethane,C-Nucleophiles,Allyl Element Compounds,figure_s3,True,included,4.41,3.19787756602,3.19787756602,1.21212243398,1.21212243398,True,True
joint model,retrospective connectivity-grouped out-of-fold evaluation,2,context:3c453a42d1a48b42cbcc8f13,AQRLNPVMDITEJU,mayr:61,dichloromethane,H-Nucleophiles,H-Si hydride donors,figure_s5,True,included,3.58,3.20533148448,3.20533148448,0.37466851552,0.37466851552,True,True
joint model,retrospective connectivity-grouped out-of-fold evaluation,2,context:3e7afe37372fff3f4fdc3bbb,IUPFPUMBFYRTHX,mayr:1253,MeCN,C-Nucleophiles,"Alkyl, Alkenyl and Aryl Boron Compounds",figure_s3,True,included,10.13,7.79735740026,7.79735740026,2.33264259974,2.33264259974,False,False
joint model,retrospective connectivity-grouped out-of-fold evaluation,2,context:40cdfe7515fe5656ecf58253,IQNHBUQSOSYAJU,mayr:703,DMSO,N-Nucleophiles,Amide anions (N reactivity),figure_s4,True,included,15.7,16.6795934041,16.6795934041,0.9795934041,0.9795934041,True,True
joint model,retrospective connectivity-grouped out-of-fold evaluation,2,context:41b2ed804c01a7f92413a2cf,MMWSWKQEVOOIRK,mayr:1135,DMSO,C-Nucleophiles,Carbanions,figure_s3,True,included,27.57,26.3358478546,26.3358478546,1.2341521454,1.2341521454,True,True
joint model,retrospective connectivity-grouped out-of-fold evaluation,2,context:42db5869004d81c1a52ebad7,XOQLIZBCINYJGM,mayr:1658,MeCN,C-Nucleophiles,"Enamines, Enamides, and Ynamides",figure_s3,True,included,9.23,9.14604759216,9.14604759216,0.08395240784,0.08395240784,True,True
joint model,retrospective connectivity-grouped out-of-fold evaluation,2,context:446e53c033990c82fcf7b976,AKTKDBVPMGVMEK,mayr:1348,DMSO,C-Nucleophiles,Carbanions,figure_s3,True,included,24.88,23.274307251,23.274307251,1.605692749,1.605692749,True,True
joint model,retrospective connectivity-grouped out-of-fold evaluation,2,context:472b8a09f33f138e48509424,ROSDSFDQCJNGOL,mayr:976,MeCN,N-Nucleophiles,Aliphatic amines,figure_s4,True,included,17.96,18.0687796275,18.0687796275,0.1087796275,0.1087796275,True,True
joint model,retrospective connectivity-grouped out-of-fold evaluation,2,context:480667c80a4bb52eb64abcc1,NWVVVBRKAWDGAB,mayr:1510,DMF,O-Nucleophiles,Phenolate Ions,figure_s6,True,included,19.9,20.2256991069,20.2256991069,0.3256991069,0.3256991069,True,True
joint model,retrospective connectivity-grouped out-of-fold evaluation,2,context:48e9f5e974e428105d041719,MXZJWRWAEWKOIG,mayr:384,dichloromethane,C-Nucleophiles,Enol Ethers,figure_s3,True,included,8.16,7.74939362208,7.74939362208,0.41060637792,0.41060637792,True,True
joint model,retrospective connectivity-grouped out-of-fold evaluation,2,context:4a3a0be37a98ad9c086a43f1,IQUPABOKLQSFBK,mayr:1479,DMSO,O-Nucleophiles,Phenolate Ions,figure_s6,True,included,15.48,18.2900625865,18.2900625865,2.8100625865,2.8100625865,False,False
joint model,retrospective connectivity-grouped out-of-fold evaluation,2,context:4a62d641470aec3502df8330,FTBCOQFMQSTCQQ,mayr:1609,DMSO,S- and Se-Nucleophiles,,,True,included,22.8,23.2433770498,23.2433770498,0.4433770498,0.4433770498,True,True
joint model,retrospective connectivity-grouped out-of-fold evaluation,2,context:4a9dafbc7addbcccb633a826,LDRYFBIQMKMANQ,mayr:1024,MeCN,H-Nucleophiles,H-C hydride donors,figure_s5,True,included,8.74,8.48132991791,8.48132991791,0.25867008209,0.25867008209,True,True
joint model,retrospective connectivity-grouped out-of-fold evaluation,2,context:4b6671b921432ed55e1a579a,NKDDWNXOKDWJAK,mayr:1105,dichloromethane,H-Nucleophiles,H-C hydride donors,figure_s5,True,included,-4.9,-4.69723383586,-4.69723383586,0.20276616414,0.20276616414,True,True
joint model,retrospective connectivity-grouped out-of-fold evaluation,2,context:4d439533be11244cce3da968,WXVYOQGMPQQMIS,mayr:582,DMSO,C-Nucleophiles,Carbanions,figure_s3,True,included,25.11,25.9747193654,25.9747193654,0.8647193654,0.8647193654,True,True
joint model,retrospective connectivity-grouped out-of-fold evaluation,2,context:4de6c4aedcda1c2c0b34cb43,MLLMAIJXIZOSFS,mayr:1530,MeCN,N-Nucleophiles,Aliphatic amines,figure_s4,True,included,17.61,14.7148609161,14.7148609161,2.8951390839,2.8951390839,False,False
joint model,retrospective connectivity-grouped out-of-fold evaluation,2,context:50011306bc226d72addc1535,QUSNBJAOOMFDIB,mayr:481,water,N-Nucleophiles,Aliphatic amines,figure_s4,True,included,12.87,12.9876937866,12.9876937866,0.1176937866,0.1176937866,True,True
joint model,retrospective connectivity-grouped out-of-fold evaluation,2,context:504282ea8ed58745400da70f,ASDHTSDNZLOXGY,mayr:1209,MeCN,H-Nucleophiles,H-C hydride donors,figure_s5,True,included,7.15,5.25987672806,5.25987672806,1.89012327194,1.89012327194,True,True
joint model,retrospective connectivity-grouped out-of-fold evaluation,2,context:50f0d6c871823b11bf78cfc2,BUJZXAPKHBWNII,mayr:1577,MeCN,C-Nucleophiles,Carbanions,figure_s3,True,included,19.9,18.0830993652,18.0830993652,1.8169006348,1.8169006348,True,True
joint model,retrospective connectivity-grouped out-of-fold evaluation,2,context:5112f19c001d379698831625,CREBLIJIJKVBCB,mayr:190,dichloromethane,C-Nucleophiles,Diazo Compounds and Hydrazones,figure_s3,True,included,3.96,3.51898670197,3.51898670197,0.44101329803,0.44101329803,True,True
joint model,retrospective connectivity-grouped out-of-fold evaluation,2,context:514ca8e1744640d6fb10801d,QQXSEZVCKAEYQJ,mayr:1073,MeCN,H-Nucleophiles,H-C hydride donors,figure_s5,True,included,-4.7,-4.49347305298,-4.49347305298,0.20652694702,0.20652694702,True,True
joint model,retrospective connectivity-grouped out-of-fold evaluation,2,context:51ea177825c49838904574d5,RVZZHMNHTWPCMU,mayr:1358,DMSO,C-Nucleophiles,Carbanions,figure_s3,True,included,14.99,16.3584734599,16.3584734599,1.3684734599,1.3684734599,True,True
joint model,retrospective connectivity-grouped out-of-fold evaluation,2,context:53797c1b7d71c07044448b9f,USZHELOKTTXIFV,mayr:1339,DMSO,C-Nucleophiles,Carbanions,figure_s3,True,included,18.81,17.7629311879,17.7629311879,1.0470688121,1.0470688121,True,True
joint model,retrospective connectivity-grouped out-of-fold evaluation,2,context:54dd02aef1f52b94c2714920,UVGXNNJEGDSWFX,mayr:1210,DMSO,C-Nucleophiles,Carbanions,figure_s3,True,included,15.13,13.8162558873,13.8162558873,1.3137441127,1.3137441127,True,True
joint model,retrospective connectivity-grouped out-of-fold evaluation,2,context:5551fc7a996f25ee3468c3ef,UEUIGOQXYNBPIH,mayr:1755,dichloromethane,N-Nucleophiles,Isochalkogenoureas,figure_s4,True,included,16.63,15.4758386612,15.4758386612,1.1541613388,1.1541613388,True,True
joint model,retrospective connectivity-grouped out-of-fold evaluation,2,context:565487b1f7094b38c035d545,ASDHTSDNZLOXGY,mayr:1208,DMSO,C-Nucleophiles,Carbanions,figure_s3,True,included,14.48,18.4581241608,13.8634688059,3.9781241608,0.6165311941,False,True
joint model,retrospective connectivity-grouped out-of-fold evaluation,2,context:566a164372083def7ffbcbef,DHMQDGOQFOQNFH,mayr:529,water,N-Nucleophiles,Amino acids,figure_s4,True,included,13.51,12.7589537303,13.5317414602,0.7510462697,0.0217414602,True,True
joint model,retrospective connectivity-grouped out-of-fold evaluation,2,context:5af2252e4939252705a72bb2,QZHWOLKBXYORRO,mayr:805,THF,C-Nucleophiles,Carbenes (NHCs),figure_s3,True,included,14.07,13.5642887751,15.7286631266,0.5057112249,1.6586631266,True,True
joint model,retrospective connectivity-grouped out-of-fold evaluation,2,context:5b8050265262069ad5270813,REJRONNJIQDQFN,mayr:1188,dichloromethane,C-Nucleophiles,Allyl Element Compounds,figure_s3,True,included,5.38,3.04504172007,3.04504172007,2.33495827993,2.33495827993,False,False
joint model,retrospective connectivity-grouped out-of-fold evaluation,2,context:5c354dcf4b34677a09cf5599,IUDSCMPRPHGDII,mayr:1054,water,H-Nucleophiles,H-B hydride donors,figure_s5,True,included,9.99,13.4956232707,13.4956232707,3.5056232707,3.5056232707,False,False
joint model,retrospective connectivity-grouped out-of-fold evaluation,2,context:5c7b0b199059fc9cff3ee624,FXTWICLWDHLSCD,mayr:1781,dichloromethane,N-Nucleophiles,Isochalkogenoureas,figure_s4,True,included,14.62,14.5600961049,14.5600961049,0.0599038951,0.0599038951,True,True
joint model,retrospective connectivity-grouped out-of-fold evaluation,2,context:5f4e649522c90e67881cc116,NFJPEKRRHIYYES,mayr:41,dichloromethane,C-Nucleophiles,Alkenes,figure_s3,True,included,2.82,1.47408803304,1.47408803304,1.34591196696,1.34591196696,True,True
joint model,retrospective connectivity-grouped out-of-fold evaluation,2,context:64939953b621c7c7cb393169,NUDSQBDHIMXRNA,mayr:1305,DMSO,C-Nucleophiles,Carbanions,figure_s3,True,included,13.63,14.138680776,14.138680776,0.508680776,0.508680776,True,True
joint model,retrospective connectivity-grouped out-of-fold evaluation,2,context:64e28da22b1e435a51210097,SLGXUCXFODJWTG,mayr:1694,DMSO,C-Nucleophiles,Carbanions,figure_s3,True,included,25.39,22.9827391307,22.9827391307,2.4072608693,2.4072608693,False,False
joint model,retrospective connectivity-grouped out-of-fold evaluation,2,context:65870c17fa6fac13970b89e0,IURHAHGTFVRCIT,mayr:1710,dichloromethane,N-Nucleophiles,"Pyridines, Quinolines etc.",figure_s4,True,included,17.88,18.6118227641,18.6118227641,0.7318227641,0.7318227641,True,True
joint model,retrospective connectivity-grouped out-of-fold evaluation,2,context:659ca63553d9d137c2d87c5f,XTTGYFREQJCEML,mayr:204,dichloromethane,P-Nucleophiles,,,True,included,10.36,-3.79494889577,1.45985539754,14.1549488958,8.90014460246,False,False
joint model,retrospective connectivity-grouped out-of-fold evaluation,2,context:679bc78b6b32212bb23f3c78,YPKBCLZFIYBSHK,mayr:461,MeCN,C-Nucleophiles,Arenes,figure_s3,True,included,6,5.72570912043,5.72570912043,0.27429087957,0.27429087957,True,True
joint model,retrospective connectivity-grouped out-of-fold evaluation,2,context:67bd24b988225ba3c38b8196,KYVBNYUBXIEUFW,mayr:913,dichloromethane,N-Nucleophiles,Guanidines,figure_s4,True,included,13.58,14.4040495555,13.3584423065,0.8240495555,0.2215576935,True,True
joint model,retrospective connectivity-grouped out-of-fold evaluation,2,context:67be13a6d6ff89f3647cf642,YVVDJFDQAXGXAU,mayr:741,MeCN,N-Nucleophiles,"Pyridines, Quinolines etc.",figure_s4,True,included,16.81,17.3899078369,17.3899078369,0.5799078369,0.5799078369,True,True
joint model,retrospective connectivity-grouped out-of-fold evaluation,2,context:683187562ae64329b2e0441d,ONRDAGWFOUZNLV,mayr:66,dichloromethane,H-Nucleophiles,H-B hydride donors,figure_s5,True,included,8.9,8.53338559469,8.53338559469,0.36661440531,0.36661440531,True,True
joint model,retrospective connectivity-grouped out-of-fold evaluation,2,context:68f6a3b8d2c8fa3e8b41c727,HSNZIGNSOMUKKC,mayr:1266,MeCN,C-Nucleophiles,"Alkyl, Alkenyl and Aryl Boron Compounds",figure_s3,True,included,10.97,7.83079338074,7.83079338074,3.13920661926,3.13920661926,False,False
joint model,retrospective connectivity-grouped out-of-fold evaluation,2,context:6a34b6a2be7dfe10c15c9386,DWAQDRSOVMLGRQ,mayr:458,dichloromethane,C-Nucleophiles,Arenes,figure_s3,True,included,6.22,5.83879454931,5.83879454931,0.38120545069,0.38120545069,True,True
joint model,retrospective connectivity-grouped out-of-fold evaluation,2,context:6db7b2b38401a5853d8c8585,DKACXUFSLUYRFU,mayr:970,MeCN,N-Nucleophiles,"Hydrazines, Hydroxylamines etc.",figure_s4,True,included,11.4,10.8205938339,10.8205938339,0.5794061661,0.5794061661,True,True
joint model,retrospective connectivity-grouped out-of-fold evaluation,2,context:6e71df640e2f8adedc31a8f5,VNVFJBSQHSVSKZ,mayr:1259,DMSO,C-Nucleophiles,Allyl Element Compounds,figure_s3,True,included,18.1,15.6194241842,15.6194241842,2.4805758158,2.4805758158,False,False
joint model,retrospective connectivity-grouped out-of-fold evaluation,2,context:6f66ae742c982c78338add24,PIICEJLVQHRZGT,mayr:493,water,N-Nucleophiles,Aliphatic amines,figure_s4,True,included,13.28,13.2023216883,13.2023216883,0.0776783117,0.0776783117,True,True
joint model,retrospective connectivity-grouped out-of-fold evaluation,2,context:6fe48fbf9373793908993fab,FAGLEPBREOXSAC,mayr:474,dichloromethane,C-Nucleophiles,Isonitriles,figure_s3,True,included,5.47,14.0859899521,5.69092798233,8.6159899521,0.22092798233,False,True
joint model,retrospective connectivity-grouped out-of-fold evaluation,2,context:70955d9e7684f93163c1e983,RHIAGXPBZHFBGN,mayr:714,DMSO,C-Nucleophiles,Ylides,figure_s3,True,included,16.23,17.3472029368,17.3472029368,1.1172029368,1.1172029368,True,True
joint model,retrospective connectivity-grouped out-of-fold evaluation,2,context:70b4dc28810952dcec3faac5,KAANTNXREIRLCT,mayr:1470,MeCN,C-Nucleophiles,Ylides,figure_s3,True,included,10.27,13.2895043691,13.2895043691,3.0195043691,3.0195043691,False,False
joint model,retrospective connectivity-grouped out-of-fold evaluation,2,context:71e02da28f2bec61b6ac756c,IDFJWCBXDQMLQC,mayr:1148,MeCN,C-Nucleophiles,"Alkyl, Alkenyl and Aryl Boron Compounds",figure_s3,True,included,7.32,6.81042289734,7.62007459005,0.50957710266,0.30007459005,True,True
joint model,retrospective connectivity-grouped out-of-fold evaluation,2,context:72136ab184cd419687f617cd,MHIFCLKKYRCSOC,mayr:1405,MeCN,C-Nucleophiles,"Enamines, Enamides, and Ynamides",figure_s3,True,included,8.78,10.7560005188,10.7560005188,1.9760005188,1.9760005188,True,True
joint model,retrospective connectivity-grouped out-of-fold evaluation,2,context:746020d0fbfb9bb13b216cd6,QFPCZAFYDVWWCG,mayr:354,water,C-Nucleophiles,Carbanions,figure_s3,True,included,13.23,12.7359383901,12.7359383901,0.4940616099,0.4940616099,True,True
joint model,retrospective connectivity-grouped out-of-fold evaluation,2,context:7535c637bc4661b19ad0c2a5,OKKJLVBELUTLKV,mayr:312,MeOH,O-Nucleophiles,Alcohols and aqueous solvents,figure_s6,False,excluded as one of the three smallest observed solvent strata,7.54,8.98778502146,8.98778502146,1.44778502146,1.44778502146,True,True
joint model,retrospective connectivity-grouped out-of-fold evaluation,2,context:76a7d9329ee6f8156026d4e0,XOORIUBOZNFYHJ,mayr:1239,DMSO,C-Nucleophiles,Carbanions,figure_s3,True,included,13.91,14.1957832972,14.1957832972,0.2857832972,0.2857832972,True,True
joint model,retrospective connectivity-grouped out-of-fold evaluation,2,context:7803c048bdfd005702bba1bc,DZTFOBJTWGCIFC,mayr:88,dichloromethane,C-Nucleophiles,"Enamines, Enamides, and Ynamides",figure_s3,True,included,8.52,9.14780934652,9.14780934652,0.62780934652,0.62780934652,True,True
joint model,retrospective connectivity-grouped out-of-fold evaluation,2,context:7842f6fbf83282e616295e55,YLHGVZFDDSZKPT,mayr:133,dichloromethane,C-Nucleophiles,"Enamines, Enamides, and Ynamides",figure_s3,True,included,4.76,4.64006153742,4.64006153742,0.11993846258,0.11993846258,True,True
joint model,retrospective connectivity-grouped out-of-fold evaluation,2,context:78c61474cb4dff81233ca673,CWFXWJSSDWTGBX,mayr:1328,THF,C-Nucleophiles,Carbenes (NHCs),figure_s3,True,included,23,21.8076165517,21.8076165517,1.1923834483,1.1923834483,True,True
joint model,retrospective connectivity-grouped out-of-fold evaluation,2,context:7ecce7518114ac6466e58e2b,NUKYPUAOHBNCPY,mayr:448,dichloromethane,N-Nucleophiles,"Pyridines, Quinolines etc.",figure_s4,True,included,15.2,14.2008838654,14.2008838654,0.9991161346,0.9991161346,True,True
joint model,retrospective connectivity-grouped out-of-fold evaluation,2,context:7f0d02d8a5ceac690800b651,LJXTYJXBORAIHX,mayr:592,dichloromethane,H-Nucleophiles,H-C hydride donors,figure_s5,True,included,9,6.47943115234,6.47943115234,2.52056884766,2.52056884766,False,False
joint model,retrospective connectivity-grouped out-of-fold evaluation,2,context:810fcac004a57fcba6af11b8,OWPIFQXNMLDXKW,mayr:1145,MeCN,C-Nucleophiles,Arenes,figure_s3,True,included,1.68,3.2485888799,3.2485888799,1.5685888799,1.5685888799,True,True
joint model,retrospective connectivity-grouped out-of-fold evaluation,2,context:82029b97a28c2c3679e01060,HWBQWDNOLPTEBU,mayr:1783,dichloromethane,N-Nucleophiles,Isochalkogenoureas,figure_s4,True,included,14.76,14.412132899,14.412132899,0.347867101,0.347867101,True,True
joint model,retrospective connectivity-grouped out-of-fold evaluation,2,context:8585d8ac7b56199c13600b4b,BOPGDPNILDQYTO,mayr:1619,water,H-Nucleophiles,H-C hydride donors,figure_s5,True,included,10.37,13.470831871,11.1942599614,3.100831871,0.8242599614,False,True
joint model,retrospective connectivity-grouped out-of-fold evaluation,2,context:85d1276fc581c600b89aeeae,HNDVDQJCIGZPNO,mayr:540,water,N-Nucleophiles,Amino acids,figure_s4,True,included,13.83,13.4355745316,13.4355745316,0.3944254684,0.3944254684,True,True
joint model,retrospective connectivity-grouped out-of-fold evaluation,2,context:85f4ed8f65d424a893cc9782,FIXQBRDVPNLSGD,mayr:600,MeCN,C-Nucleophiles,Alkenes,figure_s3,True,included,6.72,6.08257039388,6.08257039388,0.63742960612,0.63742960612,True,True
joint model,retrospective connectivity-grouped out-of-fold evaluation,2,context:86556b9674232b242b1927ed,BHPRLMYARNVDRJ,mayr:1164,DMSO,C-Nucleophiles,Azolium enolates,figure_s3,True,included,14.4,15.681350708,15.681350708,1.281350708,1.281350708,True,True
joint model,retrospective connectivity-grouped out-of-fold evaluation,2,context:86af89000ccd26647736ae7b,YDNZMDGXIHCQTN,mayr:886,MeCN,C-Nucleophiles,"Enamines, Enamides, and Ynamides",figure_s3,True,included,5.44,5.59621016184,5.59621016184,0.15621016184,0.15621016184,True,True
joint model,retrospective connectivity-grouped out-of-fold evaluation,2,context:8a6d13d076246e59bf40d2bd,MSYPQYVTHSBORB,mayr:1023,MeCN,H-Nucleophiles,H-C hydride donors,figure_s5,True,included,9.38,8.65740044912,8.65740044912,0.72259955088,0.72259955088,True,True
joint model,retrospective connectivity-grouped out-of-fold evaluation,2,context:8bbd998690b73e50016a3036,KLTWGRFNJPLFDA,mayr:861,DMSO,N-Nucleophiles,Azoles and Azole Anions,figure_s4,True,included,19.13,19.2761866252,19.2761866252,0.1461866252,0.1461866252,True,True
joint model,retrospective connectivity-grouped out-of-fold evaluation,2,context:8c5bc1a3403209459800001a,JJYDGWGMEIHTBU,mayr:1542,MeCN,N-Nucleophiles,Aliphatic amines,figure_s4,True,included,14,15.7671848933,15.7671848933,1.7671848933,1.7671848933,True,True
joint model,retrospective connectivity-grouped out-of-fold evaluation,2,context:8ce88e5365ac7ac650375e0f,SBEMOANGDSSPJY,mayr:44,dichloromethane,C-Nucleophiles,Enol Ethers,figure_s3,True,included,5.21,6.00973701477,6.00973701477,0.79973701477,0.79973701477,True,True
joint model,retrospective connectivity-grouped out-of-fold evaluation,2,context:8cf29dc6292198c59786653c,CRGRWBQSZSQVIE,mayr:186,dichloromethane,C-Nucleophiles,Diazo Compounds and Hydrazones,figure_s3,True,included,9.35,8.25990152359,8.25990152359,1.09009847641,1.09009847641,True,True
joint model,retrospective connectivity-grouped out-of-fold evaluation,2,context:8ff9e94d2964ca35be40c676,UOWLSDCDSBWIKH,mayr:1138,DMSO,C-Nucleophiles,Carbanions,figure_s3,True,included,20,19.611626943,19.611626943,0.388373057,0.388373057,True,True
joint model,retrospective connectivity-grouped out-of-fold evaluation,2,context:948c5b38641c55f67bed3337,MBLICBJGZXMESX,mayr:1302,DMSO,C-Nucleophiles,Carbanions,figure_s3,True,included,14.94,13.6934229533,13.6934229533,1.2465770467,1.2465770467,True,True
joint model,retrospective connectivity-grouped out-of-fold evaluation,2,context:95c59207696bce98a773a3f1,GLUUGHFHXGJENI,mayr:489,water,N-Nucleophiles,Aliphatic amines,figure_s4,True,included,17.22,16.40858078,16.40858078,0.81141922,0.81141922,True,True
joint model,retrospective connectivity-grouped out-of-fold evaluation,2,context:987ef593e9e5690bc3996291,AUYRUAVCWOAHQN,mayr:156,dichloromethane,C-Nucleophiles,Alkenes,figure_s3,True,included,0.06,-0.433954874674,-0.433954874674,0.493954874674,0.493954874674,True,True
joint model,retrospective connectivity-grouped out-of-fold evaluation,2,context:98fe1640c509d2c4b261775b,TZEOAFPSARGQNA,mayr:1299,DMSO,C-Nucleophiles,Carbanions,figure_s3,True,included,23,20.1931056976,20.1931056976,2.8068943024,2.8068943024,False,False
joint model,retrospective connectivity-grouped out-of-fold evaluation,2,context:9986b30acbc1d9673d12a80d,AOLMQKSSMXFUPJ,mayr:983,dichloromethane,H-Nucleophiles,H-Si hydride donors,figure_s5,True,included,3.05,2.30585734049,2.30585734049,0.74414265951,0.74414265951,True,True
joint model,retrospective connectivity-grouped out-of-fold evaluation,2,context:9b3643a74f46c617603d67fe,GUXJXWKCUUWCLX,mayr:1128,dichloromethane,N-Nucleophiles,Imidazolines and related compounds,figure_s4,True,included,9.81,10.6014506022,10.6014506022,0.7914506022,0.7914506022,True,True
joint model,retrospective connectivity-grouped out-of-fold evaluation,2,context:9bb2f5c1c4490b310186e3de,MYTGFBZJLDLWQG,mayr:462,MeCN,C-Nucleophiles,Arenes,figure_s3,True,included,4.42,4.54626592,4.54626592,0.12626592,0.12626592,True,True
joint model,retrospective connectivity-grouped out-of-fold evaluation,2,context:9e2d0a452a489d8149544e71,HZAXFHJVJLSVMW,mayr:624,DMSO,N-Nucleophiles,Aliphatic amines,figure_s4,True,included,16.07,14.9221989314,14.9221989314,1.1478010686,1.1478010686,True,True
joint model,retrospective connectivity-grouped out-of-fold evaluation,2,context:9f785c562aae8f92e0de3fa1,XWLLGMTXHZNRDQ,mayr:85,dichloromethane,C-Nucleophiles,"Enamines, Enamides, and Ynamides",figure_s3,True,included,10.76,11.8446235657,11.8446235657,1.0846235657,1.0846235657,True,True
joint model,retrospective connectivity-grouped out-of-fold evaluation,2,context:9fefed71fdd0f52974ed70b8,NWBWEIOJMVYRIC,mayr:135,dichloromethane,C-Nucleophiles,"Enamines, Enamides, and Ynamides",figure_s3,True,included,4.23,4.11591355006,4.11591355006,0.11408644994,0.11408644994,True,True
joint model,retrospective connectivity-grouped out-of-fold evaluation,2,context:a18bfc9ac646a8c824acc6ba,UCMIRNVEIXFBKS,mayr:545,water,N-Nucleophiles,Amino acids,figure_s4,True,included,13.26,13.8865652084,13.8865652084,0.6265652084,0.6265652084,True,True
joint model,retrospective connectivity-grouped out-of-fold evaluation,2,context:a1c76225b2c9bca7b1322eda,NKXWEDVASURZRA,mayr:1231,dichloromethane,C-Nucleophiles,"Enamines, Enamides, and Ynamides",figure_s3,True,included,11.77,11.86800162,11.86800162,0.09800162,0.09800162,True,True
joint model,retrospective connectivity-grouped out-of-fold evaluation,2,context:a1d5ce1cec0fd06dee016218,JUCGZPLNAFWVGZ,mayr:1749,dichloromethane,C-Nucleophiles,Vinyl azides,figure_s3,True,included,3.1,2.68014558156,2.68014558156,0.41985441844,0.41985441844,True,True
joint model,retrospective connectivity-grouped out-of-fold evaluation,2,context:a2d9500db6e502545bc036a3,UBQKCCHYAOITMY,mayr:720,DMSO,N-Nucleophiles,Amide anions (N reactivity),figure_s4,True,included,19.91,18.2825857798,18.2825857798,1.6274142202,1.6274142202,True,True
joint model,retrospective connectivity-grouped out-of-fold evaluation,2,context:a4335f72939a0cccd51fece2,PXRYIMUHEOUCPU,mayr:1467,MeCN,H-Nucleophiles,H-P hydride donors,figure_s5,True,included,18.74,13.7725893656,13.7725893656,4.9674106344,4.9674106344,False,False
joint model,retrospective connectivity-grouped out-of-fold evaluation,2,context:a536fb8677a55fd034074879,BTAXCDFJMGWYEI,mayr:1770,dichloromethane,C-Nucleophiles,Enol Ethers,figure_s3,True,included,6.19,5.41732549667,5.41732549667,0.77267450333,0.77267450333,True,True
joint model,retrospective connectivity-grouped out-of-fold evaluation,2,context:a59ee1589f0a38611bd9dae1,NUKYPUAOHBNCPY,mayr:449,water,N-Nucleophiles,"Pyridines, Quinolines etc.",figure_s4,True,included,12.19,12.2370179494,12.2370179494,0.0470179494,0.0470179494,True,True
joint model,retrospective connectivity-grouped out-of-fold evaluation,2,context:a6d12cf8435e0457e932521e,LDZYRENCLPUXAX,mayr:668,DMSO,N-Nucleophiles,Azoles and Azole Anions,figure_s4,True,included,10.02,11.1785078049,11.1785078049,1.1585078049,1.1585078049,True,True
joint model,retrospective connectivity-grouped out-of-fold evaluation,2,context:a75649a884cb743552a09be7,VSWDORGPIHIGNW,mayr:811,MeCN,S- and Se-Nucleophiles,,,True,included,22.4,22.915594101,22.915594101,0.515594101,0.515594101,True,True
joint model,retrospective connectivity-grouped out-of-fold evaluation,2,context:a771a6598170e50e5c45620b,WGQKYBSKWIADBV,mayr:637,MeCN,N-Nucleophiles,Aliphatic amines,figure_s4,True,included,14.29,13.7709929148,13.7709929148,0.5190070852,0.5190070852,True,True
joint model,retrospective connectivity-grouped out-of-fold evaluation,2,context:a779a0941dfac0753badf054,NWVVVBRKAWDGAB,mayr:1509,MeCN,O-Nucleophiles,Phenolate Ions,figure_s6,True,included,20.62,20.1232013702,20.1232013702,0.4967986298,0.4967986298,True,True
joint model,retrospective connectivity-grouped out-of-fold evaluation,2,context:a834fe0a7ccc31c86173bdfe,UBQKCCHYAOITMY,mayr:722,water,N-Nucleophiles,Amide anions (N reactivity),figure_s4,True,included,12.47,13.2210493088,13.2210493088,0.7510493088,0.7510493088,True,True
joint model,retrospective connectivity-grouped out-of-fold evaluation,2,context:a984d5aa9d24bdb86db5eb53,YHBRWJNSOXJBPT,mayr:1355,DMSO,C-Nucleophiles,Carbanions,figure_s3,True,included,15.58,17.6967919668,17.6967919668,2.1167919668,2.1167919668,False,False
joint model,retrospective connectivity-grouped out-of-fold evaluation,2,context:aafdb9d6171b313d573129e5,RIRAVPPUGSNYOU,mayr:1117,MeCN,H-Nucleophiles,H-C hydride donors,figure_s5,True,included,-7,-4.71278699239,-4.71278699239,2.28721300761,2.28721300761,False,False
joint model,retrospective connectivity-grouped out-of-fold evaluation,2,context:ac1dcab282b5396d81a9e9ec,JHNAIVKYDKSQEA,mayr:1538,MeCN,N-Nucleophiles,Aliphatic amines,figure_s4,True,included,9.16,12.7988843918,12.7988843918,3.6388843918,3.6388843918,False,False
joint model,retrospective connectivity-grouped out-of-fold evaluation,2,context:addf24db111a0821e907290d,CQCAYWAIRTVXIY,mayr:1469,MeCN,C-Nucleophiles,Ylides,figure_s3,True,included,9.09,7.57886648178,10.6292435328,1.51113351822,1.5392435328,True,True
joint model,retrospective connectivity-grouped out-of-fold evaluation,2,context:ae49602792fb9fc899432299,ZHOVAWFVVBWEGQ,mayr:987,dichloromethane,H-Nucleophiles,H-Si hydride donors,figure_s5,True,included,3.67,3.62329737345,3.62329737345,0.04670262655,0.04670262655,True,True
joint model,retrospective connectivity-grouped out-of-fold evaluation,2,context:ae7b911a996c124cac8b7844,HCAPRCHZTKBBOP,mayr:885,MeCN,C-Nucleophiles,"Enamines, Enamides, and Ynamides",figure_s3,True,included,6.21,5.46640968323,5.46640968323,0.74359031677,0.74359031677,True,True
joint model,retrospective connectivity-grouped out-of-fold evaluation,2,context:aef16221caf7f7bf1a0301df,YZHDCNWZYODVJZ,mayr:1334,DMSO,C-Nucleophiles,Carbanions,figure_s3,True,included,17.46,17.1302318573,17.1302318573,0.3297681427,0.3297681427,True,True
joint model,retrospective connectivity-grouped out-of-fold evaluation,2,context:b032aaacdf33e020e79ecd78,CXGFWRCEONCYDO,mayr:1537,MeCN,N-Nucleophiles,Aliphatic amines,figure_s4,True,included,17.5,15.1528746287,15.1528746287,2.3471253713,2.3471253713,False,False
joint model,retrospective connectivity-grouped out-of-fold evaluation,2,context:b0cfba79726c8d599d23e382,SVTYLQPDIOFSTM,mayr:733,DMSO,C-Nucleophiles,Ylides,figure_s3,True,included,21.07,22.7340571086,22.7340571086,1.6640571086,1.6640571086,True,True
joint model,retrospective connectivity-grouped out-of-fold evaluation,2,context:b1328b5d36f5c3be2e5db37c,LRDAFFPMQTZPCG,mayr:1142,MeCN,C-Nucleophiles,"Alkyl, Alkenyl and Aryl Boron Compounds",figure_s3,True,included,6.46,7.19919331868,7.19919331868,0.73919331868,0.73919331868,True,True
joint model,retrospective connectivity-grouped out-of-fold evaluation,2,context:b1b67bef9b2f7e6fd34ba78a,YXBWPNOSJRJIKB,mayr:1453,DMSO,C-Nucleophiles,Carbanions,figure_s3,True,included,29.02,29.0494721731,29.0494721731,0.0294721731,0.0294721731,True,True
joint model,retrospective connectivity-grouped out-of-fold evaluation,2,context:b5a41b474b46d7ffba8aac96,HVVNJUAVDAZWCB,mayr:1526,MeCN,N-Nucleophiles,Aliphatic amines,figure_s4,True,included,16.74,16.1874567668,16.1874567668,0.5525432332,0.5525432332,True,True
joint model,retrospective connectivity-grouped out-of-fold evaluation,2,context:b5e99f3fe899c9a8e41b01fc,HZAXFHJVJLSVMW,mayr:492,water,N-Nucleophiles,Aliphatic amines,figure_s4,True,included,12.61,12.5221443176,12.5221443176,0.0878556824,0.0878556824,True,True
joint model,retrospective connectivity-grouped out-of-fold evaluation,2,context:b60a7560daaeb689908cdfe8,IUDSCMPRPHGDII,mayr:591,DMSO,H-Nucleophiles,H-B hydride donors,figure_s5,True,included,11.52,17.6346467336,17.6346467336,6.1146467336,6.1146467336,False,False
joint model,retrospective connectivity-grouped out-of-fold evaluation,2,context:b67d11ba358da98110502c9f,FMXIGEXRLSNRMR,mayr:1767,dichloromethane,C-Nucleophiles,Enol Ethers,figure_s3,True,included,1.97,1.5119228363,1.5119228363,0.4580771637,0.4580771637,True,True
joint model,retrospective connectivity-grouped out-of-fold evaluation,2,context:b888170ad9a340b4cefe718a,UBQKCCHYAOITMY,mayr:721,MeCN,N-Nucleophiles,Amide anions (N reactivity),figure_s4,True,included,20.11,17.6527277629,17.6527277629,2.4572722371,2.4572722371,False,False
joint model,retrospective connectivity-grouped out-of-fold evaluation,2,context:bf5663cc95ff03d5452aa635,BHPRLMYARNVDRJ,mayr:1163,THF,C-Nucleophiles,Azolium enolates,figure_s3,True,included,15.33,15.2474323908,15.2474323908,0.0825676092,0.0825676092,True,True
joint model,retrospective connectivity-grouped out-of-fold evaluation,2,context:c39448a395855de821fcd261,XFTYGCGYGZSRHZ,mayr:1774,dichloromethane,C-Nucleophiles,Enol Ethers,figure_s3,True,included,5.35,4.98362938563,4.98362938563,0.36637061437,0.36637061437,True,True
joint model,retrospective connectivity-grouped out-of-fold evaluation,2,context:c5327dd92eaa5ebcbd953264,WEHWNAOGRSTTBQ,mayr:641,MeCN,N-Nucleophiles,Aliphatic amines,figure_s4,True,included,14.51,15.5445229212,15.5445229212,1.0345229212,1.0345229212,True,True
joint model,retrospective connectivity-grouped out-of-fold evaluation,2,context:c5cbd36122fb5f6311ef9242,SEULWJSKCVACTH,mayr:660,MeCN,N-Nucleophiles,Azoles and Azole Anions,figure_s4,True,included,11.31,10.6080395381,10.6080395381,0.7019604619,0.7019604619,True,True
joint model,retrospective connectivity-grouped out-of-fold evaluation,2,context:c7acd2c4e06d90e1b4b00fd7,YKHOCZAGQAVNHX,mayr:1468,MeCN,H-Nucleophiles,H-P hydride donors,figure_s5,True,included,17.68,20.2325070699,20.2325070699,2.5525070699,2.5525070699,False,False
joint model,retrospective connectivity-grouped out-of-fold evaluation,2,context:c7ace95893be7bbbe2b5c0b1,KDQBKCRYCZJUAE,mayr:1019,dichloromethane,H-Nucleophiles,H-C hydride donors,figure_s5,True,included,-3.86,-2.38144429525,-2.38144429525,1.47855570475,1.47855570475,True,True
joint model,retrospective connectivity-grouped out-of-fold evaluation,2,context:c8287d3c54ac6549178c1236,LUNOXNMCFPFPMO,mayr:470,MeCN,C-Nucleophiles,Arenes,figure_s3,True,included,5.41,6.51680533091,6.51680533091,1.10680533091,1.10680533091,True,True
joint model,retrospective connectivity-grouped out-of-fold evaluation,2,context:cd049503ec5505139525a8b2,HYCVUSVTXXYRDT,mayr:1662,MeCN,C-Nucleophiles,"Enamines, Enamides, and Ynamides",figure_s3,True,included,7.92,8.6911611557,8.6911611557,0.7711611557,0.7711611557,True,True
joint model,retrospective connectivity-grouped out-of-fold evaluation,2,context:d4eb852c1bcd5b9137d6f6e8,PXUCISHGVVQCJJ,mayr:147,dichloromethane,C-Nucleophiles,Allyl Element Compounds,figure_s3,True,included,4.67,4.06908448537,4.06908448537,0.60091551463,0.60091551463,True,True
joint model,retrospective connectivity-grouped out-of-fold evaluation,2,context:d4f87a56acd1f31d36ce9975,BXGXGTXWGGOFSP,mayr:1382,water,O-Nucleophiles,Peroxy anions,figure_s6,True,included,15.63,17.3630485535,17.3630485535,1.7330485535,1.7330485535,True,True
joint model,retrospective connectivity-grouped out-of-fold evaluation,2,context:d5c0a0463e4c1077962b2cbe,RRHGJUQNOFWUDK,mayr:144,dichloromethane,C-Nucleophiles,Alkenes,figure_s3,True,included,1.1,1.05369472504,1.40002695719,0.04630527496,0.30002695719,True,True
joint model,retrospective connectivity-grouped out-of-fold evaluation,2,context:d61c30493a2e6bc9b688b38c,PAQKPEIXPUQANL,mayr:1234,DMSO,C-Nucleophiles,Carbanions,figure_s3,True,included,17.52,17.7156035105,17.7156035105,0.1956035105,0.1956035105,True,True
joint model,retrospective connectivity-grouped out-of-fold evaluation,2,context:d6880797b4826e410604dcce,UVGXNNJEGDSWFX,mayr:1211,MeCN,H-Nucleophiles,H-C hydride donors,figure_s5,True,included,6.21,5.75812498728,5.75812498728,0.45187501272,0.45187501272,True,True
joint model,retrospective connectivity-grouped out-of-fold evaluation,2,context:d6bb49551b49eeffeba20626,AIZXHAQJVQMZKC,mayr:1080,MeCN,H-Nucleophiles,H-C hydride donors,figure_s5,True,included,-2.4,-3.56863562266,-3.56863562266,1.16863562266,1.16863562266,True,True
joint model,retrospective connectivity-grouped out-of-fold evaluation,2,context:d6cf4e9145fd6bfe5337b41d,GVLZYMDNTPNTLV,mayr:1391,DMSO,C-Nucleophiles,Carbanions,figure_s3,True,included,15.59,14.7742033005,14.7742033005,0.8157966995,0.8157966995,True,True
joint model,retrospective connectivity-grouped out-of-fold evaluation,2,context:d8b53025b889eeb4c93c7fcc,IPAFDBBZLFLLBK,mayr:1331,dichloromethane,C-Nucleophiles,Ylides,figure_s3,True,included,7.98,4.18352444967,4.18352444967,3.79647555033,3.79647555033,False,False
joint model,retrospective connectivity-grouped out-of-fold evaluation,2,context:d982a83b8075804de3c150e0,AYFVYJQAPQTCCC,mayr:536,water,N-Nucleophiles,Amino acids,figure_s4,True,included,12.69,13.0319550832,13.0319550832,0.3419550832,0.3419550832,True,True
joint model,retrospective connectivity-grouped out-of-fold evaluation,2,context:dac66a4ec7be679abcde1df9,JXRIJOKAIPTVJM,mayr:1298,DMSO,C-Nucleophiles,Carbanions,figure_s3,True,included,18.74,19.0603116353,19.0603116353,0.3203116353,0.3203116353,True,True
joint model,retrospective connectivity-grouped out-of-fold evaluation,2,context:dca4cd8565b4ccd6296ae4bc,COIOYMYWGDAQPM,mayr:1364,dichloromethane,P-Nucleophiles,,,True,included,8.56,14.3500986099,14.3500986099,5.7900986099,5.7900986099,False,False
joint model,retrospective connectivity-grouped out-of-fold evaluation,2,context:dd5620774dff76a6e3477952,WGQKYBSKWIADBV,mayr:621,DMSO,N-Nucleophiles,Aliphatic amines,figure_s4,True,included,15.28,14.7491219838,14.7491219838,0.5308780162,0.5308780162,True,True
joint model,retrospective connectivity-grouped out-of-fold evaluation,2,context:de5dc22f0de657af741a9a46,AGGWMMREWZMVCV,mayr:1693,DMSO,C-Nucleophiles,NHOs (conventional and mesoionic),figure_s3,True,included,19.36,17.9952004751,17.9952004751,1.3647995249,1.3647995249,True,True
joint model,retrospective connectivity-grouped out-of-fold evaluation,2,context:de91c6cb5da2a661de9703e3,WYGIWVCWYKSYOE,mayr:1116,MeCN,H-Nucleophiles,H-C hydride donors,figure_s5,True,included,-8.8,-5.14304097493,-5.14304097493,3.65695902507,3.65695902507,False,False
joint model,retrospective connectivity-grouped out-of-fold evaluation,2,context:df57156a118f52f1da287dab,KFZMGEQAYNKOFK,mayr:1598,MeCN,O-Nucleophiles,Alcohols and aqueous solvents,figure_s6,True,included,6.82,-0.472394625346,7.65611187617,7.29239462535,0.83611187617,False,True
joint model,retrospective connectivity-grouped out-of-fold evaluation,2,context:e3aeee7747d9e0b8098d1be7,QJAMTKNSLVOXAF,mayr:510,DMSO,C-Nucleophiles,Carbanions,figure_s3,True,included,14.49,15.3381881714,15.3381881714,0.8481881714,0.8481881714,True,True
joint model,retrospective connectivity-grouped out-of-fold evaluation,2,context:e594f98f70ebe845b776bbaf,YRABRACUKBOTKB,mayr:556,MeCN,C-Nucleophiles,Arenes,figure_s3,True,included,8.69,8.92675940196,8.92675940196,0.23675940196,0.23675940196,True,True
joint model,retrospective connectivity-grouped out-of-fold evaluation,2,context:e8d7073ebe18daf9513f99d1,YPWFISCTZQNZAU,mayr:1564,dichloromethane,S- and Se-Nucleophiles,,,True,included,11.94,13.2581075033,13.2581075033,1.3181075033,1.3181075033,True,True
joint model,retrospective connectivity-grouped out-of-fold evaluation,2,context:ea9ab3f5c7d1d8971a4092b3,WLPUWLXVBWGYMZ,mayr:201,dichloromethane,P-Nucleophiles,,,True,included,14.64,15.8398577372,15.8398577372,1.1998577372,1.1998577372,True,True
joint model,retrospective connectivity-grouped out-of-fold evaluation,2,context:eb4610042d7de2f119b4ea1e,OZBUYKMVICLROK,mayr:81,dichloromethane,C-Nucleophiles,"Enamines, Enamides, and Ynamides",figure_s3,True,included,12.51,13.2782147725,13.2782147725,0.7682147725,0.7682147725,True,True
joint model,retrospective connectivity-grouped out-of-fold evaluation,2,context:ebb7dbcdc48e89b7419814e6,RUJFIXHHAWJMRM,mayr:1315,dichloromethane,N-Nucleophiles,Aliphatic amines,figure_s4,True,included,16.8,16.935517629,16.935517629,0.135517629,0.135517629,True,True
joint model,retrospective connectivity-grouped out-of-fold evaluation,2,context:ebcba9672d2a5200364d8aac,ROSDSFDQCJNGOL,mayr:484,water,N-Nucleophiles,Aliphatic amines,figure_s4,True,included,17.12,16.2912336985,16.2912336985,0.8287663015,0.8287663015,True,True
joint model,retrospective connectivity-grouped out-of-fold evaluation,2,context:ec130964c1d513d7bc7eed85,VYZGUDWMCNUVCU,mayr:1629,dichloromethane,C-Nucleophiles,Diazo Compounds and Hydrazones,figure_s3,True,included,3.16,10.2156035105,3.59975751241,7.0556035105,0.43975751241,False,True
joint model,retrospective connectivity-grouped out-of-fold evaluation,2,context:ecef81dc7db97b63f7c09790,CWTAUZSJBADZNH,mayr:1077,MeCN,H-Nucleophiles,H-C hydride donors,figure_s5,True,included,-3.4,-3.48038673401,-3.48038673401,0.08038673401,0.08038673401,True,True
joint model,retrospective connectivity-grouped out-of-fold evaluation,2,context:ed98b693f762083339eea336,YHYLDEVWYOFIJK,mayr:464,MeCN,C-Nucleophiles,Arenes,figure_s3,True,included,2.83,4.50809192657,4.50809192657,1.67809192657,1.67809192657,True,True
joint model,retrospective connectivity-grouped out-of-fold evaluation,2,context:eee81696a56003b19f4d122c,RUJFIXHHAWJMRM,mayr:1316,MeCN,N-Nucleophiles,Aliphatic amines,figure_s4,True,included,15.7,17.6036535899,17.6036535899,1.9036535899,1.9036535899,True,True
joint model,retrospective connectivity-grouped out-of-fold evaluation,2,context:f095e913e5bfb6896ba60e12,WNXJIVFYUVYPPR,mayr:1008,dichloromethane,H-Nucleophiles,H-C hydride donors,figure_s5,True,included,-2.86,-3.88107649485,-3.88107649485,1.02107649485,1.02107649485,True,True
joint model,retrospective connectivity-grouped out-of-fold evaluation,2,context:f29ce1a716de52fd5fa2a2c4,WYGIWVCWYKSYOE,mayr:1021,dichloromethane,H-Nucleophiles,H-C hydride donors,figure_s5,True,included,-3.62,-4.33050823212,-4.33050823212,0.71050823212,0.71050823212,True,True
joint model,retrospective connectivity-grouped out-of-fold evaluation,2,context:f30df2cdaeac4367c6ebbd7f,UXRWKUANJXGBFO,mayr:1782,dichloromethane,N-Nucleophiles,Isochalkogenoureas,figure_s4,True,included,13.49,14.289132754,14.289132754,0.799132754,0.799132754,True,True
joint model,retrospective connectivity-grouped out-of-fold evaluation,2,context:f30e230f60072bfee504d1de,DOSUFOHMKYVOEX,mayr:1267,MeCN,C-Nucleophiles,"Alkyl, Alkenyl and Aryl Boron Compounds",figure_s3,True,included,7.15,7.77301708857,7.77301708857,0.62301708857,0.62301708857,True,True
joint model,retrospective connectivity-grouped out-of-fold evaluation,2,context:f321c3aa8a60b34231f3f831,XGWUPYJCHCOOMU,mayr:1144,MeCN,C-Nucleophiles,"Alkyl, Alkenyl and Aryl Boron Compounds",figure_s3,True,included,4.06,7.21841287613,7.39080444972,3.15841287613,3.33080444972,False,False
joint model,retrospective connectivity-grouped out-of-fold evaluation,2,context:f567361183388faaac3df689,KCBNBKKOFYQYKM,mayr:1341,DMSO,C-Nucleophiles,Carbanions,figure_s3,True,included,19.15,20.7657845815,20.7657845815,1.6157845815,1.6157845815,True,True
joint model,retrospective connectivity-grouped out-of-fold evaluation,2,context:f57d3ed8833b8ecbd00a9f7e,HFPZCAJZSCWRBC,mayr:98,dichloromethane,H-Nucleophiles,H-C hydride donors,figure_s5,True,included,-2.8,-3.29289023081,-1.91161314646,0.49289023081,0.88838685354,True,True
joint model,retrospective connectivity-grouped out-of-fold evaluation,2,context:f5820c8b1fe395fbc6e2302a,OKKJLVBELUTLKV,mayr:1596,MeCN,O-Nucleophiles,Alcohols and aqueous solvents,figure_s6,True,included,6.86,9.13926331202,9.13926331202,2.27926331202,2.27926331202,False,False
joint model,retrospective connectivity-grouped out-of-fold evaluation,2,context:f975dbfb496f51a8334232d0,SLCJQIBAFJDZBP,mayr:981,dichloromethane,H-Nucleophiles,H-Si hydride donors,figure_s5,True,included,3.83,2.69803619385,2.69803619385,1.13196380615,1.13196380615,True,True
joint model,retrospective connectivity-grouped out-of-fold evaluation,2,context:f9fde469fff501434f45fc13,PHODFIDDEBEGCS,mayr:1519,MeCN,N-Nucleophiles,Aliphatic amines,figure_s4,True,included,13.96,14.9434394836,14.9434394836,0.9834394836,0.9834394836,True,True
joint model,retrospective connectivity-grouped out-of-fold evaluation,2,context:fbcca05b36a0f0897f6b9618,CAUJWSPJKGGYDW,mayr:1744,dichloromethane,C-Nucleophiles,Vinyl azides,figure_s3,True,included,4.57,4.05583413442,4.05583413442,0.51416586558,0.51416586558,True,True
joint model,retrospective connectivity-grouped out-of-fold evaluation,2,context:fcc341c4876b02b97c02be17,ZBCBWPMODOFKDW,mayr:504,water,N-Nucleophiles,Aliphatic amines,figure_s4,True,included,13,13.3370189667,13.3370189667,0.3370189667,0.3370189667,True,True
joint model,retrospective connectivity-grouped out-of-fold evaluation,2,context:fd81e382acc48c2942093435,QFPCZAFYDVWWCG,mayr:355,DMSO,C-Nucleophiles,Carbanions,figure_s3,True,included,16.96,17.0124104818,17.0124104818,0.0524104818,0.0524104818,True,True
joint model,retrospective connectivity-grouped out-of-fold evaluation,2,context:fdd045374269b5b36d630482,XBKIDSNNBHCFMZ,mayr:595,dichloromethane,H-Nucleophiles,H-C hydride donors,figure_s5,True,included,7.53,7.73273515701,7.73273515701,0.20273515701,0.20273515701,True,True
joint model,retrospective connectivity-grouped out-of-fold evaluation,2,context:fe8033b706fa1f29525414df,DIIIISSCIXVANO,mayr:967,MeCN,N-Nucleophiles,"Hydrazines, Hydroxylamines etc.",figure_s4,True,included,16.15,17.1867624919,17.1867624919,1.0367624919,1.0367624919,True,True
joint model,retrospective connectivity-grouped out-of-fold evaluation,2,context:fecf0f7efcea1fb6443c631e,OGCGXUGBDJGFFY,mayr:1540,MeCN,N-Nucleophiles,Aliphatic amines,figure_s4,True,included,16.18,11.8969217936,11.8969217936,4.2830782064,4.2830782064,False,False
joint model,retrospective connectivity-grouped out-of-fold evaluation,2,context:fed76c98c34cff45b358c41c,NKHMSOXIXROFRU,mayr:1520,MeCN,N-Nucleophiles,Aliphatic amines,figure_s4,True,included,17.43,15.783097585,15.783097585,1.646902415,1.646902415,True,True
joint model,retrospective connectivity-grouped out-of-fold evaluation,2,context:ff347129e8f02e72207eade3,IQUPABOKLQSFBK,mayr:1481,DMF,O-Nucleophiles,Phenolate Ions,figure_s6,True,included,16.65,19.1279220581,19.1279220581,2.4779220581,2.4779220581,False,False
joint model,retrospective connectivity-grouped out-of-fold evaluation,2,context:ff523eef0e27136df1c05852,IQUPABOKLQSFBK,mayr:1480,MeCN,O-Nucleophiles,Phenolate Ions,figure_s6,True,included,15.83,19.7176017761,19.7176017761,3.8876017761,3.8876017761,False,False
joint model,retrospective connectivity-grouped out-of-fold evaluation,3,context:00c1006666a6ee0580579003,KMVZWUQHMJAWSY,mayr:145,dichloromethane,C-Nucleophiles,Allyl Element Compounds,figure_s3,True,included,-0.57,0.905666987101,0.905666987101,1.4756669871,1.4756669871,True,True
joint model,retrospective connectivity-grouped out-of-fold evaluation,3,context:020277730fcd8aca28ecbb4a,FTOQQKWSIFEMPP,mayr:1715,MeCN,N-Nucleophiles,"Pyridines, Quinolines etc.",figure_s4,True,included,17.19,17.1264616648,17.1264616648,0.0635383352,0.0635383352,True,True
joint model,retrospective connectivity-grouped out-of-fold evaluation,3,context:032678b7f79f9876930bdf0b,YDJXDYKQMRNUSA,mayr:988,dichloromethane,H-Nucleophiles,H-Si hydride donors,figure_s5,True,included,2.93,-1.30610243479,2.37853749593,4.23610243479,0.55146250407,False,True
joint model,retrospective connectivity-grouped out-of-fold evaluation,3,context:03d8605b10e73d9af9472f37,IWDCLRJOBJJRNH,mayr:1513,water,O-Nucleophiles,Phenolate Ions,figure_s6,True,included,14.3,15.4370765686,15.4370765686,1.1370765686,1.1370765686,True,True
joint model,retrospective connectivity-grouped out-of-fold evaluation,3,context:047bb9a53157848d84af427d,VEXZGXHMUGYJMC,mayr:363,MeOH,Halide Anions,,,False,excluded as one of the three smallest observed solvent strata,12.9,11.3272473017,11.3272473017,1.5727526983,1.5727526983,True,True
joint model,retrospective connectivity-grouped out-of-fold evaluation,3,context:04b64edad0cefffb0d196d79,UOJYYXATTMQQNA,mayr:809,MeCN,S- and Se-Nucleophiles,,,True,included,18.27,19.7088101705,19.7088101705,1.4388101705,1.4388101705,True,True
joint model,retrospective connectivity-grouped out-of-fold evaluation,3,context:05eb12c16f72868bf1b5be56,SKHPYKHVYFTIOI,mayr:1544,MeCN,N-Nucleophiles,Aliphatic amines,figure_s4,True,included,5.44,8.03473377228,8.03473377228,2.59473377228,2.59473377228,False,False
joint model,retrospective connectivity-grouped out-of-fold evaluation,3,context:06e417c082fcf3b3a8457721,IIQFBBQJYPGOHJ,mayr:49,dichloromethane,C-Nucleophiles,"Enamines, Enamides, and Ynamides",figure_s3,True,included,11.4,13.2254021962,13.2254021962,1.8254021962,1.8254021962,True,True
joint model,retrospective connectivity-grouped out-of-fold evaluation,3,context:09ce772c3d342961a7abfaec,GQHTUMJGOHRCHB,mayr:931,THF,N-Nucleophiles,Amidines and Imines,figure_s4,True,included,16.12,16.7873395284,16.7873395284,0.6673395284,0.6673395284,True,True
joint model,retrospective connectivity-grouped out-of-fold evaluation,3,context:0a24a04e9009b2f0a36f3ab2,VAPOFMGACKUWCI,mayr:72,dichloromethane,C-Nucleophiles,"Enamines, Enamides, and Ynamides",figure_s3,True,included,13.41,14.1306470235,14.1306470235,0.7206470235,0.7206470235,True,True
joint model,retrospective connectivity-grouped out-of-fold evaluation,3,context:0a6218a0296b67837b6b9a1b,PRLWTCJLCYVORV,mayr:735,dichloromethane,C-Nucleophiles,Allyl Element Compounds,figure_s3,True,included,1.95,6.45135052999,6.45135052999,4.50135052999,4.50135052999,False,False
joint model,retrospective connectivity-grouped out-of-fold evaluation,3,context:0ab42d91f53ee6c83637eb61,MNQRNWDJCMKRJG,mayr:1633,THF,C-Nucleophiles,NHOs (conventional and mesoionic),figure_s3,True,included,21.36,21.2932122548,21.2932122548,0.0667877452,0.0667877452,True,True
joint model,retrospective connectivity-grouped out-of-fold evaluation,3,context:0c9f69df75dc3386282b8e08,GCNTZFIIOFTKIY,mayr:724,MeCN,N-Nucleophiles,Amide anions (N reactivity),figure_s4,True,included,20.22,13.131017367,19.8377914429,7.088982633,0.3822085571,False,True
joint model,retrospective connectivity-grouped out-of-fold evaluation,3,context:0dbeb1ab2afe14a28401bd4a,ZRRVZQSGSIASQR,mayr:1247,MeCN,C-Nucleophiles,"Alkyl, Alkenyl and Aryl Boron Compounds",figure_s3,True,included,6.98,7.20630741119,7.20630741119,0.22630741119,0.22630741119,True,True
joint model,retrospective connectivity-grouped out-of-fold evaluation,3,context:0e9265b44244ff4c588df95d,IWDCLRJOBJJRNH,mayr:1504,DMF,O-Nucleophiles,Phenolate Ions,figure_s6,True,included,19.65,19.8349583944,19.8349583944,0.1849583944,0.1849583944,True,True
joint model,retrospective connectivity-grouped out-of-fold evaluation,3,context:0f5720064160850a05508c95,JVCCMXQDRZDLSY,mayr:590,DMSO,H-Nucleophiles,H-B hydride donors,figure_s5,True,included,14.45,12.048921903,12.048921903,2.401078097,2.401078097,False,False
joint model,retrospective connectivity-grouped out-of-fold evaluation,3,context:1056e4659739711fbabe1eef,XRQSRQMPWGQSPN,mayr:1541,MeCN,N-Nucleophiles,Aliphatic amines,figure_s4,True,included,9.9,15.3808873494,15.3808873494,5.4808873494,5.4808873494,False,False
joint model,retrospective connectivity-grouped out-of-fold evaluation,3,context:1185c6f0e7272fd74a1c6c15,KSESOTWVQYBRLJ,mayr:915,dichloromethane,N-Nucleophiles,Guanidines,figure_s4,True,included,12.46,13.7949059804,13.7949059804,1.3349059804,1.3349059804,True,True
joint model,retrospective connectivity-grouped out-of-fold evaluation,3,context:12a747e3f94e5635a344ed7f,FRVMBCZVEPYCTA,mayr:1300,DMSO,C-Nucleophiles,Carbanions,figure_s3,True,included,19.23,19.8555577596,19.8555577596,0.6255577596,0.6255577596,True,True
joint model,retrospective connectivity-grouped out-of-fold evaluation,3,context:13a61c03d54b5ce8cd100d5d,LRLGEWICBZWMKM,mayr:1690,MeCN,C-Nucleophiles,NHOs (conventional and mesoionic),figure_s3,True,included,19.69,17.3618799845,17.3618799845,2.3281200155,2.3281200155,False,False
joint model,retrospective connectivity-grouped out-of-fold evaluation,3,context:15c870458dfc37c9dbfe424f,DTGNHQQWMBBUMN,mayr:1404,MeCN,C-Nucleophiles,"Enamines, Enamides, and Ynamides",figure_s3,True,included,9.94,10.5725755692,10.5725755692,0.6325755692,0.6325755692,True,True
joint model,retrospective connectivity-grouped out-of-fold evaluation,3,context:1a398883d0e1913280db6274,QPGRQOPOFHBWCT,mayr:736,dichloromethane,C-Nucleophiles,Allyl Element Compounds,figure_s3,True,included,4.63,7.86776129405,7.86776129405,3.23776129405,3.23776129405,False,False
joint model,retrospective connectivity-grouped out-of-fold evaluation,3,context:1a973174cc5853b1716a3d34,AKBVCJHFENPJAC,mayr:1665,MeCN,C-Nucleophiles,"Enamines, Enamides, and Ynamides",figure_s3,True,included,7.1,7.40595181783,7.40595181783,0.30595181783,0.30595181783,True,True
joint model,retrospective connectivity-grouped out-of-fold evaluation,3,context:1a9b4dc51aacd84ea8e8bb66,XFHGQPCADCWUJX,mayr:1046,dichloromethane,H-Nucleophiles,H-Si hydride donors,figure_s5,True,included,0.87,3.47440210978,3.47440210978,2.60440210978,2.60440210978,False,False
joint model,retrospective connectivity-grouped out-of-fold evaluation,3,context:1cd0769ca99d12077e38f773,LALQVQUNUJNEST,mayr:1525,MeCN,N-Nucleophiles,Aliphatic amines,figure_s4,True,included,15.43,16.9788087209,16.9788087209,1.5488087209,1.5488087209,True,True
joint model,retrospective connectivity-grouped out-of-fold evaluation,3,context:1e8484b529709735e9a3a718,CUFNKYGDVFVPHO,mayr:598,MeCN,C-Nucleophiles,Arenes,figure_s3,True,included,6.66,6.56295824051,1.68548043569,0.09704175949,4.97451956431,True,False
joint model,retrospective connectivity-grouped out-of-fold evaluation,3,context:204f52ee8fcdd4d29b0a1f62,IENZCGNHSIMFJE,mayr:465,MeCN,C-Nucleophiles,Arenes,figure_s3,True,included,3.97,3.33344491323,3.33344491323,0.63655508677,0.63655508677,True,True
joint model,retrospective connectivity-grouped out-of-fold evaluation,3,context:20a9c9c38a945c8ea32e131a,VEXZGXHMUGYJMC,mayr:368,water,Halide Anions,,,True,included,10.1,11.1502094269,11.1502094269,1.0502094269,1.0502094269,True,True
joint model,retrospective connectivity-grouped out-of-fold evaluation,3,context:21161b509f74b8cd263d80aa,HTWIZMNMTWYQRN,mayr:1106,dichloromethane,H-Nucleophiles,H-C hydride donors,figure_s5,True,included,-3.3,-1.34347120921,-1.34347120921,1.95652879079,1.95652879079,True,True
joint model,retrospective connectivity-grouped out-of-fold evaluation,3,context:21178382eec0c0b1f1b1d735,UYUUAUOYLFIRJG,mayr:198,dichloromethane,P-Nucleophiles,,,True,included,16.17,15.9083916346,15.9083916346,0.2616083654,0.2616083654,True,True
joint model,retrospective connectivity-grouped out-of-fold evaluation,3,context:21e256d7c18c11cf1be01ff2,JRMQJLMBSMCLHJ,mayr:1711,dichloromethane,N-Nucleophiles,"Pyridines, Quinolines etc.",figure_s4,True,included,19.63,18.0201047262,18.0201047262,1.6098952738,1.6098952738,True,True
joint model,retrospective connectivity-grouped out-of-fold evaluation,3,context:239c209644a459769d7a4e4e,VHYFNPMBLIVWCW,mayr:930,THF,N-Nucleophiles,"Pyridines, Quinolines etc.",figure_s4,True,included,15.9,15.9949541092,15.9949541092,0.0949541092,0.0949541092,True,True
joint model,retrospective connectivity-grouped out-of-fold evaluation,3,context:23a0d9198dfa8cc8d477f985,ARKOCDVCEWZODQ,mayr:1273,MeCN,C-Nucleophiles,"Alkyl, Alkenyl and Aryl Boron Compounds",figure_s3,True,included,7.68,7.21107451121,7.21107451121,0.46892548879,0.46892548879,True,True
joint model,retrospective connectivity-grouped out-of-fold evaluation,3,context:247d7f9786c0a311bc0f8cd9,QTCAPCHXGMZXKA,mayr:1778,dichloromethane,N-Nucleophiles,Isochalkogenoureas,figure_s4,True,included,15.7,14.7298663457,14.7298663457,0.9701336543,0.9701336543,True,True
joint model,retrospective connectivity-grouped out-of-fold evaluation,3,context:262a59d32ff72e5330833bea,FFEARJCKVFRZRR,mayr:544,water,N-Nucleophiles,Amino acids,figure_s4,True,included,13.16,13.7650108337,13.7650108337,0.6050108337,0.6050108337,True,True
joint model,retrospective connectivity-grouped out-of-fold evaluation,3,context:26559375cf94c91a04ba6dc5,ONDSBJMLAHVLMI,mayr:187,dichloromethane,C-Nucleophiles,Diazo Compounds and Hydrazones,figure_s3,True,included,8.97,7.61969566345,7.61969566345,1.35030433655,1.35030433655,True,True
joint model,retrospective connectivity-grouped out-of-fold evaluation,3,context:27709a8218cae0b06af021a4,AZQJMOSEBVCAFB,mayr:1632,dichloromethane,C-Nucleophiles,"Enamines, Enamides, and Ynamides",figure_s3,True,included,7.06,7.72714487712,7.72714487712,0.66714487712,0.66714487712,True,True
joint model,retrospective connectivity-grouped out-of-fold evaluation,3,context:298de7c90e2b5d3ebda60b7b,DPZNOMCNRMUKPS,mayr:32,dichloromethane,C-Nucleophiles,Arenes,figure_s3,True,included,2.48,2.45399665833,2.45399665833,0.02600334167,0.02600334167,True,True
joint model,retrospective connectivity-grouped out-of-fold evaluation,3,context:2a2dd4d4890b9dfb695cd858,WGYKZJWCGVVSQN,mayr:108,water,N-Nucleophiles,Aliphatic amines,figure_s4,True,included,13.33,13.5617233912,13.5617233912,0.2317233912,0.2317233912,True,True
joint model,retrospective connectivity-grouped out-of-fold evaluation,3,context:2acf2a596cb7c974b99ea781,QJWQYVJVCXMTJP,mayr:1318,dichloromethane,N-Nucleophiles,"Pyridines, Quinolines etc.",figure_s4,True,included,14.59,14.5375254949,14.5375254949,0.0524745051,0.0524745051,True,True
joint model,retrospective connectivity-grouped out-of-fold evaluation,3,context:2bb2d87993fd2f6b131da5a4,BINFMIKPPPUPAO,mayr:1657,THF,C-Nucleophiles,NHOs (conventional and mesoionic),figure_s3,True,included,24.86,26.4601993561,26.4601993561,1.6001993561,1.6001993561,True,True
joint model,retrospective connectivity-grouped out-of-fold evaluation,3,context:2f31279786c48aca2b251ab3,FBQURXLBJJNDBX,mayr:77,dichloromethane,C-Nucleophiles,Arenes,figure_s3,True,included,3.12,4.96036815643,4.96036815643,1.84036815643,1.84036815643,True,True
joint model,retrospective connectivity-grouped out-of-fold evaluation,3,context:2f7cdee9df16a9b429f0d03f,RAXXELZNTBOGNW,mayr:655,MeCN,N-Nucleophiles,Azoles and Azole Anions,figure_s4,True,included,11.47,11.5625559489,11.5625559489,0.0925559489,0.0925559489,True,True
joint model,retrospective connectivity-grouped out-of-fold evaluation,3,context:318187d727d24e368da91703,VHYFNPMBLIVWCW,mayr:452,water,N-Nucleophiles,"Pyridines, Quinolines etc.",figure_s4,True,included,13.19,12.4348243078,12.4348243078,0.7551756922,0.7551756922,True,True
joint model,retrospective connectivity-grouped out-of-fold evaluation,3,context:319b681f1f3f0e45bed545f1,ROCZJWMPGISRQB,mayr:838,MeCN,C-Nucleophiles,Enol Ethers,figure_s3,True,included,12.34,11.11804835,11.11804835,1.22195165,1.22195165,True,True
joint model,retrospective connectivity-grouped out-of-fold evaluation,3,context:31f2a5d0db6891f7ac305768,FGYADSCZTQOAFK,mayr:667,MeCN,N-Nucleophiles,Azoles and Azole Anions,figure_s4,True,included,10.37,10.6558059057,11.9173784256,0.2858059057,1.5473784256,True,True
joint model,retrospective connectivity-grouped out-of-fold evaluation,3,context:327cf6803eadfa6ebca46695,ROCZJWMPGISRQB,mayr:40,dichloromethane,C-Nucleophiles,Enol Ethers,figure_s3,True,included,12.56,11.1975498199,11.1975498199,1.3624501801,1.3624501801,True,True
joint model,retrospective connectivity-grouped out-of-fold evaluation,3,context:32e3c70e30850099ce1f3cc3,HLFSDGLLUJUHTE,mayr:1736,dichloromethane,N-Nucleophiles,Isochalkogenoureas,figure_s4,True,included,13.86,14.1040811539,14.1040811539,0.2440811539,0.2440811539,True,True
joint model,retrospective connectivity-grouped out-of-fold evaluation,3,context:338c8cf49fa5ef512ef88209,SBLRFBKQSSXEII,mayr:549,DMSO,C-Nucleophiles,Carbanions,figure_s3,True,included,19.92,20.4769026438,20.4769026438,0.5569026438,0.5569026438,True,True
joint model,retrospective connectivity-grouped out-of-fold evaluation,3,context:33f8963636f15518878e4814,BPFJZNDCLIJVHI,mayr:563,DMSO,C-Nucleophiles,Carbanions,figure_s3,True,included,22.6,22.5809415181,22.5809415181,0.0190584819,0.0190584819,True,True
joint model,retrospective connectivity-grouped out-of-fold evaluation,3,context:34479984a05c7593b128b575,YRPAQTVBOLAERV,mayr:1270,MeCN,C-Nucleophiles,"Alkyl, Alkenyl and Aryl Boron Compounds",figure_s3,True,included,6.3,6.85386451085,6.85386451085,0.55386451085,0.55386451085,True,True
joint model,retrospective connectivity-grouped out-of-fold evaluation,3,context:35ee07181e2eded3005d2587,SMASNBFYNOFLQG,mayr:1043,dichloromethane,H-Nucleophiles,H-B hydride donors,figure_s5,True,included,11.01,10.7160905202,10.7160905202,0.2939094798,0.2939094798,True,True
joint model,retrospective connectivity-grouped out-of-fold evaluation,3,context:36df988fcdcad8da09b9f7f7,MTCFGRXMJLQNBG,mayr:535,water,N-Nucleophiles,Amino acids,figure_s4,True,included,13.16,13.0462751389,13.0462751389,0.1137248611,0.1137248611,True,True
joint model,retrospective connectivity-grouped out-of-fold evaluation,3,context:39011775062c98f99d3f9dd2,JRMQJLMBSMCLHJ,mayr:1713,MeCN,N-Nucleophiles,"Pyridines, Quinolines etc.",figure_s4,True,included,17.28,17.1338113149,17.1338113149,0.1461886851,0.1461886851,True,True
joint model,retrospective connectivity-grouped out-of-fold evaluation,3,context:39d89feba8ceccab050cea14,USQQZWZBVGCDBX,mayr:993,dichloromethane,H-Nucleophiles,H-Si hydride donors,figure_s5,True,included,2.78,3.4510380427,3.4510380427,0.6710380427,0.6710380427,True,True
joint model,retrospective connectivity-grouped out-of-fold evaluation,3,context:3a05e6f0731c3f1187679506,BEGMZNUWQMNYNI,mayr:1714,MeCN,N-Nucleophiles,"Pyridines, Quinolines etc.",figure_s4,True,included,19.51,17.5469926198,17.5469926198,1.9630073802,1.9630073802,True,True
joint model,retrospective connectivity-grouped out-of-fold evaluation,3,context:3bba208775a42cc144b1edbc,LWCASYBTPPNMOQ,mayr:891,MeCN,C-Nucleophiles,"Enamines, Enamides, and Ynamides",figure_s3,True,included,4.61,4.18278519313,4.18278519313,0.42721480687,0.42721480687,True,True
joint model,retrospective connectivity-grouped out-of-fold evaluation,3,context:3c84f16ba2ec79f4af446fd6,ACCILMOFBCODON,mayr:1062,dichloromethane,H-Nucleophiles,H-C hydride donors,figure_s5,True,included,-3.1,-3.76195939382,-3.76195939382,0.66195939382,0.66195939382,True,True
joint model,retrospective connectivity-grouped out-of-fold evaluation,3,context:3ce05d23e14b436283744601,XJXQQBZHPCSDER,mayr:1264,MeCN,C-Nucleophiles,"Alkyl, Alkenyl and Aryl Boron Compounds",figure_s3,True,included,8.92,7.96635230382,7.96635230382,0.95364769618,0.95364769618,True,True
joint model,retrospective connectivity-grouped out-of-fold evaluation,3,context:3d2cf933e45dc7bffd4132d6,SGUVLZREKBPKCE,mayr:921,dichloromethane,N-Nucleophiles,Amidines and Imines,figure_s4,True,included,15.5,15.1143805186,15.1143805186,0.3856194814,0.3856194814,True,True
joint model,retrospective connectivity-grouped out-of-fold evaluation,3,context:3e0cd24eeec0a3ca4afbdc8b,ISWSIDIOOBJBQZ,mayr:1500,DMSO,O-Nucleophiles,Phenolate Ions,figure_s6,True,included,19.86,20.1412938436,20.1412938436,0.2812938436,0.2812938436,True,True
joint model,retrospective connectivity-grouped out-of-fold evaluation,3,context:3eaf9e4413ace510fb7f9c8a,CGJVMOPWJILVLF,mayr:1393,DMSO,C-Nucleophiles,Carbanions,figure_s3,True,included,14.24,15.3382342656,15.3382342656,1.0982342656,1.0982342656,True,True
joint model,retrospective connectivity-grouped out-of-fold evaluation,3,context:3f01be5be1d0186e2fea0e8f,HIHAXAWWHPHLKU,mayr:1762,MeCN,C-Nucleophiles,Enol Ethers,figure_s3,True,included,2.81,4.30995750427,4.30995750427,1.49995750427,1.49995750427,True,True
joint model,retrospective connectivity-grouped out-of-fold evaluation,3,context:3f4ec58f6362c3872c00d9e2,PAMIQIKDUOTOBW,mayr:679,MeCN,N-Nucleophiles,Aliphatic amines,figure_s4,True,included,18.72,21.2080281576,21.2080281576,2.4880281576,2.4880281576,False,False
joint model,retrospective connectivity-grouped out-of-fold evaluation,3,context:406afa70a50991af07988d54,GUCCFDCVUOWKND,mayr:1758,MeCN,C-Nucleophiles,Enol Ethers,figure_s3,True,included,4.23,3.07558790843,3.07558790843,1.15441209157,1.15441209157,True,True
joint model,retrospective connectivity-grouped out-of-fold evaluation,3,context:41b0a70dfc580762e0ec6347,VEXZGXHMUGYJMC,mayr:374,MeCN,Halide Anions,,,True,included,17.2,14.9596261978,14.9596261978,2.2403738022,2.2403738022,False,False
joint model,retrospective connectivity-grouped out-of-fold evaluation,3,context:428760b187999d3470634768,CZLMRJZAHXYRIX,mayr:1115,dichloromethane,H-Nucleophiles,H-C hydride donors,figure_s5,True,included,-3.8,-3.34080473582,-3.34080473582,0.45919526418,0.45919526418,True,True
joint model,retrospective connectivity-grouped out-of-fold evaluation,3,context:4294b044cb7fe306bdf9dd79,VVJKKWFAADXIJK,mayr:638,MeCN,N-Nucleophiles,Aliphatic amines,figure_s4,True,included,14.37,14.5445165634,14.5445165634,0.1745165634,0.1745165634,True,True
joint model,retrospective connectivity-grouped out-of-fold evaluation,3,context:42a41f0c4e875713e98ef0f3,ROHFNLRQFUQHCH,mayr:532,water,N-Nucleophiles,Amino acids,figure_s4,True,included,14.01,14.0269171397,14.0269171397,0.0169171397,0.0169171397,True,True
joint model,retrospective connectivity-grouped out-of-fold evaluation,3,context:43b4ce97ced587a892943b7e,ZOQOPXVJANRGJZ,mayr:1489,MeCN,O-Nucleophiles,Phenolate Ions,figure_s6,True,included,18.39,18.5313504537,18.5313504537,0.1413504537,0.1413504537,True,True
joint model,retrospective connectivity-grouped out-of-fold evaluation,3,context:465f9354d9d9b39de1d39217,KCAQWPZIMLLEAF,mayr:1605,DMSO,S- and Se-Nucleophiles,,,True,included,19.71,21.7826099396,21.7826099396,2.0726099396,2.0726099396,False,False
joint model,retrospective connectivity-grouped out-of-fold evaluation,3,context:4763316f5212da925626508e,VHYFNPMBLIVWCW,mayr:455,DMF,N-Nucleophiles,"Pyridines, Quinolines etc.",figure_s4,True,included,14.9,14.9191026688,14.9191026688,0.0191026688,0.0191026688,True,True
joint model,retrospective connectivity-grouped out-of-fold evaluation,3,context:47defb7794effd0e905a598d,NTNZTEQNFHNYBC,mayr:109,DMSO,N-Nucleophiles,Aliphatic amines,figure_s4,True,included,14.3,14.6534468333,14.6534468333,0.3534468333,0.3534468333,True,True
joint model,retrospective connectivity-grouped out-of-fold evaluation,3,context:481a46ca93ac9d2c7caf9e64,WPDAVTSOEQEGMS,mayr:91,dichloromethane,H-Nucleophiles,H-C hydride donors,figure_s5,True,included,-0.86,-0.66705195109,-0.66705195109,0.19294804891,0.19294804891,True,True
joint model,retrospective connectivity-grouped out-of-fold evaluation,3,context:4979b625f1bbda84667651f1,JITQYZIBZBYZSK,mayr:1732,dichloromethane,N-Nucleophiles,Isochalkogenoureas,figure_s4,True,included,16.11,15.4496161143,15.4496161143,0.6603838857,0.6603838857,True,True
joint model,retrospective connectivity-grouped out-of-fold evaluation,3,context:4a952e70bc7025c3da22dd2c,OTLNPYWUJOZPPA,mayr:788,acetone,O-Nucleophiles,Carboxylates and Carbonates,figure_s6,False,excluded as one of the three smallest observed solvent strata,18.74,18.7751261393,18.7751261393,0.0351261393,0.0351261393,True,True
joint model,retrospective connectivity-grouped out-of-fold evaluation,3,context:4c3726f47ed8add05475ce67,BWZVCCNYKMEVEX,mayr:1684,MeCN,N-Nucleophiles,"Pyridines, Quinolines etc.",figure_s4,True,included,9.39,10.8455282847,10.8455282847,1.4555282847,1.4555282847,True,True
joint model,retrospective connectivity-grouped out-of-fold evaluation,3,context:4c9a0598e72a9490163db0f2,JITQYZIBZBYZSK,mayr:1734,THF,N-Nucleophiles,Isochalkogenoureas,figure_s4,True,included,14.19,17.0342388153,17.0342388153,2.8442388153,2.8442388153,False,False
joint model,retrospective connectivity-grouped out-of-fold evaluation,3,context:4e357959f54147dda5ff9abe,PAMIQIKDUOTOBW,mayr:680,dichloromethane,N-Nucleophiles,Aliphatic amines,figure_s4,True,included,18.9,20.2140127818,20.2140127818,1.3140127818,1.3140127818,True,True
joint model,retrospective connectivity-grouped out-of-fold evaluation,3,context:4e84d21933f6eccc0c980be5,IVHJSNNMKJWPFW,mayr:628,MeCN,N-Nucleophiles,"Pyridines, Quinolines etc.",figure_s4,True,included,10.86,10.8373394012,10.8373394012,0.0226605988,0.0226605988,True,True
joint model,retrospective connectivity-grouped out-of-fold evaluation,3,context:500613401f28b4b0952c000d,VKCPVXCYHWANEC,mayr:1335,DMSO,C-Nucleophiles,Carbanions,figure_s3,True,included,17.29,17.2631759644,17.2631759644,0.0268240356,0.0268240356,True,True
joint model,retrospective connectivity-grouped out-of-fold evaluation,3,context:50a98aa417f41bcc68a40747,WGYKZJWCGVVSQN,mayr:639,MeCN,N-Nucleophiles,Aliphatic amines,figure_s4,True,included,15.11,14.6928551992,14.6928551992,0.4171448008,0.4171448008,True,True
joint model,retrospective connectivity-grouped out-of-fold evaluation,3,context:510c63b2ddfe45b4192e31c1,BWWCSQTYPABWBT,mayr:1303,DMSO,C-Nucleophiles,Carbanions,figure_s3,True,included,15.33,14.6205005646,14.6205005646,0.7094994354,0.7094994354,True,True
joint model,retrospective connectivity-grouped out-of-fold evaluation,3,context:523e7fe8e3dc5e193c84e859,CPELXLSAUQHCOX,mayr:379,water,Halide Anions,,,True,included,11.7,17.5414218903,17.5414218903,5.8414218903,5.8414218903,False,False
joint model,retrospective connectivity-grouped out-of-fold evaluation,3,context:53fc4d3631dba0437fdde3d3,AKYRVZLYALGKEA,mayr:596,dichloromethane,H-Nucleophiles,H-C hydride donors,figure_s5,True,included,7.68,7.97965113322,7.97965113322,0.29965113322,0.29965113322,True,True
joint model,retrospective connectivity-grouped out-of-fold evaluation,3,context:5442b0e9024093d2c98c3080,DSPAGGVPWBWMBP,mayr:513,DMSO,C-Nucleophiles,Carbanions,figure_s3,True,included,18.67,18.827554067,18.827554067,0.157554067,0.157554067,True,True
joint model,retrospective connectivity-grouped out-of-fold evaluation,3,context:544689f1ecc9ed21c3473dea,YNAVUWVOSKDBBP,mayr:488,water,N-Nucleophiles,Aliphatic amines,figure_s4,True,included,15.62,15.6391146978,15.6391146978,0.0191146978,0.0191146978,True,True
joint model,retrospective connectivity-grouped out-of-fold evaluation,3,context:578b91828446432b17d2d32f,WUVWAXJXPRYUME,mayr:469,MeCN,C-Nucleophiles,Arenes,figure_s3,True,included,6.08,5.62330961227,5.62330961227,0.45669038773,0.45669038773,True,True
joint model,retrospective connectivity-grouped out-of-fold evaluation,3,context:5ba4085f03ddb86555b51cdc,VHYFNPMBLIVWCW,mayr:450,dichloromethane,N-Nucleophiles,"Pyridines, Quinolines etc.",figure_s4,True,included,15.8,15.1216602325,15.1216602325,0.6783397675,0.6783397675,True,True
joint model,retrospective connectivity-grouped out-of-fold evaluation,3,context:63317bca6cd5cae44a1d622b,SNBCZNABMJUYMS,mayr:607,DMSO,C-Nucleophiles,Carbanions,figure_s3,True,included,19.23,18.6890017192,18.6890017192,0.5409982808,0.5409982808,True,True
joint model,retrospective connectivity-grouped out-of-fold evaluation,3,context:63768c6bb77df83e92226c73,HSRPLROZBPXWIY,mayr:1654,THF,C-Nucleophiles,NHOs (conventional and mesoionic),figure_s3,True,included,30.25,28.6686471303,28.6686471303,1.5813528697,1.5813528697,True,True
joint model,retrospective connectivity-grouped out-of-fold evaluation,3,context:63abda22eed5b266c7603618,WYURNTSHIVDZCO,mayr:1104,dichloromethane,H-Nucleophiles,H-C hydride donors,figure_s5,True,included,-3.5,-4.00680446625,-4.00680446625,0.50680446625,0.50680446625,True,True
joint model,retrospective connectivity-grouped out-of-fold evaluation,3,context:65c08bb1e80a3627646c0ced,IANGWLHLGYIGEL,mayr:1402,MeCN,C-Nucleophiles,"Enamines, Enamides, and Ynamides",figure_s3,True,included,10.63,10.9633000692,10.9633000692,0.3333000692,0.3333000692,True,True
joint model,retrospective connectivity-grouped out-of-fold evaluation,3,context:660926094fbfaa917710f4d4,XWVMHHKVOZLYQQ,mayr:1137,DMSO,C-Nucleophiles,Carbanions,figure_s3,True,included,23.64,24.8226178487,24.8226178487,1.1826178487,1.1826178487,True,True
joint model,retrospective connectivity-grouped out-of-fold evaluation,3,context:66a203c41d748f0dbb9884b3,SYFJKBMUTRSQMS,mayr:1392,DMSO,C-Nucleophiles,Carbanions,figure_s3,True,included,17.46,15.1840858459,15.1840858459,2.2759141541,2.2759141541,False,False
joint model,retrospective connectivity-grouped out-of-fold evaluation,3,context:6ca49dd3e58cf3ece1828586,RTAVABBUANOMOB,mayr:1666,MeCN,C-Nucleophiles,"Enamines, Enamides, and Ynamides",figure_s3,True,included,6.49,7.46541150411,7.46541150411,0.97541150411,0.97541150411,True,True
joint model,retrospective connectivity-grouped out-of-fold evaluation,3,context:6e4a57174d6946a6f98a2810,WBTCPVUCKKBWBS,mayr:700,DMSO,N-Nucleophiles,Amide anions (N reactivity),figure_s4,True,included,16.03,17.0368836721,17.0368836721,1.0068836721,1.0068836721,True,True
joint model,retrospective connectivity-grouped out-of-fold evaluation,3,context:6e77ad84c6fe1778bede0d24,GCNTZFIIOFTKIY,mayr:725,water,N-Nucleophiles,Amide anions (N reactivity),figure_s4,True,included,14.76,14.1768379211,14.1768379211,0.5831620789,0.5831620789,True,True
joint model,retrospective connectivity-grouped out-of-fold evaluation,3,context:6f179f777671ea16f97d3411,JAECFOXREFJWIQ,mayr:1349,DMSO,C-Nucleophiles,Carbanions,figure_s3,True,included,26.9,27.8745708466,27.8745708466,0.9745708466,0.9745708466,True,True
joint model,retrospective connectivity-grouped out-of-fold evaluation,3,context:6f78921165095c04644f69b0,YNAVUWVOSKDBBP,mayr:113,DMSO,N-Nucleophiles,Aliphatic amines,figure_s4,True,included,16.96,16.0753421783,16.0753421783,0.8846578217,0.8846578217,True,True
joint model,retrospective connectivity-grouped out-of-fold evaluation,3,context:70447420a047d2e1c6853be4,UUTZEAQZDHSEAL,mayr:980,dichloromethane,H-Nucleophiles,H-Si hydride donors,figure_s5,True,included,3.4,3.34862295787,3.34862295787,0.05137704213,0.05137704213,True,True
joint model,retrospective connectivity-grouped out-of-fold evaluation,3,context:71d67a01ba53a82b13c163b0,WCMLRSZJUIKVCW,mayr:1606,DMSO,S- and Se-Nucleophiles,,,True,included,21.3,21.9229246775,21.9229246775,0.6229246775,0.6229246775,True,True
joint model,retrospective connectivity-grouped out-of-fold evaluation,3,context:72f1954993f4e7c8534b029c,HOKIBTXDUCLZQR,mayr:713,DMSO,C-Nucleophiles,Ylides,figure_s3,True,included,15.85,16.098338445,16.098338445,0.248338445,0.248338445,True,True
joint model,retrospective connectivity-grouped out-of-fold evaluation,3,context:73feb99f4e6b4ddbd88ec1a7,YKHWTRUFZHTBMJ,mayr:564,DMSO,C-Nucleophiles,Carbanions,figure_s3,True,included,24.3,23.1734555562,23.1734555562,1.1265444438,1.1265444438,True,True
joint model,retrospective connectivity-grouped out-of-fold evaluation,3,context:747e9b73428e74177ffb857a,XTPVMJZCDLGELL,mayr:287,water,C-Nucleophiles,Carbanions,figure_s3,True,included,15.99,14.9010429382,14.9010429382,1.0889570618,1.0889570618,True,True
joint model,retrospective connectivity-grouped out-of-fold evaluation,3,context:7570ecd2c3bbd68836b63493,GWWFMBNBRVZBPC,mayr:1261,dichloromethane,C-Nucleophiles,Allyl Element Compounds,figure_s3,True,included,6.68,1.99508635203,1.57160568237,4.68491364797,5.10839431763,False,False
joint model,retrospective connectivity-grouped out-of-fold evaluation,3,context:75b4fd93c019deb5a01c69a9,IAQRGUVFOMOMEM,mayr:51,dichloromethane,C-Nucleophiles,Alkenes,figure_s3,True,included,-2.44,-0.604225476583,-0.604225476583,1.83577452342,1.83577452342,True,True
joint model,retrospective connectivity-grouped out-of-fold evaluation,3,context:75c98a4330ae1af2e4b9d3f8,LDWDMHUVQVGZOX,mayr:1190,dichloromethane,C-Nucleophiles,"Enamines, Enamides, and Ynamides",figure_s3,True,included,5.16,3.02172470093,3.02172470093,2.13827529907,2.13827529907,False,False
joint model,retrospective connectivity-grouped out-of-fold evaluation,3,context:79c65256b559d6d381320fb6,GQHTUMJGOHRCHB,mayr:559,MeCN,N-Nucleophiles,Amidines and Imines,figure_s4,True,included,15.29,15.5288356145,15.5288356145,0.2388356145,0.2388356145,True,True
joint model,retrospective connectivity-grouped out-of-fold evaluation,3,context:7afc77936697482adb7a1f43,UYPHGAMYOHOZJK,mayr:1735,dichloromethane,N-Nucleophiles,Isochalkogenoureas,figure_s4,True,included,16.63,15.6143334707,15.6143334707,1.0156665293,1.0156665293,True,True
joint model,retrospective connectivity-grouped out-of-fold evaluation,3,context:7dc431d0c7fb19fbe1db981a,RWCLZNAGACFNEX,mayr:990,dichloromethane,H-Nucleophiles,H-Si hydride donors,figure_s5,True,included,2.27,2.4431292216,2.4431292216,0.1731292216,0.1731292216,True,True
joint model,retrospective connectivity-grouped out-of-fold evaluation,3,context:7dcccb2e6906ee18d7b7a0bf,YXFVVABEGXRONW,mayr:27,dichloromethane,C-Nucleophiles,Arenes,figure_s3,True,included,-4.36,-2.63242212931,-4.65742937724,1.72757787069,0.29742937724,True,True
joint model,retrospective connectivity-grouped out-of-fold evaluation,3,context:7e668643a74ae47e7d41748f,OHYUGAGDOHRBPX,mayr:1356,DMSO,C-Nucleophiles,Carbanions,figure_s3,True,included,15.97,15.5629240672,15.5629240672,0.4070759328,0.4070759328,True,True
joint model,retrospective connectivity-grouped out-of-fold evaluation,3,context:802efb563294ee44870311da,IMNIMPAHZVJRPE,mayr:518,MeCN,N-Nucleophiles,Aliphatic amines,figure_s4,True,included,18.8,17.5307102203,17.5307102203,1.2692897797,1.2692897797,True,True
joint model,retrospective connectivity-grouped out-of-fold evaluation,3,context:8091521933b80d1d2bcb055b,DJBNGARJVCYIMQ,mayr:1255,MeCN,C-Nucleophiles,"Alkyl, Alkenyl and Aryl Boron Compounds",figure_s3,True,included,6.5,8.86623255412,8.19125747681,2.36623255412,1.69125747681,False,True
joint model,retrospective connectivity-grouped out-of-fold evaluation,3,context:811ae9efcd0193872121497e,WGYKZJWCGVVSQN,mayr:111,DMSO,N-Nucleophiles,Aliphatic amines,figure_s4,True,included,15.7,16.0694157283,16.0694157283,0.3694157283,0.3694157283,True,True
joint model,retrospective connectivity-grouped out-of-fold evaluation,3,context:83d89f504c32f936af35d07c,OAJHUPAFXARZGF,mayr:792,dichloromethane,N-Nucleophiles,Isochalkogenoureas,figure_s4,True,included,13,14.3249702454,14.3249702454,1.3249702454,1.3249702454,True,True
joint model,retrospective connectivity-grouped out-of-fold evaluation,3,context:84078208c008c047b25acf64,YERBBVNYIKLXDM,mayr:341,water,C-Nucleophiles,Carbanions,figure_s3,True,included,11.25,11.2072512309,11.2072512309,0.0427487691,0.0427487691,True,True
joint model,retrospective connectivity-grouped out-of-fold evaluation,3,context:840fd600607d5836cc66637e,ZRNARZDEJVFNSK,mayr:813,MeCN,S- and Se-Nucleophiles,,,True,included,23.61,21.7711448669,21.7711448669,1.8388551331,1.8388551331,True,True
joint model,retrospective connectivity-grouped out-of-fold evaluation,3,context:86147d68481eeb09813c9fc3,XLYOFNOQVPJJNP,mayr:103,water,O-Nucleophiles,Alkoxide Anions,figure_s6,True,included,10.47,14.6223319372,14.6223319372,4.1523319372,4.1523319372,False,False
joint model,retrospective connectivity-grouped out-of-fold evaluation,3,context:863b376abd11b6cd8ab3f8ba,QGGUMTNPIYCTSF,mayr:991,dichloromethane,H-Nucleophiles,H-Si hydride donors,figure_s5,True,included,0.19,-5.31049537659,-0.469468752543,5.50049537659,0.659468752543,False,True
joint model,retrospective connectivity-grouped out-of-fold evaluation,3,context:8714bd2dca42ece385720228,WVBWWBNJMBVGNG,mayr:1667,dichloromethane,C-Nucleophiles,"Enamines, Enamides, and Ynamides",figure_s3,True,included,8.13,7.85044733683,7.85044733683,0.27955266317,0.27955266317,True,True
joint model,retrospective connectivity-grouped out-of-fold evaluation,3,context:87908d0dc6a3a19f1ab7b04a,YERBBVNYIKLXDM,mayr:1671,DMF,C-Nucleophiles,Carbanions,figure_s3,True,included,22.21,18.6106115977,18.6106115977,3.5993884023,3.5993884023,False,False
joint model,retrospective connectivity-grouped out-of-fold evaluation,3,context:88dc2fb2a8fa785ece10e5c8,SGUVLZREKBPKCE,mayr:560,MeCN,N-Nucleophiles,Amidines and Imines,figure_s4,True,included,16.28,15.4359105428,15.4359105428,0.8440894572,0.8440894572,True,True
joint model,retrospective connectivity-grouped out-of-fold evaluation,3,context:892c9c011ecfd597feecbf8d,CQJDYPZUDYXHLM,mayr:1608,DMSO,S- and Se-Nucleophiles,,,True,included,22.5,22.7421099345,22.7421099345,0.2421099345,0.2421099345,True,True
joint model,retrospective connectivity-grouped out-of-fold evaluation,3,context:8a5b36b60b7cfcb57c3ad503,ZMYZJAQMQBHNLH,mayr:1754,dichloromethane,N-Nucleophiles,Isochalkogenoureas,figure_s4,True,included,13.45,14.096432368,14.096432368,0.646432368,0.646432368,True,True
joint model,retrospective connectivity-grouped out-of-fold evaluation,3,context:8a7ef30a23323e8945cc9794,QVOVAPDFMDEZJZ,mayr:337,dichloromethane,C-Nucleophiles,Enol Ethers,figure_s3,True,included,10.21,9.87249056498,9.87249056498,0.33750943502,0.33750943502,True,True
joint model,retrospective connectivity-grouped out-of-fold evaluation,3,context:8ba2d320c3b6827037459f01,VJGBJVIKLSPWJY,mayr:1250,MeCN,C-Nucleophiles,"Alkyl, Alkenyl and Aryl Boron Compounds",figure_s3,True,included,7.67,7.17176580429,9.25806172689,0.49823419571,1.58806172689,True,True
joint model,retrospective connectivity-grouped out-of-fold evaluation,3,context:900e0ef528d122743759721d,KFTADSJYQHFUKZ,mayr:1290,DMSO,C-Nucleophiles,Carbanions,figure_s3,True,included,20.02,21.0969708761,21.0969708761,1.0769708761,1.0769708761,True,True
joint model,retrospective connectivity-grouped out-of-fold evaluation,3,context:90b4f64e72ef28d9e9981436,ZOQOPXVJANRGJZ,mayr:1488,DMSO,O-Nucleophiles,Phenolate Ions,figure_s6,True,included,18.47,17.9079538981,17.9079538981,0.5620461019,0.5620461019,True,True
joint model,retrospective connectivity-grouped out-of-fold evaluation,3,context:91c341b607fd8bb66bfb35b4,PYQMBKPWEPUANG,mayr:1456,MeCN,C-Nucleophiles,Enol Ethers,figure_s3,True,included,3,4.05270735423,4.05270735423,1.05270735423,1.05270735423,True,True
joint model,retrospective connectivity-grouped out-of-fold evaluation,3,context:949b1c1beccdbbc6ac0e4e06,ZOQOPXVJANRGJZ,mayr:1490,DMF,O-Nucleophiles,Phenolate Ions,figure_s6,True,included,20.37,19.2696247101,19.2696247101,1.1003752899,1.1003752899,True,True
joint model,retrospective connectivity-grouped out-of-fold evaluation,3,context:94a61b16c071603466488247,IQKSLJOIKWOGIZ,mayr:196,dichloromethane,P-Nucleophiles,,,True,included,12.58,14.2635790507,14.2635790507,1.6835790507,1.6835790507,True,True
joint model,retrospective connectivity-grouped out-of-fold evaluation,3,context:9577da62c06995023c463936,YXZRFWIVBXHTBE,mayr:1458,MeCN,C-Nucleophiles,Enol Ethers,figure_s3,True,included,7.32,5.45527839661,5.45527839661,1.86472160339,1.86472160339,True,True
joint model,retrospective connectivity-grouped out-of-fold evaluation,3,context:96cc12243cb7308b7a7b879d,AAAQKTZKLRYKHR,mayr:1020,dichloromethane,H-Nucleophiles,H-C hydride donors,figure_s5,True,included,-4.27,-5.61121241252,-5.61121241252,1.34121241252,1.34121241252,True,True
joint model,retrospective connectivity-grouped out-of-fold evaluation,3,context:982b6372a6e0963fa3349f82,YVDVSJFCKBIGDL,mayr:1254,MeCN,C-Nucleophiles,"Alkyl, Alkenyl and Aryl Boron Compounds",figure_s3,True,included,11.85,8.48259385427,8.48259385427,3.36740614573,3.36740614573,False,False
joint model,retrospective connectivity-grouped out-of-fold evaluation,3,context:9af11d59c9ea233c8010f6bb,BTCSSZJGUNDROE,mayr:546,water,N-Nucleophiles,Amino acids,figure_s4,True,included,13.55,13.6179240545,13.6179240545,0.0679240545,0.0679240545,True,True
joint model,retrospective connectivity-grouped out-of-fold evaluation,3,context:9d2c3139ea78de96abdbe5ad,RAXXELZNTBOGNW,mayr:656,DMSO,N-Nucleophiles,Azoles and Azole Anions,figure_s4,True,included,11.58,11.6625375748,11.6625375748,0.0825375748,0.0825375748,True,True
joint model,retrospective connectivity-grouped out-of-fold evaluation,3,context:9ed05bdbe4e0643fba096326,VEXZGXHMUGYJMC,mayr:365,EtOH,Halide Anions,,,False,excluded as one of the three smallest observed solvent strata,14.7,10.9449294408,10.9449294408,3.7550705592,3.7550705592,False,False
joint model,retrospective connectivity-grouped out-of-fold evaluation,3,context:a2b956996902a0c95279f30c,IAPQCQCJCOIPGG,mayr:1388,water,O-Nucleophiles,Peroxy anions,figure_s6,True,included,17.84,18.095553716,18.095553716,0.255553716,0.255553716,True,True
joint model,retrospective connectivity-grouped out-of-fold evaluation,3,context:a3e9db402d50367ae82f56f8,ULVUGRJTZCWZRN,mayr:1383,water,O-Nucleophiles,Peroxy anions,figure_s6,True,included,17.93,18.6316229502,18.6316229502,0.7016229502,0.7016229502,True,True
joint model,retrospective connectivity-grouped out-of-fold evaluation,3,context:a67192e244b884f7edaf5de7,PRPMBEZVXZKPOS,mayr:95,dichloromethane,H-Nucleophiles,H-C hydride donors,figure_s5,True,included,-0.73,-0.698260943095,-0.698260943095,0.031739056905,0.031739056905,True,True
joint model,retrospective connectivity-grouped out-of-fold evaluation,3,context:a6ae47f323efa3e6a6ecd529,AZQJMOSEBVCAFB,mayr:1631,MeCN,C-Nucleophiles,"Enamines, Enamides, and Ynamides",figure_s3,True,included,7.74,7.96181329091,7.96181329091,0.22181329091,0.22181329091,True,True
joint model,retrospective connectivity-grouped out-of-fold evaluation,3,context:a6b771105ca338023cde458a,WVBWWBNJMBVGNG,mayr:1659,MeCN,C-Nucleophiles,"Enamines, Enamides, and Ynamides",figure_s3,True,included,8.12,8.02758566538,8.02758566538,0.09241433462,0.09241433462,True,True
joint model,retrospective connectivity-grouped out-of-fold evaluation,3,context:a92d0aa3a11b4e464645e329,KAESVJOAVNADME,mayr:100,dichloromethane,C-Nucleophiles,Arenes,figure_s3,True,included,4.63,5.61727666855,5.61727666855,0.98727666855,0.98727666855,True,True
joint model,retrospective connectivity-grouped out-of-fold evaluation,3,context:aad56734dc6233eba8f81f7d,BGCWDXXJMUHZHE,mayr:1757,MeCN,C-Nucleophiles,Enol Ethers,figure_s3,True,included,7.65,6.04488627116,6.04488627116,1.60511372884,1.60511372884,True,True
joint model,retrospective connectivity-grouped out-of-fold evaluation,3,context:ab4f099cc387e071731b479d,LYINTWKRUWVLBA,mayr:1010,dichloromethane,H-Nucleophiles,H-C hydride donors,figure_s5,True,included,-0.9,-0.742285092672,-0.742285092672,0.157714907328,0.157714907328,True,True
joint model,retrospective connectivity-grouped out-of-fold evaluation,3,context:acdfdd2ff1742eb7efc5f7a8,ZMPUERSSNVHHJM,mayr:1772,dichloromethane,C-Nucleophiles,Enol Ethers,figure_s3,True,included,4.01,4.07931693395,4.07931693395,0.06931693395,0.06931693395,True,True
joint model,retrospective connectivity-grouped out-of-fold evaluation,3,context:ad9d3bb3f215a1bd183c99b2,XLYOFNOQVPJJNP,mayr:101,water,O-Nucleophiles,Alcohols and aqueous solvents,figure_s6,True,included,5.2,5.80287075043,5.80287075043,0.60287075043,0.60287075043,True,True
joint model,retrospective connectivity-grouped out-of-fold evaluation,3,context:b341dc1bd2106af80f2da057,OWWIWYDDISJUMY,mayr:157,dichloromethane,C-Nucleophiles,Alkenes,figure_s3,True,included,0.65,-0.0198599497477,-0.0198599497477,0.669859949748,0.669859949748,True,True
joint model,retrospective connectivity-grouped out-of-fold evaluation,3,context:b3a275786bb7f842b880c170,SIKJAQJRHWYJAI,mayr:78,dichloromethane,C-Nucleophiles,Arenes,figure_s3,True,included,5.55,4.58699766795,4.58699766795,0.96300233205,0.96300233205,True,True
joint model,retrospective connectivity-grouped out-of-fold evaluation,3,context:b44b93b78777b9b06d72907a,YAYTYCFOMPKBLT,mayr:288,water,C-Nucleophiles,Carbanions,figure_s3,True,included,19.5,12.9146881104,12.9146881104,6.5853118896,6.5853118896,False,False
joint model,retrospective connectivity-grouped out-of-fold evaluation,3,context:b7e1139870fe9139d0577224,LRLGEWICBZWMKM,mayr:1689,DMSO,C-Nucleophiles,NHOs (conventional and mesoionic),figure_s3,True,included,19.91,20.6079953512,20.6079953512,0.6979953512,0.6979953512,True,True
joint model,retrospective connectivity-grouped out-of-fold evaluation,3,context:b840db4d6d4c6e3bf4370ca3,YGYSYVIYOVIODP,mayr:708,DMSO,N-Nucleophiles,Amide anions (N reactivity),figure_s4,True,included,18.61,17.0681902568,17.0681902568,1.5418097432,1.5418097432,True,True
joint model,retrospective connectivity-grouped out-of-fold evaluation,3,context:b8690ed83fcc1f63ec6a3192,AVAKHEUFLLONCE,mayr:801,dichloromethane,N-Nucleophiles,Isochalkogenoureas,figure_s4,True,included,16.5,14.3055712382,14.3055712382,2.1944287618,2.1944287618,False,False
joint model,retrospective connectivity-grouped out-of-fold evaluation,3,context:b87ab519eed317de504f5e06,KTSWILXIWHVQLR,mayr:65,dichloromethane,H-Nucleophiles,H-Sn and H-Ge hydride donors,figure_s5,True,included,5.92,4.53677225113,4.53677225113,1.38322774887,1.38322774887,True,True
joint model,retrospective connectivity-grouped out-of-fold evaluation,3,context:b88c67ca401e48fbfab5c039,OTLNPYWUJOZPPA,mayr:787,MeCN,O-Nucleophiles,Carboxylates and Carbonates,figure_s6,True,included,15.3,15.6200269063,15.6200269063,0.3200269063,0.3200269063,True,True
joint model,retrospective connectivity-grouped out-of-fold evaluation,3,context:bd9bcdb175e11b897dabcd28,NJRFUIBZODLJFT,mayr:1533,MeCN,N-Nucleophiles,Aliphatic amines,figure_s4,True,included,15.32,13.2148065567,12.4472799301,2.1051934433,2.8727200699,False,False
joint model,retrospective connectivity-grouped out-of-fold evaluation,3,context:bda4a8efd0a6071173148caf,MZRSAJZDYIISJW,mayr:606,dichloromethane,C-Nucleophiles,Ylides,figure_s3,True,included,9.54,10.5016638438,10.5016638438,0.9616638438,0.9616638438,True,True
joint model,retrospective connectivity-grouped out-of-fold evaluation,3,context:bf8585ddd47f6b23a6dfb659,YLQBMQCUIZJEEH,mayr:164,dichloromethane,C-Nucleophiles,Arenes,figure_s3,True,included,1.33,0.938037236532,0.938037236532,0.391962763468,0.391962763468,True,True
joint model,retrospective connectivity-grouped out-of-fold evaluation,3,context:c230f506962530139725d833,OISVCGZHLKNMSJ,mayr:1676,dichloromethane,N-Nucleophiles,"Pyridines, Quinolines etc.",figure_s4,True,included,9.87,9.38837941488,9.38837941488,0.48162058512,0.48162058512,True,True
joint model,retrospective connectivity-grouped out-of-fold evaluation,3,context:c28e9784db55d15adb8563d0,RFCQDOVPMUSZMN,mayr:1616,DMSO,S- and Se-Nucleophiles,,,True,included,22.55,22.4885851542,22.4885851542,0.0614148458,0.0614148458,True,True
joint model,retrospective connectivity-grouped out-of-fold evaluation,3,context:c39a3b2388910651eb46e771,CSFAVKFWVDJVAR,mayr:1661,MeCN,C-Nucleophiles,"Enamines, Enamides, and Ynamides",figure_s3,True,included,9.64,9.10244083405,9.10244083405,0.53755916595,0.53755916595,True,True
joint model,retrospective connectivity-grouped out-of-fold evaluation,3,context:c3a5cfbb7858313910f80629,CKPJWJGGZOJURQ,mayr:1017,dichloromethane,H-Nucleophiles,H-C hydride donors,figure_s5,True,included,1.35,-1.49596405029,-1.49596405029,2.84596405029,2.84596405029,False,False
joint model,retrospective connectivity-grouped out-of-fold evaluation,3,context:c56d8e873d18427b4a6c2221,JITQYZIBZBYZSK,mayr:1733,MeCN,N-Nucleophiles,Isochalkogenoureas,figure_s4,True,included,15.84,15.5627498627,15.5627498627,0.2772501373,0.2772501373,True,True
joint model,retrospective connectivity-grouped out-of-fold evaluation,3,context:c5ab4fbff33ea1c23ed1a668,YAYTYCFOMPKBLT,mayr:120,DMSO,C-Nucleophiles,Carbanions,figure_s3,True,included,19.36,18.3006928762,18.3006928762,1.0593071238,1.0593071238,True,True
joint model,retrospective connectivity-grouped out-of-fold evaluation,3,context:c67fcfe4828561685a6b02aa,VHYFNPMBLIVWCW,mayr:454,DMSO,N-Nucleophiles,"Pyridines, Quinolines etc.",figure_s4,True,included,14.8,15.2668704987,15.7175245285,0.4668704987,0.9175245285,True,True
joint model,retrospective connectivity-grouped out-of-fold evaluation,3,context:c6871fd1a2609465bc08b9ff,IUFWLBQYLXTUFY,mayr:339,dichloromethane,C-Nucleophiles,Enol Ethers,figure_s3,True,included,10.38,8.84001572927,8.84001572927,1.53998427073,1.53998427073,True,True
joint model,retrospective connectivity-grouped out-of-fold evaluation,3,context:c717312c7fe3cd46f5294a98,GCHPDOOMYGOBOI,mayr:1771,dichloromethane,C-Nucleophiles,Enol Ethers,figure_s3,True,included,1.85,2.29420757294,2.29420757294,0.44420757294,0.44420757294,True,True
joint model,retrospective connectivity-grouped out-of-fold evaluation,3,context:c7d66d4e45144188209f398f,QGBMSFLTRRZTGI,mayr:979,dichloromethane,H-Nucleophiles,H-Si hydride donors,figure_s5,True,included,3.3,3.33218574524,3.33218574524,0.03218574524,0.03218574524,True,True
joint model,retrospective connectivity-grouped out-of-fold evaluation,3,context:c8f7eb26a0d2738c3301f876,RAXXELZNTBOGNW,mayr:657,water,N-Nucleophiles,Azoles and Azole Anions,figure_s4,True,included,9.63,9.28025372823,9.28025372823,0.34974627177,0.34974627177,True,True
joint model,retrospective connectivity-grouped out-of-fold evaluation,3,context:c929963fdc06b138006e5312,LLAIMYGLOIRRGL,mayr:1215,DMSO,C-Nucleophiles,Carbanions,figure_s3,True,included,12.02,14.1306196849,14.1306196849,2.1106196849,2.1106196849,False,False
joint model,retrospective connectivity-grouped out-of-fold evaluation,3,context:c92b1880a8e55736b899ad4d,NFHRNKANAAGQOH,mayr:64,dichloromethane,H-Nucleophiles,H-Sn and H-Ge hydride donors,figure_s5,True,included,5.64,6.96849107742,6.96849107742,1.32849107742,1.32849107742,True,True
joint model,retrospective connectivity-grouped out-of-fold evaluation,3,context:cbf66445fe772b3b7820a6db,ASHGTJPOSUFTGB,mayr:1511,MeCN,O-Nucleophiles,Phenolate Ions,figure_s6,True,included,18.81,20.5386918386,20.5386918386,1.7286918386,1.7286918386,True,True
joint model,retrospective connectivity-grouped out-of-fold evaluation,3,context:cc7462c586f1194519c806fa,IWDCLRJOBJJRNH,mayr:1503,DMSO,O-Nucleophiles,Phenolate Ions,figure_s6,True,included,19.08,20.0007095337,20.0007095337,0.9207095337,0.9207095337,True,True
joint model,retrospective connectivity-grouped out-of-fold evaluation,3,context:d1bb2f25909a5e2048042b2d,VVJKKWFAADXIJK,mayr:495,water,N-Nucleophiles,Aliphatic amines,figure_s4,True,included,13.21,13.5044720968,13.5044720968,0.2944720968,0.2944720968,True,True
joint model,retrospective connectivity-grouped out-of-fold evaluation,3,context:d1f97a98cb5a25be406a8195,XTPVMJZCDLGELL,mayr:119,DMSO,C-Nucleophiles,Carbanions,figure_s3,True,included,18.82,18.4842650096,18.4842650096,0.3357349904,0.3357349904,True,True
joint model,retrospective connectivity-grouped out-of-fold evaluation,3,context:d4152848c65b374210bdc5ef,GCNTZFIIOFTKIY,mayr:723,DMSO,N-Nucleophiles,Amide anions (N reactivity),figure_s4,True,included,18.97,20.1553592682,20.1553592682,1.1853592682,1.1853592682,True,True
joint model,retrospective connectivity-grouped out-of-fold evaluation,3,context:d4780e321293e26a4a497619,MVUMJYQUKKUOHO,mayr:87,dichloromethane,C-Nucleophiles,"Enamines, Enamides, and Ynamides",figure_s3,True,included,9.43,9.45534420013,8.41371949514,0.02534420013,1.01628050486,True,True
joint model,retrospective connectivity-grouped out-of-fold evaluation,3,context:d4c2fab5287ea7098f4f0230,OISVCGZHLKNMSJ,mayr:1677,MeCN,N-Nucleophiles,"Pyridines, Quinolines etc.",figure_s4,True,included,9.11,9.60928408305,9.60928408305,0.49928408305,0.49928408305,True,True
joint model,retrospective connectivity-grouped out-of-fold evaluation,3,context:d5b20f0c1691f088a3ff765f,SWILASQDIICLLP,mayr:1022,MeCN,H-Nucleophiles,H-C hydride donors,figure_s5,True,included,-5.18,-7.02623176575,-7.02623176575,1.84623176575,1.84623176575,True,True
joint model,retrospective connectivity-grouped out-of-fold evaluation,3,context:d8803a83cbf2e897e4af9181,OXOBKZZXZVFOBB,mayr:1521,MeCN,N-Nucleophiles,Aliphatic amines,figure_s4,True,included,16.61,16.1802304586,16.1802304586,0.4297695414,0.4297695414,True,True
joint model,retrospective connectivity-grouped out-of-fold evaluation,3,context:d9562f42b5877daf1cc02d8d,BJMUOUXGBFNLSN,mayr:80,dichloromethane,C-Nucleophiles,Arenes,figure_s3,True,included,6.54,6.8552330335,6.8552330335,0.3152330335,0.3152330335,True,True
joint model,retrospective connectivity-grouped out-of-fold evaluation,3,context:daf0907985231c6efeca64e8,UAIFZYSPVVBOPN,mayr:45,dichloromethane,C-Nucleophiles,Enol Ethers,figure_s3,True,included,5.41,5.12601915995,5.12601915995,0.28398084005,0.28398084005,True,True
joint model,retrospective connectivity-grouped out-of-fold evaluation,3,context:dbb2b7aa0524286e51014716,UBCOTVOUIYQRDQ,mayr:1238,DMSO,C-Nucleophiles,Carbanions,figure_s3,True,included,17.19,16.2728830973,16.2728830973,0.9171169027,0.9171169027,True,True
joint model,retrospective connectivity-grouped out-of-fold evaluation,3,context:dc62c3a7eb79716791382b52,IUHHODLEEGNQCK,mayr:1589,dichloromethane,C-Nucleophiles,Diazo Compounds and Hydrazones,figure_s3,True,included,0.16,0.0974626541138,0.0974626541138,0.0625373458862,0.0625373458862,True,True
joint model,retrospective connectivity-grouped out-of-fold evaluation,3,context:dcec0d5191af8ca31753e7ff,RJARUKHEHLEIMS,mayr:1301,DMSO,C-Nucleophiles,Carbanions,figure_s3,True,included,15.93,16.3516419729,16.3516419729,0.4216419729,0.4216419729,True,True
joint model,retrospective connectivity-grouped out-of-fold evaluation,3,context:dda994161815a3495545a2e3,AFCAKJKUYFLYFK,mayr:1016,dichloromethane,H-Nucleophiles,H-C hydride donors,figure_s5,True,included,-0.3,-4.30512682597,-4.30512682597,4.00512682597,4.00512682597,False,False
joint model,retrospective connectivity-grouped out-of-fold evaluation,3,context:ddcdb6bd7f3df6e91f5d8652,ZFLFWZRPMDXJCW,mayr:467,MeCN,C-Nucleophiles,Arenes,figure_s3,True,included,7.22,6.96190373103,6.96190373103,0.25809626897,0.25809626897,True,True
joint model,retrospective connectivity-grouped out-of-fold evaluation,3,context:de3b2485e87e95ef76620c9a,MNLNQEMXGZMOEI,mayr:1133,dichloromethane,N-Nucleophiles,Imidazolines and related compounds,figure_s4,True,included,14.62,13.3964090347,13.3964090347,1.2235909653,1.2235909653,True,True
joint model,retrospective connectivity-grouped out-of-fold evaluation,3,context:df10f25647cc5e1526092073,CHDOLVPDVFKCKP,mayr:338,dichloromethane,C-Nucleophiles,Enol Ethers,figure_s3,True,included,10.32,10.2630726496,10.2630726496,0.0569273504,0.0569273504,True,True
joint model,retrospective connectivity-grouped out-of-fold evaluation,3,context:df4a5feae3fda103be3d480a,IRCZONILFAZELT,mayr:1444,dichloromethane,C-Nucleophiles,Diazo Compounds and Hydrazones,figure_s3,True,included,7.66,8.41655572255,8.41655572255,0.75655572255,0.75655572255,True,True
joint model,retrospective connectivity-grouped out-of-fold evaluation,3,context:dfc76f6e772b215b852beb3f,BWZVCCNYKMEVEX,mayr:1678,dichloromethane,N-Nucleophiles,"Pyridines, Quinolines etc.",figure_s4,True,included,9.34,10.8586209615,10.8586209615,1.5186209615,1.5186209615,True,True
joint model,retrospective connectivity-grouped out-of-fold evaluation,3,context:e087b743f12113f78646f735,YERBBVNYIKLXDM,mayr:205,DMSO,C-Nucleophiles,Carbanions,figure_s3,True,included,21.54,19.9788118998,19.9788118998,1.5611881002,1.5611881002,True,True
joint model,retrospective connectivity-grouped out-of-fold evaluation,3,context:e24e4d7fd96d667c1d2deccf,ZDXPYRJPNDTMRX,mayr:538,water,N-Nucleophiles,Amino acids,figure_s4,True,included,13.45,13.5456034342,13.5456034342,0.0956034342,0.0956034342,True,True
joint model,retrospective connectivity-grouped out-of-fold evaluation,3,context:e2d071d237cecc852b1a0c6f,JMXPLMBSBMEJNB,mayr:1134,DMSO,C-Nucleophiles,Carbanions,figure_s3,True,included,27.54,27.1524537404,27.1524537404,0.3875462596,0.3875462596,True,True
joint model,retrospective connectivity-grouped out-of-fold evaluation,3,context:e3e7cd05eef9b734b558fd7a,RRKDQZVVBXLBDC,mayr:48,dichloromethane,C-Nucleophiles,Enol Ethers,figure_s3,True,included,8.23,7.74735879898,7.74735879898,0.48264120102,0.48264120102,True,True
joint model,retrospective connectivity-grouped out-of-fold evaluation,3,context:e4917630ae07ba3dcfae3ed7,CVHZOJJKTDOEJC,mayr:726,MeCN,N-Nucleophiles,Amide anions (N reactivity),figure_s4,True,included,10.78,11.8889401754,11.8889401754,1.1089401754,1.1089401754,True,True
joint model,retrospective connectivity-grouped out-of-fold evaluation,3,context:e6ff6b0b2d0e3769c13a548c,QNLJVGMVNHDIKM,mayr:1776,dichloromethane,C-Nucleophiles,Enol Ethers,figure_s3,True,included,2.04,2.20329380035,2.20329380035,0.16329380035,0.16329380035,True,True
joint model,retrospective connectivity-grouped out-of-fold evaluation,3,context:e79fe3c23b9bd6857d93b8d3,FKNQCJSGGFJEIZ,mayr:444,dichloromethane,N-Nucleophiles,"Pyridines, Quinolines etc.",figure_s4,True,included,13.7,13.8918031057,13.8918031057,0.1918031057,0.1918031057,True,True
joint model,retrospective connectivity-grouped out-of-fold evaluation,3,context:ee79474ab6712126e20b8f97,MHAJPDPJQMAIIY,mayr:110,water,O-Nucleophiles,Peroxy anions,figure_s6,True,included,15.4,15.5898443858,17.7664629618,0.1898443858,2.3664629618,True,False
joint model,retrospective connectivity-grouped out-of-fold evaluation,3,context:eef73f92f21983ff483b9239,VHYFNPMBLIVWCW,mayr:451,MeCN,N-Nucleophiles,"Pyridines, Quinolines etc.",figure_s4,True,included,15.51,14.7914301554,14.7914301554,0.7185698446,0.7185698446,True,True
joint model,retrospective connectivity-grouped out-of-fold evaluation,3,context:f28ec5da63392e1651687bce,NWSWKDROXITUOW,mayr:1268,MeCN,C-Nucleophiles,"Alkyl, Alkenyl and Aryl Boron Compounds",figure_s3,True,included,8.56,9.62179629008,9.62179629008,1.06179629008,1.06179629008,True,True
joint model,retrospective connectivity-grouped out-of-fold evaluation,3,context:f53eba96ba1e12264d2d7bc1,FKNQCJSGGFJEIZ,mayr:445,water,N-Nucleophiles,"Pyridines, Quinolines etc.",figure_s4,True,included,11.1,11.8385572433,11.8385572433,0.7385572433,0.7385572433,True,True
joint model,retrospective connectivity-grouped out-of-fold evaluation,3,context:f7029689fcad4f0347c63c73,XLYOFNOQVPJJNP,mayr:1600,MeCN,O-Nucleophiles,Alcohols and aqueous solvents,figure_s6,True,included,5.79,6.09367783864,6.09367783864,0.30367783864,0.30367783864,True,True
joint model,retrospective connectivity-grouped out-of-fold evaluation,3,context:f79cbdea285f4ccacece2c07,QJWQYVJVCXMTJP,mayr:960,MeCN,N-Nucleophiles,"Pyridines, Quinolines etc.",figure_s4,True,included,14.8,14.3200743993,14.3200743993,0.4799256007,0.4799256007,True,True
joint model,retrospective connectivity-grouped out-of-fold evaluation,3,context:f8a9352cc568c9cf5cf6ccac,ISWSIDIOOBJBQZ,mayr:1502,DMF,O-Nucleophiles,Phenolate Ions,figure_s6,True,included,18.86,20.072517395,20.072517395,1.212517395,1.212517395,True,True
joint model,retrospective connectivity-grouped out-of-fold evaluation,3,context:fae015fae1f808d3fa919340,PEHJULPJEVIIFJ,mayr:225,dichloromethane,C-Nucleophiles,Enol Ethers,figure_s3,True,included,3.78,3.54644552867,3.54644552867,0.23355447133,0.23355447133,True,True
joint model,retrospective connectivity-grouped out-of-fold evaluation,3,context:fb1a5b3581ec7dcfb5223458,PPBRXRYQALVLMV,mayr:31,dichloromethane,C-Nucleophiles,Alkenes,figure_s3,True,included,0.78,0.801873842875,0.801873842875,0.021873842875,0.021873842875,True,True
joint model,retrospective connectivity-grouped out-of-fold evaluation,3,context:fb79cf9c01dfd62ac3953c15,CILSZJRLZHUMTE,mayr:1147,MeCN,C-Nucleophiles,"Alkyl, Alkenyl and Aryl Boron Compounds",figure_s3,True,included,6.83,6.16106065114,5.15851418177,0.66893934886,1.67148581823,True,True
joint model,retrospective connectivity-grouped out-of-fold evaluation,3,context:fbcc78d2ed5637a53df454a7,WHUUTDBJXJRKMK,mayr:542,water,N-Nucleophiles,Amino acids,figure_s4,True,included,13.96,13.564458847,13.564458847,0.395541153,0.395541153,True,True
joint model,retrospective connectivity-grouped out-of-fold evaluation,3,context:fbe1f2b3bf5c4b6656f50bd3,GMUGMDGQOFYHAX,mayr:740,MeCN,N-Nucleophiles,"Pyridines, Quinolines etc.",figure_s4,True,included,16.65,17.3025391897,17.3025391897,0.6525391897,0.6525391897,True,True
joint model,retrospective connectivity-grouped out-of-fold evaluation,3,context:fc1cc983665e145c5c3f5959,YNAVUWVOSKDBBP,mayr:643,MeCN,N-Nucleophiles,Aliphatic amines,figure_s4,True,included,15.65,15.72118028,15.72118028,0.07118028,0.07118028,True,True
joint model,retrospective connectivity-grouped out-of-fold evaluation,3,context:fcd639b8c9b4cf22f976266b,FAIPQCJQEAURIB,mayr:812,MeCN,S- and Se-Nucleophiles,,,True,included,23.84,21.9985561371,21.9985561371,1.8414438629,1.8414438629,True,True
joint model,retrospective connectivity-grouped out-of-fold evaluation,3,context:fd4292af88f1f87464f10b69,ISWSIDIOOBJBQZ,mayr:1501,MeCN,O-Nucleophiles,Phenolate Ions,figure_s6,True,included,18.53,20.4553807576,20.4553807576,1.9253807576,1.9253807576,True,True
joint model,retrospective connectivity-grouped out-of-fold evaluation,3,context:fd935620b0b1c06b2d5d5da4,VQLPKXVGNWNVFY,mayr:1725,dichloromethane,N-Nucleophiles,Isochalkogenoureas,figure_s4,True,included,13.31,13.632089297,13.632089297,0.322089297,0.322089297,True,True
joint model,retrospective connectivity-grouped out-of-fold evaluation,3,context:fdcac9dbfcf4bd78441f9690,LXYZBHWFQIWZLM,mayr:1630,MeCN,C-Nucleophiles,"Enamines, Enamides, and Ynamides",figure_s3,True,included,9.25,9.72943814596,9.72943814596,0.47943814596,0.47943814596,True,True
joint model,retrospective connectivity-grouped out-of-fold evaluation,3,context:ff0e6840c6876bdb13e2cc35,XFXPMWWXUTWYJX,mayr:356,MeCN,C-Nucleophiles,Carbanions,figure_s3,True,included,16.27,18.3662166595,18.7813472748,2.0962166595,2.5113472748,False,False
joint model,retrospective connectivity-grouped out-of-fold evaluation,3,context:ff156dbe306c9fdc1fc5b061,DFPLUISJTGAKGA,mayr:1613,THF,C-Nucleophiles,NHOs (conventional and mesoionic),figure_s3,True,included,17.8,20.6801586151,20.6801586151,2.8801586151,2.8801586151,False,False
joint model,retrospective connectivity-grouped out-of-fold evaluation,4,context:03b146b027b29d95f2c62601,AUKXFNABVHIUAC,mayr:1522,MeCN,N-Nucleophiles,Aliphatic amines,figure_s4,True,included,17.24,17.1479225159,17.1479225159,0.0920774841,0.0920774841,True,True
joint model,retrospective connectivity-grouped out-of-fold evaluation,4,context:044c3fdae3c6e4b58c939351,WDUAYVHCYGZARQ,mayr:82,dichloromethane,C-Nucleophiles,"Enamines, Enamides, and Ynamides",figure_s3,True,included,12.26,9.51287587484,9.51287587484,2.74712412516,2.74712412516,False,False
joint model,retrospective connectivity-grouped out-of-fold evaluation,4,context:07de06084c7bdeb904676ef7,MCTWTZJPVLRJOU,mayr:658,MeCN,N-Nucleophiles,Azoles and Azole Anions,figure_s4,True,included,11.9,11.5682738622,12.4641002019,0.3317261378,0.5641002019,True,True
joint model,retrospective connectivity-grouped out-of-fold evaluation,4,context:09046fec8456871d3b429293,RMVRSNDYEFQCLF,mayr:1610,DMSO,S- and Se-Nucleophiles,,,True,included,23.36,23.984161377,23.984161377,0.624161377,0.624161377,True,True
joint model,retrospective connectivity-grouped out-of-fold evaluation,4,context:0cf9bfdf8a025b9f32ccd1b8,IIHPVYJPDKJYOU,mayr:602,dichloromethane,C-Nucleophiles,Ylides,figure_s3,True,included,12.79,11.1853024165,11.1853024165,1.6046975835,1.6046975835,True,True
joint model,retrospective connectivity-grouped out-of-fold evaluation,4,context:0e29d880a226d2484b344ebf,WBXRIHAXVFNDKL,mayr:883,MeCN,C-Nucleophiles,"Enamines, Enamides, and Ynamides",figure_s3,True,included,7.06,6.54484971364,6.54484971364,0.51515028636,0.51515028636,True,True
joint model,retrospective connectivity-grouped out-of-fold evaluation,4,context:0f1a763a492b4ba04a7361c4,RBEROAUIKMEYDR,mayr:93,dichloromethane,H-Nucleophiles,H-C hydride donors,figure_s5,True,included,-0.88,-0.853910446167,0.227368672689,0.026089553833,1.10736867269,True,True
joint model,retrospective connectivity-grouped out-of-fold evaluation,4,context:107be5bb9f651335a161deed,RWRDLPDLKQPQOW,mayr:486,water,N-Nucleophiles,Aliphatic amines,figure_s4,True,included,17.21,17.3970247904,17.3970247904,0.1870247904,0.1870247904,True,True
joint model,retrospective connectivity-grouped out-of-fold evaluation,4,context:1148cf278b4e49ad0ad7b099,JHLOOOWAEXGHGS,mayr:1446,water,O-Nucleophiles,Peroxy anions,figure_s6,True,included,13.94,14.7527208328,14.7527208328,0.8127208328,0.8127208328,True,True
joint model,retrospective connectivity-grouped out-of-fold evaluation,4,context:116730390e688e83e8b0ead8,SWSBEBHRHKHUHH,mayr:70,dichloromethane,C-Nucleophiles,"Enamines, Enamides, and Ynamides",figure_s3,True,included,15.06,13.4966306686,13.4966306686,1.5633693314,1.5633693314,True,True
joint model,retrospective connectivity-grouped out-of-fold evaluation,4,context:119199d1f38aa9ae820bce0b,ITLHXEGAYQFOHJ,mayr:188,dichloromethane,C-Nucleophiles,Diazo Compounds and Hydrazones,figure_s3,True,included,5.29,7.09977499644,7.09977499644,1.80977499644,1.80977499644,True,True
joint model,retrospective connectivity-grouped out-of-fold evaluation,4,context:122046d347614b7c29be8580,WJRBRSLFGCUECM,mayr:709,DMSO,N-Nucleophiles,Amide anions (N reactivity),figure_s4,True,included,17.52,17.8053538005,17.8053538005,0.2853538005,0.2853538005,True,True
joint model,retrospective connectivity-grouped out-of-fold evaluation,4,context:155b7737490818b7ec7621e4,WWUVJRULCWHUSA,mayr:806,dichloromethane,C-Nucleophiles,Alkenes,figure_s3,True,included,0.84,0.876082102458,0.876082102458,0.036082102458,0.036082102458,True,True
joint model,retrospective connectivity-grouped out-of-fold evaluation,4,context:1669e9792fadd8c97a24da05,SBWCARQXLPGQNH,mayr:1049,dichloromethane,H-Nucleophiles,H-Si hydride donors,figure_s5,True,included,2.2,3.70332781474,3.70332781474,1.50332781474,1.50332781474,True,True
joint model,retrospective connectivity-grouped out-of-fold evaluation,4,context:1743ca3c1727e01083cd3c83,FHGCQCXIJRSFGF,mayr:1427,water,O-Nucleophiles,Other O-centered nucleophiles,figure_s6,True,included,12.75,13.6107540131,12.5189183553,0.8607540131,0.2310816447,True,True
joint model,retrospective connectivity-grouped out-of-fold evaluation,4,context:181eadcc084fe8c56dfb3e6b,MXYLLYBWXIUMIT,mayr:1766,dichloromethane,C-Nucleophiles,Enol Ethers,figure_s3,True,included,1.89,2.05902989705,2.05902989705,0.16902989705,0.16902989705,True,True
joint model,retrospective connectivity-grouped out-of-fold evaluation,4,context:1951c08c108b1fc6ff4c4a97,XUMYXWQECJOOTL,mayr:512,DMSO,C-Nucleophiles,Carbanions,figure_s3,True,included,17.33,17.1325009664,17.1325009664,0.1974990336,0.1974990336,True,True
joint model,retrospective connectivity-grouped out-of-fold evaluation,4,context:1956d5b680049141c56b22a0,ZBJDBFWPAOORHG,mayr:116,DMSO,C-Nucleophiles,Carbanions,figure_s3,True,included,13.91,15.7834424973,15.7834424973,1.8734424973,1.8734424973,True,True
joint model,retrospective connectivity-grouped out-of-fold evaluation,4,context:1b004815eee4643cc1c5b4f0,COLNVLDHVKWLRT,mayr:533,water,N-Nucleophiles,Amino acids,figure_s4,True,included,14.12,13.4204594294,13.4204594294,0.6995405706,0.6995405706,True,True
joint model,retrospective connectivity-grouped out-of-fold evaluation,4,context:1b4611edb8b5ce18814f3b2a,NRKYWOKHZRQRJR,mayr:702,DMSO,N-Nucleophiles,Amide anions (N reactivity),figure_s4,True,included,15.81,16.1246306101,16.1246306101,0.3146306101,0.3146306101,True,True
joint model,retrospective connectivity-grouped out-of-fold evaluation,4,context:1be4ef156924130179fc849b,VQKFNUFAXTZWDK,mayr:42,dichloromethane,C-Nucleophiles,Arenes,figure_s3,True,included,3.61,2.71033573151,2.71033573151,0.89966426849,0.89966426849,True,True
joint model,retrospective connectivity-grouped out-of-fold evaluation,4,context:2065e12e5f86c117a9969567,RZXMPPFPUUCRFN,mayr:500,water,N-Nucleophiles,Aromatic amines,figure_s4,True,included,13,12.1439530055,12.1439530055,0.8560469945,0.8560469945,True,True
joint model,retrospective connectivity-grouped out-of-fold evaluation,4,context:2227e91f71b84c9827a2db9f,XDTNJCHVNRPULS,mayr:1230,dichloromethane,C-Nucleophiles,"Enamines, Enamides, and Ynamides",figure_s3,True,included,10.19,10.6776660283,10.6776660283,0.4876660283,0.4876660283,True,True
joint model,retrospective connectivity-grouped out-of-fold evaluation,4,context:225c2e58862e9a974965867f,KGANXKJXGWZHIT,mayr:1180,DMSO,C-Nucleophiles,Ylides,figure_s3,True,included,19.38,17.9903303782,17.9903303782,1.3896696218,1.3896696218,True,True
joint model,retrospective connectivity-grouped out-of-fold evaluation,4,context:22ab4d7e6a8daad7c4923d83,BUDQDWGNQVEFAC,mayr:1759,MeCN,C-Nucleophiles,Enol Ethers,figure_s3,True,included,2.98,4.814412117,4.814412117,1.834412117,1.834412117,True,True
joint model,retrospective connectivity-grouped out-of-fold evaluation,4,context:230cf6f4895a503eff45eb66,HDZGCSFEDULWCS,mayr:965,water,N-Nucleophiles,"Hydrazines, Hydroxylamines etc.",figure_s4,True,included,17.23,13.1118672689,15.5492261251,4.1181327311,1.6807738749,False,True
joint model,retrospective connectivity-grouped out-of-fold evaluation,4,context:233a959a2c911e0011325237,CHVJITGCYZJHLR,mayr:1006,MeCN,H-Nucleophiles,H-C hydride donors,figure_s5,True,included,0.55,2.52631950378,2.52631950378,1.97631950378,1.97631950378,True,True
joint model,retrospective connectivity-grouped out-of-fold evaluation,4,context:23d73c4048189eec05ae404a,BAYGVMXZJBFEMB,mayr:1492,MeCN,O-Nucleophiles,Phenolate Ions,figure_s6,True,included,21.69,21.8762753805,21.8762753805,0.1862753805,0.1862753805,True,True
joint model,retrospective connectivity-grouped out-of-fold evaluation,4,context:241b2f4e6f4b8f02767793f0,VXWVFZFZYXOBTA,mayr:463,MeCN,C-Nucleophiles,Arenes,figure_s3,True,included,4.38,4.90787792206,4.90787792206,0.52787792206,0.52787792206,True,True
joint model,retrospective connectivity-grouped out-of-fold evaluation,4,context:24b54ae6de2992d22011bc0b,RTZKZFJDLAIYFH,mayr:1103,dichloromethane,H-Nucleophiles,H-C hydride donors,figure_s5,True,included,-5.1,-4.05381266276,-4.05381266276,1.04618733724,1.04618733724,True,True
joint model,retrospective connectivity-grouped out-of-fold evaluation,4,context:27b053ef39c6db36c12fc10b,VDCSGNNYCFPWFK,mayr:986,dichloromethane,H-Nucleophiles,H-Si hydride donors,figure_s5,True,included,1.52,1.68076165517,1.68076165517,0.16076165517,0.16076165517,True,True
joint model,retrospective connectivity-grouped out-of-fold evaluation,4,context:291acfb63dedd7ff4481b001,URBDFHBJUSYZIR,mayr:1242,DMSO,C-Nucleophiles,Carbanions,figure_s3,True,included,15.24,15.9703725179,15.9703725179,0.7303725179,0.7303725179,True,True
joint model,retrospective connectivity-grouped out-of-fold evaluation,4,context:29aee7eff81b55c913860d35,IVJPPXLWFDRDRE,mayr:1243,MeCN,C-Nucleophiles,"Alkyl, Alkenyl and Aryl Boron Compounds",figure_s3,True,included,5.53,7.15042066574,7.15042066574,1.62042066574,1.62042066574,True,True
joint model,retrospective connectivity-grouped out-of-fold evaluation,4,context:2a24eaa30d93662177b4bc12,CMLWFCUAXGSMBB,mayr:1362,MeCN,P-Nucleophiles,,,True,included,18.11,13.6693468094,13.6693468094,4.4406531906,4.4406531906,False,False
joint model,retrospective connectivity-grouped out-of-fold evaluation,4,context:2c364065df30f1f0d57b3c45,UBMYYGXGMPGCBO,mayr:47,dichloromethane,C-Nucleophiles,Enol Ethers,figure_s3,True,included,6.57,5.45990101496,5.45990101496,1.11009898504,1.11009898504,True,True
joint model,retrospective connectivity-grouped out-of-fold evaluation,4,context:2c7e3b33b386cff0291fffcf,NHQDETIJWKXCTC,mayr:1385,water,O-Nucleophiles,Peroxy anions,figure_s6,True,included,18.19,18.1332670848,18.1332670848,0.0567329152,0.0567329152,True,True
joint model,retrospective connectivity-grouped out-of-fold evaluation,4,context:2d30b422fff296f981311fc8,ZCPWZUGSUPGMLC,mayr:1325,THF,C-Nucleophiles,Carbenes (NHCs),figure_s3,True,included,21.5,21.4663016001,21.4663016001,0.0336983999,0.0336983999,True,True
joint model,retrospective connectivity-grouped out-of-fold evaluation,4,context:2e5d770353ceaf58fad6fa91,QLXMOFWIKWAQBW,mayr:1181,DMSO,C-Nucleophiles,Ylides,figure_s3,True,included,20.08,18.7394860586,18.7394860586,1.3405139414,1.3405139414,True,True
joint model,retrospective connectivity-grouped out-of-fold evaluation,4,context:2e785db4025d7ab418f31788,AWUJBJHPBXFVFC,mayr:1260,DMSO,C-Nucleophiles,Allyl Element Compounds,figure_s3,True,included,15.6,17.8337885539,17.8337885539,2.2337885539,2.2337885539,False,False
joint model,retrospective connectivity-grouped out-of-fold evaluation,4,context:2ff1aec14e3bcdcafc645e22,MCTWTZJPVLRJOU,mayr:659,water,N-Nucleophiles,Azoles and Azole Anions,figure_s4,True,included,9.91,9.94557952881,9.96796894073,0.03557952881,0.05796894073,True,True
joint model,retrospective connectivity-grouped out-of-fold evaluation,4,context:3101f3fe5be1e24229df0064,JVZMNODVCGXDQK,mayr:1357,DMSO,C-Nucleophiles,Carbanions,figure_s3,True,included,15.07,15.69267718,15.69267718,0.62267718,0.62267718,True,True
joint model,retrospective connectivity-grouped out-of-fold evaluation,4,context:32766dd4553fe1b598e4f37b,VPVXTYYXTKCTPM,mayr:1018,dichloromethane,H-Nucleophiles,H-C hydride donors,figure_s5,True,included,-2.4,-3.13226159414,-3.13226159414,0.73226159414,0.73226159414,True,True
joint model,retrospective connectivity-grouped out-of-fold evaluation,4,context:33d586a3dcda0fc4f356b3ab,BAYGVMXZJBFEMB,mayr:1493,DMF,O-Nucleophiles,Phenolate Ions,figure_s6,True,included,22.05,21.9150218964,21.9150218964,0.1349781036,0.1349781036,True,True
joint model,retrospective connectivity-grouped out-of-fold evaluation,4,context:352fceabe8f2c132a0ddecf2,HDZGCSFEDULWCS,mayr:966,MeCN,N-Nucleophiles,"Hydrazines, Hydroxylamines etc.",figure_s4,True,included,17.73,15.5446058909,16.3413473765,2.1853941091,1.3886526235,False,True
joint model,retrospective connectivity-grouped out-of-fold evaluation,4,context:380178bb314da3f2fe5e0c0d,HPNMFZURTQLUMO,mayr:485,water,N-Nucleophiles,Aliphatic amines,figure_s4,True,included,14.68,14.7269624074,14.7269624074,0.0469624074,0.0469624074,True,True
joint model,retrospective connectivity-grouped out-of-fold evaluation,4,context:39653e600f34144a92f6b452,TWPRBLNPCZWJLZ,mayr:1403,MeCN,C-Nucleophiles,"Enamines, Enamides, and Ynamides",figure_s3,True,included,10.42,9.09074370066,9.09074370066,1.32925629934,1.32925629934,True,True
joint model,retrospective connectivity-grouped out-of-fold evaluation,4,context:39bc8cdc8df528adf3a48ea6,PAYRUJLWNCNPSJ,mayr:498,water,N-Nucleophiles,Aromatic amines,figure_s4,True,included,12.99,12.1128393809,12.1128393809,0.8771606191,0.8771606191,True,True
joint model,retrospective connectivity-grouped out-of-fold evaluation,4,context:3b4c151085be17c6e5d0fe4a,IQBIARKBWBZCBC,mayr:1447,water,O-Nucleophiles,Peroxy anions,figure_s6,True,included,14.07,13.8797931671,13.8797931671,0.1902068329,0.1902068329,True,True
joint model,retrospective connectivity-grouped out-of-fold evaluation,4,context:3c30a3c353f8018c29a59cc1,GETQZCLCWQTVFV,mayr:977,MeCN,N-Nucleophiles,Aliphatic amines,figure_s4,True,included,23.05,18.5923220317,18.5923220317,4.4576779683,4.4576779683,False,False
joint model,retrospective connectivity-grouped out-of-fold evaluation,4,context:3c66a16770b2cb1b94a7ebae,AJZBTMWQSPSMEQ,mayr:1179,DMSO,C-Nucleophiles,Ylides,figure_s3,True,included,17.98,19.1188519796,19.1188519796,1.1388519796,1.1388519796,True,True
joint model,retrospective connectivity-grouped out-of-fold evaluation,4,context:3cd21e191ae616c74ec11aaf,VDWAQPIHXBRGGA,mayr:1015,dichloromethane,H-Nucleophiles,H-C hydride donors,figure_s5,True,included,5.54,4.28473011653,4.28473011653,1.25526988347,1.25526988347,True,True
joint model,retrospective connectivity-grouped out-of-fold evaluation,4,context:3d5311a77de02a2f06aa7389,HYZJCKYKOHLVJF,mayr:666,DMSO,N-Nucleophiles,Azoles and Azole Anions,figure_s4,True,included,10.5,10.376209259,10.376209259,0.123790741,0.123790741,True,True
joint model,retrospective connectivity-grouped out-of-fold evaluation,4,context:3db36efd12f185c1e1b9c3cf,FMXOEQQPVONPBU,mayr:342,water,C-Nucleophiles,Carbanions,figure_s3,True,included,12.06,12.3883330027,12.3883330027,0.3283330027,0.3283330027,True,True
joint model,retrospective connectivity-grouped out-of-fold evaluation,4,context:3e0d248cdfa07d800f514dcf,WZSFKEHHXXHHIV,mayr:1761,MeCN,C-Nucleophiles,Enol Ethers,figure_s3,True,included,2.87,2.01779270172,2.01779270172,0.85220729828,0.85220729828,True,True
joint model,retrospective connectivity-grouped out-of-fold evaluation,4,context:3e6014902806a45c5f89b141,DKGAVHZHDRPRBM,mayr:1599,MeCN,O-Nucleophiles,Alcohols and aqueous solvents,figure_s6,True,included,5.35,6.11567576726,6.11567576726,0.76567576726,0.76567576726,True,True
joint model,retrospective connectivity-grouped out-of-fold evaluation,4,context:41d81a623832f7867e2ed775,QYZLKGVUSQXAMU,mayr:97,dichloromethane,H-Nucleophiles,H-C hydride donors,figure_s5,True,included,-2.99,-3.67254479726,-3.67254479726,0.68254479726,0.68254479726,True,True
joint model,retrospective connectivity-grouped out-of-fold evaluation,4,context:42f9a8c6b65e77322276a21c,AFYRKIAHDASULF,mayr:1389,water,O-Nucleophiles,Peroxy anions,figure_s6,True,included,18.56,18.3612683614,18.3612683614,0.1987316386,0.1987316386,True,True
joint model,retrospective connectivity-grouped out-of-fold evaluation,4,context:43e3fd4ee0ee6d83c6b00ada,BHAAPTBBJKJZER,mayr:503,MeCN,N-Nucleophiles,Aromatic amines,figure_s4,True,included,13.42,14.2528572083,14.2528572083,0.8328572083,0.8328572083,True,True
joint model,retrospective connectivity-grouped out-of-fold evaluation,4,context:43e721076339639daff45cef,XZBIXDPGRMLSTC,mayr:968,MeCN,N-Nucleophiles,"Hydrazines, Hydroxylamines etc.",figure_s4,True,included,10.35,12.9618879954,12.9618879954,2.6118879954,2.6118879954,False,False
joint model,retrospective connectivity-grouped out-of-fold evaluation,4,context:44214978ea544d1e7e3dd18f,NCTNEXWAKFHINX,mayr:121,DMSO,C-Nucleophiles,Carbanions,figure_s3,True,included,19.62,20.0419750214,20.0419750214,0.4219750214,0.4219750214,True,True
joint model,retrospective connectivity-grouped out-of-fold evaluation,4,context:4451a262025356e75838f9eb,YULMNMJFAZWLLN,mayr:125,dichloromethane,C-Nucleophiles,Alkenes,figure_s3,True,included,1.16,2.39258003235,2.39258003235,1.23258003235,1.23258003235,True,True
joint model,retrospective connectivity-grouped out-of-fold evaluation,4,context:454b04023bcf2bec6706f660,LEOBAJICZUMTJB,mayr:584,DMSO,C-Nucleophiles,Carbanions,figure_s3,True,included,28.95,28.0994885763,28.0994885763,0.8505114237,0.8505114237,True,True
joint model,retrospective connectivity-grouped out-of-fold evaluation,4,context:463b173fc9313129608e533a,NWKBSEBOBPHMKL,mayr:995,dichloromethane,H-Nucleophiles,H-Si hydride donors,figure_s5,True,included,-3.2,-1.48110771179,-1.48110771179,1.71889228821,1.71889228821,True,True
joint model,retrospective connectivity-grouped out-of-fold evaluation,4,context:4697c5f89a74267da9c12326,UOADRGAJWNJVGC,mayr:1518,MeCN,N-Nucleophiles,Aliphatic amines,figure_s4,True,included,16.44,16.8600800832,16.8600800832,0.4200800832,0.4200800832,True,True
joint model,retrospective connectivity-grouped out-of-fold evaluation,4,context:4699714a5eb4d444399b5b6e,IPPUNPCBOKIQJE,mayr:715,DMSO,C-Nucleophiles,Carbanions,figure_s3,True,included,18,18.9757563273,18.9757563273,0.9757563273,0.9757563273,True,True
joint model,retrospective connectivity-grouped out-of-fold evaluation,4,context:478bd7b56ed64fd0b513e7f7,KTZNVZJECQAMBV,mayr:718,MeCN,C-Nucleophiles,"Enamines, Enamides, and Ynamides",figure_s3,True,included,16.42,14.4667043686,14.4667043686,1.9532956314,1.9532956314,True,True
joint model,retrospective connectivity-grouped out-of-fold evaluation,4,context:484dc70326857d7848a8e738,XSAZHMLGFSHHAR,mayr:1786,dichloromethane,N-Nucleophiles,Isochalkogenoureas,figure_s4,True,included,14.47,14.4910831451,14.4910831451,0.0210831451,0.0210831451,True,True
joint model,retrospective connectivity-grouped out-of-fold evaluation,4,context:48cad362d7932d969ad0e47e,QRLBICHXRCOJDU,mayr:985,dichloromethane,H-Nucleophiles,H-Si hydride donors,figure_s5,True,included,2.13,1.20606994629,1.20606994629,0.92393005371,0.92393005371,True,True
joint model,retrospective connectivity-grouped out-of-fold evaluation,4,context:49fd347bedbd1edbeb240e3f,JSDUOUVZQRZOOY,mayr:1009,dichloromethane,H-Nucleophiles,H-C hydride donors,figure_s5,True,included,-1.06,-3.09460067749,-3.09460067749,2.03460067749,2.03460067749,False,False
joint model,retrospective connectivity-grouped out-of-fold evaluation,4,context:4f32203cd53bb30273bb0421,GMAZSOXPZUDWTB,mayr:1386,water,O-Nucleophiles,Peroxy anions,figure_s6,True,included,17.99,18.0064716339,18.0064716339,0.0164716339,0.0164716339,True,True
joint model,retrospective connectivity-grouped out-of-fold evaluation,4,context:50161f39a923507aee20a59a,LLPWGHLVUPBSLP,mayr:1765,dichloromethane,C-Nucleophiles,Enol Ethers,figure_s3,True,included,1.72,1.46721394857,1.46721394857,0.25278605143,0.25278605143,True,True
joint model,retrospective connectivity-grouped out-of-fold evaluation,4,context:53cf2d82f66429c019f0bd40,CXHHBNMLPJOKQD,mayr:791,MeCN,O-Nucleophiles,Carboxylates and Carbonates,figure_s6,True,included,16.03,15.1495933533,15.1495933533,0.8804066467,0.8804066467,True,True
joint model,retrospective connectivity-grouped out-of-fold evaluation,4,context:551320761ba7b156705d660e,QMMFVYPAHWMCMS,mayr:1553,MeCN,S- and Se-Nucleophiles,,,True,included,12.7,12.1017640432,12.1017640432,0.5982359568,0.5982359568,True,True
joint model,retrospective connectivity-grouped out-of-fold evaluation,4,context:568fb4fdb90b44d677b0cb6a,MRHSGZMVLDOZCK,mayr:344,DMSO,C-Nucleophiles,Carbanions,figure_s3,True,included,20.61,24.0672887166,24.0672887166,3.4572887166,3.4572887166,False,False
joint model,retrospective connectivity-grouped out-of-fold evaluation,4,context:5797e898876334cc21fbbe54,JJIGRMWSNCMAIW,mayr:349,DMSO,C-Nucleophiles,Carbanions,figure_s3,True,included,18.31,18.6023604075,18.6023604075,0.2923604075,0.2923604075,True,True
joint model,retrospective connectivity-grouped out-of-fold evaluation,4,context:57d430266759dccda05b8737,ARIDPRZCOYMNQD,mayr:1131,MeCN,N-Nucleophiles,Imidazolines and related compounds,figure_s4,True,included,14.43,14.650299708,14.5847371419,0.220299708,0.1547371419,True,True
joint model,retrospective connectivity-grouped out-of-fold evaluation,4,context:5ece031e8c879cfb428322ee,MXYLLYBWXIUMIT,mayr:1769,dichloromethane,C-Nucleophiles,Enol Ethers,figure_s3,True,included,1.75,1.77707004547,1.77707004547,0.02707004547,0.02707004547,True,True
joint model,retrospective connectivity-grouped out-of-fold evaluation,4,context:5f0596e78b008723e499aa6b,NQRYJNQNLNOLGT,mayr:487,water,N-Nucleophiles,Aliphatic amines,figure_s4,True,included,18.13,17.6279404958,17.6279404958,0.5020595042,0.5020595042,True,True
joint model,retrospective connectivity-grouped out-of-fold evaluation,4,context:60260ac532ca2aa5c288544a,SNOAYWWTVMKALE,mayr:1729,dichloromethane,N-Nucleophiles,Isochalkogenoureas,figure_s4,True,included,15.26,14.2353547414,14.2353547414,1.0246452586,1.0246452586,True,True
joint model,retrospective connectivity-grouped out-of-fold evaluation,4,context:6091bd2301516003910d6e51,NGKOCETVOBCCII,mayr:793,dichloromethane,N-Nucleophiles,Isochalkogenoureas,figure_s4,True,included,12.98,13.0449581146,13.0449581146,0.0649581146,0.0649581146,True,True
joint model,retrospective connectivity-grouped out-of-fold evaluation,4,context:629276fce561f2fef1ddf3b6,FUHMXNCIWUEEOS,mayr:1347,DMSO,C-Nucleophiles,Carbanions,figure_s3,True,included,25.59,26.5092080434,26.5092080434,0.9192080434,0.9192080434,True,True
joint model,retrospective connectivity-grouped out-of-fold evaluation,4,context:6568b26e7ebabffeefabce67,PAFMWEOWHZKACA,mayr:1406,MeCN,C-Nucleophiles,"Enamines, Enamides, and Ynamides",figure_s3,True,included,13.84,13.045033137,13.045033137,0.794966863,0.794966863,True,True
joint model,retrospective connectivity-grouped out-of-fold evaluation,4,context:674e3b5c51984c48d6abbf37,VDWAQPIHXBRGGA,mayr:1120,MeCN,H-Nucleophiles,H-C hydride donors,figure_s5,True,included,4,11.3050289154,2.89074659348,7.3050289154,1.10925340652,False,True
joint model,retrospective connectivity-grouped out-of-fold evaluation,4,context:6775d99ad3c1b351c8c6867f,IZXIZTKNFFYFOF,mayr:710,DMSO,N-Nucleophiles,Amide anions (N reactivity),figure_s4,True,included,22.4,19.1230036418,19.1230036418,3.2769963582,3.2769963582,False,False
joint model,retrospective connectivity-grouped out-of-fold evaluation,4,context:6793ca5ce0c163b8e4c1887f,FULSRCPEOUATID,mayr:984,dichloromethane,H-Nucleophiles,H-Si hydride donors,figure_s5,True,included,2.72,2.27086098989,2.27086098989,0.44913901011,0.44913901011,True,True
joint model,retrospective connectivity-grouped out-of-fold evaluation,4,context:67a77a88e7d690bd1deb7c15,NCTNEXWAKFHINX,mayr:289,water,C-Nucleophiles,Carbanions,figure_s3,True,included,15.57,17.757575353,17.757575353,2.187575353,2.187575353,False,False
joint model,retrospective connectivity-grouped out-of-fold evaluation,4,context:67d69a6a20e197ae30cd76a6,JJIGRMWSNCMAIW,mayr:348,water,C-Nucleophiles,Carbanions,figure_s3,True,included,13.09,12.535033226,12.535033226,0.554966774,0.554966774,True,True
joint model,retrospective connectivity-grouped out-of-fold evaluation,4,context:67ed750647d1b6e29959fb35,BPRJSWGFGAQRNA,mayr:1768,dichloromethane,C-Nucleophiles,Enol Ethers,figure_s3,True,included,4.98,4.71654081345,4.71654081345,0.26345918655,0.26345918655,True,True
joint model,retrospective connectivity-grouped out-of-fold evaluation,4,context:686f9958559bc847496b37e5,SPIUPAOJDZNUJH,mayr:1075,MeCN,H-Nucleophiles,H-C hydride donors,figure_s5,True,included,-0.7,0.0495233535767,0.0495233535767,0.749523353577,0.749523353577,True,True
joint model,retrospective connectivity-grouped out-of-fold evaluation,4,context:6876e1c0c3fd72c364f0ed74,UVRHPCHNWMQZLQ,mayr:1047,dichloromethane,H-Nucleophiles,H-Si hydride donors,figure_s5,True,included,1.3,3.3633591334,3.3633591334,2.0633591334,2.0633591334,False,False
joint model,retrospective connectivity-grouped out-of-fold evaluation,4,context:69d076f569c3d235014d2001,BSKHPKMHTQYZBB,mayr:1675,MeCN,N-Nucleophiles,"Pyridines, Quinolines etc.",figure_s4,True,included,10.98,11.6095158259,11.6095158259,0.6295158259,0.6295158259,True,True
joint model,retrospective connectivity-grouped out-of-fold evaluation,4,context:6a348b33b3cd78784267830f,XISYFRGVGQIFHM,mayr:999,dichloromethane,H-Nucleophiles,H-Si hydride donors,figure_s5,True,included,4.86,4.09202082952,4.09202082952,0.76797917048,0.76797917048,True,True
joint model,retrospective connectivity-grouped out-of-fold evaluation,4,context:6a55096855f9d314610762f9,FMXOEQQPVONPBU,mayr:343,DMSO,C-Nucleophiles,Carbanions,figure_s3,True,included,20.71,19.8489875793,19.8489875793,0.8610124207,0.8610124207,True,True
joint model,retrospective connectivity-grouped out-of-fold evaluation,4,context:6b3a4fe7dab8125f230c7fbe,KHVMRHHPMYLEGH,mayr:1408,MeCN,C-Nucleophiles,"Enamines, Enamides, and Ynamides",figure_s3,True,included,11.6,10.9456427892,10.9456427892,0.6543572108,0.6543572108,True,True
joint model,retrospective connectivity-grouped out-of-fold evaluation,4,context:6ca58b21e5db9904eb708a76,HXKKHQJGJAFBHI,mayr:622,DMSO,N-Nucleophiles,Aliphatic amines,figure_s4,True,included,15.47,14.9217300415,14.9217300415,0.5482699585,0.5482699585,True,True
joint model,retrospective connectivity-grouped out-of-fold evaluation,4,context:6d775d437805f563af1369c0,CHVJITGCYZJHLR,mayr:68,dichloromethane,H-Nucleophiles,H-C hydride donors,figure_s5,True,included,0.52,3.20015176137,3.20015176137,2.68015176137,2.68015176137,False,False
joint model,retrospective connectivity-grouped out-of-fold evaluation,4,context:6e6a401dc25bcdce382c3515,PTTODLHIQLXZIF,mayr:1634,THF,C-Nucleophiles,NHOs (conventional and mesoionic),figure_s3,True,included,22.3,22.2331473033,22.2331473033,0.0668526967,0.0668526967,True,True
joint model,retrospective connectivity-grouped out-of-fold evaluation,4,context:72e318a245b638a2d745748e,UFAZHCVBGMSJHS,mayr:1697,dichloromethane,C-Nucleophiles,Diazo Compounds and Hydrazones,figure_s3,True,included,-1.24,-0.145904223124,-0.145904223124,1.09409577688,1.09409577688,True,True
joint model,retrospective connectivity-grouped out-of-fold evaluation,4,context:7468e5d62052f9d36a9ab056,OMRRIKKMQMYXLQ,mayr:852,dichloromethane,H-Nucleophiles,H-B hydride donors,figure_s5,True,included,9.55,10.3894602458,10.3894602458,0.8394602458,0.8394602458,True,True
joint model,retrospective connectivity-grouped out-of-fold evaluation,4,context:75e95e2e33934b2c5f7b131e,PZJPNKKRMNFDQJ,mayr:1764,dichloromethane,C-Nucleophiles,Enol Ethers,figure_s3,True,included,1.53,2.84693050385,2.84693050385,1.31693050385,1.31693050385,True,True
joint model,retrospective connectivity-grouped out-of-fold evaluation,4,context:76540b6c6f40cc9b064b707d,HTTSVXZDXSLAOJ,mayr:1193,dichloromethane,C-Nucleophiles,"Enamines, Enamides, and Ynamides",figure_s3,True,included,3.12,6.57186222076,5.13764206568,3.45186222076,2.01764206568,False,False
joint model,retrospective connectivity-grouped out-of-fold evaluation,4,context:78219337fa07aa51b725f02c,CWERGRDVMFNCDR,mayr:115,water,S- and Se-Nucleophiles,,,True,included,22.62,21.6046193441,21.6046193441,1.0153806559,1.0153806559,True,True
joint model,retrospective connectivity-grouped out-of-fold evaluation,4,context:7a9730d488a266fa2217671e,LEZZSPMYYQOQRD,mayr:107,water,O-Nucleophiles,Alkoxide Anions,figure_s6,True,included,12.66,13.2458928426,13.2458928426,0.5858928426,0.5858928426,True,True
joint model,retrospective connectivity-grouped out-of-fold evaluation,4,context:7d79978fb66a1b279b0e0da7,DFNYGALUNNFWKJ,mayr:491,water,N-Nucleophiles,Aliphatic amines,figure_s4,True,included,10.8,11.6429239909,11.6429239909,0.8429239909,0.8429239909,True,True
joint model,retrospective connectivity-grouped out-of-fold evaluation,4,context:7f17f9435e107035f3a86421,VYWYYJYRVSBHJQ,mayr:789,MeCN,O-Nucleophiles,Carboxylates and Carbonates,figure_s6,True,included,14.9,15.0019585292,15.0019585292,0.1019585292,0.1019585292,True,True
joint model,retrospective connectivity-grouped out-of-fold evaluation,4,context:809d1fb2dc1b4da75a2807ec,XLSZMDLNRCVEIJ,mayr:663,MeCN,N-Nucleophiles,Azoles and Azole Anions,figure_s4,True,included,11.79,11.1928450267,11.1928450267,0.5971549733,0.5971549733,True,True
joint model,retrospective connectivity-grouped out-of-fold evaluation,4,context:80c62a65950944463324a6e4,APISVOVOJVZIBA,mayr:605,dichloromethane,C-Nucleophiles,Ylides,figure_s3,True,included,12.29,11.5420916875,11.5420916875,0.7479083125,0.7479083125,True,True
joint model,retrospective connectivity-grouped out-of-fold evaluation,4,context:8107203de6a98dc10d30d0bb,RPFGCUFAJAQNLJ,mayr:1154,dichloromethane,N-Nucleophiles,Amidines and Imines,figure_s4,True,included,8.8,10.5198119481,10.5198119481,1.7198119481,1.7198119481,True,True
joint model,retrospective connectivity-grouped out-of-fold evaluation,4,context:83fe2f12e40d758f4bbca968,WPNCPIASBHXNGM,mayr:1291,DMSO,C-Nucleophiles,Carbanions,figure_s3,True,included,20.6,19.0747337341,19.0747337341,1.5252662659,1.5252662659,True,True
joint model,retrospective connectivity-grouped out-of-fold evaluation,4,context:843c178340fd63ad343a3c47,CUJRVFIICFDLGR,mayr:286,water,C-Nucleophiles,Carbanions,figure_s3,True,included,13.73,13.764805158,13.764805158,0.034805158,0.034805158,True,True
joint model,retrospective connectivity-grouped out-of-fold evaluation,4,context:84854e1188e887abf0e72d4b,ARIDPRZCOYMNQD,mayr:1132,DMSO,N-Nucleophiles,Imidazolines and related compounds,figure_s4,True,included,14.58,14.8228610357,15.0311851501,0.2428610357,0.4511851501,True,True
joint model,retrospective connectivity-grouped out-of-fold evaluation,4,context:865f5a7635708883246d8bf1,WDUAYVHCYGZARQ,mayr:83,dichloromethane,C-Nucleophiles,"Enamines, Enamides, and Ynamides",figure_s3,True,included,12.06,11.0034939448,11.0034939448,1.0565060552,1.0565060552,True,True
joint model,retrospective connectivity-grouped out-of-fold evaluation,4,context:872dfd150b2fd5afb606c011,ZDYBRMAFPIENJI,mayr:1214,DMSO,C-Nucleophiles,Carbanions,figure_s3,True,included,13.79,13.7512820562,13.7512820562,0.0387179438,0.0387179438,True,True
joint model,retrospective connectivity-grouped out-of-fold evaluation,4,context:886d6621bfc25690eb20c6e0,CTSZPNIMMLSKDV,mayr:1129,dichloromethane,N-Nucleophiles,Amidines and Imines,figure_s4,True,included,13.12,9.96818510691,9.96818510691,3.15181489309,3.15181489309,False,False
joint model,retrospective connectivity-grouped out-of-fold evaluation,4,context:8a8bd635725f8c3997f9265b,MGBSQSNUNMDOOF,mayr:742,MeCN,N-Nucleophiles,"Pyridines, Quinolines etc.",figure_s4,True,included,17.69,16.5495452881,16.5495452881,1.1404547119,1.1404547119,True,True
joint model,retrospective connectivity-grouped out-of-fold evaluation,4,context:8baf7fbf7f5e8af64f3161f7,SHALBPKEGDBVKK,mayr:38,dichloromethane,C-Nucleophiles,Enol Ethers,figure_s3,True,included,8.57,3.78405300776,6.54396947225,4.78594699224,2.02603052775,False,False
joint model,retrospective connectivity-grouped out-of-fold evaluation,4,context:8ce8c05e600f200167d9ea98,BHAAPTBBJKJZER,mayr:502,water,N-Nucleophiles,Aromatic amines,figure_s4,True,included,14.28,12.7593377431,12.7593377431,1.5206622569,1.5206622569,True,True
joint model,retrospective connectivity-grouped out-of-fold evaluation,4,context:8d85ac1c9ae4ec0c4892e261,LXBGSDVWAMZHDD,mayr:662,water,N-Nucleophiles,Azoles and Azole Anions,figure_s4,True,included,9.45,9.23422431946,9.23422431946,0.21577568054,0.21577568054,True,True
joint model,retrospective connectivity-grouped out-of-fold evaluation,4,context:908222a6672bc8229b37a507,MRHSGZMVLDOZCK,mayr:345,water,C-Nucleophiles,Carbanions,figure_s3,True,included,10.69,14.2897326152,14.2897326152,3.5997326152,3.5997326152,False,False
joint model,retrospective connectivity-grouped out-of-fold evaluation,4,context:944072cce1db1a5f567633e3,MNGYXDOGPIDUNU,mayr:1443,dichloromethane,C-Nucleophiles,Diazo Compounds and Hydrazones,figure_s3,True,included,7.17,6.49540599187,6.49540599187,0.67459400813,0.67459400813,True,True
joint model,retrospective connectivity-grouped out-of-fold evaluation,4,context:95701497ccbde9e4e0263ccd,ONIBWKKTOPOVIA,mayr:534,water,N-Nucleophiles,Amino acids,figure_s4,True,included,18.08,14.9906740189,14.9906740189,3.0893259811,3.0893259811,False,False
joint model,retrospective connectivity-grouped out-of-fold evaluation,4,context:96ccd7f55a254fd1f432b7a3,DOCWIYKENOSTCZ,mayr:1464,MeCN,H-Nucleophiles,H-P hydride donors,figure_s5,True,included,20.93,18.1230182648,18.1230182648,2.8069817352,2.8069817352,False,False
joint model,retrospective connectivity-grouped out-of-fold evaluation,4,context:973c0a0f35594e2e6e8ca13a,YMAWOPBAYDPSLA,mayr:547,water,N-Nucleophiles,Amino acids,figure_s4,True,included,12.91,12.5902363459,12.5902363459,0.3197636541,0.3197636541,True,True
joint model,retrospective connectivity-grouped out-of-fold evaluation,4,context:987ce259e39ed9ec685429ef,CAUIWDWUUCGKBV,mayr:1459,MeCN,C-Nucleophiles,Enol Ethers,figure_s3,True,included,5.06,7.08118136724,7.08118136724,2.02118136724,2.02118136724,False,False
joint model,retrospective connectivity-grouped out-of-fold evaluation,4,context:99503aec35fe0d809c2139ba,BKCCAYLNRIRKDJ,mayr:1124,dichloromethane,N-Nucleophiles,Imidazolines and related compounds,figure_s4,True,included,12.31,13.5160039266,13.5160039266,1.2060039266,1.2060039266,True,True
joint model,retrospective connectivity-grouped out-of-fold evaluation,4,context:9af3a95a5611635d99920a65,VIOQQUSQVGNIQC,mayr:1398,MeCN,C-Nucleophiles,Allyl Element Compounds,figure_s3,True,included,11.2,9.31604957581,9.31604957581,1.88395042419,1.88395042419,True,True
joint model,retrospective connectivity-grouped out-of-fold evaluation,4,context:9b612ce389b8d5d9e5d7961e,KQVSXUGMDCAISO,mayr:1036,dichloromethane,H-Nucleophiles,H-B hydride donors,figure_s5,True,included,7.97,8.38324769338,8.38324769338,0.41324769338,0.41324769338,True,True
joint model,retrospective connectivity-grouped out-of-fold evaluation,4,context:9c19cee5d8f60f804f9c5b91,FTXCTXYJXIABGR,mayr:839,MeCN,C-Nucleophiles,Enol Ethers,figure_s3,True,included,10.52,11.9347254435,11.9347254435,1.4147254435,1.4147254435,True,True
joint model,retrospective connectivity-grouped out-of-fold evaluation,4,context:9c997554fdf4fad80265fdf8,ZASBNSNNQWRELF,mayr:1747,dichloromethane,C-Nucleophiles,Vinyl azides,figure_s3,True,included,5.17,4.47228988012,4.47228988012,0.69771011988,0.69771011988,True,True
joint model,retrospective connectivity-grouped out-of-fold evaluation,4,context:9d1b05e8231f1bee5f3876b4,HIAZFYQNGXRLTF,mayr:63,dichloromethane,H-Nucleophiles,H-Si hydride donors,figure_s5,True,included,3.99,4.03226089478,4.03226089478,0.04226089478,0.04226089478,True,True
joint model,retrospective connectivity-grouped out-of-fold evaluation,4,context:9d45e885ddcf1d82c61d0bee,PAYRUJLWNCNPSJ,mayr:499,MeCN,N-Nucleophiles,Aromatic amines,figure_s4,True,included,12.64,13.689546903,13.689546903,1.049546903,1.049546903,True,True
joint model,retrospective connectivity-grouped out-of-fold evaluation,4,context:9dc1eeeb0b20d8056a03e03e,UEXCJVNBTNXOEH,mayr:54,dichloromethane,C-Nucleophiles,Alkynes,figure_s3,True,included,-0.04,4.68994140625,2.17459996541,4.72994140625,2.21459996541,False,False
joint model,retrospective connectivity-grouped out-of-fold evaluation,4,context:9e7cf3336b86869f1bc12272,LSMWOQFDLBIYPM,mayr:804,THF,C-Nucleophiles,Carbenes (NHCs),figure_s3,True,included,23.35,17.7914600372,17.7914600372,5.5585399628,5.5585399628,False,False
joint model,retrospective connectivity-grouped out-of-fold evaluation,4,context:9eb082db3f538552ebb9b0d2,YYDUKBHWKGEMLM,mayr:1463,MeCN,H-Nucleophiles,H-P hydride donors,figure_s5,True,included,25.54,19.1962833405,19.1962833405,6.3437166595,6.3437166595,False,False
joint model,retrospective connectivity-grouped out-of-fold evaluation,4,context:a0d8ab51c24522f926dec6ce,QMMFVYPAHWMCMS,mayr:1552,dichloromethane,S- and Se-Nucleophiles,,,True,included,12.32,11.7193183899,11.7193183899,0.6006816101,0.6006816101,True,True
joint model,retrospective connectivity-grouped out-of-fold evaluation,4,context:a17600b0c70e7081853de6b3,RZXMPPFPUUCRFN,mayr:501,MeCN,N-Nucleophiles,Aromatic amines,figure_s4,True,included,13.19,13.6415774028,13.6415774028,0.4515774028,0.4515774028,True,True
joint model,retrospective connectivity-grouped out-of-fold evaluation,4,context:a385e2b2be87e902ae9cefaf,MSARUAFFWZCZHC,mayr:1535,MeCN,N-Nucleophiles,Aliphatic amines,figure_s4,True,included,13.57,16.4822572072,16.4822572072,2.9122572072,2.9122572072,False,False
joint model,retrospective connectivity-grouped out-of-fold evaluation,4,context:a4b8e257361a99613adba8ca,FBWBURVAZWBHPX,mayr:1287,DMSO,C-Nucleophiles,Carbanions,figure_s3,True,included,18.63,18.1510982513,18.1510982513,0.4789017487,0.4789017487,True,True
joint model,retrospective connectivity-grouped out-of-fold evaluation,4,context:abb67462906e5598eb88ace3,XFNJVJPLKCPIBV,mayr:508,water,N-Nucleophiles,Aliphatic amines,figure_s4,True,included,14.02,13.6237691243,13.6237691243,0.3962308757,0.3962308757,True,True
joint model,retrospective connectivity-grouped out-of-fold evaluation,4,context:acf2c5905677cf2f89a96d34,KZENFXVDPUMQOE,mayr:604,dichloromethane,C-Nucleophiles,Ylides,figure_s3,True,included,13.09,12.1203123728,12.1203123728,0.9696876272,0.9696876272,True,True
joint model,retrospective connectivity-grouped out-of-fold evaluation,4,context:adf56c725e7b708269f14236,ARIDPRZCOYMNQD,mayr:1130,dichloromethane,N-Nucleophiles,Imidazolines and related compounds,figure_s4,True,included,15.21,14.0279038747,14.0279038747,1.1820961253,1.1820961253,True,True
joint model,retrospective connectivity-grouped out-of-fold evaluation,4,context:aeec3cbd5d8c089748b94f1d,OJOFMLDBXPDXLQ,mayr:711,DMSO,N-Nucleophiles,Amide anions (N reactivity),figure_s4,True,included,22.67,19.3630530039,19.3630530039,3.3069469961,3.3069469961,False,False
joint model,retrospective connectivity-grouped out-of-fold evaluation,4,context:b18b61bf4f28669b2647f937,YMXWEGBWDPMVRJ,mayr:1760,MeCN,C-Nucleophiles,Enol Ethers,figure_s3,True,included,2.87,4.21820751826,4.21820751826,1.34820751826,1.34820751826,True,True
joint model,retrospective connectivity-grouped out-of-fold evaluation,4,context:b1ba2b5af1083e7042ca2111,ONIBWKKTOPOVIA,mayr:1515,MeCN,N-Nucleophiles,Aliphatic amines,figure_s4,True,included,19.95,18.122030894,18.122030894,1.827969106,1.827969106,True,True
joint model,retrospective connectivity-grouped out-of-fold evaluation,4,context:b218b48bac376a82bba40669,QGZKDVFQNNGYKY,mayr:479,water,N-Nucleophiles,Aliphatic amines,figure_s4,True,included,9.48,9.86650276184,9.86650276184,0.38650276184,0.38650276184,True,True
joint model,retrospective connectivity-grouped out-of-fold evaluation,4,context:b4379192a81a451b2c8bb420,CPQCSJYYDADLCZ,mayr:973,MeCN,N-Nucleophiles,"Hydrazines, Hydroxylamines etc.",figure_s4,True,included,14.1,14.7049160004,14.7049160004,0.6049160004,0.6049160004,True,True
joint model,retrospective connectivity-grouped out-of-fold evaluation,4,context:b45d7c3cdcec0b5fc988f966,SABMKDWVEYTWLO,mayr:1000,dichloromethane,H-Nucleophiles,H-Si hydride donors,figure_s5,True,included,5.36,4.35974136988,4.35974136988,1.00025863012,1.00025863012,True,True
joint model,retrospective connectivity-grouped out-of-fold evaluation,4,context:b584b746a569e09329873f46,CUJRVFIICFDLGR,mayr:118,DMSO,C-Nucleophiles,Carbanions,figure_s3,True,included,17.64,17.2393779755,17.2393779755,0.4006220245,0.4006220245,True,True
joint model,retrospective connectivity-grouped out-of-fold evaluation,4,context:b5db293c21a91cc32f86f377,ZBJDBFWPAOORHG,mayr:284,water,C-Nucleophiles,Carbanions,figure_s3,True,included,12.06,11.4195419947,11.4195419947,0.6404580053,0.6404580053,True,True
joint model,retrospective connectivity-grouped out-of-fold evaluation,4,context:b6e33b06cd63c4a07b1be388,UBMYYGXGMPGCBO,mayr:1449,MeCN,C-Nucleophiles,Enol Ethers,figure_s3,True,included,6.43,5.48199892044,5.48199892044,0.94800107956,0.94800107956,True,True
joint model,retrospective connectivity-grouped out-of-fold evaluation,4,context:b79fc98802357f840cb557bc,PJWQVCOHIKOJPW,mayr:1775,dichloromethane,C-Nucleophiles,Enol Ethers,figure_s3,True,included,1.94,1.52512931824,1.52512931824,0.41487068176,0.41487068176,True,True
joint model,retrospective connectivity-grouped out-of-fold evaluation,4,context:b8914b82fb3d63949114f7fb,JNOGVQJEBGEKMG,mayr:226,dichloromethane,C-Nucleophiles,Enol Ethers,figure_s3,True,included,9,9.53699938456,9.53699938456,0.53699938456,0.53699938456,True,True
joint model,retrospective connectivity-grouped out-of-fold evaluation,4,context:b9f5421b4ee01b9e354e20dc,BAYGVMXZJBFEMB,mayr:1491,DMSO,O-Nucleophiles,Phenolate Ions,figure_s6,True,included,18.98,20.789308548,20.789308548,1.809308548,1.809308548,True,True
joint model,retrospective connectivity-grouped out-of-fold evaluation,4,context:bac1aae4e954997e59a5f190,GQYCDHQAMSGQOC,mayr:1785,dichloromethane,N-Nucleophiles,Isochalkogenoureas,figure_s4,True,included,12.52,13.5561583837,13.5561583837,1.0361583837,1.0361583837,True,True
joint model,retrospective connectivity-grouped out-of-fold evaluation,4,context:bc6157f25f73177fcbe68171,KOFSFYBXUYHNJL,mayr:69,dichloromethane,C-Nucleophiles,"Enamines, Enamides, and Ynamides",figure_s3,True,included,15.91,13.6027641296,13.6027641296,2.3072358704,2.3072358704,False,False
joint model,retrospective connectivity-grouped out-of-fold evaluation,4,context:bec25d849c425f9edd17cdc7,YKRGGPCEWFPOIC,mayr:1397,MeCN,C-Nucleophiles,Allyl Element Compounds,figure_s3,True,included,8.71,8.20076433818,8.20076433818,0.50923566182,0.50923566182,True,True
joint model,retrospective connectivity-grouped out-of-fold evaluation,4,context:c046aec29642eb4f4703d435,JCBPETKZIGVZRE,mayr:620,DMSO,N-Nucleophiles,Aliphatic amines,figure_s4,True,included,14.39,14.6206347148,14.6206347148,0.2306347148,0.2306347148,True,True
joint model,retrospective connectivity-grouped out-of-fold evaluation,4,context:c0fc125e885800c5f3a7b9a1,FVRPGFDQHUQCSW,mayr:1184,dichloromethane,C-Nucleophiles,Vinylsilanes,figure_s3,True,included,-0.31,0.282251040141,0.282251040141,0.592251040141,0.592251040141,True,True
joint model,retrospective connectivity-grouped out-of-fold evaluation,4,context:c0fcc07973d61a6e6f0740f8,PNLQPWWBHXMFCA,mayr:137,dichloromethane,C-Nucleophiles,Alkenes,figure_s3,True,included,-3.65,0.891663233439,0.891663233439,4.54166323344,4.54166323344,False,False
joint model,retrospective connectivity-grouped out-of-fold evaluation,4,context:c2d7f9687a3f8e3aa909f476,IERLOSGMYPXIOS,mayr:1330,dichloromethane,C-Nucleophiles,Ylides,figure_s3,True,included,6.18,4.99942366282,4.99942366282,1.18057633718,1.18057633718,True,True
joint model,retrospective connectivity-grouped out-of-fold evaluation,4,context:c43b5fb8cb4c6fc563244cc9,FTXCTXYJXIABGR,mayr:39,dichloromethane,C-Nucleophiles,Enol Ethers,figure_s3,True,included,10.61,12.0408843358,12.0408843358,1.4308843358,1.4308843358,True,True
joint model,retrospective connectivity-grouped out-of-fold evaluation,4,context:c5c558df1d0d922fe7d079a1,GNETVOUSGGAEDK,mayr:199,dichloromethane,P-Nucleophiles,,,True,included,18.39,17.2194906871,17.2194906871,1.1705093129,1.1705093129,True,True
joint model,retrospective connectivity-grouped out-of-fold evaluation,4,context:c5cb9e9944be6742a3a267eb,PFLHSEQQKXYSOI,mayr:1333,DMSO,C-Nucleophiles,Carbanions,figure_s3,True,included,15.68,17.8212038676,17.8212038676,2.1412038676,2.1412038676,False,False
joint model,retrospective connectivity-grouped out-of-fold evaluation,4,context:c8ba9a3ee4afcc8aced4f7b9,XPUANKANCPMJFC,mayr:1452,DMSO,C-Nucleophiles,Carbanions,figure_s3,True,included,29.1,29.1997356415,29.1997356415,0.0997356415,0.0997356415,True,True
joint model,retrospective connectivity-grouped out-of-fold evaluation,4,context:c91c523da9ce43462aa28d5f,IIHPVYJPDKJYOU,mayr:603,DMSO,C-Nucleophiles,Ylides,figure_s3,True,included,12.21,13.9283587138,13.9283587138,1.7183587138,1.7183587138,True,True
joint model,retrospective connectivity-grouped out-of-fold evaluation,4,context:cbfa42a0dd135d2db93ede6d,MUDSDYNRBDKLGK,mayr:629,MeCN,N-Nucleophiles,"Pyridines, Quinolines etc.",figure_s4,True,included,11.6,10.6742509206,10.6742509206,0.9257490794,0.9257490794,True,True
joint model,retrospective connectivity-grouped out-of-fold evaluation,4,context:cfd64c531578685a542110cc,RWRDLPDLKQPQOW,mayr:1517,MeCN,N-Nucleophiles,Aliphatic amines,figure_s4,True,included,18.58,18.3574504852,18.3574504852,0.2225495148,0.2225495148,True,True
joint model,retrospective connectivity-grouped out-of-fold evaluation,4,context:d001a7f6f2ba3b7fe779ed1e,JNOGVQJEBGEKMG,mayr:840,MeCN,C-Nucleophiles,Enol Ethers,figure_s3,True,included,9.11,9.33649222056,9.33649222056,0.22649222056,0.22649222056,True,True
joint model,retrospective connectivity-grouped out-of-fold evaluation,4,context:d4d54c98a2f232eccd3663c1,YBTFTZSRVCNOLA,mayr:352,water,C-Nucleophiles,Carbanions,figure_s3,True,included,14.25,15.7983640035,15.7983640035,1.5483640035,1.5483640035,True,True
joint model,retrospective connectivity-grouped out-of-fold evaluation,4,context:d59c0e317cb68d0521e2bcc9,UZJGVXSQDRSSHU,mayr:1381,water,O-Nucleophiles,Peroxy anions,figure_s6,True,included,16.02,18.1585216522,18.1585216522,2.1385216522,2.1385216522,False,False
joint model,retrospective connectivity-grouped out-of-fold evaluation,4,context:d82a09d9de3348fe96fd1937,DBGVGMSCBYYSLD,mayr:67,dichloromethane,H-Nucleophiles,H-Sn and H-Ge hydride donors,figure_s5,True,included,9.96,6.23377879461,6.23377879461,3.72622120539,3.72622120539,False,False
joint model,retrospective connectivity-grouped out-of-fold evaluation,4,context:d8b33b35a827ed3c41fe3b89,ZPJPPTSCBDTYDP,mayr:1038,dichloromethane,H-Nucleophiles,H-B hydride donors,figure_s5,True,included,9.12,9.26120853424,9.26120853424,0.14120853424,0.14120853424,True,True
joint model,retrospective connectivity-grouped out-of-fold evaluation,4,context:d91fe4f25e81a2532ad2ae39,HPNMFZURTQLUMO,mayr:642,MeCN,N-Nucleophiles,Aliphatic amines,figure_s4,True,included,15.1,15.5101591746,15.5101591746,0.4101591746,0.4101591746,True,True
joint model,retrospective connectivity-grouped out-of-fold evaluation,4,context:d95541c3f285ddb05b7f07f3,BSKHPKMHTQYZBB,mayr:1674,dichloromethane,N-Nucleophiles,"Pyridines, Quinolines etc.",figure_s4,True,included,10.52,11.5191825231,11.5191825231,0.9991825231,0.9991825231,True,True
joint model,retrospective connectivity-grouped out-of-fold evaluation,4,context:da77c8114e29099ce8827b44,INQUAPASCFTPLI,mayr:1746,dichloromethane,C-Nucleophiles,Vinyl azides,figure_s3,True,included,6.08,5.55669816335,5.55669816335,0.52330183665,0.52330183665,True,True
joint model,retrospective connectivity-grouped out-of-fold evaluation,4,context:dac2ab4cb8fda42bdfc9a46a,XUMYXWQECJOOTL,mayr:1574,MeCN,C-Nucleophiles,Carbanions,figure_s3,True,included,16.15,16.082291921,16.082291921,0.067708079,0.067708079,True,True
joint model,retrospective connectivity-grouped out-of-fold evaluation,4,context:db14416ca1ec037acaef952d,DAVVYCRMXOFZQG,mayr:1262,dichloromethane,C-Nucleophiles,Allyl Element Compounds,figure_s3,True,included,-0.1,4.4614961942,5.11129665375,4.5614961942,5.21129665375,False,False
joint model,retrospective connectivity-grouped out-of-fold evaluation,4,context:dbe33314b002ea972dcda0e4,YGCWPCVAVSIFLO,mayr:1737,dichloromethane,N-Nucleophiles,Isochalkogenoureas,figure_s4,True,included,13.06,13.3688062032,13.3688062032,0.3088062032,0.3088062032,True,True
joint model,retrospective connectivity-grouped out-of-fold evaluation,4,context:dca79eefc8f81b75eff0c327,DUYAAUVXQSMXQP,mayr:807,MeCN,S- and Se-Nucleophiles,,,True,included,21.2,17.9067077637,17.9067077637,3.2932922363,3.2932922363,False,False
joint model,retrospective connectivity-grouped out-of-fold evaluation,4,context:dd7825d578bf8596421050e5,VCJDCAYCIMKALC,mayr:1618,MeCN,C-Nucleophiles,"Alkyl, Alkenyl and Aryl Boron Compounds",figure_s3,True,included,11,9.10752550761,11.7979745865,1.89247449239,0.7979745865,True,True
joint model,retrospective connectivity-grouped out-of-fold evaluation,4,context:dd981811c0768ce657835381,ATQUFXWBVZUTKO,mayr:250,dichloromethane,C-Nucleophiles,Alkenes,figure_s3,True,included,1.18,0.17311223348,0.17311223348,1.00688776652,1.00688776652,True,True
joint model,retrospective connectivity-grouped out-of-fold evaluation,4,context:de96bb5bdc1d1711e0fc5ac3,NQRYJNQNLNOLGT,mayr:644,MeCN,N-Nucleophiles,Aliphatic amines,figure_s4,True,included,17.35,18.4896653493,18.4896653493,1.1396653493,1.1396653493,True,True
joint model,retrospective connectivity-grouped out-of-fold evaluation,4,context:ded762dfaf5b4df434d4fd08,GVYQJELFAHQBFX,mayr:945,dichloromethane,C-Nucleophiles,Enol Ethers,figure_s3,True,included,-3.52,-3.46560160319,-3.46560160319,0.05439839681,0.05439839681,True,True
joint model,retrospective connectivity-grouped out-of-fold evaluation,4,context:df4c03f7509df1dc68aa5120,LXBGSDVWAMZHDD,mayr:661,MeCN,N-Nucleophiles,Azoles and Azole Anions,figure_s4,True,included,11.74,10.8329877853,10.8329877853,0.9070122147,0.9070122147,True,True
joint model,retrospective connectivity-grouped out-of-fold evaluation,4,context:e09e46e5393542fa5dfdff12,PQDJYEQOELDLCP,mayr:978,dichloromethane,H-Nucleophiles,H-Si hydride donors,figure_s5,True,included,3.15,2.3839079539,2.3839079539,0.7660920461,0.7660920461,True,True
joint model,retrospective connectivity-grouped out-of-fold evaluation,4,context:e181530fe10a27253254a124,ZPJURDXVHOYDGB,mayr:1460,MeCN,C-Nucleophiles,"Enamines, Enamides, and Ynamides",figure_s3,True,included,15.27,14.2416162491,14.2416162491,1.0283837509,1.0283837509,True,True
joint model,retrospective connectivity-grouped out-of-fold evaluation,4,context:e199d687c7fe46a2ecca4707,OSIGJGFTADMDOB,mayr:53,dichloromethane,C-Nucleophiles,Arenes,figure_s3,True,included,0.13,0.254744211833,0.254744211833,0.124744211833,0.124744211833,True,True
joint model,retrospective connectivity-grouped out-of-fold evaluation,4,context:e254324853d787b062c88c43,OJPMLDITIICIDN,mayr:1037,dichloromethane,H-Nucleophiles,H-B hydride donors,figure_s5,True,included,8.53,9.26974741618,9.26974741618,0.73974741618,0.73974741618,True,True
joint model,retrospective connectivity-grouped out-of-fold evaluation,4,context:e49e5d2ccd38e9f6f7a6a8df,KTZNVZJECQAMBV,mayr:71,dichloromethane,C-Nucleophiles,"Enamines, Enamides, and Ynamides",figure_s3,True,included,14.91,13.4565982819,13.4565982819,1.4534017181,1.4534017181,True,True
joint model,retrospective connectivity-grouped out-of-fold evaluation,4,context:e4af45d8a7b4022cbd54a18e,NXHORDQDUDIXOS,mayr:62,dichloromethane,H-Nucleophiles,H-Sn and H-Ge hydride donors,figure_s5,True,included,3.99,3.73205773036,3.73205773036,0.25794226964,0.25794226964,True,True
joint model,retrospective connectivity-grouped out-of-fold evaluation,4,context:e53fa77227dd1761e4f8ed3c,YQHLDYVWEZKEOX,mayr:1380,water,O-Nucleophiles,Peroxy anions,figure_s6,True,included,13.92,15.2336441676,15.2336441676,1.3136441676,1.3136441676,True,True
joint model,retrospective connectivity-grouped out-of-fold evaluation,4,context:e5eb19962a8a55ef03c7b7d8,XDHRVAHAGMMFMC,mayr:1361,dichloromethane,P-Nucleophiles,,,True,included,14.88,8.7241490682,8.7241490682,6.1558509318,6.1558509318,False,False
joint model,retrospective connectivity-grouped out-of-fold evaluation,4,context:e60b90af462633dddd34c1d4,QGZKDVFQNNGYKY,mayr:974,MeCN,N-Nucleophiles,Aliphatic amines,figure_s4,True,included,11.39,12.0034770966,12.0034770966,0.6134770966,0.6134770966,True,True
joint model,retrospective connectivity-grouped out-of-fold evaluation,4,context:e824ba4a74679873d051dd90,KGZLNGOGFMKIHQ,mayr:1346,DMSO,C-Nucleophiles,Carbanions,figure_s3,True,included,23.9,27.3302415212,27.3302415212,3.4302415212,3.4302415212,False,False
joint model,retrospective connectivity-grouped out-of-fold evaluation,4,context:e96681537f2d76f2646151d5,CTFWDLWPAQNEKJ,mayr:1288,DMSO,C-Nucleophiles,Carbanions,figure_s3,True,included,18.32,19.0734882355,19.0734882355,0.7534882355,0.7534882355,True,True
joint model,retrospective connectivity-grouped out-of-fold evaluation,4,context:ee123d410dcb7c1ee11cbe37,CMOFCAVYKAYXSN,mayr:1748,dichloromethane,C-Nucleophiles,Vinyl azides,figure_s3,True,included,4.13,4.43786907196,4.43786907196,0.30786907196,0.30786907196,True,True
joint model,retrospective connectivity-grouped out-of-fold evaluation,4,context:f07122c3895ece21a62cb886,IWHOTBXJHCGHRY,mayr:1177,DMSO,C-Nucleophiles,Ylides,figure_s3,True,included,19.46,19.805727005,19.805727005,0.345727005,0.345727005,True,True
joint model,retrospective connectivity-grouped out-of-fold evaluation,4,context:f16502fe669b00585b111b28,YBTFTZSRVCNOLA,mayr:353,DMSO,C-Nucleophiles,Carbanions,figure_s3,True,included,18.06,18.18846639,18.18846639,0.12846639,0.12846639,True,True
joint model,retrospective connectivity-grouped out-of-fold evaluation,4,context:f363e7e84dfe18ed94ae5ba5,JGJLWPGRMCADHB,mayr:1426,water,O-Nucleophiles,Other O-centered nucleophiles,figure_s6,True,included,16.69,13.3558012644,13.3558012644,3.3341987356,3.3341987356,False,False
joint model,retrospective connectivity-grouped out-of-fold evaluation,4,context:f37f0f3a3d724c1c3c845129,RKDAPIXTZRTFKL,mayr:889,MeCN,C-Nucleophiles,"Enamines, Enamides, and Ynamides",figure_s3,True,included,5.64,6.70954465866,6.70954465866,1.06954465866,1.06954465866,True,True
joint model,retrospective connectivity-grouped out-of-fold evaluation,4,context:f54b2cd3f4e98770428a2481,CMLWFCUAXGSMBB,mayr:1360,dichloromethane,P-Nucleophiles,,,True,included,15.19,13.7768710454,13.7768710454,1.4131289546,1.4131289546,True,True
joint model,retrospective connectivity-grouped out-of-fold evaluation,4,context:f61020482fc860402cac5638,OXHNLMTVIGZXSG,mayr:43,dichloromethane,C-Nucleophiles,Arenes,figure_s3,True,included,5.85,4.20512708028,4.20512708028,1.64487291972,1.64487291972,True,True
joint model,retrospective connectivity-grouped out-of-fold evaluation,4,context:f76c66586786c9c40af4aa6d,WDITXRGBBBKEET,mayr:853,dichloromethane,H-Nucleophiles,H-B hydride donors,figure_s5,True,included,11.88,10.1926705043,10.1926705043,1.6873294957,1.6873294957,True,True
joint model,retrospective connectivity-grouped out-of-fold evaluation,4,context:f834ccfc524a8a8c486af933,VYWYYJYRVSBHJQ,mayr:790,acetone,O-Nucleophiles,Carboxylates and Carbonates,figure_s6,False,excluded as one of the three smallest observed solvent strata,18.8,18.7049484253,18.7049484253,0.0950515747,0.0950515747,True,True
joint model,retrospective connectivity-grouped out-of-fold evaluation,4,context:f8746b4cdeac8697636af298,NQRYJNQNLNOLGT,mayr:114,DMSO,N-Nucleophiles,Aliphatic amines,figure_s4,True,included,17.19,19.7898578644,19.7898578644,2.5998578644,2.5998578644,False,False
joint model,retrospective connectivity-grouped out-of-fold evaluation,4,context:f9a974833521bf198d328e3f,WNAGIMQWCVOKKX,mayr:1185,dichloromethane,C-Nucleophiles,Vinylsilanes,figure_s3,True,included,-1.13,-0.925040880839,-0.925040880839,0.204959119161,0.204959119161,True,True
joint model,retrospective connectivity-grouped out-of-fold evaluation,4,context:fae1d3a003beffe9260989b1,QROGIFZRVHSFLM,mayr:29,dichloromethane,C-Nucleophiles,Alkenes,figure_s3,True,included,-0.49,0.355696678162,0.355696678162,0.845696678162,0.845696678162,True,True
joint model,retrospective connectivity-grouped out-of-fold evaluation,4,context:fb4e8049cfcb553f6ef1e21c,IBZKBSXREAQDTO,mayr:646,MeCN,N-Nucleophiles,Aliphatic amines,figure_s4,True,included,13.24,14.1183684667,14.1183684667,0.8783684667,0.8783684667,True,True
joint model,retrospective connectivity-grouped out-of-fold evaluation,4,context:fed51cb2bca59714b2194f5c,SHMULLBJFZQILL,mayr:1235,DMSO,C-Nucleophiles,Carbanions,figure_s3,True,included,16.55,17.5968596141,17.5968596141,1.0468596141,1.0468596141,True,True
