outer_fold,context_id,connectivity_id,site_top1_correct,candidate_count,top1_query_id,top1_candidate_site_id,top1_site_type,top2_query_id,top2_candidate_site_id,top2_site_type,top1_final_score,top2_final_score,ranking_separation,top1_pre_router_score,top2_pre_router_score,top1_candidate_seed_sd,top2_candidate_seed_sd,neural_gap_seed_2026081001,neural_gap_seed_2026081002,neural_gap_seed_2026081003,neural_gap_mean,u_gap,ensemble_member_count,seed_sd_ddof,router_conditioning
0,context:001aff9d192ba5bb00ea7813,NDOMXVXCNMTXDL,True,85,context:001aff9d192ba5bb00ea7813|site:4b6486aeccb4e138fcce9c1e,site:4b6486aeccb4e138fcce9c1e,atom,context:001aff9d192ba5bb00ea7813|site:70ec8d39fd8b5739cd7ec4bf,site:70ec8d39fd8b5739cd7ec4bf,delocalized_region,2.61079713357,0.670598651637,1.94019848193,5.2126750946,-8.07395394643,0.0198205182744,0.0306017298106,13.2732849121,13.2845582962,13.3020439148,13.286629041,0.0118317664781,3,0,frozen deterministic type router
0,context:03f78f46086cefb733d5d11b,DNJLFZHMJDSJFN,True,100,context:03f78f46086cefb733d5d11b|site:b94608133aecad38f438550b,site:b94608133aecad38f438550b,atom,context:03f78f46086cefb733d5d11b|site:4f56f9a1330cf49af01c4db5,site:4f56f9a1330cf49af01c4db5,delocalized_region,2.82924271071,0.604753347451,2.22448936326,5.08327976863,-7.04704554876,0.00926703192459,0.0168451637336,12.1275854111,12.1200966835,12.1432938576,12.1303253174,0.00966635181716,3,0,frozen deterministic type router
0,context:046650b42d9338282244a2d8,WNGRAVYBVJNTMT,False,98,context:046650b42d9338282244a2d8|site:859cb7ad80677aa1cc375e01,site:859cb7ad80677aa1cc375e01,transferable_h_group,context:046650b42d9338282244a2d8|site:02f5efbf73de294ae6d34fb9,site:02f5efbf73de294ae6d34fb9,transferable_h_group,3.13661848118,2.79290718446,0.343711296717,3.40665372213,3.06294242541,0.0281810408755,0.0282005413084,0.343856573105,0.343588113785,0.343689203262,0.343711296717,0.000110705893243,3,0,frozen deterministic type router
0,context:06e6d7dec0af50fa72831e57,IVRMZWNICZWHMI,False,12,context:06e6d7dec0af50fa72831e57|site:cbb3cc165bfe92575c5a6509,site:cbb3cc165bfe92575c5a6509,atom,context:06e6d7dec0af50fa72831e57|site:9c9eb4b32e9f4b01f5169a92,site:9c9eb4b32e9f4b01f5169a92,atom,2.87574487784,2.87574392416,9.53674316406e-07,-2.3130317529,-2.31303270658,0.0199225968841,0.0199225968841,9.53674316406e-07,9.53674316406e-07,9.53674316406e-07,9.53674316406e-07,0,3,0,frozen deterministic type router
0,context:090dbc083620bee62ad32180,FUDLPTUMHBESOS,True,101,context:090dbc083620bee62ad32180|site:61da5862aba6e08e01db2d22,site:61da5862aba6e08e01db2d22,atom,context:090dbc083620bee62ad32180|site:7cfad137f012dffd0f0323f6,site:7cfad137f012dffd0f0323f6,atom_group,3.27277750205,0.349233946275,2.92354355578,11.6109463374,-3.90085744858,0.0218891712992,0.0360689158874,15.5047254562,15.4990723133,15.5316135883,15.511803786,0.0141964950791,3,0,frozen deterministic type router
0,context:0a30d5946ad9e79a6f3d44a3,YJSCYFWNFZXUDZ,True,109,context:0a30d5946ad9e79a6f3d44a3|site:0eeb5d6eb8a61196a512fb12,site:0eeb5d6eb8a61196a512fb12,atom,context:0a30d5946ad9e79a6f3d44a3|site:35ca67fb83797d1ebc528178,site:35ca67fb83797d1ebc528178,atom_group,4.58154235806,0.0982992932187,4.48324306484,11.1713806788,-6.67674827576,0.0229501622771,0.0385895699293,17.8434019089,17.8315472603,17.8694376945,17.8481289546,0.0158257168969,3,0,frozen deterministic type router
0,context:0a30e11d6079a6f65e244bae,WXAZIUYTQHYBFW,True,248,context:0a30e11d6079a6f65e244bae|site:1354f76d06916958bb2c9225,site:1354f76d06916958bb2c9225,atom,context:0a30e11d6079a6f65e244bae|site:ab124f774f696dc24593daa9,site:ab124f774f696dc24593daa9,transferable_h_group,4.59240913141,-0.0122814521148,4.60469058353,8.61021264394,-8.76319376628,0.00773884609129,0.027445253086,17.3730716705,17.3494272232,17.3977203369,17.3734064102,0.0197170019004,3,0,frozen deterministic type router
0,context:0b6c95348653b6f10c426164,DCFOWKDNANGCTA,True,143,context:0b6c95348653b6f10c426164|site:deaafce562d4c6731a374fd1,site:deaafce562d4c6731a374fd1,bond,context:0b6c95348653b6f10c426164|site:d408c5f82a7fca58a3979602,site:d408c5f82a7fca58a3979602,atom,2.29735898891,1.41060853341,0.886750455497,3.19867857297,-2.62813305855,0.0181815721603,0.0154415836099,5.83450770378,5.82541275024,5.82051444054,5.82681163152,0.00579772976705,3,0,frozen deterministic type router
0,context:0b7cf750d726379289cdc1df,JIABXJQBVOUBOD,True,98,context:0b7cf750d726379289cdc1df|site:b4eb05114c7c8ecefce521c9,site:b4eb05114c7c8ecefce521c9,transferable_h_group,context:0b7cf750d726379289cdc1df|site:978512a90eadb26762e72d9d,site:978512a90eadb26762e72d9d,atom,3.64526811768,0.695636440969,2.94963167671,6.14494021734,-1.68869745731,0.0400621918944,0.0329927258142,7.85020828247,7.83371257782,7.81699216366,7.83363767465,0.0135605271556,3,0,frozen deterministic type router
0,context:0e13cec0808376ddbfdd7085,BWJAFKSLQWCVOB,True,116,context:0e13cec0808376ddbfdd7085|site:6f64a5401573958d828b31fd,site:6f64a5401573958d828b31fd,atom,context:0e13cec0808376ddbfdd7085|site:95abccbe81fa22e4ec70407a,site:95abccbe81fa22e4ec70407a,delocalized_region,4.61039361983,-0.150970286613,4.76136390644,11.1143404643,-4.93470366796,0.0226811697138,0.035448646937,16.0503258705,16.0319771767,16.0648293495,16.0490441322,0.0134424317005,3,0,frozen deterministic type router
0,context:12d9b5d2f11b21943d18ad53,AVFZOVWCLRSYKC,True,70,context:12d9b5d2f11b21943d18ad53|site:1b15c2cc3657fbe51271b805,site:1b15c2cc3657fbe51271b805,atom,context:12d9b5d2f11b21943d18ad53|site:c5e3067d43d7129be0450f08,site:c5e3067d43d7129be0450f08,atom_group,4.27416553578,0.301208579221,3.97295695656,9.19369029999,-13.2332347234,0.031611799608,0.0438322560087,22.4210510254,22.4153280258,22.444396019,22.4269250234,0.0125728529268,3,0,frozen deterministic type router
0,context:13a3b87f352eeb4562f06016,MIYKHJXFICMPOJ,True,169,context:13a3b87f352eeb4562f06016|site:13df7e9b4e5fced0f737645c,site:13df7e9b4e5fced0f737645c,atom,context:13a3b87f352eeb4562f06016|site:034a43b9ce46de58d2b840f2,site:034a43b9ce46de58d2b840f2,transferable_h_group,2.64328178526,1.05559987317,1.58768191209,1.96591615677,-0.135856891672,0.0123079910446,0.0223099983672,2.09915231168,2.09095606208,2.11521077156,2.10177304844,0.010073858211,3,0,frozen deterministic type router
0,context:14d010006c37274be2241233,JSINEXDALPWUTH,True,112,context:14d010006c37274be2241233|site:f65afcdc052266886ae88bfc,site:f65afcdc052266886ae88bfc,atom,context:14d010006c37274be2241233|site:75ea8a2f3a3d6a166305a5be,site:75ea8a2f3a3d6a166305a5be,delocalized_region,5.13714204346,0.0594135220488,5.07772852141,10.8712069194,-3.14163732529,0.0231437184855,0.031917800929,14.0104103088,14.0030269623,14.0250954628,14.0128442446,0.00917233926543,3,0,frozen deterministic type router
0,context:1650dd1b8b569bb4f72e3821,COKQMTJWXMERBR,True,372,context:1650dd1b8b569bb4f72e3821|site:8f153b821eab9ba8db0fa27b,site:8f153b821eab9ba8db0fa27b,atom,context:1650dd1b8b569bb4f72e3821|site:a103a83ec51dce13f4faa70e,site:a103a83ec51dce13f4faa70e,atom_group,5.24251591979,0.00546786770734,5.23704805209,7.72094424566,-7.44674666723,0.00932890846064,0.0224466116816,15.1665248871,15.152203083,15.1843447685,15.1676909129,0.0131476664238,3,0,frozen deterministic type router
0,context:16b1e73b7ed6334a3dae379c,IQIMPHPFMHVWBZ,False,199,context:16b1e73b7ed6334a3dae379c|site:d630d4c5054a66a9c61365d0,site:d630d4c5054a66a9c61365d0,atom,context:16b1e73b7ed6334a3dae379c|site:60c3faee4d533d8b29679417,site:60c3faee4d533d8b29679417,atom,3.62989054563,1.75105705304,1.8788334926,3.06406704585,1.18523355325,0.0309504240996,0.0260299049407,1.88266670704,1.88370132446,1.87013244629,1.8788334926,0.00616705026424,3,0,frozen deterministic type router
0,context:18ff98d098dbd02ed5f75395,HXTGGPKOEKKUQO,True,95,context:18ff98d098dbd02ed5f75395|site:1b764319b7504049bde3c455,site:1b764319b7504049bde3c455,atom,context:18ff98d098dbd02ed5f75395|site:186d60a50039009e32c6cb07,site:186d60a50039009e32c6cb07,bond,3.15240887531,0.995595388536,2.15681348677,6.98156706492,-0.120837060114,0.0125422993108,0.0208679626244,7.09753143787,7.09503927082,7.11464166641,7.10240412503,0.00871285595671,3,0,frozen deterministic type router
0,context:1aa45c306021fc9c59c6bc28,DRLPQHUSIRTYBM,True,151,context:1aa45c306021fc9c59c6bc28|site:b1a0017489442ee66f19e7d2,site:b1a0017489442ee66f19e7d2,bond,context:1aa45c306021fc9c59c6bc28|site:6cfee38841b05873c7435a3a,site:6cfee38841b05873c7435a3a,atom,3.32437077285,0.72267862671,2.60169214614,6.27811113993,1.5623562336,0.0370499355436,0.0370740218121,4.7217168808,4.71205496788,4.71349287033,4.71575490634,0.00425642615953,3,0,frozen deterministic type router
0,context:1b4e88786daad3fbde5cf36c,FHHJDRFHHWUPDG,True,30,context:1b4e88786daad3fbde5cf36c|site:91db6d033178fd436eabdddb,site:91db6d033178fd436eabdddb,atom,context:1b4e88786daad3fbde5cf36c|site:ab51f931a481681b92b976a6,site:ab51f931a481681b92b976a6,atom_group,4.0115098419,2.5799180821,1.43159175981,3.33054979642,-6.30041456223,0.0249240736469,0.0373773288696,9.62682390213,9.61715054512,9.64891862869,9.63096435865,0.0132956212992,3,0,frozen deterministic type router
0,context:1d7f74611726de1d3e40ba2c,VTGIVYVOVVQLRL,True,62,context:1d7f74611726de1d3e40ba2c|site:9404d1f56485fdf85470c320,site:9404d1f56485fdf85470c320,bond,context:1d7f74611726de1d3e40ba2c|site:8572de6c3f6c5aec840d725e,site:8572de6c3f6c5aec840d725e,delocalized_region,3.61475985594,0.48645981306,3.12830004288,8.51768430074,2.36551364263,0.0136016083579,0.0168071346671,6.15191864967,6.14837360382,6.15621972084,6.15217065811,0.00320811671246,3,0,frozen deterministic type router
0,context:1dfd7188ae714564d2989a31,NZNTUXSPRYJURO,True,145,context:1dfd7188ae714564d2989a31|site:b4b9a704e4706cd5c3790464,site:b4b9a704e4706cd5c3790464,atom,context:1dfd7188ae714564d2989a31|site:bd92d039a4c978b1a777567e,site:bd92d039a4c978b1a777567e,atom_group,4.46620406151,-0.101900633226,4.56810469473,10.7144365311,-5.72972599665,0.0118833886395,0.0245383223525,16.4369616508,16.4327840805,16.4627418518,16.4441625277,0.0132478045005,3,0,frozen deterministic type router
0,context:1e09b044d95fdd440ea85ec5,ZSBDPRIWBYHIAF,True,41,context:1e09b044d95fdd440ea85ec5|site:9c3feb8919c1661006ea4eac,site:9c3feb8919c1661006ea4eac,atom,context:1e09b044d95fdd440ea85ec5|site:d3ed12ed65755c6d31723d11,site:d3ed12ed65755c6d31723d11,atom_group,3.9940345493,2.62228629249,1.37174825681,8.15708637238,-3.73352273305,0.0250181018735,0.037014693873,11.8847007751,11.8797783852,11.907348156,11.8906091054,0.012005674789,3,0,frozen deterministic type router
0,context:206208777f16c1a993720f92,HJTMLKUQGRHHBV,True,158,context:206208777f16c1a993720f92|site:d74f6885bd25ee9a4412e61f,site:d74f6885bd25ee9a4412e61f,bond,context:206208777f16c1a993720f92|site:a01d9c1918c4e127589afb54,site:a01d9c1918c4e127589afb54,delocalized_region,2.27082851987,1.40059064651,0.870237873362,3.84350530306,0.544996500015,0.0166072223881,0.0241660259375,3.29865121841,3.28911870718,3.30775648355,3.29850880305,0.00760950671426,3,0,frozen deterministic type router
0,context:20d0d451e75912ece86fa97d,LFQSCWFLJHTTHZ,True,24,context:20d0d451e75912ece86fa97d|site:6ff9a00b2e545c71607d6437,site:6ff9a00b2e545c71607d6437,atom,context:20d0d451e75912ece86fa97d|site:2925f7412e0302a103742fbc,site:2925f7412e0302a103742fbc,transferable_h_group,3.00268426469,0.271792326597,2.73089193809,3.16374786695,-7.41720485687,0.0152360252516,0.0294772569963,10.5688729286,10.5713925362,10.6025927067,10.5809527238,0.0153363130979,3,0,frozen deterministic type router
0,context:20d8a2eaf05b9af6bc9e3953,JJWLVOIRVHMVIS,True,39,context:20d8a2eaf05b9af6bc9e3953|site:673fe06379832db858282cca,site:673fe06379832db858282cca,atom,context:20d8a2eaf05b9af6bc9e3953|site:444d16495c6b809c99eeba0b,site:444d16495c6b809c99eeba0b,transferable_h_group,4.5323077916,0.840426354053,3.69188143755,9.05750465393,-4.02724615733,0.0273743705848,0.0454469811305,13.0830564499,13.0633392334,13.1078567505,13.0847508113,0.0182136483129,3,0,frozen deterministic type router
0,context:214dd31c19747d5f9196b372,ULGQYSSQBVDCSA,True,196,context:214dd31c19747d5f9196b372|site:65c9858dee924894c7d59d8d,site:65c9858dee924894c7d59d8d,atom,context:214dd31c19747d5f9196b372|site:4791d2b77ae5c86c2f6c7beb,site:4791d2b77ae5c86c2f6c7beb,atom,3.88232104171,3.5260192572,0.356301784515,2.9836482207,2.62734643618,0.0265816675397,0.0256978126309,0.354538679123,0.358091115952,0.356275558472,0.356301784515,0.00145039482196,3,0,frozen deterministic type router
0,context:22ab8ea7871358274033ad6b,CLLOFODTUXGHHT,True,52,context:22ab8ea7871358274033ad6b|site:11c14f5c36847dbe816540b9,site:11c14f5c36847dbe816540b9,atom,context:22ab8ea7871358274033ad6b|site:282b3d9bb21b806d21fad78f,site:282b3d9bb21b806d21fad78f,atom_group,5.2758721112,0.666316525906,4.6095555853,8.14534632365,-7.79464070002,0.0238242579328,0.0370828889711,15.9355969429,15.92603302,15.9583311081,15.9399870237,0.0135461244194,3,0,frozen deterministic type router
0,context:240fd2ffad6a938368e2f5c3,NRMQMTQTYONMFY,True,75,context:240fd2ffad6a938368e2f5c3|site:f1eacf4a3490a2d728d190f2,site:f1eacf4a3490a2d728d190f2,atom_group,context:240fd2ffad6a938368e2f5c3|site:c05c97b84d5c0d80d2a5a9ac,site:c05c97b84d5c0d80d2a5a9ac,atom,6.17234438835,0.13346002191,6.03888436644,4.75115680695,-2.89036798477,0.0357838307646,0.034336530914,7.64815330505,7.63853549957,7.63788557053,7.64152479172,0.00469457088755,3,0,frozen deterministic type router
0,context:2673b2e6f4836612040b8d76,PSINDLUNOGABJV,True,82,context:2673b2e6f4836612040b8d76|site:aad1e72be69135b1b47ebd6c,site:aad1e72be69135b1b47ebd6c,atom,context:2673b2e6f4836612040b8d76|site:3199ce1e05c1a769a93dfc0b,site:3199ce1e05c1a769a93dfc0b,bond,2.54762070289,0.637596279872,1.91002442302,2.80658753713,-1.97164511681,0.0167112560431,0.0124380905812,4.76835727692,4.78429365158,4.78204703331,4.77823265394,0.00704292206725,3,0,frozen deterministic type router
0,context:288cc6beb66cb328095d548c,FUPIVZHYVSCYLX,True,141,context:288cc6beb66cb328095d548c|site:e6ad5e05690a6944bca1794e,site:e6ad5e05690a6944bca1794e,transferable_h_group,context:288cc6beb66cb328095d548c|site:258a3232a706c4c50a841cf2,site:258a3232a706c4c50a841cf2,transferable_h_group,1.9578686443,1.29500491292,0.662863731384,7.69373305639,7.030869325,0.0412956339121,0.0412802000283,0.662868976593,0.66287946701,0.662842750549,0.662863731384,1.54414764292e-05,3,0,frozen deterministic type router
0,context:28c4c7e6ec32ffa11083abac,UTWQHEUIFBZBTR,True,128,context:28c4c7e6ec32ffa11083abac|site:1268da2a99f13aeb04d036cc,site:1268da2a99f13aeb04d036cc,atom,context:28c4c7e6ec32ffa11083abac|site:56aa0e8c89ae114cfb969fb7,site:56aa0e8c89ae114cfb969fb7,transferable_h_group,3.32336147511,0.684875987627,2.63848548749,4.05693483353,-4.96357440948,0.0172833314225,0.0271832973984,9.00466299057,9.01542520523,9.04143953323,9.02050924301,0.0154383527336,3,0,frozen deterministic type router
0,context:29e5bbce5254d2dac1ffbd22,BHLKIZCNPYDMOY,True,41,context:29e5bbce5254d2dac1ffbd22|site:0820ec8e2a8300522af45bac,site:0820ec8e2a8300522af45bac,transferable_h_group,context:29e5bbce5254d2dac1ffbd22|site:262e462632632a999ebcb440,site:262e462632632a999ebcb440,atom,4.27125711149,0.725469374737,3.54578773675,6.65204286575,-3.84994824727,0.0190568135863,0.0153809149565,10.5144093037,10.5007956028,10.4907684326,10.501991113,0.00968829635889,3,0,frozen deterministic type router
0,context:2a71df212f4b05ff5d632060,OZTFXWYJHCTJDS,True,78,context:2a71df212f4b05ff5d632060|site:3e3fcadc6748b0f396923ffc,site:3e3fcadc6748b0f396923ffc,atom,context:2a71df212f4b05ff5d632060|site:e9aa39b5061154775f8f224b,site:e9aa39b5061154775f8f224b,atom_group,4.27812038709,0.648523791093,3.62959659599,11.1431674957,-6.77851104736,0.021370261405,0.0346918576554,17.9148821831,17.9098272324,17.9403262138,17.9216785431,0.0133464065042,3,0,frozen deterministic type router
0,context:2bc2210e23222f2ca1056fea,AFFPCIMDERUIST,True,125,context:2bc2210e23222f2ca1056fea|site:f8d319ce0e9153ca51c95fe0,site:f8d319ce0e9153ca51c95fe0,bond,context:2bc2210e23222f2ca1056fea|site:21d1cc7484ad6e9ef12c69d5,site:21d1cc7484ad6e9ef12c69d5,delocalized_region,3.22655881863,1.35039661067,1.87616220796,9.40134207408,-1.67641842365,0.0173133331314,0.0263265286844,11.0784820318,11.0663778782,11.0884215832,11.0777604977,0.00901375581984,3,0,frozen deterministic type router
0,context:2bcaae8f6c47902e047369e7,XKUKSGPZAADMRA,True,76,context:2bcaae8f6c47902e047369e7|site:77c91a90b1555c5adea556d4,site:77c91a90b1555c5adea556d4,atom,context:2bcaae8f6c47902e047369e7|site:4c1b42a81e7592271efa502f,site:4c1b42a81e7592271efa502f,atom_group,4.27166543541,1.80693491789,2.46473051752,6.20734341939,-7.02687660853,0.0282775827035,0.0460878317776,13.2259597778,13.2177233696,13.2589769363,13.2342200279,0.0178257863953,3,0,frozen deterministic type router
0,context:2bfa69960aef26811d418f7d,KKFHAJHLJHVUDM,False,187,context:2bfa69960aef26811d418f7d|site:cf44e25a8be0adbab477bb77,site:cf44e25a8be0adbab477bb77,delocalized_region,context:2bfa69960aef26811d418f7d|site:e88f2c96bb34e6a1d13374b4,site:e88f2c96bb34e6a1d13374b4,delocalized_region,3.00781134526,2.00899406036,0.998817284902,6.47406721115,5.47524992625,0.0229215341751,0.0226478183691,0.995331287384,1.00133275986,0.999787807465,0.998817284902,0.00254438643487,3,0,frozen deterministic type router
0,context:2c1a5d14a43c365e85d4804a,ZACFZWVWCJFOCW,True,83,context:2c1a5d14a43c365e85d4804a|site:5ad90587add3a001c8dd04ff,site:5ad90587add3a001c8dd04ff,transferable_h_group,context:2c1a5d14a43c365e85d4804a|site:7c3f680aadb73aec2e490261,site:7c3f680aadb73aec2e490261,atom,4.70687683907,0.0306378816899,4.67623895738,8.13858731588,-5.10986185074,0.019506943784,0.0174548884633,13.2563800812,13.2469696999,13.2419977188,13.2484491666,0.00596404243316,3,0,frozen deterministic type router
0,context:2c808b13daaa61e2f6d4753c,ZISUALSZTAEPJH,True,99,context:2c808b13daaa61e2f6d4753c|site:f1cf6410e62640df578910a9,site:f1cf6410e62640df578910a9,transferable_h_group,context:2c808b13daaa61e2f6d4753c|site:840e6a6413cee318066a5eec,site:840e6a6413cee318066a5eec,delocalized_region,4.47245346013,0.70295668714,3.76949677299,8.2886616389,-12.3469460805,0.0187981072487,0.0274167524827,20.6544876099,20.6154851913,20.6368503571,20.6356077194,0.0159468967469,3,0,frozen deterministic type router
0,context:2c8b623afe89567861089788,LJUQGASMPRMWIW,True,117,context:2c8b623afe89567861089788|site:bb60e314a5c7da1b7ad19eb9,site:bb60e314a5c7da1b7ad19eb9,atom_group,context:2c8b623afe89567861089788|site:5d814b92e73cc2b1963f0359,site:5d814b92e73cc2b1963f0359,atom,4.28390686451,1.49637879204,2.78752807247,4.12799167633,5.49281215668,0.0301171412138,0.020952812949,-1.35800170898,-1.35835123062,-1.37810850143,-1.36482048035,0.00939713323885,3,0,frozen deterministic type router
0,context:2e3e48b834eb017dc1b5abf5,QTBSBXVTEAMEQO,True,21,context:2e3e48b834eb017dc1b5abf5|site:e1accd0b714de4de74499275,site:e1accd0b714de4de74499275,atom_group,context:2e3e48b834eb017dc1b5abf5|site:7b1c491943d30de2ee412b97,site:7b1c491943d30de2ee412b97,atom,4.80984913778,1.3978099179,3.41203921988,-0.654728770256,1.62628201644,0.046694875295,0.0347605795118,-2.26950907707,-2.27499055862,-2.29853272438,-2.28101078669,0.0125903504125,3,0,frozen deterministic type router
0,context:30af75f1241104415ea92d87,GKIYSZCDLDAYKO,True,132,context:30af75f1241104415ea92d87|site:e0e9536a09926aecc48c2f5b,site:e0e9536a09926aecc48c2f5b,atom,context:30af75f1241104415ea92d87|site:b9b7ef2883749c8c8e4aac7c,site:b9b7ef2883749c8c8e4aac7c,delocalized_region,2.57835324511,0.683365298639,1.89498794647,6.67581685384,-1.90099755923,0.0132314413215,0.0263504057331,8.57176184654,8.56384515762,8.59483623505,8.57681441307,0.0131468130829,3,0,frozen deterministic type router
0,context:3217aae091c441f2962a149f,XCRBXWCUXJNEFX,True,89,context:3217aae091c441f2962a149f|site:0097e519985578dd9950de9e,site:0097e519985578dd9950de9e,atom,context:3217aae091c441f2962a149f|site:aa789ed52c9474833d233196,site:aa789ed52c9474833d233196,atom_group,4.80261898865,1.12325610924,3.67936287941,9.49664815267,-6.15636444092,0.0312809361292,0.0471120447204,15.6465787888,15.6375088692,15.6749501228,15.6530125936,0.0159479832035,3,0,frozen deterministic type router
0,context:32244f821b4c117bc6bb69c4,RREAVEQOCKXSHQ,False,117,context:32244f821b4c117bc6bb69c4|site:336ec4ce1f8a0a21826ab3e9,site:336ec4ce1f8a0a21826ab3e9,atom,context:32244f821b4c117bc6bb69c4|site:ebe7248aab14f92af6ff9977,site:ebe7248aab14f92af6ff9977,delocalized_region,2.64044280611,1.46030295521,1.1801398509,4.74499972661,-0.0617020974557,0.0266074201177,0.0307372820338,4.80248720944,4.8051648736,4.81245338917,4.80670182407,0.00421132181572,3,0,frozen deterministic type router
0,context:328d0fcbd1c9eadad4363008,TUQOTMZNTHZOKS,True,124,context:328d0fcbd1c9eadad4363008|site:d7ccccf87059129a0ec39474,site:d7ccccf87059129a0ec39474,atom,context:328d0fcbd1c9eadad4363008|site:f1eea950f50139d567ee49c6,site:f1eea950f50139d567ee49c6,transferable_h_group,3.20727305517,1.06923774982,2.13803530536,0.868582169215,-10.0118439992,0.0115946383761,0.0246738789506,10.8749456406,10.8671312332,10.8992016315,10.8804261684,0.0136541752256,3,0,frozen deterministic type router
0,context:3430fb24e13c01a1c2b1f374,OMRYFORMTXHEKG,True,147,context:3430fb24e13c01a1c2b1f374|site:df240bfbe57e72392c1d1849,site:df240bfbe57e72392c1d1849,bond,context:3430fb24e13c01a1c2b1f374|site:e87558362997b4fe9aa77b5d,site:e87558362997b4fe9aa77b5d,atom,3.84108427772,0.207581546634,3.63350273108,9.06661128998,-0.500437498093,0.0178726978945,0.0208796698747,9.56986966729,9.56078872085,9.57048797607,9.56704878807,0.00443372737691,3,0,frozen deterministic type router
0,context:35a3e1527a4cd1317f5c5416,UZXKWLDYUXFLFO,True,98,context:35a3e1527a4cd1317f5c5416|site:6db7548615048c379a959932,site:6db7548615048c379a959932,atom,context:35a3e1527a4cd1317f5c5416|site:f75b791a775be6f3279dc9a8,site:f75b791a775be6f3279dc9a8,atom_group,4.46088932778,1.4016778602,3.05921146758,6.92121648788,-2.75513275464,0.0139589426374,0.0243533546181,9.67583465576,9.66348767281,9.68972539902,9.67634924253,0.0107176853485,3,0,frozen deterministic type router
0,context:39cbfe1b30a616c36be79b3c,DIXNHFYWIDAWDL,True,89,context:39cbfe1b30a616c36be79b3c|site:cb7bc58a01d85d7a80a6b7f1,site:cb7bc58a01d85d7a80a6b7f1,atom,context:39cbfe1b30a616c36be79b3c|site:dbb9465be8f14beca9f23e0f,site:dbb9465be8f14beca9f23e0f,atom_group,4.84636051239,-0.497871310101,5.34423182249,8.02310943604,-8.40424950918,0.0144376857127,0.0254688378204,16.4255437851,16.4146623611,16.4418706894,16.4273589452,0.0111816631495,3,0,frozen deterministic type router
0,context:3ad3fc5ff9838c1f0d5de912,CWFHQXFFTAMVMB,True,97,context:3ad3fc5ff9838c1f0d5de912|site:b3c801179db5b22e5f7f625b,site:b3c801179db5b22e5f7f625b,atom,context:3ad3fc5ff9838c1f0d5de912|site:22fda7fce4aee418bafe31ef,site:22fda7fce4aee418bafe31ef,atom_group,4.81737815487,1.22852111126,3.58885704361,12.7804028193,-6.58535226186,0.0237147658375,0.0373629066203,19.3585391045,19.3538336754,19.3848924637,19.3657550812,0.0136678411517,3,0,frozen deterministic type router
0,context:3b811e197d9b46329ab92cad,BQCIUPMFLJNBIZ,True,257,context:3b811e197d9b46329ab92cad|site:94c5fe23f9756b93142db882,site:94c5fe23f9756b93142db882,delocalized_region,context:3b811e197d9b46329ab92cad|site:f0209017c1b7d137240fc5bd,site:f0209017c1b7d137240fc5bd,atom,3.33603663144,0.761571940848,2.57446469059,-1.84012122949,-2.53769779205,0.0421754401351,0.0369730975782,0.707230210304,0.698287606239,0.687211871147,0.697576562564,0.00818790420819,3,0,frozen deterministic type router
0,context:3b9b85e5cb3830bc1f496370,NIFAOMSJMGEFTQ,True,86,context:3b9b85e5cb3830bc1f496370|site:7e2e2884549dd95be041e7ce,site:7e2e2884549dd95be041e7ce,atom,context:3b9b85e5cb3830bc1f496370|site:3bf47f6fda99801dcd7935d4,site:3bf47f6fda99801dcd7935d4,atom_group,5.29081247798,0.326554583626,4.96425789436,6.11934932073,-8.53988806407,0.0227642573064,0.0337364465806,14.6566238403,14.6467242241,14.67436409,14.6592373848,0.0114342615969,3,0,frozen deterministic type router
0,context:3dc4d6df096ef54ef2814e4b,RXSPZPXAAMOOOX,True,378,context:3dc4d6df096ef54ef2814e4b|site:02c9d741029c2c3d6c570f56,site:02c9d741029c2c3d6c570f56,atom,context:3dc4d6df096ef54ef2814e4b|site:fea6fde6a2032c07db22a162,site:fea6fde6a2032c07db22a162,atom,4.08255034256,0.801960444129,3.28058989843,9.30744902293,6.0268591245,0.00937261564337,0.0088248559546,3.27568626404,3.28492832184,3.28115510941,3.28058989843,0.00379416268175,3,0,frozen deterministic type router
0,context:3ea3a9a7593a86fbafa8a68c,RNELPITXEMRBAL,True,79,context:3ea3a9a7593a86fbafa8a68c|site:c180282c3e6e1b5d640d5b4d,site:c180282c3e6e1b5d640d5b4d,atom,context:3ea3a9a7593a86fbafa8a68c|site:6df20a475394565e161b4d79,site:6df20a475394565e161b4d79,atom_group,3.58407250865,0.431889542693,3.15218296596,5.91946522395,-8.2670027415,0.0149257415031,0.0268350544867,14.1899924278,14.1676630974,14.2017483711,14.1864679654,0.0141366626858,3,0,frozen deterministic type router
0,context:3f291e98cdee9b74b828c413,SUGDTIRKYVZSJV,True,149,context:3f291e98cdee9b74b828c413|site:85f70bc9061063afd611948f,site:85f70bc9061063afd611948f,bond,context:3f291e98cdee9b74b828c413|site:c85d911a72ecf0e32d4700ce,site:c85d911a72ecf0e32d4700ce,delocalized_region,3.81988839624,1.52482284801,2.29506554824,6.33228476842,-0.421100745598,0.0166710762082,0.023602134448,6.74812915921,6.74629729986,6.76573008299,6.75338551402,0.00876090613353,3,0,frozen deterministic type router
0,context:4025c01c926785d20b4da857,OMRYFORMTXHEKG,True,147,context:4025c01c926785d20b4da857|site:df240bfbe57e72392c1d1849,site:df240bfbe57e72392c1d1849,bond,context:4025c01c926785d20b4da857|site:e87558362997b4fe9aa77b5d,site:e87558362997b4fe9aa77b5d,atom,3.52603225793,0.573976692718,2.95205556521,8.29759470622,0.982116262118,0.0365913339428,0.0385182842642,7.31778514385,7.31146860123,7.31718158722,7.3154784441,0.00284607332415,3,0,frozen deterministic type router
0,context:4089f8c411fff3f28ae1ebd4,JYCRDKIYCUUZJK,True,165,context:4089f8c411fff3f28ae1ebd4|site:3dbcfdf93dcdd763e35cb38a,site:3dbcfdf93dcdd763e35cb38a,atom,context:4089f8c411fff3f28ae1ebd4|site:be3fee03cb285d0d1db29e42,site:be3fee03cb285d0d1db29e42,atom_group,5.38191091387,-0.148484344098,5.53039525797,12.0405766169,-5.29975112279,0.022559770321,0.0341114392112,17.3348770142,17.3291602135,17.3569459915,17.3403277397,0.0119804054525,3,0,frozen deterministic type router
0,context:42149965af3f589a07e54719,MTGZTDPLQGHQDR,True,104,context:42149965af3f589a07e54719|site:bd11d0865ab9916ea81f5bd1,site:bd11d0865ab9916ea81f5bd1,atom,context:42149965af3f589a07e54719|site:6e76e4d868e1b40dd1f8cef3,site:6e76e4d868e1b40dd1f8cef3,atom_group,3.6755791903,1.34612258139,2.32945660891,7.579773585,-5.36888551712,0.0194366960342,0.031168092961,12.9480991364,12.9321303368,12.9657478333,12.9486591021,0.0137299960869,3,0,frozen deterministic type router
0,context:4313160ed0b65a3bb70fc2d1,SGIJBHQBXMMPRH,True,93,context:4313160ed0b65a3bb70fc2d1|site:e8f36fe7d8899d222fef5504,site:e8f36fe7d8899d222fef5504,atom,context:4313160ed0b65a3bb70fc2d1|site:4aa91af2c6d7cf6e72abf1d6,site:4aa91af2c6d7cf6e72abf1d6,atom,4.50158738703,2.66317923477,1.83840815226,6.93516429265,5.09675614039,0.0274694263067,0.029178598694,1.83887767792,1.83607721329,1.84026956558,1.83840815226,0.00174342482809,3,0,frozen deterministic type router
0,context:43dfd007875e9355ac0b09fb,OAKJQQAXSVQMHS,True,16,context:43dfd007875e9355ac0b09fb|site:94e3e1bac4c13cddab121736,site:94e3e1bac4c13cddab121736,atom_group,context:43dfd007875e9355ac0b09fb|site:57e2b669e1814870f97ff358,site:57e2b669e1814870f97ff358,atom,2.71091884702,1.76604493461,0.94487391241,-2.68072032928,-0.936577558517,0.0340710638791,0.0299532299617,-1.74343234301,-1.7394322753,-1.749563694,-1.74414277077,0.00416652868679,3,0,frozen deterministic type router
0,context:45ed864d032709cd388e9432,AXBVSRMHOPMXBA,True,82,context:45ed864d032709cd388e9432|site:79dc5864242540e90935e454,site:79dc5864242540e90935e454,atom,context:45ed864d032709cd388e9432|site:42077c12b17233282e272728,site:42077c12b17233282e272728,atom_group,4.86436005278,2.12765178624,2.73670826654,6.86330191294,-7.60715929667,0.0206933549209,0.0379195561974,14.4677228928,14.4499144554,14.4937462807,14.4704612096,0.0179987223754,3,0,frozen deterministic type router
0,context:475f15baece4965001ba7174,JCYWCSGERIELPG,True,241,context:475f15baece4965001ba7174|site:61d5519275a34f9e1d436d17,site:61d5519275a34f9e1d436d17,atom,context:475f15baece4965001ba7174|site:fe9808df8e4122e8eb5291e8,site:fe9808df8e4122e8eb5291e8,delocalized_region,5.4641436747,0.650393325762,4.81375034894,9.09559345245,-5.99195686976,0.011735343914,0.0298064498646,15.0878443718,15.0640439987,15.1107625961,15.0875503222,0.0190739208503,3,0,frozen deterministic type router
0,context:48cc80b27c2a4a4513d904a0,VINAMCOZNJHNIH,True,77,context:48cc80b27c2a4a4513d904a0|site:bc3943f6d3d8092035ea6888,site:bc3943f6d3d8092035ea6888,atom,context:48cc80b27c2a4a4513d904a0|site:01ef72d2ee5ccdaa1af334c3,site:01ef72d2ee5ccdaa1af334c3,atom_group,4.82941579056,-0.024979756741,4.85439554731,5.8342145284,-11.2152325312,0.0244985659846,0.0358543811864,17.0451903343,17.036857605,17.0662932396,17.0494470596,0.0123882721165,3,0,frozen deterministic type router
0,context:4b655358583f89db3e0df328,OTMWKVKLWVNOIR,True,86,context:4b655358583f89db3e0df328|site:e87d43f466c74c8689b09a9e,site:e87d43f466c74c8689b09a9e,bond,context:4b655358583f89db3e0df328|site:a7f96fc23aa8548250ab87df,site:a7f96fc23aa8548250ab87df,delocalized_region,3.5118626962,0.72659555634,2.78526713986,5.38036235174,-2.95191415151,0.0184130147526,0.0222789979701,8.32863378525,8.32821893692,8.33997678757,8.33227650325,0.00544755656325,3,0,frozen deterministic type router
0,context:4c8c59af0bb4cf7ab98bba4a,GYAWYTAKUGNDPZ,True,104,context:4c8c59af0bb4cf7ab98bba4a|site:f3a8ef5433b36ae0ab45f59d,site:f3a8ef5433b36ae0ab45f59d,atom,context:4c8c59af0bb4cf7ab98bba4a|site:99b3e9e0df45a08f2bf51fa1,site:99b3e9e0df45a08f2bf51fa1,atom_group,5.15210066803,0.772243266172,4.37985740186,12.6533470154,-6.06753794352,0.0240429329703,0.0370860055319,18.7149648666,18.7086610794,18.7390289307,18.7208849589,0.0130852898787,3,0,frozen deterministic type router
0,context:4c93c4353e4fb08790bf79a6,SQMFULTZZQBFBM,True,123,context:4c93c4353e4fb08790bf79a6|site:1759634286b5771af14283ab,site:1759634286b5771af14283ab,transferable_h_group,context:4c93c4353e4fb08790bf79a6|site:a076f3a29b01852a0c5c5093,site:a076f3a29b01852a0c5c5093,transferable_h_group,2.53538274938,2.25627549662,0.279107252757,-7.46052948634,-7.7396367391,0.0156782598207,0.0183516896858,0.28254032135,0.274826526642,0.279954910278,0.279107252757,0.00320567721973,3,0,frozen deterministic type router
0,context:4f94c0d1686cedd9704e545b,WMEWVEGNFHLPSE,True,231,context:4f94c0d1686cedd9704e545b|site:25368211b3f161b4535f1fc1,site:25368211b3f161b4535f1fc1,bond,context:4f94c0d1686cedd9704e545b|site:4a6f48a1dad98315a8b68f1d,site:4a6f48a1dad98315a8b68f1d,delocalized_region,4.2372754513,-0.142010594562,4.37928604586,8.26599438985,-4.69463650386,0.0357206033881,0.0468975277106,12.9609508514,12.9465136528,12.9744281769,12.9606308937,0.0113983023105,3,0,frozen deterministic type router
0,context:501b7e461778b4b921582278,RSEUOMWVYSLIKM,True,97,context:501b7e461778b4b921582278|site:d022a410a637b6672b5e2dcc,site:d022a410a637b6672b5e2dcc,bond,context:501b7e461778b4b921582278|site:2678bc4eea8801f634f4f32a,site:2678bc4eea8801f634f4f32a,atom,2.36945390427,1.16869924829,1.20075465599,2.95770994822,-1.45852132638,0.0193894736858,0.0184615806765,4.42084431648,4.41460061073,4.4132488966,4.4162312746,0.00330826231321,3,0,frozen deterministic type router
0,context:50d0003ee7c34e8242409e0f,LPGWNCNRGQANGC,True,74,context:50d0003ee7c34e8242409e0f|site:0f8cfbca2612146287b73e98,site:0f8cfbca2612146287b73e98,transferable_h_group,context:50d0003ee7c34e8242409e0f|site:8b5814945a44844363b704fd,site:8b5814945a44844363b704fd,atom,4.87891248201,0.288998057059,4.58991442495,10.2639576594,-4.69935083389,0.0203679123686,0.0160028548753,14.9727196693,14.9597153664,14.9574904442,14.9633084933,0.00671641003314,3,0,frozen deterministic type router
0,context:5265d6cc2ccfe8e825df9705,XDQPJHFZMRLQML,True,84,context:5265d6cc2ccfe8e825df9705|site:e89ad678b002e929066b62cc,site:e89ad678b002e929066b62cc,atom,context:5265d6cc2ccfe8e825df9705|site:9609653e7540636f7cf9f32b,site:9609653e7540636f7cf9f32b,delocalized_region,3.70782949119,0.22303178441,3.48479770678,6.33767811457,-6.37891976039,0.0112000690361,0.0272143213792,12.7165541649,12.6958208084,12.7374186516,12.716597875,0.0169822764872,3,0,frozen deterministic type router
0,context:540416c0c3d81c0c8b862336,YKXTUAGSORHHEC,False,80,context:540416c0c3d81c0c8b862336|site:4f2698cfe9ddc91b63485fd0,site:4f2698cfe9ddc91b63485fd0,delocalized_region,context:540416c0c3d81c0c8b862336|site:3a8f285b1d2fc7054ba4051e,site:3a8f285b1d2fc7054ba4051e,delocalized_region,3.30386801183,1.13665628055,2.16721173127,-1.3564068079,-3.52361853917,0.0239862974377,0.0222931860223,2.16659045219,2.16961801052,2.16542673111,2.16721173127,0.00176657796281,3,0,frozen deterministic type router
0,context:562e2fcda1751362366111d2,NVVNLCKXNCYPQH,True,112,context:562e2fcda1751362366111d2|site:85dbcd82fe2012a69a6fbc70,site:85dbcd82fe2012a69a6fbc70,atom,context:562e2fcda1751362366111d2|site:0d2580d73b2ba68a4098b66a,site:0d2580d73b2ba68a4098b66a,atom,4.06927348885,1.44149984631,2.62777364254,3.51166963577,0.883895993233,0.015832436116,0.00771920453925,2.61935007572,2.63947963715,2.62449121475,2.62777364254,0.00853934267258,3,0,frozen deterministic type router
0,context:57a61b4108bbe829656084aa,UQSOGZXHDSPWFD,True,117,context:57a61b4108bbe829656084aa|site:106b87e13995f55a46f88f6a,site:106b87e13995f55a46f88f6a,atom,context:57a61b4108bbe829656084aa|site:3e3f2a74330baad194a08c9c,site:3e3f2a74330baad194a08c9c,atom_group,4.14583634673,1.16230265863,2.9835336881,6.91494369507,-3.20816198985,0.0137401420704,0.0242146122299,10.1228029728,10.1099553108,10.1365587711,10.1231056849,0.010862926282,3,0,frozen deterministic type router
0,context:5c932a5a707faf4a1d8d4816,PARWUHTVGZSQPD,True,80,context:5c932a5a707faf4a1d8d4816|site:211c87ee05b0bc6209d6a0e6,site:211c87ee05b0bc6209d6a0e6,transferable_h_group,context:5c932a5a707faf4a1d8d4816|site:d6ba9aad8811f08f58f739be,site:d6ba9aad8811f08f58f739be,delocalized_region,3.06869540446,0.74092601516,2.3277693893,7.00173981984,-10.212890625,0.0178409469353,0.0261905117702,17.2326641083,17.1943211555,17.2169060707,17.2146304448,0.0157359325703,3,0,frozen deterministic type router
0,context:5d0fb36cab7bd0e930227806,ZCNQIKXAMNBENN,True,136,context:5d0fb36cab7bd0e930227806|site:e04dc18b21a1a4d5464923aa,site:e04dc18b21a1a4d5464923aa,bond,context:5d0fb36cab7bd0e930227806|site:cb8adb2f49aa94a1d334992f,site:cb8adb2f49aa94a1d334992f,delocalized_region,2.64461580282,0.994518667019,1.6500971358,9.07190100352,-0.919175426165,0.0391893492114,0.0474664280952,9.9890640378,9.98200601339,10.0021592379,9.99107642968,0.00834966685727,3,0,frozen deterministic type router
0,context:60c800e66fa41e374ca1a6ea,QHPQWRBYOIRBIT,True,110,context:60c800e66fa41e374ca1a6ea|site:c077a42f5d2e7642403b3356,site:c077a42f5d2e7642403b3356,atom,context:60c800e66fa41e374ca1a6ea|site:da1307e3001c57b5f773d45e,site:da1307e3001c57b5f773d45e,atom_group,4.62149319399,0.08992535521,4.53156783878,7.05544710159,-5.77716604869,0.025084705331,0.0345252901657,12.8240695,12.8276567459,12.846113205,12.8326131503,0.00965766329843,3,0,frozen deterministic type router
0,context:61c409edafbb65211c953435,RGHPCLZJAFCTIK,True,70,context:61c409edafbb65211c953435|site:b5384a7642c2d9753c44e6f8,site:b5384a7642c2d9753c44e6f8,atom,context:61c409edafbb65211c953435|site:56925d669c9152edb563e1b3,site:56925d669c9152edb563e1b3,atom_group,5.31007782165,-0.490456195211,5.80053401686,9.40960089366,-13.2919483185,0.0268026496777,0.0433626222923,22.6965312958,22.6840438843,22.7240724564,22.7015492121,0.0167223654467,3,0,frozen deterministic type router
0,context:627ab01c8a54d15a19c60183,YEQVLORJYBRUCD,True,118,context:627ab01c8a54d15a19c60183|site:931c35a95cc5f61dee006946,site:931c35a95cc5f61dee006946,atom,context:627ab01c8a54d15a19c60183|site:4ef1aa348648e44715106d67,site:4ef1aa348648e44715106d67,atom_group,4.93343687884,0.815262008173,4.11817487066,11.6752417882,-1.58898381392,0.0210510479273,0.0294390327472,13.2576526403,13.2589359283,13.2760882378,13.2642256021,0.00840449482043,3,0,frozen deterministic type router
0,context:630dea893af48e2ceff430cd,XQQBUAPQHNYYRS,True,58,context:630dea893af48e2ceff430cd|site:2b92e6232a103328c56905bc,site:2b92e6232a103328c56905bc,delocalized_region,context:630dea893af48e2ceff430cd|site:2941b7a5ef50a1bf60ecfd73,site:2941b7a5ef50a1bf60ecfd73,atom,2.19796549077,1.30395743775,0.894008053022,3.33502745628,-2.36270515124,0.0248551412265,0.0179000278359,5.70009565353,5.70491313934,5.68818902969,5.69773260752,0.00702908010713,3,0,frozen deterministic type router
0,context:63b73b1f6264f63166a91179,VSWGLJOQFUMFOQ,True,131,context:63b73b1f6264f63166a91179|site:6e9f0394dc4c49479157d100,site:6e9f0394dc4c49479157d100,delocalized_region,context:63b73b1f6264f63166a91179|site:23fe746706b72d06215da622,site:23fe746706b72d06215da622,atom,4.32710784945,-0.292737111559,4.61984496101,5.91019916534,-5.63373438517,0.046114967988,0.0384626826089,11.5598945618,11.5440740585,11.5278320312,11.5439335505,0.0130898503346,3,0,frozen deterministic type router
0,context:650ea309010a457d79e885ff,XXUWAAJQVTXRAO,True,219,context:650ea309010a457d79e885ff|site:e30bf7721a8e2f65c4f9accd,site:e30bf7721a8e2f65c4f9accd,atom,context:650ea309010a457d79e885ff|site:58f0f0b51918d32a00652186,site:58f0f0b51918d32a00652186,atom,3.86038117715,2.93817183483,0.922209342321,3.27192584674,2.34971650441,0.0306196046149,0.0328241474265,0.92187666893,0.919684410095,0.925066947937,0.922209342321,0.00220996713298,3,0,frozen deterministic type router
0,context:67770d8629fea2fbc751003a,SIRKLJAAYVUMHD,True,108,context:67770d8629fea2fbc751003a|site:483defcfd592176dd34d766b,site:483defcfd592176dd34d766b,bond,context:67770d8629fea2fbc751003a|site:79227896bbb9b160d52bc9e3,site:79227896bbb9b160d52bc9e3,delocalized_region,2.4854090665,1.289644199,1.1957648675,1.65505365531,-0.843065977097,0.0191256576533,0.0206292627373,2.4962798357,2.49696415663,2.50111490488,2.4981196324,0.00213632342954,3,0,frozen deterministic type router
0,context:67ee3741a939c576944199f8,HQABUPZFAYXKJW,True,50,context:67ee3741a939c576944199f8|site:5798ed88f2aaabfa1fd9c6b0,site:5798ed88f2aaabfa1fd9c6b0,atom,context:67ee3741a939c576944199f8|site:6c292da1a6458d8fc3a5eefe,site:6c292da1a6458d8fc3a5eefe,atom_group,5.50023364682,-0.287410123191,5.78764377001,10.7994279861,-15.7685963313,0.0238917359025,0.0435294749322,26.5699462891,26.5428085327,26.5913181305,26.5680243174,0.0198505373628,3,0,frozen deterministic type router
0,context:685e870ff662803e7026f805,ALDROZNLTAZHKM,True,46,context:685e870ff662803e7026f805|site:bb60813aea3a70d97aa4d5fa,site:bb60813aea3a70d97aa4d5fa,atom_group,context:685e870ff662803e7026f805|site:76272000b376874902e3bfc5,site:76272000b376874902e3bfc5,atom,4.23616149229,2.74360975423,1.49255173807,5.21162096659,1.48849801222,0.027215114927,0.0224454324978,3.7270232439,3.72594356537,3.71640205383,3.72312295437,0.00477279124775,3,0,frozen deterministic type router
0,context:688a91d83a46070bb1ebae42,RFSKGCVUDQRZSD,True,59,context:688a91d83a46070bb1ebae42|site:1181da2a55483a17e7284cae,site:1181da2a55483a17e7284cae,delocalized_region,context:688a91d83a46070bb1ebae42|site:afee65a4c601f4a139b93c7f,site:afee65a4c601f4a139b93c7f,atom,1.80099902096,1.25977147666,0.541227544299,-2.35442241033,3.16952530543,0.0461948026998,0.0317894772351,-5.51394486427,-5.51223301888,-5.54566526413,-5.52394771576,0.015372519509,3,0,frozen deterministic type router
0,context:69a88882c4e79c18ebac1184,IOVCWXUNBOPUCH,False,9,context:69a88882c4e79c18ebac1184|site:9e943464e88ca79dad9ba498,site:9e943464e88ca79dad9ba498,atom_group,context:69a88882c4e79c18ebac1184|site:cd4d2587244add4b960a666b,site:cd4d2587244add4b960a666b,atom,3.56800945184,1.35471975386,2.21328969797,2.20326654116,-5.75305859248,0.0353141943296,0.0362065430081,7.95940613747,7.95265960693,7.95690965652,7.95632513364,0.00278509949652,3,0,frozen deterministic type router
0,context:69c70eb06837fbce6263e31a,GIDBRWGOCCCTPC,True,208,context:69c70eb06837fbce6263e31a|site:c247cf0c6f05c12b3c2596c1,site:c247cf0c6f05c12b3c2596c1,atom,context:69c70eb06837fbce6263e31a|site:698da10a01fdd0806413356c,site:698da10a01fdd0806413356c,atom_group,4.78699828047,0.294341571472,4.492656709,7.56745004654,-4.27729495366,0.00982614242753,0.0221381973858,11.8425779343,11.830842495,11.8608145714,11.8447450002,0.0123316252581,3,0,frozen deterministic type router
0,context:6abaff92fb45b01155e3050e,XUJNEKJLAYXESH,True,42,context:6abaff92fb45b01155e3050e|site:1e9693417545ee5561515637,site:1e9693417545ee5561515637,atom,context:6abaff92fb45b01155e3050e|site:3bd8f6e7a00ff7bbad978bb8,site:3bd8f6e7a00ff7bbad978bb8,atom_group,5.22252200934,1.82740724269,3.39511476665,2.65310708682,-10.6310288111,0.026564756591,0.0409607149868,13.2826404572,13.2661130428,13.3036541939,13.284135898,0.0153625467262,3,0,frozen deterministic type router
0,context:6d39068728338474cb8b12a7,PDELBHCVXBSVPJ,False,117,context:6d39068728338474cb8b12a7|site:1dacedf7e566f59a97ed8381,site:1dacedf7e566f59a97ed8381,delocalized_region,context:6d39068728338474cb8b12a7|site:24e5651e3c81fe1703b07631,site:24e5651e3c81fe1703b07631,bond,2.43169949159,0.816852461833,1.61484702976,2.16160535812,-1.84524659316,0.0244200422719,0.0170822050071,4.01213753223,4.01329731941,3.9951210022,4.00685195128,0.00830853582699,3,0,frozen deterministic type router
0,context:6ec86f203c2a42a29b194cf2,YQJCJUHORLSWRJ,True,132,context:6ec86f203c2a42a29b194cf2|site:841e099409de0733cd2b2c77,site:841e099409de0733cd2b2c77,atom,context:6ec86f203c2a42a29b194cf2|site:745e4e499b5109619fe3672c,site:745e4e499b5109619fe3672c,atom_group,5.30086192574,0.658485453935,4.6423764718,10.413427035,-3.73762067159,0.0209354868035,0.0340961082602,14.141191721,14.1422095299,14.169741869,14.1510477066,0.0132252980748,3,0,frozen deterministic type router
0,context:6fc996e25232cfba497818fe,UVUCNSNMTAWNQM,True,259,context:6fc996e25232cfba497818fe|site:9462ab82aa0dedd5fd7f0a64,site:9462ab82aa0dedd5fd7f0a64,bond,context:6fc996e25232cfba497818fe|site:c6802d2b088fe378f780e4fd,site:c6802d2b088fe378f780e4fd,atom,4.36949674491,0.842094429593,3.52740231532,6.97932608922,-0.112188902994,0.0186032417396,0.0192510661034,7.09371978045,7.0895466432,7.09127855301,7.09151499222,0.00171185985527,3,0,frozen deterministic type router
0,context:71430ff0a7183d78d7d86cd5,MRXYAMDBOPZJJK,False,98,context:71430ff0a7183d78d7d86cd5|site:bdc088cf698774aefe204088,site:bdc088cf698774aefe204088,transferable_h_group,context:71430ff0a7183d78d7d86cd5|site:ddd061821279d3a8399755ff,site:ddd061821279d3a8399755ff,transferable_h_group,3.82561102273,3.62979021432,0.195820808411,3.46432097753,3.26850016912,0.0285842519964,0.0288249842487,0.195807218552,0.195529460907,0.196125745773,0.195820808411,0.000243621870468,3,0,frozen deterministic type router
0,context:74f0f478d87e1a6f17da3e3d,QHPQWRBYOIRBIT,True,110,context:74f0f478d87e1a6f17da3e3d|site:c077a42f5d2e7642403b3356,site:c077a42f5d2e7642403b3356,atom,context:74f0f478d87e1a6f17da3e3d|site:0c1f8c55399e0d52a5ec128a,site:0c1f8c55399e0d52a5ec128a,delocalized_region,5.1286516785,-0.21782913626,5.34648081476,8.43734900157,-6.43433396022,0.0218897332693,0.032884765819,14.8631510735,14.8643693924,14.8875284195,14.8716829618,0.011215464706,3,0,frozen deterministic type router
0,context:79674fa65e3e769efbe4cd21,MDRTVDMOEOENKV,True,68,context:79674fa65e3e769efbe4cd21|site:0cbce8d1b2ce26e5a5cb6e0d,site:0cbce8d1b2ce26e5a5cb6e0d,atom,context:79674fa65e3e769efbe4cd21|site:86703744ef913505717c70ec,site:86703744ef913505717c70ec,atom_group,3.75294689742,-0.0149411684501,3.76788806587,9.406914711,-5.71988979975,0.0246914526526,0.0344802064426,15.1201143265,15.1195936203,15.1407055855,15.1268045108,0.00983184257613,3,0,frozen deterministic type router
0,context:79a50ba7c4ebd615df8add3f,DKCPKDPYUFEZCP,True,143,context:79a50ba7c4ebd615df8add3f|site:42133429f5e23c94c7ea073c,site:42133429f5e23c94c7ea073c,atom,context:79a50ba7c4ebd615df8add3f|site:5bc517193db4f9978def504c,site:5bc517193db4f9978def504c,delocalized_region,3.64973600281,1.01048903686,2.63924696594,6.95177396139,-4.10400311152,0.0254339642009,0.0329229170906,11.0497260094,11.0510463715,11.0665588379,11.0557770729,0.00764289130032,3,0,frozen deterministic type router
0,context:7c0fef815e96a583c571606a,PVVRRUUMHFWFQV,True,32,context:7c0fef815e96a583c571606a|site:6edc5ef31644e2e1f8f5f4fb,site:6edc5ef31644e2e1f8f5f4fb,atom,context:7c0fef815e96a583c571606a|site:aa1032aaf986f2b882bab931,site:aa1032aaf986f2b882bab931,atom_group,3.58713778686,1.21241654101,2.37472124586,6.23006153107,-11.5001707077,0.0297673938486,0.0430291139506,17.7222681046,17.7189693451,17.7494592667,17.7302322388,0.013662098538,3,0,frozen deterministic type router
0,context:7e213e0b900e91c693b92650,AKQNYQDSIDKVJZ,True,220,context:7e213e0b900e91c693b92650|site:400675ce67299d977ef2de20,site:400675ce67299d977ef2de20,transferable_h_group,context:7e213e0b900e91c693b92650|site:902b570a10f0d67532350f8f,site:902b570a10f0d67532350f8f,atom,4.77958142644,0.764867791008,4.01471363543,9.29776287079,-6.40609137217,0.0180835166787,0.0153263896643,15.7085909843,15.7035880089,15.6993837357,15.703854243,0.00376355483893,3,0,frozen deterministic type router
0,context:7f42f59424116027fc166d10,WLHCBQAPPJAULW,True,84,context:7f42f59424116027fc166d10|site:5db0bfe5a68daeff2e3f8911,site:5db0bfe5a68daeff2e3f8911,atom,context:7f42f59424116027fc166d10|site:2b5e3ee049dab6ea2547c2b2,site:2b5e3ee049dab6ea2547c2b2,atom_group,5.53229375214,0.370684443843,5.1616093083,7.34066772461,-8.29042021434,0.0234537982246,0.0352457464632,15.6263546944,15.6194529533,15.6474561691,15.6310879389,0.0119121150324,3,0,frozen deterministic type router
0,context:8019b9cf1b4d1b390e19717b,UVJHQYIOXKWHFD,True,81,context:8019b9cf1b4d1b390e19717b|site:71864f0f070fe1298590c481,site:71864f0f070fe1298590c481,transferable_h_group,context:8019b9cf1b4d1b390e19717b|site:58588540682c9cf99a921e3d,site:58588540682c9cf99a921e3d,transferable_h_group,3.09133151278,2.45311295097,0.638218561808,8.70446427663,8.06624571482,0.021996337471,0.0219732828395,0.63831615448,0.638171195984,0.638168334961,0.638218561808,6.90183238569e-05,3,0,frozen deterministic type router
0,context:807c37d0f04d431d98aa438d,ZEBBLOXDLGIMEG,True,86,context:807c37d0f04d431d98aa438d|site:c44a446ceaa948c2ec673168,site:c44a446ceaa948c2ec673168,delocalized_region,context:807c37d0f04d431d98aa438d|site:06bfb077e327002c7701713f,site:06bfb077e327002c7701713f,atom,1.50187218654,1.39423811183,0.107634074718,-5.04074923197,-3.2672697703,0.0443341050771,0.0347535778688,-1.76153802872,-1.76917982101,-1.78972053528,-1.77347946167,0.0119003809839,3,0,frozen deterministic type router
0,context:80fb90c0b3fe5cf48d23fd77,YLBWRMSQRFEIEB,True,126,context:80fb90c0b3fe5cf48d23fd77|site:50d10799a9f061bd831773f0,site:50d10799a9f061bd831773f0,atom,context:80fb90c0b3fe5cf48d23fd77|site:ed281790540e383761c80dc2,site:ed281790540e383761c80dc2,atom,4.0983227139,2.86646295043,1.23185976346,4.64780918757,3.41594942411,0.0274996436502,0.0306479046026,1.2342274189,1.22660374641,1.23474812508,1.23185976346,0.00372263975752,3,0,frozen deterministic type router
0,context:813e0334086da86a5e1fe9a5,JFIRJUGAIIXIKT,True,193,context:813e0334086da86a5e1fe9a5|site:98f935f02bb5840eed799667,site:98f935f02bb5840eed799667,atom,context:813e0334086da86a5e1fe9a5|site:cdc60f4f6ed74589e3c4d4af,site:cdc60f4f6ed74589e3c4d4af,delocalized_region,4.19607559228,0.0229144187933,4.17316117348,3.6097565492,-5.21122948329,0.0306337436213,0.0415639204934,8.81344890594,8.81275200844,8.83675718307,8.82098603249,0.0111555161156,3,0,frozen deterministic type router
0,context:82b5459ad16032d7dd4f7b44,UETCMNDFHMOYSP,False,65,context:82b5459ad16032d7dd4f7b44|site:1a3f34cb2f351b9c7025daa4,site:1a3f34cb2f351b9c7025daa4,atom,context:82b5459ad16032d7dd4f7b44|site:6eefe0030c2e730fc35cf9c8,site:6eefe0030c2e730fc35cf9c8,delocalized_region,1.88870127892,0.678007167624,1.2106941113,-3.58331282934,-10.1526257197,0.0112083604586,0.0272469989215,6.57425475121,6.54684829712,6.58683562279,6.56931289037,0.0166945708722,3,0,frozen deterministic type router
0,context:83d957069d2b0682f7ca5c7b,MZGNSEAPZQGJRB,True,37,context:83d957069d2b0682f7ca5c7b|site:f04bcccf4939ec8c392338da,site:f04bcccf4939ec8c392338da,atom_group,context:83d957069d2b0682f7ca5c7b|site:8ccb665b03766baddbc1f560,site:8ccb665b03766baddbc1f560,atom,6.06678972473,1.13244231851,4.93434740622,4.75379880269,-0.350946485996,0.0376096304466,0.0350364928185,5.1115180254,5.10320907831,5.09950876236,5.10474528869,0.00502165685984,3,0,frozen deterministic type router
0,context:85a1d71610adfe7ee596a8f6,UANFUHHPWZFXOZ,True,159,context:85a1d71610adfe7ee596a8f6|site:ee2e36703feff1efbbe32fbe,site:ee2e36703feff1efbbe32fbe,atom,context:85a1d71610adfe7ee596a8f6|site:736fe78b8729ffd1f94538b1,site:736fe78b8729ffd1f94538b1,atom_group,4.15436636868,0.313375021511,3.84099134717,6.92327197393,-5.4745610555,0.0164787372256,0.03282951282,12.3856220245,12.3865838051,12.4212932587,12.3978330294,0.0165935333263,3,0,frozen deterministic type router
0,context:85a689ce13f3268050252c35,OAKJQQAXSVQMHS,True,16,context:85a689ce13f3268050252c35|site:94e3e1bac4c13cddab121736,site:94e3e1bac4c13cddab121736,atom_group,context:85a689ce13f3268050252c35|site:57e2b669e1814870f97ff358,site:57e2b669e1814870f97ff358,atom,2.70487425431,2.07126952562,0.633604728699,-4.16370534897,-2.81838750839,0.0360025961546,0.0322992434584,-1.34373044968,-1.34178471565,-1.3504383564,-1.34531784058,0.00370686138092,3,0,frozen deterministic type router
0,context:88bf258341de5dac70c4e8f3,WGBRKOIQXMBFOG,True,115,context:88bf258341de5dac70c4e8f3|site:be288bd99c43af22a6625d0d,site:be288bd99c43af22a6625d0d,atom,context:88bf258341de5dac70c4e8f3|site:104125ff92e49b53e5f11905,site:104125ff92e49b53e5f11905,atom_group,4.93691101137,0.357996255142,4.57891475623,10.3036708832,-8.63338247935,0.0228005022925,0.0392950878921,18.9314031601,18.9201879501,18.9595689774,18.9370533625,0.0165662290401,3,0,frozen deterministic type router
0,context:8931b4baf65a6cb3b8f5cb7c,BKOOMYPCSUNDGP,True,54,context:8931b4baf65a6cb3b8f5cb7c|site:43e3b9424f4f31dbc8863da7,site:43e3b9424f4f31dbc8863da7,bond,context:8931b4baf65a6cb3b8f5cb7c|site:9dd442dce0571f41cb9759a1,site:9dd442dce0571f41cb9759a1,delocalized_region,3.46367948942,0.406775340332,3.05690414909,8.43489519755,-5.40407975515,0.0212280654517,0.0260722685576,13.8367242813,13.8339772224,13.8462233543,13.8389749527,0.00524665467244,3,0,frozen deterministic type router
0,context:8bc75ff1d2268de55951ac84,KLCCPWRSRHUOJD,True,198,context:8bc75ff1d2268de55951ac84|site:ce0f5604099ece9aa92320d7,site:ce0f5604099ece9aa92320d7,atom,context:8bc75ff1d2268de55951ac84|site:c43f6a445eeb1b92e5fb6a41,site:c43f6a445eeb1b92e5fb6a41,atom_group,4.53722120521,1.02053844812,3.5166827571,5.71604410807,-9.4141960144,0.0278881828659,0.0468684929085,15.1186904907,15.1147856712,15.1572442055,15.1302401225,0.0191611982527,3,0,frozen deterministic type router
0,context:8d17e62f030f0bbad706b170,BBNCFUDDDLKWIF,True,128,context:8d17e62f030f0bbad706b170|site:34457069fa36914de273e846,site:34457069fa36914de273e846,atom,context:8d17e62f030f0bbad706b170|site:d5c086893d7c832452d3181d,site:d5c086893d7c832452d3181d,atom_group,4.17716948962,0.894192647198,3.28297684242,8.30301157633,-9.30611356099,0.0222231316718,0.0372399099876,17.6010856628,17.5960998535,17.6301898956,17.6091251373,0.0150334650111,3,0,frozen deterministic type router
0,context:8f6ba47e73ed7489abf7a143,LYVYUAHSSSHKHC,True,73,context:8f6ba47e73ed7489abf7a143|site:1a7273be9e864261ab940b0d,site:1a7273be9e864261ab940b0d,transferable_h_group,context:8f6ba47e73ed7489abf7a143|site:40139893143e3ddc7048a70c,site:40139893143e3ddc7048a70c,atom,2.12782380583,0.258841059859,1.86898274597,-2.6799724102,-7.99241749446,0.0202038929888,0.0168692984456,5.31154465675,5.31693744659,5.30885314941,5.31244508425,0.00336125398098,3,0,frozen deterministic type router
0,context:8fe3d3bda1ba20a64d2d160b,OAZWDJGLIYNYMU,True,295,context:8fe3d3bda1ba20a64d2d160b|site:e8f9fcaf6ddb96ee235faa30,site:e8f9fcaf6ddb96ee235faa30,transferable_h_group,context:8fe3d3bda1ba20a64d2d160b|site:c63fa8209aec766d7ad98a5f,site:c63fa8209aec766d7ad98a5f,atom,3.4745306537,0.151796644965,3.32273400874,3.6312336127,-2.08416573207,0.0375401694601,0.0336175208733,5.72678780556,5.71398711205,5.70542311668,5.71539934476,0.00877907677751,3,0,frozen deterministic type router
0,context:911265bcff5e0e286db9cf17,FIONWRDVKJFHRC,True,123,context:911265bcff5e0e286db9cf17|site:55cba7f5195b46a69c2b7af0,site:55cba7f5195b46a69c2b7af0,bond,context:911265bcff5e0e286db9cf17|site:a69a7d6ed15ea37441ef54e8,site:a69a7d6ed15ea37441ef54e8,delocalized_region,2.60788154593,1.57742430627,1.03045723966,3.43030937513,-4.09201018016,0.0168985586856,0.0258774382605,7.52558088303,7.5097117424,7.53166604042,7.52231955528,0.00925472831834,3,0,frozen deterministic type router
0,context:918105f4116a019fb5d63ae2,YVPJCJLMRRTDMQ,True,45,context:918105f4116a019fb5d63ae2|site:3e3cdb3bb418728d8a19a16e,site:3e3cdb3bb418728d8a19a16e,atom,context:918105f4116a019fb5d63ae2|site:b54e1246d07925d21a3cfb87,site:b54e1246d07925d21a3cfb87,bond,3.20518662513,2.02650948553,1.1786771396,6.06106758118,0.00643920898438,0.0146822958006,0.0155807806722,6.04966960102,6.0552181825,6.05899733305,6.05462837219,0.00383080090345,3,0,frozen deterministic type router
0,context:91b0731e743a60365754f31e,UVUCNSNMTAWNQM,True,259,context:91b0731e743a60365754f31e|site:9462ab82aa0dedd5fd7f0a64,site:9462ab82aa0dedd5fd7f0a64,bond,context:91b0731e743a60365754f31e|site:c6802d2b088fe378f780e4fd,site:c6802d2b088fe378f780e4fd,atom,4.18004057998,0.692410261049,3.48763031893,8.30936717987,-0.23290203015,0.0375792706885,0.0397889141588,8.54773133993,8.53680896759,8.54226732254,8.54226921002,0.00445904003583,3,0,frozen deterministic type router
0,context:9228967bc4510f8f659f36c5,YMHIEPNFCBNQQU,True,99,context:9228967bc4510f8f659f36c5|site:5db4734b6f56123e9215c5bc,site:5db4734b6f56123e9215c5bc,delocalized_region,context:9228967bc4510f8f659f36c5|site:65db121feb447f3ad06d6f04,site:65db121feb447f3ad06d6f04,bond,1.42445390609,1.27849994777,0.145953958316,-6.86077276866,1.49202799797,0.0235827730634,0.016698101088,-8.35253059864,-8.34418737888,-8.36168432236,-8.35280076663,0.00714565139495,3,0,frozen deterministic type router
0,context:9293f1dc8268b7ed7c3fdadb,HPKILAUQVUIYJX,True,71,context:9293f1dc8268b7ed7c3fdadb|site:e80a674443fe7c98c0c36acb,site:e80a674443fe7c98c0c36acb,atom,context:9293f1dc8268b7ed7c3fdadb|site:a43697c062e9c508c7a6fea1,site:a43697c062e9c508c7a6fea1,atom_group,4.38865190862,0.684408067028,3.70424384159,10.087419192,-7.10790236791,0.0240353135851,0.03661980877,17.1907887459,17.1818366051,17.2133393288,17.1953215599,0.013254312563,3,0,frozen deterministic type router
0,context:95f520a6ed9373a0c9caca8b,URHVULHWITWMRL,True,182,context:95f520a6ed9373a0c9caca8b|site:0ee46f4b74805e94367f4001,site:0ee46f4b74805e94367f4001,atom,context:95f520a6ed9373a0c9caca8b|site:032b7e7784ac325aef1b8d6a,site:032b7e7784ac325aef1b8d6a,bond,4.56369847078,-0.2083012155,4.77199968628,9.80721124013,-1.00880855322,0.0230787697876,0.03676070529,10.8037463427,10.808508575,10.8358044624,10.8160197934,0.0141243185587,3,0,frozen deterministic type router
0,context:9600838b498c7561747ba82c,VKEKEVSKCQVRNL,True,104,context:9600838b498c7561747ba82c|site:0e2d7a914b161bd3ea0266cc,site:0e2d7a914b161bd3ea0266cc,atom,context:9600838b498c7561747ba82c|site:6487d446b64435f768dbfeba,site:6487d446b64435f768dbfeba,atom_group,4.46360009395,-0.118745928264,4.58234602222,9.98302141825,-6.10164467494,0.0218584096351,0.0379226961574,16.0770053864,16.0699305534,16.1070623398,16.0846660932,0.0160977681944,3,0,frozen deterministic type router
0,context:980037e2453100b757ab25e4,JJWLVOIRVHMVIS,True,39,context:980037e2453100b757ab25e4|site:673fe06379832db858282cca,site:673fe06379832db858282cca,atom,context:980037e2453100b757ab25e4|site:444d16495c6b809c99eeba0b,site:444d16495c6b809c99eeba0b,transferable_h_group,4.58583687351,1.05406576272,3.53177111079,9.6352186203,-5.26735448837,0.0247252142246,0.0465810399614,14.8981928825,14.8782653809,14.9312610626,14.9025731087,0.0218559733577,3,0,frozen deterministic type router
0,context:992c0eadbe25a381ab5fdaa9,CMNUYDSETOTBDE,True,170,context:992c0eadbe25a381ab5fdaa9|site:cab06006969300fbd4730b71,site:cab06006969300fbd4730b71,transferable_h_group,context:992c0eadbe25a381ab5fdaa9|site:f45a73f745d3c6e196933083,site:f45a73f745d3c6e196933083,delocalized_region,2.2008510895,0.533956822907,1.66689426659,1.98190450668,-5.73135344187,0.0256005989612,0.0242684188198,7.71901941299,7.7106449604,7.71010947227,7.71325794856,0.00407983179611,3,0,frozen deterministic type router
0,context:9a08a861eafd7d0c42f91eaa,FSXRUCROJQTPJL,True,165,context:9a08a861eafd7d0c42f91eaa|site:1341c2e44e4d84a6f633fb8f,site:1341c2e44e4d84a6f633fb8f,atom,context:9a08a861eafd7d0c42f91eaa|site:a8311e4fab694e4b29dbb01c,site:a8311e4fab694e4b29dbb01c,transferable_h_group,3.01946052236,1.27395542898,1.74550509337,7.79668235779,-4.12436072032,0.0191961339907,0.0375088720474,11.9047670364,11.910733223,11.9476289749,11.9210430781,0.0189561999936,3,0,frozen deterministic type router
0,context:9b4343222cddc0bda3f79c47,ZJAFQAPHWPSKRZ,True,98,context:9b4343222cddc0bda3f79c47|site:67e93c04099b7b38fffd7cd6,site:67e93c04099b7b38fffd7cd6,atom,context:9b4343222cddc0bda3f79c47|site:25e6b2d8229faa088f4a9e49,site:25e6b2d8229faa088f4a9e49,atom_group,3.29608032671,2.68695627202,0.60912405469,5.06254879634,-4.57632732391,0.0298424874058,0.0443915950993,9.63111257553,9.62624073029,9.65927505493,9.63887612025,0.0145607033061,3,0,frozen deterministic type router
0,context:9bcd71656118ba26a7ecec32,ATHRJHFIJWCLFV,True,151,context:9bcd71656118ba26a7ecec32|site:26504d6e8caa7796a3f98f48,site:26504d6e8caa7796a3f98f48,atom,context:9bcd71656118ba26a7ecec32|site:4e71586109081a0ea0bf9d38,site:4e71586109081a0ea0bf9d38,atom_group,4.97214692094,0.331785101776,4.64036181916,6.69111029307,-4.29771725337,0.0127422175003,0.0238359702353,10.9882836342,10.9753050804,11.0028939247,10.9888275464,0.0112696631966,3,0,frozen deterministic type router
0,context:9bff423585c537984a6c5398,CQYSBAHQDYWVKQ,True,196,context:9bff423585c537984a6c5398|site:a509ad74788ba9ab84642847,site:a509ad74788ba9ab84642847,atom,context:9bff423585c537984a6c5398|site:bc68502e45a02097434ddbb8,site:bc68502e45a02097434ddbb8,atom_group,4.77922285257,0.450739120356,4.32848373221,10.4120868047,-3.63112044334,0.01848585243,0.031869064009,14.0329313278,14.0345578194,14.062132597,14.0432072481,0.0133987062169,3,0,frozen deterministic type router
0,context:9c8acdbe5f9d8998619de1b4,AXYRIKDCPCRBHJ,True,390,context:9c8acdbe5f9d8998619de1b4|site:9a983d61cbebd95b19f4a3c6,site:9a983d61cbebd95b19f4a3c6,atom,context:9c8acdbe5f9d8998619de1b4|site:6c9d15710155ce1fc16b5bd3,site:6c9d15710155ce1fc16b5bd3,atom,4.29026612033,1.16110571612,3.12916040421,9.32496261597,6.19580221176,0.00928516692699,0.00808717609387,3.12408733368,3.1338057518,3.12958812714,3.12916040421,0.0039790386506,3,0,frozen deterministic type router
0,context:a0c15b9089c1328d45fb68cf,MFFMQGGZCLEMCI,True,75,context:a0c15b9089c1328d45fb68cf|site:ddba54aecf1a8b3d9bad9a96,site:ddba54aecf1a8b3d9bad9a96,delocalized_region,context:a0c15b9089c1328d45fb68cf|site:5cea41f7332acb67b3e55d02,site:5cea41f7332acb67b3e55d02,atom,3.20079761074,1.13270632116,2.06809128957,2.07687862714,-3.91689944267,0.0450449915131,0.0371955336409,6.00665235519,5.99519562721,5.97948622704,5.99377806981,0.0111357302265,3,0,frozen deterministic type router
0,context:a1b67c476d324ea2fad83d07,JQNVVACBXZAFHF,True,191,context:a1b67c476d324ea2fad83d07|site:1550a11b415f4983dc607e28,site:1550a11b415f4983dc607e28,atom,context:a1b67c476d324ea2fad83d07|site:b392e0fbcf3eaead5c6cfde9,site:b392e0fbcf3eaead5c6cfde9,atom_group,3.38901953894,1.02904331136,2.35997622758,7.2439511617,-3.95513399442,0.0114312308706,0.0231139117767,11.1969017982,11.1859929562,11.214360714,11.1990851561,0.0116835413957,3,0,frozen deterministic type router
0,context:a4379c962bcb29e5fa8762fd,FUPIVZHYVSCYLX,True,141,context:a4379c962bcb29e5fa8762fd|site:e6ad5e05690a6944bca1794e,site:e6ad5e05690a6944bca1794e,transferable_h_group,context:a4379c962bcb29e5fa8762fd|site:258a3232a706c4c50a841cf2,site:258a3232a706c4c50a841cf2,transferable_h_group,2.82743241922,2.15753406819,0.669898351034,9.38371912638,8.71382077535,0.0215612332534,0.0215386370322,0.669981002808,0.669864654541,0.669849395752,0.669898351034,5.87746798142e-05,3,0,frozen deterministic type router
0,context:a5d757b84e8b38f6375513cd,MDRTVDMOEOENKV,True,68,context:a5d757b84e8b38f6375513cd|site:0cbce8d1b2ce26e5a5cb6e0d,site:0cbce8d1b2ce26e5a5cb6e0d,atom,context:a5d757b84e8b38f6375513cd|site:847b6dfeeefc310ce16348fc,site:847b6dfeeefc310ce16348fc,atom_group,3.37531420033,0.320466282552,3.05484791778,6.04096015294,-7.78719393412,0.0331600444981,0.0428279114088,13.8246293068,13.8184709549,13.8413619995,13.8281540871,0.00967188495565,3,0,frozen deterministic type router
0,context:a65af6ab7938ca5563462eeb,SMCZAFXJZGCLQH,True,112,context:a65af6ab7938ca5563462eeb|site:f7d34ab64daf5eca429738f7,site:f7d34ab64daf5eca429738f7,transferable_h_group,context:a65af6ab7938ca5563462eeb|site:777fbb685871932659b91268,site:777fbb685871932659b91268,delocalized_region,4.18743848995,1.32945452032,2.85798396963,5.55343055725,-7.52435700099,0.0197403031817,0.0284216037319,13.0900835991,13.0601944923,13.0830845833,13.0777875582,0.0127641041291,3,0,frozen deterministic type router
0,context:a6a5de240902d4b9945e4bbc,XPEIPGVWERPKHJ,True,49,context:a6a5de240902d4b9945e4bbc|site:8d1706bbb67b1bcdbce0acbf,site:8d1706bbb67b1bcdbce0acbf,atom_group,context:a6a5de240902d4b9945e4bbc|site:3f41c2aaa99ba10b5be85037,site:3f41c2aaa99ba10b5be85037,atom,3.24481070103,2.97878430134,0.266026399697,-1.34545131524,4.1218773524,0.0434186832072,0.0330098463524,-5.46119904518,-5.4587777853,-5.48200917244,-5.46732866764,0.0104276408554,3,0,frozen deterministic type router
0,context:a8372a452070c6c0b566016b,PVGJVPSTRUYNOE,True,141,context:a8372a452070c6c0b566016b|site:40cd52a7e5e7dcee4ade8c10,site:40cd52a7e5e7dcee4ade8c10,atom,context:a8372a452070c6c0b566016b|site:ae0c7437afb05855af4e6a58,site:ae0c7437afb05855af4e6a58,atom_group,4.60761012599,-0.0913040305996,4.69891415659,11.4807500839,-7.14854844411,0.0233958296683,0.0373775714735,18.6232323647,18.6160054207,18.6486577988,18.629298528,0.0140034091618,3,0,frozen deterministic type router
0,context:a96e6a9e6f2d3bb121fe73df,ACKMJXPGBWTWGC,True,271,context:a96e6a9e6f2d3bb121fe73df|site:cd86f1c6f6b24d93df0860b6,site:cd86f1c6f6b24d93df0860b6,bond,context:a96e6a9e6f2d3bb121fe73df|site:2ecbb12965037d16a556b98c,site:2ecbb12965037d16a556b98c,delocalized_region,4.17683332063,0.514162144789,3.66267117584,6.02764781316,0.0643470411499,0.0144818744947,0.0195634153316,5.96499082446,5.95586871356,5.96904277802,5.96330077201,0.00550945862701,3,0,frozen deterministic type router
0,context:a9ff9fb8921e13fcc83283ce,JKANAVGODYYCQF,True,29,context:a9ff9fb8921e13fcc83283ce|site:1e9c00295aa3a711afc03cee,site:1e9c00295aa3a711afc03cee,atom,context:a9ff9fb8921e13fcc83283ce|site:fa972004d1fd108e99a49fc7,site:fa972004d1fd108e99a49fc7,bond,3.38333387516,0.482183400338,2.90115047482,8.92720127106,-6.09168068568,0.0277204979718,0.0415209027967,15.0218501091,14.9998512268,15.0349445343,15.0188819567,0.0144796985254,3,0,frozen deterministic type router
0,context:ac982fe97657c8af530f50fb,CVLCYQFQIMSIHJ,True,329,context:ac982fe97657c8af530f50fb|site:25a013d13b4659eb90759cdd,site:25a013d13b4659eb90759cdd,bond,context:ac982fe97657c8af530f50fb|site:d09f34b2948ed726e74d1e51,site:d09f34b2948ed726e74d1e51,delocalized_region,5.1307646095,0.148042600215,4.98272200929,9.34401035309,-5.28599596024,0.013580595529,0.0203473391055,14.6309418678,14.6211662292,14.6379108429,14.6300063133,0.00686789478776,3,0,frozen deterministic type router
0,context:ad4393e7f48289c26ed4fcd4,MNRBVTDLMUNVLD,True,73,context:ad4393e7f48289c26ed4fcd4|site:6966b35d48a3ad671b0d0a10,site:6966b35d48a3ad671b0d0a10,atom,context:ad4393e7f48289c26ed4fcd4|site:0f203a96b10af9a4022dc263,site:0f203a96b10af9a4022dc263,atom,3.78712502186,3.4706577367,0.316467285156,7.23930152257,6.92283423742,0.0287096885085,0.0268252273062,0.317622184753,0.318390369415,0.3133893013,0.316467285156,0.00219894147003,3,0,frozen deterministic type router
0,context:ae7dae587ead93a8d23cf8a6,MZIGTOLTYBBGEV,True,110,context:ae7dae587ead93a8d23cf8a6|site:192b3811ea2c8f99c37e79e8,site:192b3811ea2c8f99c37e79e8,transferable_h_group,context:ae7dae587ead93a8d23cf8a6|site:3f71d9607aa2a7fc8197f9ab,site:3f71d9607aa2a7fc8197f9ab,atom,5.07327276435,0.674801620899,4.39847114345,9.57827313741,-2.21703743935,0.0220883679468,0.0154154942099,11.8056108952,11.7945337296,11.7857871056,11.7953105768,0.00811164912026,3,0,frozen deterministic type router
0,context:aef17422fa857ca9671d2a62,QCRZUFHWDDXSHW,True,146,context:aef17422fa857ca9671d2a62|site:05bcc0fd7afe700931d56362,site:05bcc0fd7afe700931d56362,atom,context:aef17422fa857ca9671d2a62|site:b661bba2c7617c092c72d789,site:b661bba2c7617c092c72d789,bond,3.90181167805,0.620286128701,3.28152554935,4.92328484853,-6.51391458511,0.0168786828453,0.0219507591171,11.4325661659,11.4326887131,11.4463434219,11.4371994336,0.00646596968011,3,0,frozen deterministic type router
0,context:b2148f730cc8fa004dc2a383,WECJUPODCKXNQK,True,184,context:b2148f730cc8fa004dc2a383|site:41805ba34f1ec1fbf5ed967a,site:41805ba34f1ec1fbf5ed967a,transferable_h_group,context:b2148f730cc8fa004dc2a383|site:496501aabd7a54b3878a4b58,site:496501aabd7a54b3878a4b58,atom,3.18922968094,0.193360608201,2.99586907274,3.35097161929,-8.21255938212,0.0227128040943,0.0193794353325,11.5686230659,11.5651152134,11.5568547249,11.5635310014,0.0049332719746,3,0,frozen deterministic type router
0,context:b36b9cf224d502b6bd3f1005,RIWNFZUWWRVGEU,True,89,context:b36b9cf224d502b6bd3f1005|site:c9c047a4630af79433ec6165,site:c9c047a4630af79433ec6165,atom,context:b36b9cf224d502b6bd3f1005|site:960d42ca1496c429b24487ae,site:960d42ca1496c429b24487ae,delocalized_region,3.26037373524,0.640399983699,2.61997375155,4.76702260971,-4.31571070353,0.0115872775634,0.0262916734926,9.09635829926,9.05788087845,9.09396076202,9.08273331324,0.0176005621613,3,0,frozen deterministic type router
0,context:b472207a5469ed04ab915cc9,IKGHVFNXLBSAFX,True,94,context:b472207a5469ed04ab915cc9|site:771dd230af7f90adad88c9bb,site:771dd230af7f90adad88c9bb,transferable_h_group,context:b472207a5469ed04ab915cc9|site:af16c539d79651257caf055f,site:af16c539d79651257caf055f,atom,4.35120758872,1.31680830922,3.0343992795,7.88569100698,-2.3191242218,0.0231669216606,0.00711302557088,10.2210595608,10.2112157345,10.1821703911,10.2048152288,0.016508921523,3,0,frozen deterministic type router
0,context:b4a2a4f99946fe6fa6310a03,CWZRQWCJPONHOD,True,218,context:b4a2a4f99946fe6fa6310a03|site:8401540092078da2273dc929,site:8401540092078da2273dc929,transferable_h_group,context:b4a2a4f99946fe6fa6310a03|site:3db3b3c40cd5a4f6e6129d59,site:3db3b3c40cd5a4f6e6129d59,atom,3.57172367548,0.118808015004,3.45291566047,3.97091976802,-6.63843949636,0.0172967458173,0.0159884067961,10.6105821133,10.6105060577,10.6069896221,10.6093592644,0.0016758777666,3,0,frozen deterministic type router
0,context:b62c4999dd33fa8482f4293b,OUQXBIMQCUSOGP,True,132,context:b62c4999dd33fa8482f4293b|site:65e9e72fb53f8d026f03f2a9,site:65e9e72fb53f8d026f03f2a9,bond,context:b62c4999dd33fa8482f4293b|site:d3a5d0554af77e7310700a0c,site:d3a5d0554af77e7310700a0c,delocalized_region,2.86016623823,2.14857363789,0.71159260034,1.21314934889,3.55800040563,0.0194350059707,0.024788041213,-2.34872567654,-2.34974205494,-2.33608543873,-2.34485105673,0.0062121011228,3,0,frozen deterministic type router
0,context:b86c2e9af6334b2d9670036e,LMIQERWZRIFWNZ,True,113,context:b86c2e9af6334b2d9670036e|site:333ab5d5fe1977c274ab335b,site:333ab5d5fe1977c274ab335b,delocalized_region,context:b86c2e9af6334b2d9670036e|site:2c9c7eb26ad7324995a7bcae,site:2c9c7eb26ad7324995a7bcae,atom_group,4.62611613569,-0.00414909709909,4.63026523279,4.09976037343,-9.32018152873,0.0470397592336,0.0505522741383,13.4212856293,13.4145922661,13.4239478111,13.4199419022,0.00393579790137,3,0,frozen deterministic type router
0,context:b939e721a54f89915f85cea8,VMGFHPGLWRZORG,True,203,context:b939e721a54f89915f85cea8|site:09c8cf1648c1ed6dca14f475,site:09c8cf1648c1ed6dca14f475,bond,context:b939e721a54f89915f85cea8|site:536b6272173cf71d48b7bbaf,site:536b6272173cf71d48b7bbaf,delocalized_region,3.39592705688,1.52113783298,1.8747892239,3.05914012591,-3.38729516665,0.0182904961554,0.0211485560235,6.44354438782,6.44346404076,6.45229744911,6.44643529256,0.00414530042947,3,0,frozen deterministic type router
0,context:ba9ea8effc624601730e8dc8,DXJZZRSMGLGFPW,True,244,context:ba9ea8effc624601730e8dc8|site:1be020cf4d2e0127f474bb50,site:1be020cf4d2e0127f474bb50,delocalized_region,context:ba9ea8effc624601730e8dc8|site:ffb3a18245c31ab868ceeb5a,site:ffb3a18245c31ab868ceeb5a,bond,3.83101540503,0.175528702859,3.65548670217,0.0155959123125,-1.40185578664,0.020875194189,0.0151762942594,1.42043448426,1.42280315235,1.40911746025,1.41745169895,0.00597200682098,3,0,frozen deterministic type router
0,context:bc906490bcd87f3d7da264b3,IIOSDXGZLBPOHD,True,262,context:bc906490bcd87f3d7da264b3|site:c758e21e4827ebaaa2fcc87e,site:c758e21e4827ebaaa2fcc87e,atom,context:bc906490bcd87f3d7da264b3|site:d46c3186888df31b50a1bad2,site:d46c3186888df31b50a1bad2,delocalized_region,4.65541580882,-0.379726642766,5.03514245159,5.6427230835,-8.6500415802,0.0086349323419,0.0272346458329,14.2971773148,14.2672543526,14.3138623238,14.2927646637,0.0192817592851,3,0,frozen deterministic type router
0,context:bcd9f64b994e9544afb0108e,IRIFPBQOVIDMFC,True,105,context:bcd9f64b994e9544afb0108e|site:a4638399669d42a033abc613,site:a4638399669d42a033abc613,atom,context:bcd9f64b994e9544afb0108e|site:782a4a6c73d8544641140b96,site:782a4a6c73d8544641140b96,atom_group,4.87352076161,1.4738132899,3.39970747171,11.6766341527,-8.03698412577,0.0241372191758,0.0372076269111,19.7126741409,19.6973495483,19.7308311462,19.7136182785,0.0136850988624,3,0,frozen deterministic type router
0,context:bdd587d65b838137bfc608fb,GRGKYWJIDJKXGA,True,311,context:bdd587d65b838137bfc608fb|site:be5fe5fdf574daae88d64723,site:be5fe5fdf574daae88d64723,atom,context:bdd587d65b838137bfc608fb|site:8c949f197c732893d5d36258,site:8c949f197c732893d5d36258,atom_group,3.63823542903,0.446350346981,3.19188508205,7.48253647486,-4.36634683609,0.00994849625519,0.0225382453707,11.8466134071,11.8346152306,11.8654212952,11.848883311,0.0126785317665,3,0,frozen deterministic type router
0,context:be285c68daff9e4004fcdcd7,XZZSHPQZTUOUIJ,True,267,context:be285c68daff9e4004fcdcd7|site:27df090ac7546002d8c09da6,site:27df090ac7546002d8c09da6,atom,context:be285c68daff9e4004fcdcd7|site:2ea4e01717a100e44fd005fd,site:2ea4e01717a100e44fd005fd,atom_group,4.29321083578,0.413517936299,3.87969289949,7.61461003621,-6.39721679688,0.00944911716741,0.0219749437317,14.0107841492,13.9970326424,14.0276637077,14.0118268331,0.0125267961778,3,0,frozen deterministic type router
0,context:bee88a396aaf8c76eef89d99,VFTRUCCMVUPYFC,True,296,context:bee88a396aaf8c76eef89d99|site:13fdc20b330e5c8279c6f656,site:13fdc20b330e5c8279c6f656,transferable_h_group,context:bee88a396aaf8c76eef89d99|site:2a9dfe113520a9e9a246e319,site:2a9dfe113520a9e9a246e319,atom,3.61433873519,1.96155542251,1.65278331268,9.0216550827,0.548919876417,0.0384175992703,0.0322765154442,8.48949879408,8.47102439404,8.45768243074,8.47273520629,0.013045188203,3,0,frozen deterministic type router
0,context:bf17f3fe9e1f0c2c950ac549,KQSSATDQUYCRGS,True,39,context:bf17f3fe9e1f0c2c950ac549|site:16e147653465df17324c33de,site:16e147653465df17324c33de,atom,context:bf17f3fe9e1f0c2c950ac549|site:8b9c4bda5074246e4459ef41,site:8b9c4bda5074246e4459ef41,atom_group,4.97362617464,1.3147367583,3.65888941634,8.40285841624,-10.035293897,0.0263800824325,0.043858917444,18.4378929138,18.4166822433,18.4598817825,18.4381523132,0.0176370918329,3,0,frozen deterministic type router
0,context:c0e5200ef121c85e7a9c0930,SBYHFKPVCBCYGV,True,136,context:c0e5200ef121c85e7a9c0930|site:28ef510938d0336ca6ffa9f5,site:28ef510938d0336ca6ffa9f5,atom,context:c0e5200ef121c85e7a9c0930|site:c1b3ba68e2452b1d0e7a4da2,site:c1b3ba68e2452b1d0e7a4da2,transferable_h_group,4.10493549939,0.422028499979,3.68290699941,8.03747971853,-2.61263807615,0.0314926770172,0.0456616696988,10.6396296024,10.6392486095,10.671475172,10.6501177947,0.0151027473217,3,0,frozen deterministic type router
0,context:c16baac1c8203bcb17fed5dc,IGKZJQSYTNNPIQ,True,126,context:c16baac1c8203bcb17fed5dc|site:be53869acea13a9c783068e3,site:be53869acea13a9c783068e3,transferable_h_group,context:c16baac1c8203bcb17fed5dc|site:e7db2287481a18f397e62f48,site:e7db2287481a18f397e62f48,delocalized_region,1.75454923754,0.722546423939,1.0320028136,-0.210262601574,-6.52814992269,0.0221844425761,0.0260131996035,6.32473573089,6.31077618897,6.31815004349,6.31788732111,0.00570198619874,3,0,frozen deterministic type router
0,context:c1c03ef0cebadcc552cbed39,CHPRFKYDQRKRRK,True,83,context:c1c03ef0cebadcc552cbed39|site:99a4607274ef876bb8d7fce7,site:99a4607274ef876bb8d7fce7,atom,context:c1c03ef0cebadcc552cbed39|site:8cb18602647681e6aea5c290,site:8cb18602647681e6aea5c290,atom_group,6.55638993937,-0.86960789716,7.42599783653,9.71037801107,-15.1715618769,0.0265446260899,0.0459433733392,24.8721837997,24.8633432388,24.9102926254,24.881939888,0.020370684312,3,0,frozen deterministic type router
0,context:c1e0e264126b914e151029f3,WQLOIPJBHZUMDQ,True,118,context:c1e0e264126b914e151029f3|site:3684df7dc037c7587f37263b,site:3684df7dc037c7587f37263b,bond,context:c1e0e264126b914e151029f3|site:1244154e1704ee905b51b1f0,site:1244154e1704ee905b51b1f0,transferable_h_group,2.16117078355,0.611277274668,1.54989350888,-2.06432835261,-3.23879504204,0.0190055045648,0.0216719091511,1.17499542236,1.17096877098,1.17743587494,1.17446668943,0.00266652424068,3,0,frozen deterministic type router
0,context:c24763e636662121ff0af679,HEVPNXRKMVHCNL,True,168,context:c24763e636662121ff0af679|site:f35a08451e2b04149bb2f2c0,site:f35a08451e2b04149bb2f2c0,bond,context:c24763e636662121ff0af679|site:992c6b9bf8858dfc06446eeb,site:992c6b9bf8858dfc06446eeb,atom,2.69845705309,0.820898012946,1.87755904015,7.52525552114,-0.732975244522,0.0180169536708,0.0189219947356,8.26007699966,8.25627470016,8.25834059715,8.25823076566,0.00155422383383,3,0,frozen deterministic type router
0,context:c24a2b229e975fe2db33546a,DWEYZWRAPWVVAR,True,203,context:c24a2b229e975fe2db33546a|site:4a550cfe1a4eb88bad1bdaf3,site:4a550cfe1a4eb88bad1bdaf3,atom,context:c24a2b229e975fe2db33546a|site:174b4993288807d249cc0b5f,site:174b4993288807d249cc0b5f,atom_group,3.0566707938,2.08034344802,0.976327345788,6.92251952489,-2.70923741659,0.0300530982622,0.046215500356,9.61729836464,9.62226080894,9.65571165085,9.63175694148,0.0170592602254,3,0,frozen deterministic type router
0,context:c409a03707b7ee5cf1ac28c6,LTWOWNFQZPMVEV,True,95,context:c409a03707b7ee5cf1ac28c6|site:6cf45cd03491a3a622fa1194,site:6cf45cd03491a3a622fa1194,atom,context:c409a03707b7ee5cf1ac28c6|site:e0273d9ec6ae55fc3ea07faa,site:e0273d9ec6ae55fc3ea07faa,delocalized_region,2.74919388853,1.68384372101,1.06535016752,6.0618426005,-2.07689094543,0.0244182709371,0.03762758216,8.13649749756,8.1227016449,8.15700149536,8.13873354594,0.0140918385299,3,0,frozen deterministic type router
0,context:c95a4aa1bca0a6615515617b,BHHGXPLMPWCGHP,True,98,context:c95a4aa1bca0a6615515617b|site:3bfd50d4b11b77ce54d4fdc0,site:3bfd50d4b11b77ce54d4fdc0,atom,context:c95a4aa1bca0a6615515617b|site:e9e66585aca181caecafa713,site:e9e66585aca181caecafa713,atom_group,4.51901575932,-0.0751641583856,4.59417991771,11.095902125,-11.2687298457,0.0243988631705,0.0454261180917,22.3641204834,22.338549614,22.3912258148,22.3646319707,0.0215080101187,3,0,frozen deterministic type router
0,context:c97e0cd1c67c67eb918aa3fb,RWXZXCZBMQPOBF,True,108,context:c97e0cd1c67c67eb918aa3fb|site:4cd678391f092302d8d5deec,site:4cd678391f092302d8d5deec,atom_group,context:c97e0cd1c67c67eb918aa3fb|site:131c7a0226813ceae8668d07,site:131c7a0226813ceae8668d07,atom,4.78401778969,1.00555964143,3.77845814826,5.24817101161,3.99067584674,0.0288050242912,0.0207905667278,1.26390910149,1.26277828217,1.24579811096,1.25749516487,0.00828393991214,3,0,frozen deterministic type router
0,context:cd6c7f2e9e50d298d669a067,DRLPQHUSIRTYBM,True,151,context:cd6c7f2e9e50d298d669a067|site:b1a0017489442ee66f19e7d2,site:b1a0017489442ee66f19e7d2,bond,context:cd6c7f2e9e50d298d669a067|site:6cfee38841b05873c7435a3a,site:6cfee38841b05873c7435a3a,atom,3.45417224793,0.899211157026,2.55496109091,4.44974104563,2.97501802444,0.0179943974405,0.0137930686601,1.479139328,1.47674846649,1.46828126907,1.47472302119,0.00465841048952,3,0,frozen deterministic type router
0,context:ceb6fae0326a8a1396c98cbc,IBNSYFQZHBBNLR,True,185,context:ceb6fae0326a8a1396c98cbc|site:2c1c3565705992223a1d0f5e,site:2c1c3565705992223a1d0f5e,transferable_h_group,context:ceb6fae0326a8a1396c98cbc|site:2b392334c52958d0f1cb3357,site:2b392334c52958d0f1cb3357,atom,4.02730774952,0.202273779465,3.82503397005,6.12375736237,-6.84295717875,0.0162500101851,0.0164892239544,12.9781432152,12.9593925476,12.9626078606,12.9667145411,0.00818720556589,3,0,frozen deterministic type router
0,context:d0d2a667857756a2726af781,CIHOLLKRGTVIJN,True,52,context:d0d2a667857756a2726af781|site:1369a5d857814a7f6991bf90,site:1369a5d857814a7f6991bf90,atom,context:d0d2a667857756a2726af781|site:b6b7dee65032c7bf841795db,site:b6b7dee65032c7bf841795db,atom_group,3.19461508045,2.10839518692,1.08621989353,6.13223298391,-7.15158685048,0.0271353587016,0.0398022801521,13.2803864479,13.269993782,13.3010792732,13.2838198344,0.01292073392,3,0,frozen deterministic type router
0,context:d3bb48ee3c413555e8abe563,CWFHQXFFTAMVMB,True,97,context:d3bb48ee3c413555e8abe563|site:b3c801179db5b22e5f7f625b,site:b3c801179db5b22e5f7f625b,atom,context:d3bb48ee3c413555e8abe563|site:22fda7fce4aee418bafe31ef,site:22fda7fce4aee418bafe31ef,atom_group,3.74910669664,1.58237765077,2.16672904587,9.52227401733,-5.40477291743,0.032435076191,0.0477698254743,14.9135599136,14.9174046516,14.950176239,14.9270469348,0.0164300342646,3,0,frozen deterministic type router
0,context:d5459a7ce6f9ef1e4c3087fe,UVJHQYIOXKWHFD,True,81,context:d5459a7ce6f9ef1e4c3087fe|site:71864f0f070fe1298590c481,site:71864f0f070fe1298590c481,transferable_h_group,context:d5459a7ce6f9ef1e4c3087fe|site:58588540682c9cf99a921e3d,site:58588540682c9cf99a921e3d,transferable_h_group,2.62217339256,1.9256637134,0.696509679159,7.89622672399,7.19971704483,0.0409076257172,0.0409001434113,0.69651889801,0.69651222229,0.696497917175,0.696509679159,8.75212344992e-06,3,0,frozen deterministic type router
0,context:dac035816071942828a97715,KZSNJWFQEVHDMF,True,67,context:dac035816071942828a97715|site:5d760ac5912d313b2879a5d9,site:5d760ac5912d313b2879a5d9,atom,context:dac035816071942828a97715|site:56620964870cbe33a779b2ee,site:56620964870cbe33a779b2ee,atom_group,3.94721295599,1.49382085215,2.45339210385,8.00171200434,-6.60221354167,0.025208426334,0.0480037662497,14.5954995155,14.5810632706,14.6352138519,14.603925546,0.0228957034922,3,0,frozen deterministic type router
0,context:dc520fd0d2f296368d2b143d,AVFZOVWCLRSYKC,True,70,context:dc520fd0d2f296368d2b143d|site:1b15c2cc3657fbe51271b805,site:1b15c2cc3657fbe51271b805,atom,context:dc520fd0d2f296368d2b143d|site:c5e3067d43d7129be0450f08,site:c5e3067d43d7129be0450f08,atom_group,3.90215557555,-0.101764528034,4.00392010358,8.26928869883,-13.6109110514,0.0144761058201,0.0234156902599,21.8798046112,21.8693351746,21.891459465,21.8801997503,0.0090365243435,3,0,frozen deterministic type router
0,context:de7863a9f30dc85446668fa4,LFQSCWFLJHTTHZ,True,24,context:de7863a9f30dc85446668fa4|site:6ff9a00b2e545c71607d6437,site:6ff9a00b2e545c71607d6437,atom,context:de7863a9f30dc85446668fa4|site:2925f7412e0302a103742fbc,site:2925f7412e0302a103742fbc,transferable_h_group,3.70692863356,0.864702576379,2.84222605718,4.7525823911,-5.35126511256,0.023853048751,0.0398117555913,10.0897707939,10.0921196938,10.1296520233,10.1038475037,0.0182717315093,3,0,frozen deterministic type router
0,context:e1a895f5d8198b8056159ad7,VWSLLSXLURJCDF,True,53,context:e1a895f5d8198b8056159ad7|site:943b8d1fc0ddf82d435d56c1,site:943b8d1fc0ddf82d435d56c1,atom,context:e1a895f5d8198b8056159ad7|site:05e139e44b43d363eca0c661,site:05e139e44b43d363eca0c661,atom_group,3.34132795577,2.23536998184,1.10595797393,5.32187461853,-3.85040791829,0.0144134662053,0.0239020475254,9.17044019699,9.16168951988,9.1847178936,9.17228253682,0.00949112431253,3,0,frozen deterministic type router
0,context:e326875611e1cbdd7aac724a,GWDGKETUJGWYQO,True,119,context:e326875611e1cbdd7aac724a|site:7f15f3c91c29f03365899fe4,site:7f15f3c91c29f03365899fe4,atom,context:e326875611e1cbdd7aac724a|site:aba924f5f12a04da72e61688,site:aba924f5f12a04da72e61688,atom_group,4.37248164456,-0.337014314388,4.70949595895,8.11078580221,-5.87623707453,0.0211999867058,0.0321382648048,13.9770374298,13.9811768532,14.0028543472,13.9870228767,0.0113213750594,3,0,frozen deterministic type router
0,context:e380ffdc89b71236fc23b9a4,ZSFFNMWHQIKTAO,True,157,context:e380ffdc89b71236fc23b9a4|site:8433a825c7e2507439d5d650,site:8433a825c7e2507439d5d650,atom,context:e380ffdc89b71236fc23b9a4|site:26513cbff2d3afb5abe37c10,site:26513cbff2d3afb5abe37c10,bond,3.58836562334,0.151072085654,3.43729353769,6.64210128784,-5.4596692721,0.0185586844326,0.0216508167116,12.090637207,12.0968732834,12.1178011894,12.1017705599,0.0116177442768,3,0,frozen deterministic type router
0,context:e570da68634a7dae810334ea,JFNLZVQOOSMTJK,True,110,context:e570da68634a7dae810334ea|site:853db72279031ec5f7baf29b,site:853db72279031ec5f7baf29b,bond,context:e570da68634a7dae810334ea|site:4e3b7dd46ad4ba3320c72395,site:4e3b7dd46ad4ba3320c72395,transferable_h_group,1.55911457031,0.877334671982,0.681779898328,0.116246136526,1.68817007542,0.0175095338085,0.0203175038614,-1.5796552375,-1.57061751187,-1.56549906731,-1.57192393889,0.0058525978437,3,0,frozen deterministic type router
0,context:e601b6e7192fe44a75d7d093,IQIMPHPFMHVWBZ,True,199,context:e601b6e7192fe44a75d7d093|site:553bf06911c9d2ccd9944609,site:553bf06911c9d2ccd9944609,atom,context:e601b6e7192fe44a75d7d093|site:099df9ec5b428abedbb1acae,site:099df9ec5b428abedbb1acae,atom,3.37630466293,3.04014344683,0.3361612161,2.16946872075,1.83330750465,0.0262942790817,0.0310902644465,0.333611726761,0.330987215042,0.343884706497,0.3361612161,0.00556544358079,3,0,frozen deterministic type router
0,context:e67c7c7106b68d3c998d5d95,YBRBMKDOPFTVDT,True,53,context:e67c7c7106b68d3c998d5d95|site:c7f49c590449e6f45849ee83,site:c7f49c590449e6f45849ee83,atom,context:e67c7c7106b68d3c998d5d95|site:5536a390b2799d6b7146196e,site:5536a390b2799d6b7146196e,atom_group,3.9756777421,0.527297633345,3.44838010876,7.92044782639,-10.7405605316,0.0276717747789,0.039565589251,18.6626834869,18.6452746391,18.6750669479,18.661008358,0.0122202007276,3,0,frozen deterministic type router
0,context:e734109216fa2a439f33ed9b,YXHKONLOYHBTNS,True,14,context:e734109216fa2a439f33ed9b|site:917de02f68a7da912115827b,site:917de02f68a7da912115827b,atom,context:e734109216fa2a439f33ed9b|site:ad0e43f80e2876727c62a99c,site:ad0e43f80e2876727c62a99c,atom_group,3.69075494213,1.02628406033,2.6644708818,2.85764241219,-9.34095478058,0.0141417194956,0.0259716430773,12.1985299587,12.1841306686,12.2131309509,12.1985971928,0.01183941112,3,0,frozen deterministic type router
0,context:e79ec175558e0bc952859bea,YPDIZBUWKWIELE,True,86,context:e79ec175558e0bc952859bea|site:003970b6008cb4fa846eda58,site:003970b6008cb4fa846eda58,atom,context:e79ec175558e0bc952859bea|site:17efc95d066643a46d349527,site:17efc95d066643a46d349527,atom_group,3.34738830542,0.0194871337827,3.32790117164,8.55551624298,-7.24885654449,0.0348725671311,0.0415491356503,15.8000850677,15.7991466522,15.8138866425,15.8043727875,0.0067382111062,3,0,frozen deterministic type router
0,context:e92c84b09c6eeae677a0946d,QNAYBMKLOCPYGJ,True,40,context:e92c84b09c6eeae677a0946d|site:0fae613e7ba13c080448a222,site:0fae613e7ba13c080448a222,atom,context:e92c84b09c6eeae677a0946d|site:7fc55e3e005b099f506c5946,site:7fc55e3e005b099f506c5946,atom_group,4.41900803955,1.88036381488,2.53864422467,6.88174215953,-7.40718714396,0.0256629334734,0.0482969564963,14.2821025848,14.2649726868,14.3197126389,14.2889293035,0.0228629052435,3,0,frozen deterministic type router
0,context:e9b6876467fe9769098ed944,QHPQWRBYOIRBIT,True,110,context:e9b6876467fe9769098ed944|site:c077a42f5d2e7642403b3356,site:c077a42f5d2e7642403b3356,atom,context:e9b6876467fe9769098ed944|site:da1307e3001c57b5f773d45e,site:da1307e3001c57b5f773d45e,atom_group,4.62647091234,0.320261393242,4.3062095191,6.79769293467,-7.90020926793,0.0324276988451,0.0462898386853,14.6855449677,14.6898269653,14.7183346748,14.6979022026,0.0145533115836,3,0,frozen deterministic type router
0,context:ecb297174bed3707aadaa462,HUDALTOSJROBFH,True,207,context:ecb297174bed3707aadaa462|site:24c763395a618637ef9a56c6,site:24c763395a618637ef9a56c6,atom,context:ecb297174bed3707aadaa462|site:b07f6c64824802dc68e58744,site:b07f6c64824802dc68e58744,atom_group,5.16342074528,0.177381829888,4.98603891539,7.59827518463,-4.92546812693,0.0108877969983,0.0238642401614,12.5227184296,12.5080728531,12.540438652,12.5237433116,0.0132331407901,3,0,frozen deterministic type router
0,context:ef014762e11f0d2a3289968c,FSXRUCROJQTPJL,True,165,context:ef014762e11f0d2a3289968c|site:a8311e4fab694e4b29dbb01c,site:a8311e4fab694e4b29dbb01c,transferable_h_group,context:ef014762e11f0d2a3289968c|site:1341c2e44e4d84a6f633fb8f,site:1341c2e44e4d84a6f633fb8f,atom,2.41788031349,1.69922704391,0.718653269583,1.61702692509,1.78123235703,0.0457948358826,0.0293826170268,-0.138579368591,-0.162041783333,-0.19199514389,-0.164205431938,0.0218605015826,3,0,frozen deterministic type router
0,context:efbe15f5d33e6bb8743efcec,OTZYLKUZVWKKHG,True,151,context:efbe15f5d33e6bb8743efcec|site:28ddb6187e777627bed627e9,site:28ddb6187e777627bed627e9,atom,context:efbe15f5d33e6bb8743efcec|site:9b9110d178d5e031cd56e690,site:9b9110d178d5e031cd56e690,atom_group,4.47124156016,0.527643014354,3.9435985458,7.05365657806,-3.63321606318,0.0123417432227,0.0228555691475,10.6870589256,10.673681736,10.6998772621,10.6868726412,0.0106950899519,3,0,frozen deterministic type router
0,context:f1325b18e7f94b2c1cdb3414,CBDRKLYGOJXLKK,True,190,context:f1325b18e7f94b2c1cdb3414|site:198002e3aa3ffee72e0f6863,site:198002e3aa3ffee72e0f6863,atom,context:f1325b18e7f94b2c1cdb3414|site:b32ffc4f1bbc365b3ab38636,site:b32ffc4f1bbc365b3ab38636,delocalized_region,5.14193881795,-0.417468696794,5.55940751474,12.0062812169,-4.90699148178,0.0200181330715,0.03010701257,16.9138026237,16.8984193802,16.9275960922,16.9132726987,0.0119172353257,3,0,frozen deterministic type router
0,context:f18c376da10bde2ffc18a9cc,IXRNQIKIVWWFBH,True,112,context:f18c376da10bde2ffc18a9cc|site:91cf4f0647df5ef129548cfc,site:91cf4f0647df5ef129548cfc,bond,context:f18c376da10bde2ffc18a9cc|site:d71a53e7a6ceb4196bcf6fb0,site:d71a53e7a6ceb4196bcf6fb0,atom,3.43442135456,0.893753841882,2.54066751268,6.69129927953,1.76258114974,0.0373616264795,0.0376849749089,4.93927967548,4.92357850075,4.92329621315,4.92871812979,0.00746902970458,3,0,frozen deterministic type router
0,context:f2814866427845d84ca7ee33,RVIXKDRPFPUUOO,True,24,context:f2814866427845d84ca7ee33|site:0e630b302007869caa3ae899,site:0e630b302007869caa3ae899,atom,context:f2814866427845d84ca7ee33|site:2a65facc0dad68744d41508f,site:2a65facc0dad68744d41508f,atom_group,3.2830057449,0.65362577319,2.62937997171,5.67275253932,-13.807803154,0.0143284119696,0.0199781821809,19.4791903496,19.474407196,19.4880695343,19.4805556933,0.00566056500632,3,0,frozen deterministic type router
0,context:f2cc18433a144f07b39a3396,XFECHWDUMFDDIF,True,344,context:f2cc18433a144f07b39a3396|site:fc5acc5a8ad831f40ab162c7,site:fc5acc5a8ad831f40ab162c7,atom,context:f2cc18433a144f07b39a3396|site:6965dd58969ee1cc179a3ca4,site:6965dd58969ee1cc179a3ca4,bond,4.23289445039,0.500089621012,3.73280482938,5.94501368205,-6.1044532458,0.0151840709609,0.0252944104519,12.0406718254,12.0418930054,12.0658359528,12.0494669278,0.0115853802287,3,0,frozen deterministic type router
0,context:f4678a3e07b10f3b9f85aa7e,KCQAMWOSJTWKNI,True,77,context:f4678a3e07b10f3b9f85aa7e|site:1c300cf9f2311201c610c9c6,site:1c300cf9f2311201c610c9c6,transferable_h_group,context:f4678a3e07b10f3b9f85aa7e|site:9ce11d76c03aa537fbd90d14,site:9ce11d76c03aa537fbd90d14,atom,2.97527108121,2.14124556816,0.834025513048,-2.93056933085,-1.56515479088,0.0245601846188,0.00708314723014,-1.35470628738,-1.35035538673,-1.3911819458,-1.36541453997,0.0183066834142,3,0,frozen deterministic type router
0,context:f48319850a2bb2ec228c58a9,YPDIZBUWKWIELE,True,86,context:f48319850a2bb2ec228c58a9|site:003970b6008cb4fa846eda58,site:003970b6008cb4fa846eda58,atom,context:f48319850a2bb2ec228c58a9|site:0a9e833a2edaf87328683f68,site:0a9e833a2edaf87328683f68,atom_group,3.94130130995,0.0154979617105,3.92580334824,10.8463948568,-5.85658677419,0.0256807553041,0.0323860207223,16.6988806725,16.6976237297,16.7124404907,16.702981631,0.0067080795692,3,0,frozen deterministic type router
0,context:f79096b8dda843f4aefe2a72,JAGYXYUAYDLKNO,False,67,context:f79096b8dda843f4aefe2a72|site:52ac4d53f588835b47992294,site:52ac4d53f588835b47992294,bond,context:f79096b8dda843f4aefe2a72|site:f3f0ebc542d9fcc2c8c286fd,site:f3f0ebc542d9fcc2c8c286fd,bond,1.98107299327,1.98107299327,0,6.82427374522,6.82427374522,0.0175672821663,0.0175672821663,0,0,0,0,0,3,0,frozen deterministic type router
0,context:f895ec2ac94bd10eb738b767,BWJAFKSLQWCVOB,True,116,context:f895ec2ac94bd10eb738b767|site:6f64a5401573958d828b31fd,site:6f64a5401573958d828b31fd,atom,context:f895ec2ac94bd10eb738b767|site:3ef347b45e5ed170c8ba696e,site:3ef347b45e5ed170c8ba696e,delocalized_region,3.76633759287,0.0501213901171,3.71621620276,10.5812505086,-7.86285003026,0.0135155865926,0.0272617525532,18.4396829605,18.4293603897,18.4632582664,18.4441005389,0.0141869132399,3,0,frozen deterministic type router
0,context:fb90d5b0a9b4b463d2b2fafe,RAMNFTKKGHOHPJ,True,150,context:fb90d5b0a9b4b463d2b2fafe|site:6613d7cce314c407de94937c,site:6613d7cce314c407de94937c,bond,context:fb90d5b0a9b4b463d2b2fafe|site:803537eb8d1c65a2e21c9295,site:803537eb8d1c65a2e21c9295,atom,3.66172888401,0.378806105563,3.28292277844,4.13564968109,-0.778912842274,0.0200358688102,0.0209925926238,4.92003405094,4.90994244814,4.91371107101,4.91456252337,0.00416363944234,3,0,frozen deterministic type router
0,context:fd0048508dd47031cbbf4049,YBRBMKDOPFTVDT,True,53,context:fd0048508dd47031cbbf4049|site:c7f49c590449e6f45849ee83,site:c7f49c590449e6f45849ee83,atom,context:fd0048508dd47031cbbf4049|site:5536a390b2799d6b7146196e,site:5536a390b2799d6b7146196e,atom_group,4.59000547427,-0.217138864813,4.80714433909,8.00264199575,-14.4494167964,0.0263726981271,0.0435935497899,22.4550352097,22.429227829,22.4719133377,22.4520587921,0.0175529192231,3,0,frozen deterministic type router
0,context:fd2af92c872af77ad3756bb5,SCURCOWZQJIUGR,True,89,context:fd2af92c872af77ad3756bb5|site:769aa7b0f90f064261c0bfc5,site:769aa7b0f90f064261c0bfc5,atom,context:fd2af92c872af77ad3756bb5|site:201e3a6622e08fcf325dcde3,site:201e3a6622e08fcf325dcde3,atom_group,5.6569206789,0.753785236664,4.90313544224,6.04759581884,-6.89059384664,0.0193225591663,0.0231504783811,12.9389166832,12.9319548607,12.9436974525,12.9381896655,0.00482137822342,3,0,frozen deterministic type router
0,context:fe5846df70dc46310419f4c9,FUDLPTUMHBESOS,True,101,context:fe5846df70dc46310419f4c9|site:61da5862aba6e08e01db2d22,site:61da5862aba6e08e01db2d22,atom,context:fe5846df70dc46310419f4c9|site:87e5a99c91245c16f761e692,site:87e5a99c91245c16f761e692,transferable_h_group,3.04719748837,0.612808338077,2.43438915029,8.78118546804,-2.72158638636,0.031529921363,0.0442900701476,11.4805350304,11.5040340424,11.5237464905,11.5027718544,0.0176635672146,3,0,frozen deterministic type router
0,context:ff14485f155d2826eedc3461,PMDMVQFNTPLNPX,True,72,context:ff14485f155d2826eedc3461|site:eaaf7b27d233ecb21b6a8dee,site:eaaf7b27d233ecb21b6a8dee,atom,context:ff14485f155d2826eedc3461|site:cd68533d765d6fc373d114c8,site:cd68533d765d6fc373d114c8,atom_group,3.14157099662,0.91640196995,2.22516902667,6.1684068044,-5.78285948435,0.0128402162807,0.0234332893787,11.9517860413,11.9380283356,11.9639844894,11.9512662888,0.0106029268891,3,0,frozen deterministic type router
1,context:000edfe6c31e366ec614031b,RAOIDOHSFRTOEL,True,56,context:000edfe6c31e366ec614031b|site:ddfad4fedd798bce79b2cf95,site:ddfad4fedd798bce79b2cf95,atom,context:000edfe6c31e366ec614031b|site:4c92057388b8dd57c1317c41,site:4c92057388b8dd57c1317c41,transferable_h_group,2.71251774762,0.319494266497,2.39302348113,0.22991635402,-7.30117193858,0.0156991213746,0.00763858782025,7.52724009752,7.54285091162,7.52317386866,7.5310882926,0.00848146838429,3,0,frozen deterministic type router
1,context:01312c5e36069481a232d7fa,KIPSRYDSZQRPEA,True,33,context:01312c5e36069481a232d7fa|site:b69fa8936e3c24e26a10fda8,site:b69fa8936e3c24e26a10fda8,atom,context:01312c5e36069481a232d7fa|site:c5b25adb94537e1e4cb078fb,site:c5b25adb94537e1e4cb078fb,transferable_h_group,5.39258508357,-1.37338802299,6.76597310655,7.97916094462,-9.11860815684,0.00359625219749,0.00588703808672,17.1041808128,17.0979280472,17.0911984444,17.0977691015,0.00530122127904,3,0,frozen deterministic type router
1,context:013d10528d577ad23343fe24,DVUMGIDOTXJYIW,True,113,context:013d10528d577ad23343fe24|site:a9d2d1a8c964ac50638ad927,site:a9d2d1a8c964ac50638ad927,bond,context:013d10528d577ad23343fe24|site:c88ad50956fb8822a5a677ad,site:c88ad50956fb8822a5a677ad,delocalized_region,4.59573077243,-2.05525231317,6.6509830856,9.78457260132,-7.27846050262,0.0230178611079,0.0661488804573,17.0922245979,16.9974622726,17.0994124413,17.0630331039,0.0464583448609,3,0,frozen deterministic type router
1,context:017f7ba29a7550dbfbd917e1,WEVYAHXRMPXWCK,False,16,context:017f7ba29a7550dbfbd917e1|site:2d366566ba1b5be7560625bc,site:2d366566ba1b5be7560625bc,atom,context:017f7ba29a7550dbfbd917e1|site:607307b1664c54403caaac06,site:607307b1664c54403caaac06,atom,1.52666239126,1.47523574217,0.0514266490936,-2.82107186317,-2.87249851227,0.0205055317647,0.0224381680601,0.0787031650543,-0.00781750679016,0.0833942890167,0.0514266490936,0.0419356981246,3,0,frozen deterministic type router
1,context:04095404de33edb25a6698ab,YYKAFPWEQRAEAQ,True,167,context:04095404de33edb25a6698ab|site:0adbda6f70276f347b3ba582,site:0adbda6f70276f347b3ba582,atom,context:04095404de33edb25a6698ab|site:1e40cad017dc686dffa2cb7b,site:1e40cad017dc686dffa2cb7b,bond,6.98763106115,-3.32835115614,10.3159822173,11.8006130854,-5.30886125565,0.0594604603601,0.0627250256876,17.118639946,17.0984921455,17.1112909317,17.1094743411,0.0083250011743,3,0,frozen deterministic type router
1,context:05a1836bf03e7d9800b7833c,AZIXWBRHGNBNNF,True,120,context:05a1836bf03e7d9800b7833c|site:15740f822b0aec1bc43db50c,site:15740f822b0aec1bc43db50c,atom,context:05a1836bf03e7d9800b7833c|site:aad1afe5f5740b91e1ffb896,site:aad1afe5f5740b91e1ffb896,delocalized_region,5.76358434414,-2.37670778247,8.14029212661,8.53640810649,-10.5441185633,0.0332177210706,0.0557522388696,19.1205015182,19.0201635361,19.1009149551,19.0805266698,0.0434257166555,3,0,frozen deterministic type router
1,context:05cd838cbc65c359c7a472e8,DCXYFEDJOCDNAF,True,58,context:05cd838cbc65c359c7a472e8|site:216db57559723882753dbd0b,site:216db57559723882753dbd0b,atom,context:05cd838cbc65c359c7a472e8|site:31657297506660e1cccbbc5d,site:31657297506660e1cccbbc5d,atom_group,5.79850099248,-1.23247544134,7.03097643383,6.65938313802,-7.02951701482,0.0512645966724,0.0752349122766,13.6993327141,13.6547222137,13.7126455307,13.6889001528,0.0247710370161,3,0,frozen deterministic type router
1,context:06ddadbb9af8eaa94c5e2b88,LSNNMFCWUKXFEE,False,15,context:06ddadbb9af8eaa94c5e2b88|site:f90d24edfb3bfd9d691eea7e,site:f90d24edfb3bfd9d691eea7e,atom,context:06ddadbb9af8eaa94c5e2b88|site:f06e82f714e723ad4d1a0f59,site:f06e82f714e723ad4d1a0f59,atom,4.60918604624,4.60911781879,6.82274500532e-05,-1.05771772067,-1.05778594812,0.0448664072827,0.0448663019949,6.83069229126e-05,6.83069229126e-05,6.80685043335e-05,6.82274500529e-05,1.12391596029e-07,3,0,frozen deterministic type router
1,context:085861b02cdfed858e464ec2,RAOIDOHSFRTOEL,True,56,context:085861b02cdfed858e464ec2|site:ddfad4fedd798bce79b2cf95,site:ddfad4fedd798bce79b2cf95,atom,context:085861b02cdfed858e464ec2|site:4c92057388b8dd57c1317c41,site:4c92057388b8dd57c1317c41,transferable_h_group,2.95287388394,-0.535248880608,3.48812276454,2.46208437284,-9.75921058655,0.00954039606495,0.0130489609629,12.2079422474,12.2520639896,12.2038786411,12.2212949594,0.0218201457527,3,0,frozen deterministic type router
1,context:089677f122968cf0d5bdb68f,IBZOSHDHPFXJFD,True,301,context:089677f122968cf0d5bdb68f|site:c37b5e8c4d7218f38def5bd7,site:c37b5e8c4d7218f38def5bd7,atom,context:089677f122968cf0d5bdb68f|site:8425ec32c4378888282ed8e0,site:8425ec32c4378888282ed8e0,transferable_h_group,4.73501319507,-1.4272504913,6.16226368637,8.18183898926,-2.66354004542,0.0716707160824,0.0205766776034,10.9226102829,10.7846300602,10.8288967609,10.8453790347,0.0575232386368,3,0,frozen deterministic type router
1,context:08b64e5d08f015f03937ffca,YQQFFTNDQFUNHB,True,67,context:08b64e5d08f015f03937ffca|site:6d112f0df3a3b0ccb0fc673d,site:6d112f0df3a3b0ccb0fc673d,transferable_h_group,context:08b64e5d08f015f03937ffca|site:b7b58032ec8bc1908820eaef,site:b7b58032ec8bc1908820eaef,atom,4.91582165663,-1.07504895182,5.99087060845,3.6969221433,-5.8325881958,0.0452282783476,0.00706675805537,9.57370972633,9.46917462349,9.54564666748,9.5295103391,0.0441752777908,3,0,frozen deterministic type router
1,context:093c49e9de05754d68ebc889,MRMOZBOQVYRSEM,False,78,context:093c49e9de05754d68ebc889|site:59ceee43d41a54aa1ac31e93,site:59ceee43d41a54aa1ac31e93,transferable_h_group,context:093c49e9de05754d68ebc889|site:47aa7afa14b63b33ee2306ce,site:47aa7afa14b63b33ee2306ce,transferable_h_group,5.632414948,4.73116820162,0.901246746381,2.40431547165,1.50306872527,0.0380690487598,0.0380331610733,0.90141749382,0.901140451431,0.901182293892,0.901246746381,0.000121939093646,3,0,frozen deterministic type router
1,context:0a6b2588e4678c622f6b61fa,AUNRNFJMNRQWOE,True,219,context:0a6b2588e4678c622f6b61fa|site:e094b3aedfd9430f227a8982,site:e094b3aedfd9430f227a8982,atom,context:0a6b2588e4678c622f6b61fa|site:e9e8271d6ccac3a4f1b68f01,site:e9e8271d6ccac3a4f1b68f01,atom,4.54891282433,-1.75328618175,6.30219900608,5.24599663417,-1.05620237192,0.0625343790793,0.0243761910667,6.35367488861,6.23389101028,6.31903111935,6.30219900608,0.0503291459923,3,0,frozen deterministic type router
1,context:10b63c4b91785257dcc53543,AGBOAUNKIUIEGH,True,77,context:10b63c4b91785257dcc53543|site:a105a05a7bc159a358bff1fc,site:a105a05a7bc159a358bff1fc,atom,context:10b63c4b91785257dcc53543|site:d9a8581fd9537d375d120b43,site:d9a8581fd9537d375d120b43,bond,4.11705744422,-1.06649645982,5.18355390404,10.3377129237,-3.30666597684,0.0539637338835,0.0577047601062,13.657556057,13.6333532333,13.6422274113,13.6443789005,0.0099971945246,3,0,frozen deterministic type router
1,context:11c3c240451cfb805aeeb0f7,QNBOHFPDAYXLCC,True,131,context:11c3c240451cfb805aeeb0f7|site:a185df3eb9d28b2e552bb1d7,site:a185df3eb9d28b2e552bb1d7,atom,context:11c3c240451cfb805aeeb0f7|site:c2a7ce44742846df0b379079,site:c2a7ce44742846df0b379079,delocalized_region,4.29038097017,0.285324594953,4.00505637522,6.28831799825,-5.38946167628,0.0535523075402,0.0867350483262,11.7141900063,11.6180815697,11.7010674477,11.6777796745,0.0425515231124,3,0,frozen deterministic type router
1,context:131d6c46f6c14c0cd20d1dd1,VQTUBCCKSQIDNK,True,42,context:131d6c46f6c14c0cd20d1dd1|site:c29ffaa50321f2e50b0f28da,site:c29ffaa50321f2e50b0f28da,bond,context:131d6c46f6c14c0cd20d1dd1|site:0b832400f430ad01e6f094b2,site:0b832400f430ad01e6f094b2,delocalized_region,3.34227155784,0.344146494436,2.9981250634,5.15356699626,0.047957221667,0.0561770727157,0.082820435816,5.13547450304,5.05808877945,5.12326604128,5.10560977459,0.0339700394365,3,0,frozen deterministic type router
1,context:136998ed9d421e73aba9cbbc,FWNSPYIKHBSEAH,True,109,context:136998ed9d421e73aba9cbbc|site:c49f7d1e3ced079a7a3f8cb1,site:c49f7d1e3ced079a7a3f8cb1,transferable_h_group,context:136998ed9d421e73aba9cbbc|site:d46042bcc9b8f527f1a239a2,site:d46042bcc9b8f527f1a239a2,bond,2.35078410648,-0.0609668655385,2.41175097202,3.75235025088,-0.262905443708,0.0339043480829,0.0522511384644,4.05903887749,3.91634853184,4.07037967443,4.01525569459,0.07009100537,3,0,frozen deterministic type router
1,context:140625e7a8792f40d3d70476,WXNZTHHGJRFXKQ,True,75,context:140625e7a8792f40d3d70476|site:853dcfb30cc67f7653661479,site:853dcfb30cc67f7653661479,atom,context:140625e7a8792f40d3d70476|site:6127240d06aee77cddef1a49,site:6127240d06aee77cddef1a49,delocalized_region,5.96954634067,-2.118386029,8.08793236967,7.27611049016,-8.76951408386,0.0818415528303,0.0867664405671,16.073348999,16.0293893814,16.0341353416,16.045624574,0.019699641972,3,0,frozen deterministic type router
1,context:15e6e8b9d92c865fb032ba8a,WPZQENSANSNYSI,True,139,context:15e6e8b9d92c865fb032ba8a|site:77891d0d9d850c57b3061e50,site:77891d0d9d850c57b3061e50,bond,context:15e6e8b9d92c865fb032ba8a|site:edf0c16af8213206d22436f8,site:edf0c16af8213206d22436f8,delocalized_region,2.69779071648,-1.52998690622,4.2277776227,8.25237464905,-4.98991759618,0.0347322986176,0.0585305915508,13.2659597397,13.2076601982,13.2532567978,13.2422922452,0.0250316492153,3,0,frozen deterministic type router
1,context:15f619a19572113953d2b8d6,BDZGAPNZRQNDAK,True,143,context:15f619a19572113953d2b8d6|site:8514b6c74076e4c2c6f68d24,site:8514b6c74076e4c2c6f68d24,atom,context:15f619a19572113953d2b8d6|site:96f6f74284d0bf77d345c16c,site:96f6f74284d0bf77d345c16c,atom,3.77796360834,-0.246759765011,4.02472337335,3.96284906069,-0.0618743126591,0.0386632380816,0.0457668844623,3.99111250788,4.12501101196,3.95804660022,4.02472337335,0.0721874707733,3,0,frozen deterministic type router
1,context:15f73ae160b9f380663ec083,RTZZCYNQPHTPPL,True,81,context:15f73ae160b9f380663ec083|site:ff7f02c33195fee5bc7b71b7,site:ff7f02c33195fee5bc7b71b7,atom,context:15f73ae160b9f380663ec083|site:1ca456b275ee31edd36b508b,site:1ca456b275ee31edd36b508b,atom,5.66295216044,0.0446850750409,5.6182670854,5.78417428335,0.165907197942,0.0910024449751,0.0882427990199,5.61879332364,5.62138587236,5.61462206021,5.6182670854,0.00278627394247,3,0,frozen deterministic type router
1,context:18d37ab4b2b4a8f29e8a141d,QQQSFSZALRVCSZ,True,79,context:18d37ab4b2b4a8f29e8a141d|site:586c30f4b6ebd6ea2ce7f471,site:586c30f4b6ebd6ea2ce7f471,transferable_h_group,context:18d37ab4b2b4a8f29e8a141d|site:8941e3225ff70bcdd18192cc,site:8941e3225ff70bcdd18192cc,atom,5.29181568588,-1.31771346595,6.60952915184,8.25054995219,-7.07601610819,0.00975613183345,0.0468676424049,15.3245239258,15.3742880821,15.2808861732,15.3265660604,0.0381585017233,3,0,frozen deterministic type router
1,context:195064f7a53aab9469bd6e71,JKTCBAGSMQIFNL,True,50,context:195064f7a53aab9469bd6e71|site:2d3ef9b21886765c4ef65a2a,site:2d3ef9b21886765c4ef65a2a,bond,context:195064f7a53aab9469bd6e71|site:8fe3610911df3360431bf202,site:8fe3610911df3360431bf202,delocalized_region,4.75733059494,-0.0428906924231,4.80022128736,8.94970703125,1.92364458243,0.0601292968696,0.0721935387296,7.03495287895,7.00858879089,7.03464567661,7.02606244882,0.012356378496,3,0,frozen deterministic type router
1,context:1a065821ea356358c9a90e1e,AVXURJPOCDRRFD,True,12,context:1a065821ea356358c9a90e1e|site:dc2f36f59321520f959398f5,site:dc2f36f59321520f959398f5,atom,context:1a065821ea356358c9a90e1e|site:6888d90ac2cb68ecd55951cb,site:6888d90ac2cb68ecd55951cb,transferable_h_group,4.81905036383,-1.09347719749,5.91252756132,3.04894955953,-7.31936470668,0.0378047530365,0.0249246643066,10.3583357334,10.388320446,10.3582866192,10.3683142662,0.0141465196187,3,0,frozen deterministic type router
1,context:1d1b32db7b6231cdfbf81c0a,XKJCHHZQLQNZHY,True,114,context:1d1b32db7b6231cdfbf81c0a|site:891808fbc5243c69a26129aa,site:891808fbc5243c69a26129aa,atom,context:1d1b32db7b6231cdfbf81c0a|site:5b876f64a68814b312fa199a,site:5b876f64a68814b312fa199a,atom_group,5.99546464419,-0.58710415693,6.58256880112,10.8089822133,-4.52044439316,0.0748413654624,0.0659885840796,15.3204011917,15.3441152573,15.3237633705,15.3294266065,0.0104767491011,3,0,frozen deterministic type router
1,context:1e317e343456e6afbce995e0,MJVQTBDTLNENNZ,True,461,context:1e317e343456e6afbce995e0|site:6b879c4b46c2f19194575b37,site:6b879c4b46c2f19194575b37,atom,context:1e317e343456e6afbce995e0|site:20d7c1976426e1be7dd8670d,site:20d7c1976426e1be7dd8670d,atom,3.30107782305,0.697631975222,2.60344584783,7.8053261439,5.20188029607,0.0129862093325,0.0362644735985,2.57863330841,2.63506698608,2.59663724899,2.60344584783,0.0235366063473,3,0,frozen deterministic type router
1,context:1e4bcbaf7b560172aaaf8855,YGHUUVGIRWMJGE,True,30,context:1e4bcbaf7b560172aaaf8855|site:04469f200b9d5ac0b3213337,site:04469f200b9d5ac0b3213337,transferable_h_group,context:1e4bcbaf7b560172aaaf8855|site:790c71d7fec2829ea149223a,site:790c71d7fec2829ea149223a,atom,6.8040313556,-2.5280582611,9.33208961669,8.92811044057,-7.9526737531,0.0103112136299,0.018637840446,16.9170007706,16.8711185455,16.8542332649,16.8807841937,0.0265205392951,3,0,frozen deterministic type router
1,context:206b78dae8b3648108a62d42,YAXSHOYVZVGDND,True,251,context:206b78dae8b3648108a62d42|site:9e8e308fb6de5d0c25fc8ca3,site:9e8e308fb6de5d0c25fc8ca3,delocalized_region,context:206b78dae8b3648108a62d42|site:8db3b696566564c4e1fd24a8,site:8db3b696566564c4e1fd24a8,bond,4.89894650338,-1.00278945658,5.90173595996,8.43924013774,-0.832234919071,0.0391605543531,0.0496532748346,9.30190658569,9.23495006561,9.27756851912,9.27147505681,0.0276723882538,3,0,frozen deterministic type router
1,context:206ec3b9fe4bc58a15228abb,BEHPKGIJAWBJMV,True,61,context:206ec3b9fe4bc58a15228abb|site:0ba4ebcb3a5dc71b0fbe2c27,site:0ba4ebcb3a5dc71b0fbe2c27,transferable_h_group,context:206ec3b9fe4bc58a15228abb|site:bfb36a7e971b33209071b769,site:bfb36a7e971b33209071b769,atom,6.37033361102,-1.99156018394,8.36189379496,9.76266892751,-7.58347336451,0.0162184481015,0.0125877714327,17.3552656174,17.3338294029,17.3493318558,17.346142292,0.00903724921817,3,0,frozen deterministic type router
1,context:225d83664fdeb392a8139654,PAKGNZCTBNXXBR,True,115,context:225d83664fdeb392a8139654|site:1ccd33dea435912aa9a849d3,site:1ccd33dea435912aa9a849d3,atom,context:225d83664fdeb392a8139654|site:183b52eb272adc64366fc87a,site:183b52eb272adc64366fc87a,bond,4.95310919052,-0.858209710497,5.81131890102,9.41722011566,0.0169434448083,0.0618174369788,0.0734998539637,9.41174417734,9.38013204932,9.4089537859,9.40027667085,0.0142898776197,3,0,frozen deterministic type router
1,context:2342a64135a1f8a923b559ff,JUJWROOIHBZHMG,True,63,context:2342a64135a1f8a923b559ff|site:ab2cd321cc488f2083e6f217,site:ab2cd321cc488f2083e6f217,atom,context:2342a64135a1f8a923b559ff|site:81c2be29dcc12d61fd4c0f8d,site:81c2be29dcc12d61fd4c0f8d,delocalized_region,5.59594865817,-2.21140094673,7.8073496049,9.88181018829,-8.19247531891,0.0458387829324,0.0702414175233,18.1126852036,18.0255794525,18.0845918655,18.0742855072,0.0362998506204,3,0,frozen deterministic type router
1,context:23a2be1f8e5f7b9a4f245658,RGUKYNXWOWSRET,True,122,context:23a2be1f8e5f7b9a4f245658|site:0aebecee16413be5f236468a,site:0aebecee16413be5f236468a,atom,context:23a2be1f8e5f7b9a4f245658|site:42255ff39116f52153b72cec,site:42255ff39116f52153b72cec,atom,3.35448780516,0.878262746922,2.47622505824,7.25630219777,4.78007713954,0.064519781329,0.0280158599956,2.52277517319,2.42370939255,2.48219060898,2.47622505824,0.0406628255303,3,0,frozen deterministic type router
1,context:241eb9ff18fe66fb1ceef540,HVLLSGMXQDNUAL,True,233,context:241eb9ff18fe66fb1ceef540|site:b9d9a880eebffdfb6ce3fb78,site:b9d9a880eebffdfb6ce3fb78,atom,context:241eb9ff18fe66fb1ceef540|site:6a7dbd9c4bb6f64c773fcc86,site:6a7dbd9c4bb6f64c773fcc86,transferable_h_group,3.42525760205,-0.716735865502,4.14199346755,-1.93149300416,-7.38512833913,0.0556319913026,0.0951512975113,5.44128847122,5.52444112301,5.39517641068,5.45363533497,0.05348940859,3,0,frozen deterministic type router
1,context:244ce1f3736a92f31366b4e5,BKSCHYJRFHICHN,True,116,context:244ce1f3736a92f31366b4e5|site:1fa8a672842139890401dad3,site:1fa8a672842139890401dad3,atom,context:244ce1f3736a92f31366b4e5|site:9850b70c0e8a6e32d697baeb,site:9850b70c0e8a6e32d697baeb,bond,5.63989103821,-1.69270517844,7.33259621664,8.17348829905,-3.40524172783,0.0702527415779,0.0669350151252,11.6040227413,11.5662932396,11.5658740997,11.5787300269,0.017885468445,3,0,frozen deterministic type router
1,context:24a5f8cfdcaae49d1c6f7ea5,CROBTXVXNQNKKO,False,10,context:24a5f8cfdcaae49d1c6f7ea5|site:f7711083a39b84f7dc7e5102,site:f7711083a39b84f7dc7e5102,atom,context:24a5f8cfdcaae49d1c6f7ea5|site:f57a467fc5f5bbbc26cf50b0,site:f57a467fc5f5bbbc26cf50b0,transferable_h_group,4.25322335077,0.291761316054,3.96146203472,0.372448921204,-3.37067564329,0.0634715758062,0.0457886566548,3.75205072761,3.76717692614,3.71014603972,3.74312456449,0.0241231257264,3,0,frozen deterministic type router
1,context:2598383d39d2588da12e755f,NSVNNAPWCRPQDR,True,192,context:2598383d39d2588da12e755f|site:9b44fc0e2f1d3d05ed1058ed,site:9b44fc0e2f1d3d05ed1058ed,atom,context:2598383d39d2588da12e755f|site:c4d6cb54af05465a93e30e92,site:c4d6cb54af05465a93e30e92,transferable_h_group,3.85129081953,-0.718362604758,4.56965342429,3.11789623896,-5.44930903117,0.024077327378,0.00865439639231,8.55312418938,8.59164786339,8.55684375763,8.56720527013,0.017350102225,3,0,frozen deterministic type router
1,context:26d333ffbc3818edd23dc525,PQGUROUGKBASIY,True,128,context:26d333ffbc3818edd23dc525|site:8423b733de09c80d520a8a19,site:8423b733de09c80d520a8a19,atom,context:26d333ffbc3818edd23dc525|site:f7d6fcccaddf5d8d70e50b8e,site:f7d6fcccaddf5d8d70e50b8e,bond,4.87560186082,-2.35297421467,7.22857607549,10.7941697439,-4.07797559102,0.0257934755536,0.0489176126271,14.8971304893,14.8259854317,14.8933200836,14.8721453349,0.0326770285891,3,0,frozen deterministic type router
1,context:28aee48fcc1d87b84eaf52e1,CKLJMWTZIZZHCS,True,54,context:28aee48fcc1d87b84eaf52e1|site:da29c7ec2d55470c0d26c8df,site:da29c7ec2d55470c0d26c8df,atom,context:28aee48fcc1d87b84eaf52e1|site:330268dc2c9454356ea540a7,site:330268dc2c9454356ea540a7,atom,5.48573117655,-0.0587019999633,5.54443317652,4.77127726873,-0.77315590779,0.0530755514868,0.0629402743911,5.54256975651,5.53326040506,5.55746936798,5.54443317652,0.00997071451744,3,0,frozen deterministic type router
1,context:298d42e9c266a97c96310a00,BTJIUGUIPKRLHP,True,83,context:298d42e9c266a97c96310a00|site:a16858fd5e16b197f2956450,site:a16858fd5e16b197f2956450,atom,context:298d42e9c266a97c96310a00|site:dc1048e279ac643b52f465a5,site:dc1048e279ac643b52f465a5,atom_group,5.66537215651,-0.591057376491,6.256429533,8.67477099101,-10.086657842,0.0883901758873,0.0916482366684,18.7837057114,18.7488279343,18.7517528534,18.761428833,0.0157973261445,3,0,frozen deterministic type router
1,context:2b79bd08eb9e0df4cee1d714,JJPYHMCTZLBOEO,True,93,context:2b79bd08eb9e0df4cee1d714|site:7b049b06d54f545d07d2f374,site:7b049b06d54f545d07d2f374,atom,context:2b79bd08eb9e0df4cee1d714|site:0d017e19074fde978cb5b9cc,site:0d017e19074fde978cb5b9cc,delocalized_region,4.1822272891,-1.49307955615,5.67530684525,8.59494749705,-3.91537205378,0.0318445656124,0.0634924415686,12.5297601223,12.4615981579,12.5396003723,12.5103195508,0.034684657783,3,0,frozen deterministic type router
1,context:2b80cf137e6185ba9ecd7b83,KKJVNKHIPVHCQX,True,209,context:2b80cf137e6185ba9ecd7b83|site:21e397c3e8188f93f4a5a013,site:21e397c3e8188f93f4a5a013,transferable_h_group,context:2b80cf137e6185ba9ecd7b83|site:d5007839dda3a702eb5238f4,site:d5007839dda3a702eb5238f4,atom,2.86885672797,0.716545767853,2.15231096012,0.524102240801,2.18529494603,0.0307279653682,0.0289779186805,-1.65714985132,-1.66629189253,-1.66013637185,-1.66119270523,0.00380623256573,3,0,frozen deterministic type router
1,context:2cabe2dd19cc048d8fa2d37e,YLGRTLMDMVAFNI,True,150,context:2cabe2dd19cc048d8fa2d37e|site:c0fb8fa5d0ce711b5aa5cfb6,site:c0fb8fa5d0ce711b5aa5cfb6,delocalized_region,context:2cabe2dd19cc048d8fa2d37e|site:227893083c2dd435a78a803f,site:227893083c2dd435a78a803f,transferable_h_group,1.53350373132,0.810754124639,0.722749606676,6.08122841517,-3.8504579862,0.0557084556042,0.0604746615028,9.91715455055,10.0722250938,9.80567955971,9.93168640137,0.109300843113,3,0,frozen deterministic type router
1,context:2de6d8532d5c94a5c86a8659,FDPMPHQWCLVHND,True,115,context:2de6d8532d5c94a5c86a8659|site:878808afc2dc17e1420ce9e4,site:878808afc2dc17e1420ce9e4,atom,context:2de6d8532d5c94a5c86a8659|site:c4f7556e806990954a95bbaa,site:c4f7556e806990954a95bbaa,bond,5.17968308705,-2.56336364552,7.74304673257,11.3919417063,-4.16996335983,0.0280860267813,0.0493909990046,15.5833711624,15.5205640793,15.5817799568,15.5619050662,0.0292397090893,3,0,frozen deterministic type router
1,context:304b88cc370966d95b9b1d06,NOFJNSNJJMUDAO,True,102,context:304b88cc370966d95b9b1d06|site:4c6819d87f44461d242c5112,site:4c6819d87f44461d242c5112,atom,context:304b88cc370966d95b9b1d06|site:213edb46a74cd7dada01a525,site:213edb46a74cd7dada01a525,atom,5.68822871997,0.977039370477,4.71118934949,8.56502532959,3.8538359801,0.0645914330766,0.0446723093055,4.67465734482,4.76303887367,4.69587182999,4.71118934949,0.0376722131331,3,0,frozen deterministic type router
1,context:31dcbf10a16aae1a128c3b39,CFOAUYCPAUGDFF,True,108,context:31dcbf10a16aae1a128c3b39|site:27d60c8f37f7330e68f24a49,site:27d60c8f37f7330e68f24a49,atom,context:31dcbf10a16aae1a128c3b39|site:1cb2ec4b1f07949bc3757c16,site:1cb2ec4b1f07949bc3757c16,atom,3.45031678572,3.0257633765,0.424553409219,0.494664470355,0.0701110611359,0.0319659111351,0.0707559527235,0.389783993363,0.549767524004,0.334108710289,0.424553409219,0.0914106674753,3,0,frozen deterministic type router
1,context:329f6b55fd07166c50259d0c,RIOQSEWOXXDEQQ,True,217,context:329f6b55fd07166c50259d0c|site:ae647f3fbe800de22e8c5b8f,site:ae647f3fbe800de22e8c5b8f,atom,context:329f6b55fd07166c50259d0c|site:637c2c7f9e39d679f3ca68fd,site:637c2c7f9e39d679f3ca68fd,delocalized_region,6.72969602884,-2.79667735902,9.52637338785,11.2781658173,-10.147005717,0.0185040961907,0.032903977659,21.4683551788,21.364071846,21.4430875778,21.4251715342,0.0444184033928,3,0,frozen deterministic type router
1,context:331a1c6820892ac9e1d6acb3,JBFYUZGYRGXSFL,True,37,context:331a1c6820892ac9e1d6acb3|site:6430e0d3047008b3f53a15ea,site:6430e0d3047008b3f53a15ea,atom_group,context:331a1c6820892ac9e1d6acb3|site:35f52d0dc3764c5e62756e06,site:35f52d0dc3764c5e62756e06,atom,3.90227814281,1.47433453013,2.42794361268,5.41266695658,-3.63150922457,0.0579376838129,0.0502524363851,9.03531217575,9.05743980408,9.03977656364,9.04417618116,0.00955424720682,3,0,frozen deterministic type router
1,context:332c2a8ba46c6b8a97773027,MASFLDCFDIPNAL,True,183,context:332c2a8ba46c6b8a97773027|site:0d8d65d2cb7878ebb1533e12,site:0d8d65d2cb7878ebb1533e12,atom,context:332c2a8ba46c6b8a97773027|site:2e98903a206f45e7ef177f2a,site:2e98903a206f45e7ef177f2a,atom,3.7551244002,2.30213100725,1.45299339294,3.70257639885,2.24958300591,0.0388664340633,0.0488580167281,1.45644712448,1.43782091141,1.46471214294,1.45299339294,0.011246652229,3,0,frozen deterministic type router
1,context:33ab0bdafdc3aff6e946353e,YUJCWMGBRDBPDL,True,92,context:33ab0bdafdc3aff6e946353e|site:c33a48f3f7f78118c547afdf,site:c33a48f3f7f78118c547afdf,atom,context:33ab0bdafdc3aff6e946353e|site:80e8dcecea8f22ee5c57723e,site:80e8dcecea8f22ee5c57723e,atom_group,4.74699086137,-0.519418724721,5.26640958609,10.7776165009,-2.80019545555,0.0450295384787,0.0538261595595,13.5946121216,13.5611886978,13.5776350498,13.5778119564,0.0136456289957,3,0,frozen deterministic type router
1,context:346a96217133a4296dd83d49,ZCBIFHNDZBSCEP,True,116,context:346a96217133a4296dd83d49|site:f57d842d83a5c3251b1bc88a,site:f57d842d83a5c3251b1bc88a,delocalized_region,context:346a96217133a4296dd83d49|site:0fd860788a3aba251ce46a87,site:0fd860788a3aba251ce46a87,atom,3.3608361869,0.972217194549,2.38861899235,-4.04727212588,-2.91711068153,0.0724506175115,0.0265706602616,-1.18311238289,-1.01222681999,-1.19514513016,-1.13016144435,0.083536931824,3,0,frozen deterministic type router
1,context:358d64dbd288241dca32d497,HHFAWKCIHAUFRX,True,21,context:358d64dbd288241dca32d497|site:5a0ef9418d2e7af269bcd6d0,site:5a0ef9418d2e7af269bcd6d0,atom,context:358d64dbd288241dca32d497|site:170632f99ce421e0345683ef,site:170632f99ce421e0345683ef,transferable_h_group,5.31172399924,-1.09896850067,6.41069249991,6.06416956584,-7.22515773773,0.0416085860884,0.0419140579269,13.310092926,13.2762694359,13.2816195488,13.2893273036,0.0148450717763,3,0,frozen deterministic type router
1,context:369606617ef5a3bb9b2c9dc5,PAPNRQCYSFBWDI,True,75,context:369606617ef5a3bb9b2c9dc5|site:e8af8c83a3b4ae9a2abd8ead,site:e8af8c83a3b4ae9a2abd8ead,delocalized_region,context:369606617ef5a3bb9b2c9dc5|site:994fb9702852487e375be56f,site:994fb9702852487e375be56f,transferable_h_group,3.2495955841,-1.01954044917,4.26913603327,2.38594516118,-5.14387909571,0.0720928353159,0.0138867585642,7.4862549305,7.64267110825,7.46054673195,7.5298242569,0.0804820342795,3,0,frozen deterministic type router
1,context:36a60dcacd689271d3d18d4e,KPVMGWQGPJULFL,True,154,context:36a60dcacd689271d3d18d4e|site:70b251498bd88dde8f4746ce,site:70b251498bd88dde8f4746ce,bond,context:36a60dcacd689271d3d18d4e|site:f87ea90e451666da8abc0c04,site:f87ea90e451666da8abc0c04,atom,4.17923677256,0.320658403753,3.8585783688,5.87162129084,-1.35864174366,0.0245743345363,0.0076377656902,7.22017300129,7.25613439083,7.21448171139,7.2302630345,0.0184407701193,3,0,frozen deterministic type router
1,context:39e984a45f10fde75799f050,WZKXBGJNNCGHIC,True,275,context:39e984a45f10fde75799f050|site:b698f57fc94a9ae46559a27b,site:b698f57fc94a9ae46559a27b,transferable_h_group,context:39e984a45f10fde75799f050|site:e49147e24c86920fd3b04fa4,site:e49147e24c86920fd3b04fa4,transferable_h_group,4.78003800846,0.720497855907,4.05954015255,4.28552961349,0.225989460945,0.0655750294758,0.0572065296632,4.07650414109,4.04640397429,4.05571234226,4.05954015255,0.012582901335,3,0,frozen deterministic type router
1,context:3bf53d42bc26a56f293ee427,HVJNWTXBDFYTDI,True,156,context:3bf53d42bc26a56f293ee427|site:16b388b3ac6ff2429c0eed96,site:16b388b3ac6ff2429c0eed96,atom,context:3bf53d42bc26a56f293ee427|site:aad305447dfa51e8097b26fb,site:aad305447dfa51e8097b26fb,atom,4.65816535265,-0.570623808,5.22878916065,5.36095587413,0.132166713476,0.0544460528747,0.0296248002336,5.20149695873,5.29016195238,5.19470857084,5.22878916065,0.043485516561,3,0,frozen deterministic type router
1,context:3c25c591fe9606f9b246cf25,NDUYAGLANMHJHF,True,244,context:3c25c591fe9606f9b246cf25|site:9aa84976afd54be5b75d0ceb,site:9aa84976afd54be5b75d0ceb,delocalized_region,context:3c25c591fe9606f9b246cf25|site:7ef132d59bf1ee357c746d90,site:7ef132d59bf1ee357c746d90,bond,3.56055323284,-0.750812802781,4.31136603562,8.70561218262,-2.01393489043,0.0483651373288,0.0451091426932,10.7101011276,10.7283035517,10.7202365398,10.719547073,0.00744708370947,3,0,frozen deterministic type router
1,context:3f12c489ef0d5e693bd9a660,LLKCNMZUGYSUDD,True,174,context:3f12c489ef0d5e693bd9a660|site:f515275f9b2d466f48c0e762,site:f515275f9b2d466f48c0e762,atom,context:3f12c489ef0d5e693bd9a660|site:3c91e6eaddb25a4c0d4b6759,site:3c91e6eaddb25a4c0d4b6759,bond,4.4922156689,-0.728896304676,5.22111197358,8.15746815999,-5.08844423294,0.0618180657199,0.0653771090231,13.2530875206,13.2376041412,13.247045517,13.2459123929,0.00637164221056,3,0,frozen deterministic type router
1,context:404bf59c32cf699e6796c3be,UXQDCOOBHOHTCR,True,278,context:404bf59c32cf699e6796c3be|site:3eb527e39e802be9eba6488e,site:3eb527e39e802be9eba6488e,bond,context:404bf59c32cf699e6796c3be|site:f611e968b052e877ee59c8c8,site:f611e968b052e877ee59c8c8,atom,5.3876413605,-0.214768621448,5.60240998195,8.5118894577,-0.554613749186,0.0129234414095,0.0132307764399,9.05930149555,9.06315219402,9.07705593109,9.06650320689,0.00762570043773,3,0,frozen deterministic type router
1,context:4054d4348b5284c6e380c335,HTIRHQRTDBPHNZ,True,86,context:4054d4348b5284c6e380c335|site:e45899228162c15142660e27,site:e45899228162c15142660e27,atom,context:4054d4348b5284c6e380c335|site:5bcf2f89bf8cf6c8f187209a,site:5bcf2f89bf8cf6c8f187209a,transferable_h_group,1.97181750491,0.462785452432,1.50903205247,1.68542504311,-10.239423116,0.028941022171,0.0456019159808,11.9169386625,11.9483770132,11.9092288017,11.9248481592,0.0169325272411,3,0,frozen deterministic type router
1,context:415e9fdbe62273d85b5a09bd,GVJPCYQNQCNEAO,True,262,context:415e9fdbe62273d85b5a09bd|site:d4487ba3894c825f0cdbe84b,site:d4487ba3894c825f0cdbe84b,bond,context:415e9fdbe62273d85b5a09bd|site:1f52d17eab237e57d9ac192c,site:1f52d17eab237e57d9ac192c,bond,3.94012980875,0.79868170834,3.14144810041,1.24429651101,-1.89715158939,0.0485722926962,0.0244340668005,3.14351522923,3.17176365852,3.10906541348,3.14144810041,0.0256381518991,3,0,frozen deterministic type router
1,context:480cc48a62b8ee4deaba74c9,KTAVPKXGIGJSCD,True,91,context:480cc48a62b8ee4deaba74c9|site:6519d9cfe150986675ad0b6f,site:6519d9cfe150986675ad0b6f,atom,context:480cc48a62b8ee4deaba74c9|site:b208bb8c9d75a526c97a1046,site:b208bb8c9d75a526c97a1046,atom_group,5.82898752169,-2.11273150333,7.94171902502,10.4226916631,-7.44007460276,0.0718245440565,0.0668101250864,17.8723807335,17.8650979996,17.8508200645,17.8627662659,0.00895519766731,3,0,frozen deterministic type router
1,context:48d65bdc173df2d680ba82d1,ITQTTZVARXURQS,True,76,context:48d65bdc173df2d680ba82d1|site:5bf63d985092be33603ac843,site:5bf63d985092be33603ac843,atom,context:48d65bdc173df2d680ba82d1|site:30f0da48a8310253340f400a,site:30f0da48a8310253340f400a,delocalized_region,5.57902920944,-0.518262410458,6.0972916199,10.875365893,-10.0754404068,0.050472951457,0.0713192256162,21.0488328934,20.8005313873,21.0030546188,20.9508062998,0.10789137934,3,0,frozen deterministic type router
1,context:4d748e33beda0753a3070e3f,URUWNYQVXHOQAM,True,113,context:4d748e33beda0753a3070e3f|site:493f302060f8feea79b6e944,site:493f302060f8feea79b6e944,atom,context:4d748e33beda0753a3070e3f|site:5a280d811fd8ac0768491d8d,site:5a280d811fd8ac0768491d8d,transferable_h_group,3.54196012416,0.916415450606,2.62554467355,4.21983830134,-2.10231049856,0.0548594208462,0.0756984246029,6.34140729904,6.35520577431,6.26983332634,6.3221487999,0.0374190776654,3,0,frozen deterministic type router
1,context:4f07c0ff41ea145ef262cbec,WXACXMWYHXOSIX,True,92,context:4f07c0ff41ea145ef262cbec|site:71f4354f822792351980dc50,site:71f4354f822792351980dc50,delocalized_region,context:4f07c0ff41ea145ef262cbec|site:93b1ee772d6ffb3dec1f790a,site:93b1ee772d6ffb3dec1f790a,delocalized_region,3.46385678321,0.825781908335,2.63807487488,4.80933920542,2.17126433055,0.0616358699007,0.0605771939283,2.63625645638,2.64008116722,2.63788700104,2.63807487488,0.00156707279105,3,0,frozen deterministic type router
1,context:5023bb904c12bf330c3a0084,DZEWJULWIYVMKR,True,163,context:5023bb904c12bf330c3a0084|site:ec3c5601c20506d20cef995d,site:ec3c5601c20506d20cef995d,atom,context:5023bb904c12bf330c3a0084|site:b800d37813f6edfd89ae1f91,site:b800d37813f6edfd89ae1f91,delocalized_region,5.42609560702,-1.79250986465,7.21860547167,9.51589298248,-6.09367195765,0.0719959051759,0.0740496498255,15.6196832657,15.602909565,15.6061019897,15.6095649401,0.00727247220492,3,0,frozen deterministic type router
1,context:50b3562f04a3566c156fabf3,RSUHWMSTWSSNOW,True,249,context:50b3562f04a3566c156fabf3|site:d680820bf251d3804a483a85,site:d680820bf251d3804a483a85,atom,context:50b3562f04a3566c156fabf3|site:442e9e39bb35d0f5d9fcda3d,site:442e9e39bb35d0f5d9fcda3d,delocalized_region,3.0872167723,-0.272348391823,3.35956516412,2.26885787646,-6.89984830221,0.0386990824781,0.04588117584,9.23325324059,9.04923820496,9.22362709045,9.16870617867,0.0845679736394,3,0,frozen deterministic type router
1,context:51f1b8db2a07ad75f313d6b6,UGEJOEBBMPOJMT,True,89,context:51f1b8db2a07ad75f313d6b6|site:8749f0feb6b1bdb8169b8922,site:8749f0feb6b1bdb8169b8922,atom,context:51f1b8db2a07ad75f313d6b6|site:06c481ccdfddc189eb3610a4,site:06c481ccdfddc189eb3610a4,delocalized_region,5.95625101973,-1.15784870176,7.11409972149,7.24445501963,-4.05567725499,0.0591733549543,0.0676098647812,11.3269143105,11.2757658958,11.2977166176,11.3001322746,0.0209510004302,3,0,frozen deterministic type router
1,context:522b697d439ecba8c047c940,SNICXCGAKADSCV,False,128,context:522b697d439ecba8c047c940|site:8b24c43c26278f7566aa71fa,site:8b24c43c26278f7566aa71fa,atom,context:522b697d439ecba8c047c940|site:d51ca2c9c430a0b13d9f618b,site:d51ca2c9c430a0b13d9f618b,atom,5.62075225708,5.1829954008,0.437756856283,8.8584985733,8.42074171702,0.043086469207,0.0648537562464,0.405093193054,0.457117080688,0.451060295105,0.437756856283,0.0232286796084,3,0,frozen deterministic type router
1,context:5303c45ffb390bd5ce52bb9c,UUGUIYYFRQUCGK,True,156,context:5303c45ffb390bd5ce52bb9c|site:37012bf98f1f7bdf2823a5b7,site:37012bf98f1f7bdf2823a5b7,atom,context:5303c45ffb390bd5ce52bb9c|site:c41d9738f20cfd10ac313d85,site:c41d9738f20cfd10ac313d85,atom,3.80879699057,2.46046236024,1.34833463033,0.667555312316,-0.680779318015,0.0398301759701,0.0201235826948,1.37316358089,1.30645686388,1.36538344622,1.34833463033,0.0297819085581,3,0,frozen deterministic type router
1,context:5690bc18731d2660ae80342c,WNQGOBRMTGELHB,True,78,context:5690bc18731d2660ae80342c|site:9bbc6b231eea99cf9b03c139,site:9bbc6b231eea99cf9b03c139,atom,context:5690bc18731d2660ae80342c|site:b8d17cdb0e5fe5b8ad5adc47,site:b8d17cdb0e5fe5b8ad5adc47,atom,5.13197697777,0.500156775898,4.63182020187,6.76748816172,2.13566795985,0.0349793032794,0.0394067240789,4.63077926636,4.62532925606,4.63935208321,4.63182020187,0.00577191940176,3,0,frozen deterministic type router
1,context:56d2bbd0c00b76f288366c4e,PAQMOJBNTFYAFL,True,149,context:56d2bbd0c00b76f288366c4e|site:d6f5055a28dc4c85cc653902,site:d6f5055a28dc4c85cc653902,bond,context:56d2bbd0c00b76f288366c4e|site:74074bfa2778a2d29220ffc6,site:74074bfa2778a2d29220ffc6,atom_group,3.20343356028,-1.28840845662,4.4918420169,3.58505725861,-7.04963858922,0.0356078547796,0.0415682051399,10.5937919617,10.7233059406,10.5869896412,10.6346958478,0.0627183083336,3,0,frozen deterministic type router
1,context:57f9b1144ec7d9800b73c776,QIXNINALAYEKKB,True,261,context:57f9b1144ec7d9800b73c776|site:540494f5c8611f7b70c926a4,site:540494f5c8611f7b70c926a4,bond,context:57f9b1144ec7d9800b73c776|site:ba6bc04e40de5352a7ae3c8b,site:ba6bc04e40de5352a7ae3c8b,delocalized_region,3.83609666166,0.149616844141,3.68647981751,3.28667759895,-4.05774879456,0.0112722245097,0.0206260901514,7.35261750221,7.33097457886,7.34968709946,7.34442639351,0.00958680701594,3,0,frozen deterministic type router
1,context:581f6f950209e5a3e18937e3,XVQDTXHCRHPVKU,True,87,context:581f6f950209e5a3e18937e3|site:3a65771767d3d3ab8eec6482,site:3a65771767d3d3ab8eec6482,bond,context:581f6f950209e5a3e18937e3|site:d7ffb18e1610d36d0a00220e,site:d7ffb18e1610d36d0a00220e,atom,4.56131286555,-1.02360035522,5.58491322076,5.13831281662,-1.97987576326,0.0317262476876,0.027205233939,7.12289011478,7.12329959869,7.10837602615,7.11818857988,0.00694053682855,3,0,frozen deterministic type router
1,context:582d0809ca7404b54b808139,SUXVTICOXXNSKI,True,103,context:582d0809ca7404b54b808139|site:471f0b2eb92dcd89333832b1,site:471f0b2eb92dcd89333832b1,transferable_h_group,context:582d0809ca7404b54b808139|site:e665da020513747ab6523531,site:e665da020513747ab6523531,transferable_h_group,1.97612047971,1.20789409459,0.768226385117,2.42404929797,1.65582291285,0.0828487705474,0.0821751131845,0.769181728363,0.767328858376,0.768168568611,0.768226385117,0.000757534975588,3,0,frozen deterministic type router
1,context:597d6b0f08b5e4d413c1c970,HWJMXFOOQWFOCE,True,131,context:597d6b0f08b5e4d413c1c970|site:cd2ac560c5a1843581c3a5f8,site:cd2ac560c5a1843581c3a5f8,atom,context:597d6b0f08b5e4d413c1c970|site:b208d91cfe0351d0edd07bd8,site:b208d91cfe0351d0edd07bd8,atom,5.09980237611,0.819615285875,4.28018709024,5.57635688782,1.29616979758,0.0341929588801,0.0294562252295,4.29543066025,4.25039899349,4.29473161697,4.28018709024,0.0210652984183,3,0,frozen deterministic type router
1,context:5e738909ab5514ce2b2ba129,SDDKBWPIFZJMDW,True,101,context:5e738909ab5514ce2b2ba129|site:58e18e4a3e107e087c60f6ad,site:58e18e4a3e107e087c60f6ad,atom,context:5e738909ab5514ce2b2ba129|site:6afc0c6ae31b8901bb6c8aff,site:6afc0c6ae31b8901bb6c8aff,atom_group,5.76512328045,-1.27286759605,7.03799087649,9.16445191701,-7.68432680766,0.0770796910509,0.0693062987659,16.8587498665,16.853454113,16.8341321945,16.8487787247,0.0105799144714,3,0,frozen deterministic type router
1,context:5fcfcdf24720a7657dd70d15,VLNMFRPPGPXJHP,True,107,context:5fcfcdf24720a7657dd70d15|site:29d33242cf27f5df0748b596,site:29d33242cf27f5df0748b596,atom,context:5fcfcdf24720a7657dd70d15|site:265ee8768ce39f6cf597d353,site:265ee8768ce39f6cf597d353,atom,6.06075524913,1.39640299108,4.66435225805,9.3142379125,4.64988565445,0.0218783310081,0.0304499296664,4.64880752563,4.67254209518,4.67170715332,4.66435225805,0.0109970696489,3,0,frozen deterministic type router
1,context:60a070cb9cf3f7e2e170d20a,GNROSMHJEUZVFQ,True,165,context:60a070cb9cf3f7e2e170d20a|site:ee50330fb71baeec54056d50,site:ee50330fb71baeec54056d50,bond,context:60a070cb9cf3f7e2e170d20a|site:65045629fe5a709ba26f8859,site:65045629fe5a709ba26f8859,atom,4.63699814897,-1.42615805975,6.06315620873,5.85582208633,-0.151205370824,0.0382679041914,0.025745697229,5.98759785295,6.03312295675,6.00036156178,6.00702745716,0.0191739300459,3,0,frozen deterministic type router
1,context:626d491d1576051326f00ee9,ARLBPBOMNUIDOG,True,169,context:626d491d1576051326f00ee9|site:f0f17e76be9586260ffd9fe3,site:f0f17e76be9586260ffd9fe3,transferable_h_group,context:626d491d1576051326f00ee9|site:b9a90b7fc4bec960f60f5eab,site:b9a90b7fc4bec960f60f5eab,atom,5.63029176867,-1.2379146709,6.86820643957,4.99374421438,-2.50884501139,0.0547708765507,0.0445912455594,7.49653816223,7.45098280907,7.56024670601,7.50258922577,0.0448115410819,3,0,frozen deterministic type router
1,context:631cd960257204ed955203e6,SNICXCGAKADSCV,False,128,context:631cd960257204ed955203e6|site:8b24c43c26278f7566aa71fa,site:8b24c43c26278f7566aa71fa,atom,context:631cd960257204ed955203e6|site:d51ca2c9c430a0b13d9f618b,site:d51ca2c9c430a0b13d9f618b,atom,6.01045633291,5.72217743531,0.288278897603,9.43869717916,9.15041828156,0.0264707573553,0.0418913352644,0.267239570618,0.305150032043,0.292447090149,0.288278897603,0.0157550233936,3,0,frozen deterministic type router
1,context:6357d4600e10f9c43e8a6505,VNMXERKOFPWFRR,True,197,context:6357d4600e10f9c43e8a6505|site:15257cdb8962ffa907698c0f,site:15257cdb8962ffa907698c0f,atom,context:6357d4600e10f9c43e8a6505|site:7aa9df7037e19a3515dd8322,site:7aa9df7037e19a3515dd8322,atom,4.64038017419,-0.0125831462262,4.65296332041,8.50531228383,3.85234896342,0.0313247186585,0.0192527766157,4.67222809792,4.62131929398,4.66534256935,4.65296332041,0.0225515843173,3,0,frozen deterministic type router
1,context:63c3757522bc10ed47945f05,IIAIGCWRMDEUDI,True,134,context:63c3757522bc10ed47945f05|site:4f32707514337867a8c45c1c,site:4f32707514337867a8c45c1c,atom,context:63c3757522bc10ed47945f05|site:4fe68989bacb831cf5ef9b9d,site:4fe68989bacb831cf5ef9b9d,delocalized_region,5.11162771006,-1.81274627335,6.92437398341,8.94095865885,-10.0635293325,0.0298279709002,0.0435680802685,19.0708045959,18.9055204391,19.0371389389,19.0044879913,0.0713174892303,3,0,frozen deterministic type router
1,context:64cf075e76f4a30a3f470d70,NJHWKFPLUOUXOM,True,98,context:64cf075e76f4a30a3f470d70|site:1aae88a17b1e9c45cbb05fb3,site:1aae88a17b1e9c45cbb05fb3,transferable_h_group,context:64cf075e76f4a30a3f470d70|site:96a106741fe780b6e055454d,site:96a106741fe780b6e055454d,atom_group,5.06638957881,-2.27561834046,7.34200791928,9.90073490143,-3.14533130328,0.0383106549581,0.0448961422319,13.0915739536,12.9697260857,13.0768985748,13.0460662047,0.0543120736575,3,0,frozen deterministic type router
1,context:6642a9b4be2f5df822854e2f,LTLGQZPDSQYFSB,True,69,context:6642a9b4be2f5df822854e2f|site:bbe6d2b7c1b86df5b020afe1,site:bbe6d2b7c1b86df5b020afe1,transferable_h_group,context:6642a9b4be2f5df822854e2f|site:616af211073c311a5d73bd4f,site:616af211073c311a5d73bd4f,atom,4.64237329602,-1.39510360825,6.03747690428,10.8682260513,-3.60869979858,0.0165000556721,0.023022503659,14.4908909798,14.4724807739,14.4674057961,14.4769258499,0.0100898460164,3,0,frozen deterministic type router
1,context:669bd480197f953b4a7216c2,RPBRMANNSNGNFS,True,255,context:669bd480197f953b4a7216c2|site:ff3514914316531d21386f72,site:ff3514914316531d21386f72,atom,context:669bd480197f953b4a7216c2|site:a693a1b5afa81b7aef116589,site:a693a1b5afa81b7aef116589,transferable_h_group,4.61848954816,-1.80623623301,6.42472578116,8.36002667745,-4.12179311117,0.074145533243,0.0160352264292,12.5628223419,12.4132995605,12.4693374634,12.4818197886,0.0616772344267,3,0,frozen deterministic type router
1,context:66c3ec77a9936c080285f4e2,OMEGOEHZPKDZLL,True,277,context:66c3ec77a9936c080285f4e2|site:055e52cd68af2dc944bd5263,site:055e52cd68af2dc944bd5263,atom,context:66c3ec77a9936c080285f4e2|site:584ef4b5117edf5fd5e9e87b,site:584ef4b5117edf5fd5e9e87b,bond,3.59268631926,-2.2687100761,5.86139639537,8.56609757741,-8.0298055013,0.0709845974324,0.00638157144947,16.6880044937,16.5094547272,16.5902500153,16.5959030787,0.0730021580857,3,0,frozen deterministic type router
1,context:685b918ba0fd154e2d79d44b,OLANGBUYTLNYCP,True,74,context:685b918ba0fd154e2d79d44b|site:34eeec57945f499b21abe671,site:34eeec57945f499b21abe671,bond,context:685b918ba0fd154e2d79d44b|site:5895ccb9c0ebe0500f527918,site:5895ccb9c0ebe0500f527918,bond,3.09170266171,1.33306722025,1.75863544146,-0.609400033951,-2.36803547541,0.0129400157667,0.0206773387952,1.75586819649,1.7500013113,1.7700368166,1.75863544146,0.00841025571023,3,0,frozen deterministic type router
1,context:686d1a7b6b72e1ebd72d0011,IVSZLXZYQVIEFR,True,92,context:686d1a7b6b72e1ebd72d0011|site:cf8cc0d237fa152909d266b9,site:cf8cc0d237fa152909d266b9,delocalized_region,context:686d1a7b6b72e1ebd72d0011|site:0a8f2f7ea8ead0b8effbddb1,site:0a8f2f7ea8ead0b8effbddb1,bond,4.24204714457,0.159048670168,4.08299847441,-0.296469161908,-1.63951611519,0.0911844199111,0.0305059439599,1.29064035416,1.45719796419,1.28130254149,1.34304695328,0.0808069248488,3,0,frozen deterministic type router
1,context:6b7ab89e0502123301223b09,YNCCYIAVGRFFNA,True,100,context:6b7ab89e0502123301223b09|site:70701bd40ddc5c1ea93f4abc,site:70701bd40ddc5c1ea93f4abc,transferable_h_group,context:6b7ab89e0502123301223b09|site:cb6bc57a5fff25ccb5ba0054,site:cb6bc57a5fff25ccb5ba0054,atom,5.94622529347,-0.128608867386,6.07483416086,7.37784512838,-3.10859640439,0.0185715997437,0.0079520340302,10.4842662811,10.5040078163,10.4710505009,10.4864415328,0.0135424013163,3,0,frozen deterministic type router
1,context:6bd634dfeee8401fed0c887c,RGUKYNXWOWSRET,True,122,context:6bd634dfeee8401fed0c887c|site:0aebecee16413be5f236468a,site:0aebecee16413be5f236468a,atom,context:6bd634dfeee8401fed0c887c|site:42255ff39116f52153b72cec,site:42255ff39116f52153b72cec,atom,3.52806622429,0.339815046815,3.18825117747,9.10327529907,5.9150241216,0.0422527749506,0.0200788221033,3.21481704712,3.15283536911,3.19710111618,3.18825117747,0.026066238235,3,0,frozen deterministic type router
1,context:6c51346254185e2c11f803b4,PEEHTFAAVSWFBL,True,51,context:6c51346254185e2c11f803b4|site:b2057b170d5597dabb498028,site:b2057b170d5597dabb498028,atom,context:6c51346254185e2c11f803b4|site:49dd30de69089ae5c0ebc3b2,site:49dd30de69089ae5c0ebc3b2,atom_group,4.97048442446,0.890498001193,4.07998642326,9.0167388916,-3.37470984459,0.0742958229066,0.0641884015871,12.3817260265,12.4078016281,12.3848185539,12.3914487362,0.0116319599115,3,0,frozen deterministic type router
1,context:6f626de24a2f246db2586247,RGUKYNXWOWSRET,True,122,context:6f626de24a2f246db2586247|site:0aebecee16413be5f236468a,site:0aebecee16413be5f236468a,atom,context:6f626de24a2f246db2586247|site:42255ff39116f52153b72cec,site:42255ff39116f52153b72cec,atom,2.90407484285,2.02336614839,0.880708694458,6.26120090485,5.38049221039,0.0326401044926,0.0277606294269,0.900024414062,0.855183124542,0.886918544769,0.880708694458,0.0188256384066,3,0,frozen deterministic type router
1,context:6fe40c98d34f921a9c02d6a6,ZMANZCXQSJIPKH,True,66,context:6fe40c98d34f921a9c02d6a6|site:5368a791db137671122f569a,site:5368a791db137671122f569a,atom,context:6fe40c98d34f921a9c02d6a6|site:18cee97a7fa2f151f8e985f7,site:18cee97a7fa2f151f8e985f7,transferable_h_group,4.32114275656,-0.330653529708,4.65179628627,7.87843942642,-6.74776045481,0.00604044112397,0.0376923065136,14.6419382095,14.6605730057,14.5760884285,14.6261998812,0.0362416167639,3,0,frozen deterministic type router
1,context:700b5605f54719742def0fe1,SQESPNLCTGRVCP,True,54,context:700b5605f54719742def0fe1|site:bbed792c34915728feec6d88,site:bbed792c34915728feec6d88,atom,context:700b5605f54719742def0fe1|site:76bb25f91899b87c2e488db0,site:76bb25f91899b87c2e488db0,bond,5.55781359677,-1.59437930079,7.15219289755,10.3121681213,-2.47571412722,0.0523986982399,0.0527357956956,12.7954261303,12.7828683853,12.7853522301,12.7878822486,0.00542985481139,3,0,frozen deterministic type router
1,context:727f472f92d8d55448af4fc0,CTMHWPIWNRWQEG,True,89,context:727f472f92d8d55448af4fc0|site:d16ca7628311aaad9e056f34,site:d16ca7628311aaad9e056f34,bond,context:727f472f92d8d55448af4fc0|site:ba6d6a544a45ef5b89bd6e10,site:ba6d6a544a45ef5b89bd6e10,delocalized_region,4.78074871317,-0.793599471738,5.57434818491,8.93153317769,-4.54394499461,0.0406289693111,0.0693492273367,13.5202503204,13.4258542061,13.4803299904,13.4754781723,0.0386894620029,3,0,frozen deterministic type router
1,context:7343fbc9f96a2ea1dd784f66,UZKWTJUDCOPSNM,True,61,context:7343fbc9f96a2ea1dd784f66|site:b6a0a8dc590426eb63a7e6f0,site:b6a0a8dc590426eb63a7e6f0,bond,context:7343fbc9f96a2ea1dd784f66|site:75b0c8f0c1a1185bf1a8c750,site:75b0c8f0c1a1185bf1a8c750,delocalized_region,3.69947648353,0.398940429339,3.30053605419,7.87447913488,1.99261939526,0.0399183917202,0.0511107137325,5.87980043888,5.86835074425,5.89742803574,5.88185973962,0.0119597313162,3,0,frozen deterministic type router
1,context:74c0635ee831b2e8b4c23bb1,CQFRXHDORNUERA,True,52,context:74c0635ee831b2e8b4c23bb1|site:514b8c0072981e0f9eab71ae,site:514b8c0072981e0f9eab71ae,transferable_h_group,context:74c0635ee831b2e8b4c23bb1|site:09c2cf62ccba7eb64eda7c62,site:09c2cf62ccba7eb64eda7c62,transferable_h_group,7.18439656066,-1.21919984055,8.40359640121,9.51708634694,1.11348994573,0.0301080729492,0.0430700605413,8.33749175072,8.47889971733,8.3943977356,8.40359640121,0.0580948353547,3,0,frozen deterministic type router
1,context:757786a42d4a0ad96624d68a,BAVYZALUXZFZLV,True,16,context:757786a42d4a0ad96624d68a|site:6cdaaaa9107aa7c4e2ef1198,site:6cdaaaa9107aa7c4e2ef1198,atom,context:757786a42d4a0ad96624d68a|site:77803328a86842d2d1dcca37,site:77803328a86842d2d1dcca37,transferable_h_group,5.21921654076,-2.50648541442,7.72570195518,8.53446801503,-9.74790445964,0.0415714893953,0.058272944765,18.2983179092,18.256403923,18.2923955917,18.2823724747,0.0185210279898,3,0,frozen deterministic type router
1,context:7580733c6a7819a9f36ec24e,JNZPAOFOCUDNDX,True,134,context:7580733c6a7819a9f36ec24e|site:a0e689f6f2466249b1cad1d9,site:a0e689f6f2466249b1cad1d9,transferable_h_group,context:7580733c6a7819a9f36ec24e|site:3de9aaf660adc4e19f369bee,site:3de9aaf660adc4e19f369bee,atom,6.59771085217,-1.27627728893,7.8739881411,13.8542734782,-1.83587459723,0.015727727436,0.0177785464978,15.7004482746,15.6841847897,15.685811162,15.6901480754,0.00731354220025,3,0,frozen deterministic type router
1,context:7a75802ec7dcc3872bc03dd1,GACALPFXAWHEBC,True,119,context:7a75802ec7dcc3872bc03dd1|site:3a806af412def3d6b17bb454,site:3a806af412def3d6b17bb454,transferable_h_group,context:7a75802ec7dcc3872bc03dd1|site:4fcba224d6bd9a21aefc5760,site:4fcba224d6bd9a21aefc5760,transferable_h_group,2.35448444979,1.64388923939,0.710595210393,3.61965282758,2.90905761719,0.0682451154837,0.0677155480925,0.711520671844,0.709829568863,0.710435390472,0.710595210393,0.000699578029431,3,0,frozen deterministic type router
1,context:7de967ab5e021c658c86551f,XOJNEFQLMRCOMS,True,147,context:7de967ab5e021c658c86551f|site:9a155bccd9eded998bcbeb6a,site:9a155bccd9eded998bcbeb6a,atom,context:7de967ab5e021c658c86551f|site:d7130e0b00143fea1a1cb442,site:d7130e0b00143fea1a1cb442,delocalized_region,4.36170640941,-1.29937540069,5.6610818101,3.84907166163,-7.64107354482,0.0659901798669,0.0457251494536,11.5930292606,11.3477787971,11.5296275616,11.4901452065,0.10394257945,3,0,frozen deterministic type router
1,context:7e7fa65fb8f731408642a008,TYLBDZLHYORWJA,True,107,context:7e7fa65fb8f731408642a008|site:b902220578973927dd8a4e25,site:b902220578973927dd8a4e25,transferable_h_group,context:7e7fa65fb8f731408642a008|site:05b62a5ce4744cf734834315,site:05b62a5ce4744cf734834315,atom_group,5.36480164593,-1.85652685161,7.22132849754,7.47462399801,-2.76046276093,0.032112867961,0.0438686002283,10.2226390839,10.2596116066,10.2230095863,10.2350867589,0.017342345724,3,0,frozen deterministic type router
1,context:803ff654c0b718c980897227,OUMCHNPMALRRAV,False,8,context:803ff654c0b718c980897227|site:b8af30defbdd04d1dbe89fba,site:b8af30defbdd04d1dbe89fba,atom,context:803ff654c0b718c980897227|site:bcdf7b1314885aefc5eb0176,site:bcdf7b1314885aefc5eb0176,atom,4.92996422345,0.426974931307,4.50298929214,6.84431648254,2.3413271904,0.0780305449876,0.0829707430161,4.53636837006,4.48408317566,4.48851633072,4.50298929214,0.0236718587864,3,0,frozen deterministic type router
1,context:8040ef6d9ccb2396e714690b,UGEJOEBBMPOJMT,True,89,context:8040ef6d9ccb2396e714690b|site:8749f0feb6b1bdb8169b8922,site:8749f0feb6b1bdb8169b8922,atom,context:8040ef6d9ccb2396e714690b|site:06c481ccdfddc189eb3610a4,site:06c481ccdfddc189eb3610a4,delocalized_region,5.79117243738,-1.07844971969,6.86962215707,7.04379653931,-7.21213499705,0.0623901090617,0.0818396985247,14.2871003151,14.2154688835,14.2652254105,14.2559315364,0.029972738385,3,0,frozen deterministic type router
1,context:808fcfbd46dc610859394598,JUIQOABNSLTJSW,True,50,context:808fcfbd46dc610859394598|site:1a056bea7609e1a35b324cd9,site:1a056bea7609e1a35b324cd9,atom,context:808fcfbd46dc610859394598|site:70ee393de927f70d6353bb6c,site:70ee393de927f70d6353bb6c,transferable_h_group,5.70578359512,-2.46731353954,8.17309713466,9.38276290894,-8.88405036926,0.0251645665935,0.00779753530163,18.298377037,18.2633161545,18.2387466431,18.2668132782,0.0244692783892,3,0,frozen deterministic type router
1,context:809cc90dc6a58b5017aa8ea0,UIIDIWSTMOYJBZ,True,58,context:809cc90dc6a58b5017aa8ea0|site:3c68c0bf229317876d125857,site:3c68c0bf229317876d125857,atom,context:809cc90dc6a58b5017aa8ea0|site:7bbe12edb961c46d958496f3,site:7bbe12edb961c46d958496f3,atom,5.15458666477,-1.57262687689,6.72721354167,5.91305700938,-0.814156532288,0.0389740049455,0.0112447671346,6.72162276506,6.76362526417,6.69639259577,6.72721354167,0.0277308554058,3,0,frozen deterministic type router
1,context:81ff8abfa8d8f3151e68657e,NZXHRHATECOPAO,True,174,context:81ff8abfa8d8f3151e68657e|site:aebe736b35c210ecc33ec6e4,site:aebe736b35c210ecc33ec6e4,atom,context:81ff8abfa8d8f3151e68657e|site:3ecfaa3a76960e897ef241c3,site:3ecfaa3a76960e897ef241c3,delocalized_region,5.18483669229,-2.11949041523,7.30432710752,9.48400719961,-9.73288122813,0.068317053535,0.0626617067296,19.2322397232,19.2162656784,19.2021598816,19.2168884277,0.0122879366432,3,0,frozen deterministic type router
1,context:84108be1ef50af538cada275,ZEZQXYUIJPURCG,True,105,context:84108be1ef50af538cada275|site:e7c727119e3b8ae3ad6c0161,site:e7c727119e3b8ae3ad6c0161,atom,context:84108be1ef50af538cada275|site:1c8be58188a80fde9faf19b2,site:1c8be58188a80fde9faf19b2,delocalized_region,6.45361662133,-2.0579878672,8.51160448852,10.1325925191,-4.08457692464,0.0615483331722,0.0788577409819,14.2470884323,14.1826610565,14.2217588425,14.2171694438,0.0265018065201,3,0,frozen deterministic type router
1,context:86cdeaa157fc2526515f3b82,PVMNPAUTCMBOMO,True,64,context:86cdeaa157fc2526515f3b82|site:32569f5bd0e2ac55d5388d59,site:32569f5bd0e2ac55d5388d59,atom,context:86cdeaa157fc2526515f3b82|site:681e5812427fda509c497095,site:681e5812427fda509c497095,transferable_h_group,5.54246156113,-2.5809318589,8.12339342003,9.32456747691,-11.1903937658,0.0399629182323,0.0504207350574,20.5501775742,20.4807453156,20.5139608383,20.5149612427,0.0283544263498,3,0,frozen deterministic type router
1,context:895c8593add43e69516f8ec4,SJCJNAHOFNKBAF,True,139,context:895c8593add43e69516f8ec4|site:61c622c1e13a09a92938bdf9,site:61c622c1e13a09a92938bdf9,transferable_h_group,context:895c8593add43e69516f8ec4|site:26080abcf9e29fefb2ebe37a,site:26080abcf9e29fefb2ebe37a,atom,5.02170356975,-1.74798161912,6.76968518887,5.61290311813,-3.39109365145,0.0375539739331,0.0645716839738,8.97122359276,9.05427980423,8.98648691177,9.00399676959,0.0360973674616,3,0,frozen deterministic type router
1,context:896b243f7362a3f08efd6c43,WEOLAPIPKPOLGJ,True,272,context:896b243f7362a3f08efd6c43|site:aa47162ded1b1d2c552ce489,site:aa47162ded1b1d2c552ce489,bond,context:896b243f7362a3f08efd6c43|site:8223fd6967e4ac147ce7e444,site:8223fd6967e4ac147ce7e444,atom,2.53004831344,0.859663063913,1.67038524953,1.22847505411,-1.97193610668,0.0450152658394,0.0413575363143,3.17790412903,3.21598064899,3.20734870434,3.20041116079,0.01630035738,3,0,frozen deterministic type router
1,context:8cc4929818499ee0eff4545e,QSNSCYSYFYORTR,True,80,context:8cc4929818499ee0eff4545e|site:d36d3422278ebd4bd84b6a4a,site:d36d3422278ebd4bd84b6a4a,atom,context:8cc4929818499ee0eff4545e|site:e2ce90a9b4ce96203534add7,site:e2ce90a9b4ce96203534add7,transferable_h_group,5.04099140466,-0.804887370141,5.8458787748,6.78090906143,-8.11443551381,0.033805139171,0.040379281987,14.8923749924,14.9086766243,14.8849821091,14.8953445752,0.00989852951425,3,0,frozen deterministic type router
1,context:8dc46ba7a36754c53960139f,JDJUBLMJMMUVJJ,True,126,context:8dc46ba7a36754c53960139f|site:51304b56226cd4d2b8e32b22,site:51304b56226cd4d2b8e32b22,atom,context:8dc46ba7a36754c53960139f|site:2c651385e24221060ec5ca56,site:2c651385e24221060ec5ca56,bond,5.33023745171,-2.11710229288,7.44733974459,7.83620071411,-4.61654678981,0.0226127461229,0.0552085752958,12.4666910172,12.4035563469,12.4879951477,12.4527475039,0.0358542786068,3,0,frozen deterministic type router
1,context:8f3508be14914b6fbfc56c87,DTPVDESHBDFTSE,False,60,context:8f3508be14914b6fbfc56c87|site:d294e455decadc2b44eec075,site:d294e455decadc2b44eec075,delocalized_region,context:8f3508be14914b6fbfc56c87|site:010c864bfe6823905fce4136,site:010c864bfe6823905fce4136,atom,2.23141441817,1.63322650449,0.598187913676,-0.338231831789,2.93193221092,0.074236340637,0.0540999885347,-3.27689945698,-3.24276778102,-3.29082489014,-3.27016404271,0.0201890364338,3,0,frozen deterministic type router
1,context:8f6e0e5771d567ea44b9d623,RTZZCYNQPHTPPL,True,81,context:8f6e0e5771d567ea44b9d623|site:ff7f02c33195fee5bc7b71b7,site:ff7f02c33195fee5bc7b71b7,atom,context:8f6e0e5771d567ea44b9d623|site:1ca456b275ee31edd36b508b,site:1ca456b275ee31edd36b508b,atom,5.10784250009,0.596294338581,4.51154816151,4.06890710195,-0.442641059558,0.0788966165306,0.0761192995019,4.52012312412,4.50923186541,4.50528949499,4.51154816151,0.0062733860618,3,0,frozen deterministic type router
1,context:905f0a9619309210604754dc,GPNUBZPACCOTQD,True,86,context:905f0a9619309210604754dc|site:934f776907e8f0836839df0a,site:934f776907e8f0836839df0a,atom,context:905f0a9619309210604754dc|site:f9c07c835d83efc221033049,site:f9c07c835d83efc221033049,atom,3.89838772843,-0.796167151833,4.69455488026,4.98258050283,0.288025622567,0.0291007044937,0.0387765215044,4.67513918877,4.77229909599,4.63622635603,4.69455488026,0.0572228069167,3,0,frozen deterministic type router
1,context:9189fdf2970ca0fe9ea2f01e,KPVMGWQGPJULFL,True,154,context:9189fdf2970ca0fe9ea2f01e|site:70b251498bd88dde8f4746ce,site:70b251498bd88dde8f4746ce,bond,context:9189fdf2970ca0fe9ea2f01e|site:d720bd74e7aff347eb0b845b,site:d720bd74e7aff347eb0b845b,bond,4.88944569809,0.640656228684,4.2487894694,8.49851226807,4.24972279867,0.0352704199648,0.0201312592938,4.23706102371,4.27184247971,4.23746490479,4.2487894694,0.0163017737903,3,0,frozen deterministic type router
1,context:943ac9d646b550866524cfe3,XQABVLBGNWBWIV,True,76,context:943ac9d646b550866524cfe3|site:e58dee44f79cf1b42c9ac381,site:e58dee44f79cf1b42c9ac381,atom,context:943ac9d646b550866524cfe3|site:dd7a3a9d5d5500f96775e87e,site:dd7a3a9d5d5500f96775e87e,delocalized_region,4.19810809323,-1.53392117696,5.73202927019,10.7641572952,-6.93099848429,0.0496231551388,0.0650434242913,17.8020358086,17.5568728447,17.7265586853,17.6951557795,0.102520978607,3,0,frozen deterministic type router
1,context:947bb7122c611f033f5dceb4,FPSWXPXRLCSGIV,True,88,context:947bb7122c611f033f5dceb4|site:d3cd4d8b921f2628d74a24c9,site:d3cd4d8b921f2628d74a24c9,atom,context:947bb7122c611f033f5dceb4|site:79a61890fd1ca738cf48ea78,site:79a61890fd1ca738cf48ea78,atom,4.22635635969,-0.406036920976,4.63239328067,8.65416940053,4.02177611987,0.0475008705609,0.0250338734446,4.65856122971,4.60001921654,4.63859939575,4.63239328067,0.0242992280372,3,0,frozen deterministic type router
1,context:98ec2019ab24eee7a4d2b6e6,BAVYZALUXZFZLV,True,16,context:98ec2019ab24eee7a4d2b6e6|site:6cdaaaa9107aa7c4e2ef1198,site:6cdaaaa9107aa7c4e2ef1198,atom,context:98ec2019ab24eee7a4d2b6e6|site:77803328a86842d2d1dcca37,site:77803328a86842d2d1dcca37,transferable_h_group,5.20199293512,-2.79945204955,8.00144498468,10.1598784129,-9.74802366892,0.0180941509499,0.030157610312,19.9168434143,19.8894195557,19.9174432755,19.9079020818,0.0130714137932,3,0,frozen deterministic type router
1,context:98fd3cc1dcf4cddb5df85326,HYWCXWRMUZYRPH,True,71,context:98fd3cc1dcf4cddb5df85326|site:f4e11149fe5e45f2586a1985,site:f4e11149fe5e45f2586a1985,delocalized_region,context:98fd3cc1dcf4cddb5df85326|site:a72431e386ea872fd31afeae,site:a72431e386ea872fd31afeae,delocalized_region,5.8162314923,-0.221074220404,6.0373057127,6.33344380061,0.296138087908,0.0595034601509,0.0595687725732,6.03671428561,6.037394315,6.03780853748,6.0373057127,0.000451098337855,3,0,frozen deterministic type router
1,context:99a537817fc315be5ec46c72,JUJWROOIHBZHMG,True,63,context:99a537817fc315be5ec46c72|site:ab2cd321cc488f2083e6f217,site:ab2cd321cc488f2083e6f217,atom,context:99a537817fc315be5ec46c72|site:81c2be29dcc12d61fd4c0f8d,site:81c2be29dcc12d61fd4c0f8d,delocalized_region,5.60722191213,-2.46586492269,8.07308683483,10.6520214081,-11.4420550664,0.0248592401543,0.0532883563996,22.144525528,22.0231399536,22.114563942,22.0940764745,0.0516295564984,3,0,frozen deterministic type router
1,context:9a9fa31bdd530397bc30311e,SJRJJKPEHAURKC,True,75,context:9a9fa31bdd530397bc30311e|site:656f0a82d44645dcbe9d9e9f,site:656f0a82d44645dcbe9d9e9f,atom,context:9a9fa31bdd530397bc30311e|site:02919bbc8deed8be11666096,site:02919bbc8deed8be11666096,transferable_h_group,4.05074398587,-1.87691728051,5.92766126638,6.48709901174,-11.6591978073,0.00888697533738,0.016754440721,18.1649723053,18.1626234055,18.1112947464,18.1462968191,0.0247687726796,3,0,frozen deterministic type router
1,context:9ab1b75cbe10925200705d2b,OLIUEZHTWQEOOZ,True,139,context:9ab1b75cbe10925200705d2b|site:448860cc835b1ced90a300ba,site:448860cc835b1ced90a300ba,atom,context:9ab1b75cbe10925200705d2b|site:603a5dd5bc4e570cdd105206,site:603a5dd5bc4e570cdd105206,transferable_h_group,3.40076371068,-1.87793154111,5.2786952518,8.71215565999,-6.2009824117,0.0211646617515,0.00628196688519,14.9283380508,14.9182667732,14.892809391,14.9131380717,0.0149510111516,3,0,frozen deterministic type router
1,context:9b05c76729472c049ad82e1d,KTAVPKXGIGJSCD,True,91,context:9b05c76729472c049ad82e1d|site:6519d9cfe150986675ad0b6f,site:6519d9cfe150986675ad0b6f,atom,context:9b05c76729472c049ad82e1d|site:b208bb8c9d75a526c97a1046,site:b208bb8c9d75a526c97a1046,atom_group,5.98829421614,-1.38840757268,7.37670178882,9.96141179403,-6.01961008708,0.0763005592513,0.0680146723911,15.9932951927,15.9856119156,15.964158535,15.9810218811,0.0123298423382,3,0,frozen deterministic type router
1,context:9b2ebe0470707b049a7dc5e3,ODKSFYDXXFIFQN,True,92,context:9b2ebe0470707b049a7dc5e3|site:ec1a6cb4be2b7933713d0a22,site:ec1a6cb4be2b7933713d0a22,atom,context:9b2ebe0470707b049a7dc5e3|site:b88c0019150029dcc3bc8bff,site:b88c0019150029dcc3bc8bff,atom_group,2.32824655254,2.31672815778,0.0115183947587,0.90018761158,-5.84849786758,0.018416519914,0.0640070354487,6.80468535423,6.66708356142,6.77428752184,6.74868547916,0.0590206844428,3,0,frozen deterministic type router
1,context:9d531c035752d05f2479104b,BTJIUGUIPKRLHP,True,83,context:9d531c035752d05f2479104b|site:a16858fd5e16b197f2956450,site:a16858fd5e16b197f2956450,atom,context:9d531c035752d05f2479104b|site:dc1048e279ac643b52f465a5,site:dc1048e279ac643b52f465a5,atom_group,5.07262037391,0.372852520321,4.69976785359,6.98726495107,-5.87232335409,0.0723941019716,0.0755611998374,12.8839359283,12.8415923119,12.8532366753,12.8595883052,0.0178606245877,3,0,frozen deterministic type router
1,context:9ed26fa745888933574a2ce5,IIWSLXWOGWUDPL,True,70,context:9ed26fa745888933574a2ce5|site:457d2bd367a053f12c262a5d,site:457d2bd367a053f12c262a5d,bond,context:9ed26fa745888933574a2ce5|site:f8385e7577d1adc224fa23ce,site:f8385e7577d1adc224fa23ce,delocalized_region,3.5669721216,-0.0791594011099,3.64613152271,2.20079851151,-7.47896337509,0.0431228647928,0.0891708519947,9.72134304047,9.60567831993,9.71226429939,9.6797618866,0.052515946926,3,0,frozen deterministic type router
1,context:a0c6674b0d4136f31f57f03a,AQWNKDATHZVQIK,False,217,context:a0c6674b0d4136f31f57f03a|site:f084677aa84200789e417709,site:f084677aa84200789e417709,delocalized_region,context:a0c6674b0d4136f31f57f03a|site:e6e8a6f5fcc183c3288bae94,site:e6e8a6f5fcc183c3288bae94,atom,2.58515574847,0.975741955868,1.6094137926,2.91061798731,1.86480053266,0.0864935425437,0.0475351647413,1.035353899,1.09834909439,1.00374937057,1.04581745466,0.0393225247935,3,0,frozen deterministic type router
1,context:a10d576e08a625bd90a13a7d,PVMNPAUTCMBOMO,True,64,context:a10d576e08a625bd90a13a7d|site:32569f5bd0e2ac55d5388d59,site:32569f5bd0e2ac55d5388d59,atom,context:a10d576e08a625bd90a13a7d|site:681e5812427fda509c497095,site:681e5812427fda509c497095,transferable_h_group,4.81122096862,-2.25603584387,7.06725681249,8.86560026805,-10.2155014674,0.0546397504262,0.021587420843,19.127245903,19.0489664078,19.0670928955,19.0811017354,0.033457490848,3,0,frozen deterministic type router
1,context:a256a77d3f1eab452162cebd,LOJSXZBYZPEQRS,True,73,context:a256a77d3f1eab452162cebd|site:0604f3fbed87a92cd6652153,site:0604f3fbed87a92cd6652153,transferable_h_group,context:a256a77d3f1eab452162cebd|site:dc8f97b55ee0b64926e36233,site:dc8f97b55ee0b64926e36233,atom,5.93616867478,-2.19773545517,8.13390412995,9.82710679372,-4.42328166962,0.0204745036225,0.0377719724557,14.229115963,14.2833323479,14.2387170792,14.2503884633,0.0236223058994,3,0,frozen deterministic type router
1,context:a2f8205ea7b0854b6b1093db,NJJVRWBREKHQFA,True,97,context:a2f8205ea7b0854b6b1093db|site:67c49ad82795896e9e3a0f42,site:67c49ad82795896e9e3a0f42,atom,context:a2f8205ea7b0854b6b1093db|site:e1615b72d66637d8f8c9949a,site:e1615b72d66637d8f8c9949a,atom_group,5.75294775928,-1.76424852007,7.51719627935,8.55966599782,-8.74974727631,0.034932951045,0.0459604097048,17.2999134064,17.3013572693,17.3269691467,17.3094132741,0.0124278633742,3,0,frozen deterministic type router
1,context:a425baa54b98f0de9b55f7ff,FXNDIJDIPNCZQJ,True,68,context:a425baa54b98f0de9b55f7ff|site:969b4a55acc8a5c8ed4f2f75,site:969b4a55acc8a5c8ed4f2f75,bond,context:a425baa54b98f0de9b55f7ff|site:ea312cc20a4f145391e4c018,site:ea312cc20a4f145391e4c018,delocalized_region,4.1511744105,1.19402184481,2.95715256569,6.18432998657,6.91647020976,0.0383889972817,0.0471842278048,-0.726146221161,-0.746837615967,-0.723436832428,-0.732140223185,0.0104513224923,3,0,frozen deterministic type router
1,context:a43d8e14be31f8d9e1f49fd8,IOIAGUSMWXRQRZ,True,207,context:a43d8e14be31f8d9e1f49fd8|site:1801baeae064490498646c70,site:1801baeae064490498646c70,atom,context:a43d8e14be31f8d9e1f49fd8|site:805492fa55f08c23ec10dd48,site:805492fa55f08c23ec10dd48,atom_group,4.94866130137,-1.47823014133,6.4268914427,8.38454627991,-6.07880194982,0.0600650367685,0.0492239252719,14.5186810493,14.3697538376,14.5016098022,14.4633482297,0.0665471739923,3,0,frozen deterministic type router
1,context:a6eb258ade9435d61731aa5a,ZMANZCXQSJIPKH,True,66,context:a6eb258ade9435d61731aa5a|site:5368a791db137671122f569a,site:5368a791db137671122f569a,atom,context:a6eb258ade9435d61731aa5a|site:18cee97a7fa2f151f8e985f7,site:18cee97a7fa2f151f8e985f7,transferable_h_group,5.16805497781,-0.9241893928,6.09224437061,9.76670487722,-7.95481920242,0.00717899794363,0.0167759622995,17.7367296219,17.7330126762,17.6948299408,17.7215240796,0.0189365028052,3,0,frozen deterministic type router
1,context:a7c520d419de41880d76fc84,RTZZCYNQPHTPPL,True,81,context:a7c520d419de41880d76fc84|site:ff7f02c33195fee5bc7b71b7,site:ff7f02c33195fee5bc7b71b7,atom,context:a7c520d419de41880d76fc84|site:1ca456b275ee31edd36b508b,site:1ca456b275ee31edd36b508b,atom,4.03190768159,0.836318735246,3.19558894634,4.70841916402,1.51283021768,0.0793290475166,0.0843682736252,3.21712243557,3.17670094967,3.19294345379,3.19558894634,0.0166076910646,3,0,frozen deterministic type router
1,context:a947b45394b5923f34d82c46,LOUPRKONTZGTKE,False,299,context:a947b45394b5923f34d82c46|site:6e857048ebb8804c1bfe69fd,site:6e857048ebb8804c1bfe69fd,atom,context:a947b45394b5923f34d82c46|site:3a44e326a097303500280cf9,site:3a44e326a097303500280cf9,delocalized_region,1.00682584531,0.814852382463,0.191973462846,6.55053901672,-4.00111285845,0.0458178403525,0.0364938214944,10.609099865,10.4487226009,10.5971331596,10.5516518752,0.0729457658398,3,0,frozen deterministic type router
1,context:a9cdd2e740102748514f601f,BYJIRDDQRLFSFF,True,267,context:a9cdd2e740102748514f601f|site:0c0ea75c08def0ff02d2cfb9,site:0c0ea75c08def0ff02d2cfb9,atom,context:a9cdd2e740102748514f601f|site:b24e7db2ab8bf4224e49b469,site:b24e7db2ab8bf4224e49b469,delocalized_region,4.44994567584,-2.01660798659,6.46655366243,7.26392873128,-11.4445098241,0.0723332299217,0.050428035243,18.8176879883,18.5485267639,18.759100914,18.7084385554,0.115576661744,3,0,frozen deterministic type router
1,context:aa268d7396c95ae41bf59376,PZIRTPFQQUHSJY,True,276,context:aa268d7396c95ae41bf59376|site:bbb23133b10518e52640d22d,site:bbb23133b10518e52640d22d,atom,context:aa268d7396c95ae41bf59376|site:43e8a131fbc039926cad629c,site:43e8a131fbc039926cad629c,delocalized_region,4.11064934253,-1.17013581602,5.28078515854,9.20428466797,-2.28660551707,0.0427917776378,0.050236608355,11.5514559746,11.3670597076,11.5541548729,11.490890185,0.0875683023407,3,0,frozen deterministic type router
1,context:aaa8d845e04644d6f2246a0a,YEYCASGOSICVMZ,True,103,context:aaa8d845e04644d6f2246a0a|site:e860e0cf1d149460dc1421da,site:e860e0cf1d149460dc1421da,atom,context:aaa8d845e04644d6f2246a0a|site:7b9a7c7a113b8f192f2d8c58,site:7b9a7c7a113b8f192f2d8c58,bond,2.47644423087,-0.673152251778,3.14959648264,3.70997659365,-6.21042664846,0.0594808629579,0.0278053677521,9.98339390755,9.82358360291,9.95423221588,9.92040324211,0.069489246013,3,0,frozen deterministic type router
1,context:ac4357a43be859389ef1f64d,LOUPRKONTZGTKE,False,299,context:ac4357a43be859389ef1f64d|site:438da7770a397fab2fa20d5d,site:438da7770a397fab2fa20d5d,atom,context:ac4357a43be859389ef1f64d|site:b04b454794c52498628f691b,site:b04b454794c52498628f691b,delocalized_region,1.02042665426,0.895380381226,0.125046273032,6.55775610606,-3.65969530741,0.0454485526242,0.0384456217788,10.2751970291,10.1125001907,10.2646570206,10.2174514135,0.0743363630651,3,0,frozen deterministic type router
1,context:ada3cd1a236ca3dc720bb07f,VCZQFJFZMMALHB,True,78,context:ada3cd1a236ca3dc720bb07f|site:1874e6caf59ff0ac5a0a76e6,site:1874e6caf59ff0ac5a0a76e6,transferable_h_group,context:ada3cd1a236ca3dc720bb07f|site:12c7a244f31d455aff5a6df8,site:12c7a244f31d455aff5a6df8,transferable_h_group,3.45444318039,1.8494075376,1.60503564278,2.41539867719,0.810363034407,0.0552290200489,0.0440818120142,1.6230660677,1.58523184061,1.60680902004,1.60503564278,0.0154965767179,3,0,frozen deterministic type router
1,context:ae487d836c621d7d2afedbb8,MIVRMHJOEYRXQB,True,36,context:ae487d836c621d7d2afedbb8|site:45ea625195b60a32b438b5d1,site:45ea625195b60a32b438b5d1,atom,context:ae487d836c621d7d2afedbb8|site:d12737c25243856559fe697c,site:d12737c25243856559fe697c,atom_group,3.71790462676,-1.23269774429,4.95060237105,9.74705060323,-5.29902982712,0.00861605818859,0.0500951902879,15.0798635483,14.9809088707,15.0774688721,15.0460804303,0.0460936203764,3,0,frozen deterministic type router
1,context:b26630fba92aa5e105ad4ee3,DCVICHWBECIALB,True,103,context:b26630fba92aa5e105ad4ee3|site:dac1e84ea77386f8eccef15b,site:dac1e84ea77386f8eccef15b,bond,context:b26630fba92aa5e105ad4ee3|site:c20109c97c78baa821a0a5a4,site:c20109c97c78baa821a0a5a4,transferable_h_group,1.337142031,0.634214839642,0.702927191359,-0.935952305794,-1.16142098109,0.017582486988,0.0206945616378,0.214046955109,0.276512622833,0.185846447945,0.225468675296,0.0378851825587,3,0,frozen deterministic type router
1,context:b29b7f73a22c874968d92e01,UACYWOJLWBDSHG,True,161,context:b29b7f73a22c874968d92e01|site:be91b7e1179947f3b7ca17bb,site:be91b7e1179947f3b7ca17bb,atom,context:b29b7f73a22c874968d92e01|site:da219c37122d1384ef140027,site:da219c37122d1384ef140027,transferable_h_group,3.03165971063,0.456585764805,2.57507394583,3.1618446509,0.455619066954,0.0362735284393,0.0383095187875,2.70228588581,2.70963084698,2.70676001906,2.70622558395,0.00302228713633,3,0,frozen deterministic type router
1,context:b2e9e0beda26597d147ed3b3,SJRJJKPEHAURKC,True,75,context:b2e9e0beda26597d147ed3b3|site:656f0a82d44645dcbe9d9e9f,site:656f0a82d44645dcbe9d9e9f,atom,context:b2e9e0beda26597d147ed3b3|site:02919bbc8deed8be11666096,site:02919bbc8deed8be11666096,transferable_h_group,3.38934821102,-1.5954910797,4.98483929072,5.52998749415,-11.9844522476,0.0105855611065,0.0448669107742,17.5285792351,17.5660347939,17.4487051964,17.5144397418,0.0489319429686,3,0,frozen deterministic type router
1,context:b3aeef7d31405707f4da89df,FJWLWQRPZMZRQI,True,92,context:b3aeef7d31405707f4da89df|site:6dab245b9149ccd2733316ce,site:6dab245b9149ccd2733316ce,atom,context:b3aeef7d31405707f4da89df|site:c855cfbf52bb7ee99adb985e,site:c855cfbf52bb7ee99adb985e,atom,6.08003949156,-1.45294174522,7.53298123678,9.10448074341,1.57149950663,0.0342394549539,0.0453770741385,7.49536848068,7.56428515911,7.53929007053,7.53298123678,0.0284865837305,3,0,frozen deterministic type router
1,context:b5117e6dd52e5f5a64381fbc,RHAFPDMTJCXVAM,True,219,context:b5117e6dd52e5f5a64381fbc|site:23da34fa4135d84103d102f4,site:23da34fa4135d84103d102f4,bond,context:b5117e6dd52e5f5a64381fbc|site:2e5782774d96938422f38ead,site:2e5782774d96938422f38ead,atom,4.99569170677,-1.02038683081,6.01607853758,8.35783481598,-0.172057355444,0.0285804702588,0.025912256265,8.54404915869,8.52511847019,8.52050888538,8.52989217142,0.0101858491527,3,0,frozen deterministic type router
1,context:b58abecd293f8e63e352f4b2,HAHWYZKXGPCZPC,True,97,context:b58abecd293f8e63e352f4b2|site:4e3e7f9f6d958f15c2e00232,site:4e3e7f9f6d958f15c2e00232,bond,context:b58abecd293f8e63e352f4b2|site:9a5068422fc9716e784dbcdd,site:9a5068422fc9716e784dbcdd,delocalized_region,4.43665981279,-0.869410571996,5.30607038478,5.88712247213,-4.91496324539,0.0372857491668,0.0573139739822,10.8379731178,10.7670478821,10.8012361526,10.8020857175,0.0289613372946,3,0,frozen deterministic type router
1,context:b66dc3e2fb4cd6970a1aff62,FJWLWQRPZMZRQI,True,92,context:b66dc3e2fb4cd6970a1aff62|site:6dab245b9149ccd2733316ce,site:6dab245b9149ccd2733316ce,atom,context:b66dc3e2fb4cd6970a1aff62|site:c855cfbf52bb7ee99adb985e,site:c855cfbf52bb7ee99adb985e,atom,6.28244321483,-1.39045062724,7.67289384206,9.71030553182,2.03741168976,0.0468352194318,0.050752086723,7.65154480934,7.68504548073,7.68209123611,7.67289384206,0.0151441471393,3,0,frozen deterministic type router
1,context:bb9df2fcb337367b3208b6c6,CIROOWQVERYDSK,True,88,context:bb9df2fcb337367b3208b6c6|site:7290aa12c2d5e2c9d8a08b0d,site:7290aa12c2d5e2c9d8a08b0d,atom,context:bb9df2fcb337367b3208b6c6|site:56298445f31a04f2bf0db5bc,site:56298445f31a04f2bf0db5bc,atom,4.43355664554,1.05679443422,3.37676221132,4.42818800608,1.05142579476,0.0215728138215,0.0669645504061,3.39712524414,3.31087219715,3.42228919268,3.37676221132,0.047710422007,3,0,frozen deterministic type router
1,context:bc68b10d8833e0b746c07daf,DKWOHBPRFZIUQL,True,38,context:bc68b10d8833e0b746c07daf|site:dbddf981559f243b38887d49,site:dbddf981559f243b38887d49,atom,context:bc68b10d8833e0b746c07daf|site:514ae11e8797e5eb162a76f4,site:514ae11e8797e5eb162a76f4,atom_group,4.21329337643,-1.86398274174,6.07727611817,9.23822625478,-6.59292093913,0.0234001565178,0.0649226414147,15.8576440811,15.7712202072,15.8645772934,15.8311471939,0.0424692057757,3,0,frozen deterministic type router
1,context:be9fcc77e1f75b3402db1d54,XQABVLBGNWBWIV,True,76,context:be9fcc77e1f75b3402db1d54|site:e58dee44f79cf1b42c9ac381,site:e58dee44f79cf1b42c9ac381,atom,context:be9fcc77e1f75b3402db1d54|site:dd7a3a9d5d5500f96775e87e,site:dd7a3a9d5d5500f96775e87e,delocalized_region,4.64445002367,-1.79238828644,6.43683831011,9.03809356689,-7.88677453995,0.0337122890466,0.0710560619719,16.9774627686,16.8555874825,16.9415540695,16.9248681068,0.0511351956645,3,0,frozen deterministic type router
1,context:bf463949bb8f99fca6876a12,BIJAWQUBRNHZGE,True,88,context:bf463949bb8f99fca6876a12|site:34474bc75c4a82bc6d8d6763,site:34474bc75c4a82bc6d8d6763,atom,context:bf463949bb8f99fca6876a12|site:b173f35e4d84bbd2f611c821,site:b173f35e4d84bbd2f611c821,atom_group,3.4791068991,0.115087057435,3.36401984167,10.1328334808,-1.79402327538,0.0257091340854,0.0536866181972,11.9753592014,11.8369677067,11.9682433605,11.9268567562,0.0636275082913,3,0,frozen deterministic type router
1,context:c096e1d72c564944086a74a1,HJWLCRVIBGQPNF,False,98,context:c096e1d72c564944086a74a1|site:a8bb69772c8a9c00e6bcce4d,site:a8bb69772c8a9c00e6bcce4d,delocalized_region,context:c096e1d72c564944086a74a1|site:da944d62c6d32fc0fe88f96c,site:da944d62c6d32fc0fe88f96c,transferable_h_group,2.13029942366,1.7913129427,0.338986480965,2.12604705493,6.91041660309,0.0688423263935,0.10451705642,-4.8564658165,-4.55585718155,-4.94078564644,-4.78436954816,0.165208725963,3,0,frozen deterministic type router
1,context:c0f45621b2f1f6fa96c6edbe,CVNOWLNNPYYEOH,True,82,context:c0f45621b2f1f6fa96c6edbe|site:65183476492c97ea3dc22b65,site:65183476492c97ea3dc22b65,atom,context:c0f45621b2f1f6fa96c6edbe|site:fa5124184b8496288e4c726b,site:fa5124184b8496288e4c726b,atom_group,6.01623749808,-2.0953465673,8.11158406538,8.9139585495,-9.45151392619,0.0661605029856,0.0708857471912,18.393661499,18.3453569412,18.3573989868,18.3654724757,0.0205299536123,3,0,frozen deterministic type router
1,context:c1ecde0a54f348974e48eb60,ZSIQJIWKELUFRJ,True,97,context:c1ecde0a54f348974e48eb60|site:9e056e8c0ff3030abc803fc2,site:9e056e8c0ff3030abc803fc2,atom,context:c1ecde0a54f348974e48eb60|site:c962f77347c4d5b07df607df,site:c962f77347c4d5b07df607df,bond,5.28713392775,-2.62873463775,7.91586856549,10.1021760305,-4.69967269897,0.0273820901662,0.0493732017349,14.8007702827,14.7754602432,14.8293156624,14.8018487295,0.0219996034611,3,0,frozen deterministic type router
1,context:c1f6f4623c50422d657d7bc4,DQWVAAWANRXNEG,False,42,context:c1f6f4623c50422d657d7bc4|site:d5f4fdc1aaa7513e7a14ec48,site:d5f4fdc1aaa7513e7a14ec48,atom,context:c1f6f4623c50422d657d7bc4|site:5a4792401dae4aa838ebb868,site:5a4792401dae4aa838ebb868,delocalized_region,0.969442827294,0.720154145665,0.249288681629,4.98379866282,-0.379262973865,0.052998805834,0.0609046070219,5.36907765269,5.35065928102,5.36944797635,5.36306163669,0.00877109284503,3,0,frozen deterministic type router
1,context:c3824808eed7a4f7b22be19d,JIVXOVKFQCJKAK,True,98,context:c3824808eed7a4f7b22be19d|site:89c7be24ce86c4eea2460ff0,site:89c7be24ce86c4eea2460ff0,transferable_h_group,context:c3824808eed7a4f7b22be19d|site:ca2d339e56b7692a56a04e13,site:ca2d339e56b7692a56a04e13,delocalized_region,4.17309067525,-1.32098841038,5.49407908563,5.46875778834,-5.55606889725,0.0456871144204,0.0557457339278,11.0794787407,10.9105772972,11.0844240189,11.0248266856,0.0808117400811,3,0,frozen deterministic type router
1,context:c496b79d00600def22994b2b,WXNZTHHGJRFXKQ,True,75,context:c496b79d00600def22994b2b|site:853dcfb30cc67f7653661479,site:853dcfb30cc67f7653661479,atom,context:c496b79d00600def22994b2b|site:f9f406f512d4e70b053ceba9,site:f9f406f512d4e70b053ceba9,atom_group,5.66728251221,-1.82985261807,7.49713513028,9.02433141073,-8.81478977203,0.0680961467417,0.0840576849634,17.8830308914,17.7995843887,17.8347482681,17.8391211828,0.0342069338916,3,0,frozen deterministic type router
1,context:c4df683517b2f84482f76d2a,VHIICGGVDHJCCG,True,219,context:c4df683517b2f84482f76d2a|site:496e8fcb4d7a7f54a73f8312,site:496e8fcb4d7a7f54a73f8312,atom,context:c4df683517b2f84482f76d2a|site:db75ffbf0ac0b7f00ddd0d44,site:db75ffbf0ac0b7f00ddd0d44,atom,3.65214696712,0.0673325378339,3.58481442928,5.35361591975,1.76880149047,0.0416834531789,0.0471221832832,3.58803999424,3.57671678066,3.58968651295,3.58481442928,0.00576522279711,3,0,frozen deterministic type router
1,context:c5421dedf982838445627f8f,XGWTWUYLCLABRB,True,108,context:c5421dedf982838445627f8f|site:21be613aa6280c0ccc5cf644,site:21be613aa6280c0ccc5cf644,atom,context:c5421dedf982838445627f8f|site:ffc4f9e3efb2ce33d3d8e9d6,site:ffc4f9e3efb2ce33d3d8e9d6,atom_group,4.13591347752,0.548497903841,3.58741557368,5.51901117961,-4.12087345123,0.0765602743967,0.0589104968723,9.63564109802,9.6634349823,9.62057781219,9.63988463084,0.0177518062072,3,0,frozen deterministic type router
1,context:c55aa7cf9f244ace1d08bf32,SDDKBWPIFZJMDW,True,101,context:c55aa7cf9f244ace1d08bf32|site:58e18e4a3e107e087c60f6ad,site:58e18e4a3e107e087c60f6ad,atom,context:c55aa7cf9f244ace1d08bf32|site:6afc0c6ae31b8901bb6c8aff,site:6afc0c6ae31b8901bb6c8aff,atom_group,5.18897695843,-1.50589518573,6.69487214417,8.61186790466,-7.51561752955,0.0759891650433,0.0720085412613,16.1284384727,16.1320400238,16.1219778061,16.1274854342,0.0041627929853,3,0,frozen deterministic type router
1,context:c5dfc6b4da871b7bdb5f6c59,ZOOODBUHSVUZEM,True,32,context:c5dfc6b4da871b7bdb5f6c59|site:ce9b31be8a2fb6bee8ed0016,site:ce9b31be8a2fb6bee8ed0016,atom_group,context:c5dfc6b4da871b7bdb5f6c59|site:f5ae655392507a9159835e86,site:f5ae655392507a9159835e86,atom,4.52512741973,0.464071552214,4.06105586752,1.99862957001,-2.0966278712,0.0642244955383,0.068267504821,4.09508228302,4.09039449692,4.10029554367,4.0952574412,0.00404398252491,3,0,frozen deterministic type router
1,context:c704da356f8294514718f0fb,ITPBGPDKSKEXEA,True,101,context:c704da356f8294514718f0fb|site:93e75227f504cda03e6bf1ef,site:93e75227f504cda03e6bf1ef,atom,context:c704da356f8294514718f0fb|site:c499d941a9dc5415e774b6f2,site:c499d941a9dc5415e774b6f2,bond,6.50087104476,-1.54944904026,8.05032008502,9.29984887441,-5.83248790105,0.0140277239562,0.0337380183666,15.1524486542,15.0750355721,15.1695261002,15.1323367755,0.0411135073059,3,0,frozen deterministic type router
1,context:c709e99ccf7c6c92d81e1bb7,JLBJTVDPSNHSKJ,True,98,context:c709e99ccf7c6c92d81e1bb7|site:353766f942cc1289c5642a78,site:353766f942cc1289c5642a78,bond,context:c709e99ccf7c6c92d81e1bb7|site:699dee525baa21424d6e5df9,site:699dee525baa21424d6e5df9,delocalized_region,3.13071142105,0.229457597714,2.90125382334,6.66409095128,-2.69811964035,0.0507544409541,0.0799456052813,9.38558673859,9.31196331978,9.38908171654,9.36221059163,0.035558824169,3,0,frozen deterministic type router
1,context:c767745561595d2e468da065,WXNZTHHGJRFXKQ,True,75,context:c767745561595d2e468da065|site:853dcfb30cc67f7653661479,site:853dcfb30cc67f7653661479,atom,context:c767745561595d2e468da065|site:f9f406f512d4e70b053ceba9,site:f9f406f512d4e70b053ceba9,atom_group,5.73874450437,-1.78497579297,7.52372029734,7.24273029963,-9.08255736033,0.0650615224429,0.0731856375193,16.3512043953,16.3030414581,16.3216171265,16.32528766,0.0198329984486,3,0,frozen deterministic type router
1,context:c8aff9c640a3352822a6a483,CVNOWLNNPYYEOH,True,82,context:c8aff9c640a3352822a6a483|site:65183476492c97ea3dc22b65,site:65183476492c97ea3dc22b65,atom,context:c8aff9c640a3352822a6a483|site:fa5124184b8496288e4c726b,site:fa5124184b8496288e4c726b,atom_group,5.4031751648,-1.89480511212,7.29798027692,10.1121009191,-8.45852788289,0.0721942730707,0.0843361740734,18.6178627014,18.5335464478,18.5604772568,18.570628802,0.0351624616171,3,0,frozen deterministic type router
1,context:ca178de80ef60355af81a87a,CYIUFVYZGOCGEV,True,157,context:ca178de80ef60355af81a87a|site:7279aa5831fe12e590d81203,site:7279aa5831fe12e590d81203,delocalized_region,context:ca178de80ef60355af81a87a|site:7b4bdc96b423a654779482b8,site:7b4bdc96b423a654779482b8,transferable_h_group,0.595197116878,0.101459600447,0.493737516431,7.64303064346,-5.60643720627,0.0402597757739,0.0586806232384,13.2575764656,13.3594717979,13.1313552856,13.2494678497,0.0933045123395,3,0,frozen deterministic type router
1,context:caae2aaa0d90850aa6cc2108,RIOQSEWOXXDEQQ,True,217,context:caae2aaa0d90850aa6cc2108|site:ae647f3fbe800de22e8c5b8f,site:ae647f3fbe800de22e8c5b8f,atom,context:caae2aaa0d90850aa6cc2108|site:637c2c7f9e39d679f3ca68fd,site:637c2c7f9e39d679f3ca68fd,delocalized_region,6.37387154116,-2.53891764007,8.91278918123,11.2885115941,-9.14030615489,0.0426597316376,0.0335026995785,20.4741258621,20.3716449738,20.4406824112,20.428817749,0.0426705267245,3,0,frozen deterministic type router
1,context:cac4e4e0278c62ba340a89ee,UYHVGSLAEZDHER,True,285,context:cac4e4e0278c62ba340a89ee|site:0434adf6de5481cd4811fb44,site:0434adf6de5481cd4811fb44,bond,context:cac4e4e0278c62ba340a89ee|site:6e7f32f259bf8a0c8d189814,site:6e7f32f259bf8a0c8d189814,delocalized_region,5.17706628239,-0.847390698286,6.02445698068,6.48917706807,-1.9164626201,0.02171344075,0.0274642160957,8.39163255692,8.406873703,8.4184128046,8.40563968817,0.0109677561063,3,0,frozen deterministic type router
1,context:cb24e39f8a43fc8073cf0a9f,PAKGNZCTBNXXBR,True,115,context:cb24e39f8a43fc8073cf0a9f|site:1ccd33dea435912aa9a849d3,site:1ccd33dea435912aa9a849d3,atom,context:cb24e39f8a43fc8073cf0a9f|site:183b52eb272adc64366fc87a,site:183b52eb272adc64366fc87a,bond,6.31995701386,-2.00736205737,8.32731907124,11.2729349136,-2.45859066645,0.0615470454915,0.0638291563509,13.7449867725,13.7208337784,13.7287561893,13.7315255801,0.0100529904501,3,0,frozen deterministic type router
1,context:cc114cb0d86fffc7e25bfda0,RRFOVNOYWOAPHE,True,131,context:cc114cb0d86fffc7e25bfda0|site:c8776c15cb678afd5ac17ad6,site:c8776c15cb678afd5ac17ad6,atom,context:cc114cb0d86fffc7e25bfda0|site:906bfd84e1eac087b63001e0,site:906bfd84e1eac087b63001e0,delocalized_region,2.18138355394,1.22945249161,0.951931062327,5.47837114334,-3.86167343458,0.0492383609507,0.0836873341548,9.37172484398,9.28201317787,9.3663957119,9.34004457792,0.041092030497,3,0,frozen deterministic type router
1,context:cccab85177b969269a7524c7,ITQTTZVARXURQS,True,76,context:cccab85177b969269a7524c7|site:5bf63d985092be33603ac843,site:5bf63d985092be33603ac843,atom,context:cccab85177b969269a7524c7|site:30f0da48a8310253340f400a,site:30f0da48a8310253340f400a,delocalized_region,5.95958204779,-0.514919250662,6.47450129845,10.6435286204,-10.9013566971,0.0218091515364,0.060406853211,21.607380867,21.4412145615,21.586060524,21.5448853175,0.0738212187078,3,0,frozen deterministic type router
1,context:cd28f232bd76fdde447beca7,XECZPMLUVPEPKQ,True,201,context:cd28f232bd76fdde447beca7|site:fdabc60f2b0c87595333e594,site:fdabc60f2b0c87595333e594,atom,context:cd28f232bd76fdde447beca7|site:82841b2bc8d1e8e8dde85dcf,site:82841b2bc8d1e8e8dde85dcf,atom,4.04956200782,-0.520411302014,4.56997330983,5.02468856176,0.454715251923,0.0452363805204,0.029290570654,4.60189402103,4.53065556288,4.57737034559,4.56997330983,0.0295495807487,3,0,frozen deterministic type router
1,context:d116f7a979afaf6848e317f7,IGNTWNVBGLNYDV,True,90,context:d116f7a979afaf6848e317f7|site:6ef7aaec368f2602cb718797,site:6ef7aaec368f2602cb718797,atom,context:d116f7a979afaf6848e317f7|site:0fcf76ade96b782854166f83,site:0fcf76ade96b782854166f83,transferable_h_group,4.58949359061,-0.247604471942,4.83709806255,5.85075680415,-6.42629814148,0.0343186093442,0.00824107227316,12.3072886467,12.2401328087,12.2837433815,12.2770549456,0.0278211912711,3,0,frozen deterministic type router
1,context:d1b4f6982964363eba7fa7fb,XVFWSVOQGGAMGB,True,138,context:d1b4f6982964363eba7fa7fb|site:66a4e655d9d6044f0965f36d,site:66a4e655d9d6044f0965f36d,bond,context:d1b4f6982964363eba7fa7fb|site:438f92c381137dba34de76de,site:438f92c381137dba34de76de,atom,4.09124625934,-0.59341391849,4.68466017783,5.70467964808,-2.62839070956,0.047015588758,0.0140681481075,8.29980134964,8.38658475876,8.31282496452,8.33307035764,0.0382121008881,3,0,frozen deterministic type router
1,context:d4fc625fb1656cfe23e866b6,CVNOWLNNPYYEOH,True,82,context:d4fc625fb1656cfe23e866b6|site:65183476492c97ea3dc22b65,site:65183476492c97ea3dc22b65,atom,context:d4fc625fb1656cfe23e866b6|site:fa5124184b8496288e4c726b,site:fa5124184b8496288e4c726b,atom_group,6.19627537365,-2.76793545087,8.96421082452,9.04744720459,-12.9352684021,0.0846453581817,0.0853043893181,22.0090112686,21.9712190628,21.9679164886,21.9827156067,0.0186426594334,3,0,frozen deterministic type router
1,context:d62003990a5ba2e8e7d5d607,WQYVRQLZKVEZGA,True,4,context:d62003990a5ba2e8e7d5d607|site:894ef791eba8c6f2d24dbf24,site:894ef791eba8c6f2d24dbf24,atom,context:d62003990a5ba2e8e7d5d607|site:8aec971136ea1fce89135311,site:8aec971136ea1fce89135311,atom,5.56042372799,-1.27894723797,6.83937096596,2.95335491498,-3.88601605097,0.0621083999827,0.0594462978121,6.83529853821,6.84435391426,6.8384604454,6.83937096596,0.0037524875859,3,0,frozen deterministic type router
1,context:d6295089975eb421aafc81d7,KZVPFSJPLBOVLO,True,71,context:d6295089975eb421aafc81d7|site:461effac1a67589ccdcbdccd,site:461effac1a67589ccdcbdccd,bond,context:d6295089975eb421aafc81d7|site:be4b9abf1e66a9e8df9ff317,site:be4b9abf1e66a9e8df9ff317,delocalized_region,4.43064546135,0.472284913227,3.95836054812,3.87958097458,0.996877173583,0.0530145672944,0.071446941179,2.89323472977,2.85678172112,2.89809495211,2.882703801,0.0184367587411,3,0,frozen deterministic type router
1,context:d7440ac402a7c00ff68496a7,MRYUZFHUXCUPQI,True,131,context:d7440ac402a7c00ff68496a7|site:df2e73ce2d58e4701dd9ba49,site:df2e73ce2d58e4701dd9ba49,transferable_h_group,context:d7440ac402a7c00ff68496a7|site:ffafca21f702fde7b4d5cc78,site:ffafca21f702fde7b4d5cc78,transferable_h_group,4.14015405959,3.13471350656,1.00544055303,3.66632803281,2.66088747978,0.074102251983,0.0744150787495,1.00594902039,1.00560116768,1.00477147102,1.00544055303,0.000493965872174,3,0,frozen deterministic type router
1,context:da03cd30c10dd2d6bead6fe6,MVXVYAKCVDQRLW,True,100,context:da03cd30c10dd2d6bead6fe6|site:c52a97ece2fb497f4b22df15,site:c52a97ece2fb497f4b22df15,delocalized_region,context:da03cd30c10dd2d6bead6fe6|site:eec6a005bd4090e577445c48,site:eec6a005bd4090e577445c48,atom_group,4.07133126856,0.853997306679,3.21733396189,-7.02385409673,-1.50913302104,0.0759956574398,0.0458944374455,-5.53754878044,-5.46871221066,-5.53790223598,-5.51472107569,0.0325335004706,3,0,frozen deterministic type router
1,context:dc68d4a9d93a8f79e915cbd6,QDWMQWWQPMMBBG,True,100,context:dc68d4a9d93a8f79e915cbd6|site:77cc6e9397610f580ca45c24,site:77cc6e9397610f580ca45c24,atom,context:dc68d4a9d93a8f79e915cbd6|site:f3aaafa09818612f937acf1d,site:f3aaafa09818612f937acf1d,transferable_h_group,4.86957932649,-2.02246547892,6.8920448054,4.42570447922,-5.97257026037,0.0374117738865,0.0222820908127,10.4536867142,10.3922529221,10.3488845825,10.3982747396,0.0429966542456,3,0,frozen deterministic type router
1,context:dd44c8cc42c94692b481d5dc,WARCRYXKINZHGQ,True,96,context:dd44c8cc42c94692b481d5dc|site:98e4a690906c8725c53214f5,site:98e4a690906c8725c53214f5,atom,context:dd44c8cc42c94692b481d5dc|site:ef1294e10b8d4e6de77aee8c,site:ef1294e10b8d4e6de77aee8c,atom,2.11522978343,0.830242015897,1.28498776754,7.20833714803,5.92334938049,0.0350167554738,0.0242844316887,1.29647874832,1.26840305328,1.29008150101,1.28498776754,0.0120144566657,3,0,frozen deterministic type router
1,context:de65154542a141228a281893,BLWYXBNNBYXPPL,True,83,context:de65154542a141228a281893|site:9a6973003d87dbb345fcb587,site:9a6973003d87dbb345fcb587,atom,context:de65154542a141228a281893|site:6b35f9fccf1e107781963e94,site:6b35f9fccf1e107781963e94,bond,6.30958772136,-2.46340727765,8.77299499901,8.70752557119,-6.88253943125,0.00774738469763,0.0384020461373,15.6061148643,15.5371012688,15.6269788742,15.5900650024,0.038407417168,3,0,frozen deterministic type router
1,context:e21eb29452a3ae52a6555386,RYDKCSZCFDOYMM,True,327,context:e21eb29452a3ae52a6555386|site:c2e77840bf053f918d673d45,site:c2e77840bf053f918d673d45,atom,context:e21eb29452a3ae52a6555386|site:396df72e0c94355fd5c75ba4,site:396df72e0c94355fd5c75ba4,atom,4.14072725038,-0.544090500872,4.68481775125,6.45482937495,1.7700116237,0.0409099706232,0.025775305752,4.71017801762,4.64747750759,4.69679772854,4.68481775125,0.0269626702591,3,0,frozen deterministic type router
1,context:e370fc8473ce87286731d551,AGBOAUNKIUIEGH,True,77,context:e370fc8473ce87286731d551|site:a105a05a7bc159a358bff1fc,site:a105a05a7bc159a358bff1fc,atom,context:e370fc8473ce87286731d551|site:d9a8581fd9537d375d120b43,site:d9a8581fd9537d375d120b43,bond,4.57824381992,-0.932511608551,5.51075542847,10.0052172343,-2.70324412982,0.0482783749343,0.0511176134018,12.7159919739,12.700627327,12.7087647915,12.7084613641,0.00627625922612,3,0,frozen deterministic type router
1,context:e460046fcc304b9d0143276b,MNEWPTXCYUMJKC,True,101,context:e460046fcc304b9d0143276b|site:3b52e6949ce386d825545563,site:3b52e6949ce386d825545563,atom,context:e460046fcc304b9d0143276b|site:8a96e4149c12af175c3e4fe6,site:8a96e4149c12af175c3e4fe6,delocalized_region,5.03418310582,-0.960800585747,5.99498369156,9.0248893102,-2.48967719078,0.068205427578,0.076556786046,11.531996727,11.4977486134,11.5139541626,11.514566501,0.0139884366666,3,0,frozen deterministic type router
1,context:e9c484139b822f3b07d1aecd,RWWNQEOPUOCKGR,True,78,context:e9c484139b822f3b07d1aecd|site:163aa670abc68f9398b0b921,site:163aa670abc68f9398b0b921,transferable_h_group,context:e9c484139b822f3b07d1aecd|site:455c64a111af2d81ed9b701f,site:455c64a111af2d81ed9b701f,transferable_h_group,3.26703772438,1.2311039144,2.03593380998,1.96285752455,-0.0730762854218,0.0547744854048,0.0554474526262,2.03674403578,2.03657965362,2.03447774053,2.03593380998,0.00103178132538,3,0,frozen deterministic type router
1,context:eb6cd37a112f67ec8c3ea3e7,YKFRUJSEPGHZFJ,True,76,context:eb6cd37a112f67ec8c3ea3e7|site:693e52b301af2cbc97e75531,site:693e52b301af2cbc97e75531,atom,context:eb6cd37a112f67ec8c3ea3e7|site:46e60b0675d84e8ae46ed077,site:46e60b0675d84e8ae46ed077,delocalized_region,2.87142866676,0.638534314036,2.23289435272,4.52444028854,-1.61907354991,0.0190322228087,0.0661654518941,6.21445596218,6.02517914772,6.19090640545,6.14351383845,0.0842257667548,3,0,frozen deterministic type router
1,context:eb725e72322d6034a2214834,VVBLMPAHLKEJIS,True,168,context:eb725e72322d6034a2214834|site:5671c471167e5946929b2a4c,site:5671c471167e5946929b2a4c,atom,context:eb725e72322d6034a2214834|site:91a9038b928cfd803d14cc27,site:91a9038b928cfd803d14cc27,atom,4.88842712746,-0.316465756241,5.2048928837,5.67633342743,0.471440543731,0.0559314826888,0.029835666976,5.17349207401,5.27125638723,5.16993018985,5.2048928837,0.0469486081145,3,0,frozen deterministic type router
1,context:ec1313ad61a1a2a268460821,JKTCBAGSMQIFNL,True,50,context:ec1313ad61a1a2a268460821|site:2d3ef9b21886765c4ef65a2a,site:2d3ef9b21886765c4ef65a2a,bond,context:ec1313ad61a1a2a268460821|site:8fe3610911df3360431bf202,site:8fe3610911df3360431bf202,delocalized_region,4.22717942224,-0.325902697634,4.55308211987,6.83963219325,-1.42415102323,0.0491049442921,0.0739439439511,8.26920604706,8.2303109169,8.29183268547,8.26378321648,0.0254071816702,3,0,frozen deterministic type router
1,context:ec4c82a5dca4e65a77c7f804,BTJIUGUIPKRLHP,True,83,context:ec4c82a5dca4e65a77c7f804|site:a16858fd5e16b197f2956450,site:a16858fd5e16b197f2956450,atom,context:ec4c82a5dca4e65a77c7f804|site:dc1048e279ac643b52f465a5,site:dc1048e279ac643b52f465a5,atom_group,4.55145037258,0.54500980016,4.00644057242,6.86526679993,-5.38112084071,0.0766832251074,0.082957328465,12.2678923607,12.2269845009,12.2442860603,12.2463876406,0.0167665486058,3,0,frozen deterministic type router
1,context:ed937310be7a8650581bfc70,WGIBLLKNPFCFIK,True,229,context:ed937310be7a8650581bfc70|site:3f8d0794a9f18200fb5a2411,site:3f8d0794a9f18200fb5a2411,atom,context:ed937310be7a8650581bfc70|site:c396fc94dff957e38fca71b7,site:c396fc94dff957e38fca71b7,transferable_h_group,4.01339596275,-0.426839209655,4.4402351724,6.96141767502,-1.35629737377,0.0446091164977,0.0348445450899,8.36211335659,8.31323981285,8.27779197693,8.31771504879,0.0345692017991,3,0,frozen deterministic type router
1,context:f32315dce16d627c79b595b5,HREIFDWKNPVPMP,True,155,context:f32315dce16d627c79b595b5|site:0f0aea64a4e515a05ba051b1,site:0f0aea64a4e515a05ba051b1,atom,context:f32315dce16d627c79b595b5|site:583d994f4ac027051ab7880e,site:583d994f4ac027051ab7880e,transferable_h_group,4.76380614868,-1.96837184583,6.73217799452,7.90184752146,-6.22761281331,0.0339613710403,0.0172309732198,14.1269330978,14.1926040649,14.0688438416,14.1294603348,0.0505564926144,3,0,frozen deterministic type router
1,context:f580bc599b447e28cf0b139b,JUJWROOIHBZHMG,True,63,context:f580bc599b447e28cf0b139b|site:ab2cd321cc488f2083e6f217,site:ab2cd321cc488f2083e6f217,atom,context:f580bc599b447e28cf0b139b|site:81c2be29dcc12d61fd4c0f8d,site:81c2be29dcc12d61fd4c0f8d,delocalized_region,4.95412276357,-2.33189158806,7.28601435164,10.2884400686,-10.393456459,0.0470472553114,0.0441017245949,20.7459592819,20.6049480438,20.6947822571,20.6818965276,0.0582842107579,3,0,frozen deterministic type router
1,context:f6fb2cdc92ca70d0dd7d1c85,ALTGURJQVWBILJ,True,41,context:f6fb2cdc92ca70d0dd7d1c85|site:68f9ce1627cc363ded2ef278,site:68f9ce1627cc363ded2ef278,atom,context:f6fb2cdc92ca70d0dd7d1c85|site:d7742b7b79788c85bb9f6ebe,site:d7742b7b79788c85bb9f6ebe,atom_group,2.79745468554,1.69398010025,1.10347458529,6.87039724986,-6.28121678034,0.0140384866236,0.0484046412286,13.1832456589,13.0948290825,13.1767673492,13.1516140302,0.0402400284875,3,0,frozen deterministic type router
1,context:f73defab43cfe37427a6f08e,YUKGJHBJVJSQMU,True,69,context:f73defab43cfe37427a6f08e|site:d29f9447c4a0fae9e006d734,site:d29f9447c4a0fae9e006d734,atom,context:f73defab43cfe37427a6f08e|site:6ae4b05e4fb5595463e03849,site:6ae4b05e4fb5595463e03849,bond,6.1128998313,-1.75312371593,7.86602354723,7.6153477033,-3.789336284,0.0526672431855,0.0588303918431,11.4236385822,11.3847298622,11.4056835175,11.4046839873,0.015900134564,3,0,frozen deterministic type router
1,context:f905592f9996443173300183,ZYERMUSVJRTOLH,True,214,context:f905592f9996443173300183|site:9de42b2e7c79873011dec0f5,site:9de42b2e7c79873011dec0f5,atom,context:f905592f9996443173300183|site:9d21f2ccf9f93fceb83b7f7e,site:9d21f2ccf9f93fceb83b7f7e,bond,4.60763963453,-0.683441258962,5.29108089349,7.89756774902,-4.14072704315,0.0470338971196,0.0618459538779,12.0507421494,12.0123562813,12.0517859459,12.0382947922,0.0183462464532,3,0,frozen deterministic type router
1,context:f9a42587545e4f14501b5250,CROPDUGHHVHJOA,True,82,context:f9a42587545e4f14501b5250|site:f462a4a34bf35d4634d6776a,site:f462a4a34bf35d4634d6776a,atom,context:f9a42587545e4f14501b5250|site:0b96fc6ab8d3ac71c1974eea,site:0b96fc6ab8d3ac71c1974eea,delocalized_region,4.66349823567,-1.66534608237,6.32884431805,7.65244420369,-6.34134531021,0.0427440069334,0.0633083492162,14.01587677,13.9569749832,14.0085167885,13.9937895139,0.0262046380695,3,0,frozen deterministic type router
1,context:fa4f7643ccb394753d09b249,LIKMAJRDDDTEIG,False,61,context:fa4f7643ccb394753d09b249|site:c31a1b09d3e2d3b58c67b917,site:c31a1b09d3e2d3b58c67b917,delocalized_region,context:fa4f7643ccb394753d09b249|site:3fe3bf582c272eb109df4e7c,site:3fe3bf582c272eb109df4e7c,bond,2.67793705505,1.83180163201,0.846135423045,-3.4367890358,-1.3643386364,0.0724948965288,0.0383018043828,-2.10923457146,-2.01177144051,-2.09634518623,-2.0724503994,0.0432279701281,3,0,frozen deterministic type router
1,context:faba65abf1ba6bbf63cc4733,CROBTXVXNQNKKO,False,10,context:faba65abf1ba6bbf63cc4733|site:f7711083a39b84f7dc7e5102,site:f7711083a39b84f7dc7e5102,atom,context:faba65abf1ba6bbf63cc4733|site:f57a467fc5f5bbbc26cf50b0,site:f57a467fc5f5bbbc26cf50b0,transferable_h_group,3.56994202383,1.33439125727,2.23555076657,-1.55651195844,-3.39760494232,0.0689209556754,0.0574743950983,1.85896706581,1.85360193253,1.81070995331,1.84109298388,0.0215954096035,3,0,frozen deterministic type router
1,context:fb6bfee9fb6a01db5e250560,KIPSRYDSZQRPEA,True,33,context:fb6bfee9fb6a01db5e250560|site:b69fa8936e3c24e26a10fda8,site:b69fa8936e3c24e26a10fda8,atom,context:fb6bfee9fb6a01db5e250560|site:c5b25adb94537e1e4cb078fb,site:c5b25adb94537e1e4cb078fb,transferable_h_group,5.10665710545,-1.2619801344,6.36863723985,6.25335915883,-7.29397185644,0.014276399531,0.0045073538507,13.5614695549,13.5448813438,13.5356421471,13.5473310153,0.0106853300205,3,0,frozen deterministic type router
1,context:fce495275a5d9fcbb2523575,AVXURJPOCDRRFD,True,12,context:fce495275a5d9fcbb2523575|site:dc2f36f59321520f959398f5,site:dc2f36f59321520f959398f5,atom,context:fce495275a5d9fcbb2523575|site:4fa5b186f84ec9a7b845927b,site:4fa5b186f84ec9a7b845927b,transferable_h_group,4.99284819692,-2.45099331442,7.44384151134,6.2102039655,-9.93327744802,0.0068456938289,0.00240611284544,16.1430697441,16.1527848244,16.1345896721,16.1434814135,0.00743384133214,3,0,frozen deterministic type router
1,context:fe5abbf79290593e86569ebd,UGEJOEBBMPOJMT,True,89,context:fe5abbf79290593e86569ebd|site:8749f0feb6b1bdb8169b8922,site:8749f0feb6b1bdb8169b8922,atom,context:fe5abbf79290593e86569ebd|site:06c481ccdfddc189eb3610a4,site:06c481ccdfddc189eb3610a4,delocalized_region,6.37262079261,-1.61023341659,7.9828542092,7.83202934265,-6.88491042455,0.0797204871346,0.0896165938373,14.7360816002,14.6975574493,14.7171802521,14.7169397672,0.0157283380003,3,0,frozen deterministic type router
1,context:fef8090e20ba56535f2620ef,AOJHDNSYXUZCCE,True,69,context:fef8090e20ba56535f2620ef|site:68a8b6e20d187fa3a498b9ee,site:68a8b6e20d187fa3a498b9ee,transferable_h_group,context:fef8090e20ba56535f2620ef|site:6e766d3374381e02c4816ec7,site:6e766d3374381e02c4816ec7,atom,5.42828482969,-1.38232417135,6.81060900104,7.26287110647,-6.68026781082,0.0400692175635,0.0557706400523,13.9076838493,13.9854764938,13.9362564087,13.9431389173,0.0321294317621,3,0,frozen deterministic type router
2,context:026b96b3063775741a0ae01a,NBTOZLQBSIZIKS,True,11,context:026b96b3063775741a0ae01a|site:d4eea8f7c4a6e0f9f3dfc752,site:d4eea8f7c4a6e0f9f3dfc752,atom,context:026b96b3063775741a0ae01a|site:3de23c74f2be47a5515f3f91,site:3de23c74f2be47a5515f3f91,transferable_h_group,4.05862103315,-0.395254328432,4.45387536158,9.84332497915,0.046108648181,0.0580453194061,0.0556140902056,9.80429711938,9.79444806278,9.79290381074,9.79721633097,0.00504640809611,3,0,frozen deterministic type router
2,context:028a91f64fb736abbafc87f3,CZLRSLOXHJWOFV,True,226,context:028a91f64fb736abbafc87f3|site:943c204c41ed9e3bc96391f8,site:943c204c41ed9e3bc96391f8,atom,context:028a91f64fb736abbafc87f3|site:e6203f0562351f01c0a35506,site:e6203f0562351f01c0a35506,transferable_h_group,4.62052174952,-0.0644594539451,4.68498120346,9.8083820343,-4.02268703779,0.0429088471122,0.0756639112021,13.9936556816,13.7840628624,13.7154886723,13.8310690721,0.118325565244,3,0,frozen deterministic type router
2,context:030e83aab7f135e0133aa41f,HZAXFHJVJLSVMW,True,31,context:030e83aab7f135e0133aa41f|site:2d144abc1989caec34e9ce98,site:2d144abc1989caec34e9ce98,atom,context:030e83aab7f135e0133aa41f|site:850de90e8c946e04aae510ae,site:850de90e8c946e04aae510ae,atom_group,4.12503137119,1.14516597864,2.97986539255,7.70647748311,-15.0611130397,0.0137481944439,0.0402275481743,22.7578926086,22.8041982651,22.7406806946,22.7675905228,0.0268223488181,3,0,frozen deterministic type router
2,context:08000475f3d07bd0d2ed13c6,BLRHMMGNCXNXJL,True,117,context:08000475f3d07bd0d2ed13c6|site:04f39a4e245c977d0803d51f,site:04f39a4e245c977d0803d51f,delocalized_region,context:08000475f3d07bd0d2ed13c6|site:18e671be5a5b828fc1e4ca1b,site:18e671be5a5b828fc1e4ca1b,atom,2.25124455979,0.893774486474,1.35747007332,4.33208052317,-3.96463537216,0.0775872318516,0.0466754469982,8.37136530876,8.13829493523,8.38048744202,8.29671589533,0.112082421399,3,0,frozen deterministic type router
2,context:09b3ae1e126b41012e248cf8,VISBKZYDQCHZRG,True,255,context:09b3ae1e126b41012e248cf8|site:eddc0bb4334e8cefba1a7dcb,site:eddc0bb4334e8cefba1a7dcb,atom,context:09b3ae1e126b41012e248cf8|site:4a63a5c1ad929f8de90d39bd,site:4a63a5c1ad929f8de90d39bd,atom,3.49145003977,0.974244324593,2.51720571518,5.46938721339,2.95218149821,0.0355101943368,0.0222135894213,2.54302954674,2.52207517624,2.48651242256,2.51720571518,0.0233285243074,3,0,frozen deterministic type router
2,context:09f0dbd8b24d4b90404054b4,WGQKYBSKWIADBV,True,89,context:09f0dbd8b24d4b90404054b4|site:b1f8c147cdc98b528ad77a53,site:b1f8c147cdc98b528ad77a53,atom,context:09f0dbd8b24d4b90404054b4|site:c4bf73d557d5cb21c9cd1e66,site:c4bf73d557d5cb21c9cd1e66,delocalized_region,4.99725436149,-0.101324890227,5.09857925172,10.3777802785,-7.94134410222,0.0557245989593,0.0506366681714,18.4294362068,18.2716422081,18.2562947273,18.3191243807,0.0782534792399,3,0,frozen deterministic type router
2,context:0ab8765197e529e9cdbe5c4a,SKQFWLMZKFEKRZ,True,194,context:0ab8765197e529e9cdbe5c4a|site:3f13246e21e129db706e3c74,site:3f13246e21e129db706e3c74,bond,context:0ab8765197e529e9cdbe5c4a|site:0bfe222396b946e502dc2969,site:0bfe222396b946e502dc2969,atom,3.55174383956,0.521145719915,3.03059811965,5.74074490865,-1.52677623431,0.06297183265,0.0132602268526,7.29697263241,7.18979632854,7.31579446793,7.26752114296,0.0554942967337,3,0,frozen deterministic type router
2,context:0af9d64b6b3139ac739f9173,JARUXAOCUHNKJV,True,144,context:0af9d64b6b3139ac739f9173|site:5cd9b3d2425d82c649eb9c74,site:5cd9b3d2425d82c649eb9c74,transferable_h_group,context:0af9d64b6b3139ac739f9173|site:fbbbdd63dee25bce1ebca66b,site:fbbbdd63dee25bce1ebca66b,atom,3.7378110291,0.76934304488,2.96846798422,5.2053343455,-4.51081609726,0.0775737586337,0.0405089634899,9.76544904709,9.67118215561,9.71182012558,9.71615044276,0.0386059187384,3,0,frozen deterministic type router
2,context:0c366168070cc5dfed893203,IURHAHGTFVRCIT,True,93,context:0c366168070cc5dfed893203|site:48b822122ef673b1280f1317,site:48b822122ef673b1280f1317,atom,context:0c366168070cc5dfed893203|site:7421eb6a772fe2ee4d1cc671,site:7421eb6a772fe2ee4d1cc671,atom_group,3.86313249347,2.80295841391,1.06017407956,10.052336057,1.02546866735,0.0464285410587,0.0567164302135,9.0066511631,9.02349942923,9.05045157671,9.02686738968,0.0180393352849,3,0,frozen deterministic type router
2,context:0d8ad7ee4901a2cf1b8f86b7,IKQUUYYDRTYXAP,False,64,context:0d8ad7ee4901a2cf1b8f86b7|site:80fbcb85e4095ec1e574bb12,site:80fbcb85e4095ec1e574bb12,delocalized_region,context:0d8ad7ee4901a2cf1b8f86b7|site:30cbea0ebae4c33340ac36c7,site:30cbea0ebae4c33340ac36c7,transferable_h_group,1.80600938357,1.53651347627,0.269495907297,-0.584534843763,1.37875560919,0.0586384664897,0.0973694958306,-1.9793612957,-2.1091029048,-1.80140715837,-1.96329045296,0.126129224954,3,0,frozen deterministic type router
2,context:0e605707546ed7048b41f516,PKYCXNVLSSGOFD,True,95,context:0e605707546ed7048b41f516|site:c3b9ade3de7aacd1cde1d06a,site:c3b9ade3de7aacd1cde1d06a,atom,context:0e605707546ed7048b41f516|site:72e1f722f6e5160396d69ec5,site:72e1f722f6e5160396d69ec5,atom_group,2.50668713082,1.08251683991,1.42417029091,4.17013788223,-8.89830716451,0.0477820801842,0.0223138584359,13.0887598991,13.0302009583,13.0863742828,13.0684450467,0.0270601862479,3,0,frozen deterministic type router
2,context:10eb87177546527bc43e1ef8,XWLLGMTXHZNRDQ,True,152,context:10eb87177546527bc43e1ef8|site:4e3cf2c900b0da4e9f758490,site:4e3cf2c900b0da4e9f758490,bond,context:10eb87177546527bc43e1ef8|site:8f79461959adda605e71598b,site:8f79461959adda605e71598b,atom,4.11436242485,-0.0673362191138,4.18169864396,8.81545988719,-1.85199153423,0.0638054660908,0.00733581643335,10.6881029606,10.5724130869,10.7418382168,10.6674514214,0.070692211792,3,0,frozen deterministic type router
2,context:14402e407fec5db1bff1a900,IAZDPXIOMUYVGZ,True,27,context:14402e407fec5db1bff1a900|site:9930f0e07cc7b9411d46e634,site:9930f0e07cc7b9411d46e634,atom,context:14402e407fec5db1bff1a900|site:4eab057bde50a37cb4f7a95b,site:4eab057bde50a37cb4f7a95b,atom_group,2.52347062725,1.80628855764,0.717182069611,-0.387882043918,-10.370704333,0.0275147728427,0.032121636753,9.90580272675,10.0029397309,10.0397244096,9.98282228907,0.0564935859613,3,0,frozen deterministic type router
2,context:14c173cebd6c777a417cc2b5,BUJZXAPKHBWNII,True,174,context:14c173cebd6c777a417cc2b5|site:381ab19473cecd91a72ff7b4,site:381ab19473cecd91a72ff7b4,atom,context:14c173cebd6c777a417cc2b5|site:fa535c21d12068b5468455f4,site:fa535c21d12068b5468455f4,atom_group,4.3787386032,0.176136656827,4.20260194637,11.5399665833,-7.97464466095,0.0490718689263,0.014885800972,19.5615530014,19.4795455933,19.5027351379,19.5146112442,0.0345165194509,3,0,frozen deterministic type router
2,context:16efe844af97c91715848b85,GLVYLTSKTCWWJR,True,98,context:16efe844af97c91715848b85|site:42ae864c2cb3d02a1119c815,site:42ae864c2cb3d02a1119c815,atom,context:16efe844af97c91715848b85|site:204a54682d17a773fc8a10d5,site:204a54682d17a773fc8a10d5,atom_group,3.85474440267,2.26430160918,1.59044279348,8.77106698354,-7.21627171834,0.0603817585657,0.0752776739068,15.9475426674,16.0112595558,16.0032138824,15.9873387019,0.0283310958271,3,0,frozen deterministic type router
2,context:1995a20c597d88c0e700d8c6,IVUSHBHIOWRDAM,True,155,context:1995a20c597d88c0e700d8c6|site:c7725191be3e1d43e37ae48e,site:c7725191be3e1d43e37ae48e,atom,context:1995a20c597d88c0e700d8c6|site:860e12eda3c59bf52bbdd119,site:860e12eda3c59bf52bbdd119,delocalized_region,2.53817131686,0.571278438556,1.96689287831,5.32002862295,-5.47227462133,0.0296840709709,0.0628048429664,10.7676787376,10.8391404152,10.77009058,10.7923032443,0.0331335145599,3,0,frozen deterministic type router
2,context:1b857dd0ac32063532e9f8b5,CCTCRLPORAQCQS,True,158,context:1b857dd0ac32063532e9f8b5|site:47b89a5ecfdf72e8914d5173,site:47b89a5ecfdf72e8914d5173,bond,context:1b857dd0ac32063532e9f8b5|site:658f1b452eca5a3392a0617e,site:658f1b452eca5a3392a0617e,atom,3.25118919194,0.695606030606,2.55558316134,4.40041526159,1.29595637321,0.061812210847,0.0294994953541,3.13513994217,3.05966830254,3.11856842041,3.10445888837,0.0323862241083,3,0,frozen deterministic type router
2,context:1bda57e961f67673722a35ff,BEBCJVAWIBVWNZ,True,32,context:1bda57e961f67673722a35ff|site:fe4c95a9bbbad611babfacb0,site:fe4c95a9bbbad611babfacb0,atom,context:1bda57e961f67673722a35ff|site:17d36547cc52b18e7fb9fdb4,site:17d36547cc52b18e7fb9fdb4,atom_group,3.99238022702,1.31928299683,2.67309723019,4.99345715841,-7.93638753891,0.0522803944078,0.0526885814416,12.9263329506,12.9301991463,12.9330019951,12.9298446973,0.00273413778776,3,0,frozen deterministic type router
2,context:1e3add533f640317d55dab2f,ZIPLUEXSCPLCEI,True,12,context:1e3add533f640317d55dab2f|site:2eaf0918285aecbaa3e47825,site:2eaf0918285aecbaa3e47825,atom,context:1e3add533f640317d55dab2f|site:2943ec2d2cc15370e31c821d,site:2943ec2d2cc15370e31c821d,atom_group,4.29188942959,4.02610377598,0.265785653609,6.3863436381,0.682677328587,0.0443847952168,0.0543583093601,5.65653079748,5.71284931898,5.74161881208,5.70366630952,0.0353387257306,3,0,frozen deterministic type router
2,context:21ae076d2a3c7d8e677c6cf4,KFZMGEQAYNKOFK,False,37,context:21ae076d2a3c7d8e677c6cf4|site:9200996f4191fff89c43eb87,site:9200996f4191fff89c43eb87,atom,context:21ae076d2a3c7d8e677c6cf4|site:07e1e99b7b3f949ab89195a2,site:07e1e99b7b3f949ab89195a2,transferable_h_group,2.12316820852,1.92527917493,0.197889033585,2.18132710457,2.50086363157,0.00736512740386,0.030720197342,-0.292278289795,-0.316846847534,-0.349484443665,-0.319536526998,0.0234316280819,3,0,frozen deterministic type router
2,context:21d2478620ac307a608b8278,NWVVVBRKAWDGAB,True,87,context:21d2478620ac307a608b8278|site:868bc63ac4103d1ed6c35dc3,site:868bc63ac4103d1ed6c35dc3,atom,context:21d2478620ac307a608b8278|site:5fb491aa62953ec832be2538,site:5fb491aa62953ec832be2538,atom_group,3.32116449611,1.2988058747,2.02235862141,3.9326253732,-5.11323976517,0.0188846463282,0.0454872636251,9.01790094376,9.08167695999,9.03801751137,9.04586513837,0.0266212195928,3,0,frozen deterministic type router
2,context:222215f383f7930f46670801,SUYJEMFJSAFJBG,True,71,context:222215f383f7930f46670801|site:9c72b64b4e2119c7fd69bf0a,site:9c72b64b4e2119c7fd69bf0a,atom,context:222215f383f7930f46670801|site:a0218dfb5d3724aa71bcb778,site:a0218dfb5d3724aa71bcb778,atom_group,3.7951623071,0.772059815253,3.02310249185,9.01099777222,-6.55439392726,0.0602074299103,0.0323118689062,15.4653668404,15.6036739349,15.6271343231,15.5653916995,0.0713737896966,3,0,frozen deterministic type router
2,context:23e15683143e8a56167f25e8,SPBRYLXACBPZLU,True,202,context:23e15683143e8a56167f25e8|site:04c025cf3a4d48f186d3a810,site:04c025cf3a4d48f186d3a810,atom,context:23e15683143e8a56167f25e8|site:c688c8fcabdae1091cf75092,site:c688c8fcabdae1091cf75092,atom_group,2.01194800218,1.98717166168,0.0247763405037,4.66085688273,0.134427120288,0.0360832486014,0.0511761707682,4.50849111378,4.54728616774,4.52351200581,4.52642976244,0.0159718300092,3,0,frozen deterministic type router
2,context:27be502f8f8eb586c54ced8c,VEKDDHYCIOYPHJ,True,111,context:27be502f8f8eb586c54ced8c|site:1b334e72bb63f0b690b519be,site:1b334e72bb63f0b690b519be,bond,context:27be502f8f8eb586c54ced8c|site:ba25b43b5162169d405f5b54,site:ba25b43b5162169d405f5b54,atom,3.65070141167,0.47834068156,3.17236073011,6.64341449738,2.99210143089,0.0546824526986,0.0246230700298,3.68551111221,3.61213707924,3.656291008,3.65131306648,0.0301609251075,3,0,frozen deterministic type router
2,context:29ced4b0c513df1372b98c37,TZHIYVWDNYEFOA,True,93,context:29ced4b0c513df1372b98c37|site:88ae4c9150e38d523e3e04fe,site:88ae4c9150e38d523e3e04fe,atom,context:29ced4b0c513df1372b98c37|site:d42687c0f416424f7f33ca67,site:d42687c0f416424f7f33ca67,delocalized_region,2.85303096005,0.347765638518,2.50526532153,5.8956228892,-7.3696269989,0.0334378518339,0.0465799579564,13.189643383,13.3270764351,13.2790298462,13.2652498881,0.0569466205233,3,0,frozen deterministic type router
2,context:2c42ed243e7dd33ce08283de,ZBCBWPMODOFKDW,True,59,context:2c42ed243e7dd33ce08283de|site:ee9b756b62b30815dff5c641,site:ee9b756b62b30815dff5c641,atom,context:2c42ed243e7dd33ce08283de|site:df1c814b0ca570afdab9c0c8,site:df1c814b0ca570afdab9c0c8,atom_group,2.75283979244,1.82127433615,0.931565456296,3.74735180537,-7.1557246844,0.0311562780911,0.0164787268035,10.9314985275,10.8594200611,10.9183108807,10.9030764898,0.0313357232739,3,0,frozen deterministic type router
2,context:2f0c0d845c48ac47fa56fd88,ZVNDTFFBORBYMW,True,184,context:2f0c0d845c48ac47fa56fd88|site:831757ade0a7ff3f4c62251b,site:831757ade0a7ff3f4c62251b,atom,context:2f0c0d845c48ac47fa56fd88|site:8e36cf20918cf66da247100b,site:8e36cf20918cf66da247100b,bond,4.86715435565,-0.44979954889,5.31695390454,8.24382464091,-4.2062420845,0.0199462273356,0.0435519601639,12.4358386993,12.4833345413,12.4310269356,12.4500667254,0.0236057754103,3,0,frozen deterministic type router
2,context:2f6621f5e9bb44a721f8d73a,VWUHPHHTAVCBMR,True,130,context:2f6621f5e9bb44a721f8d73a|site:a1110a0246d001664b487553,site:a1110a0246d001664b487553,bond,context:2f6621f5e9bb44a721f8d73a|site:fd4f46085e9c8200a4a0400f,site:fd4f46085e9c8200a4a0400f,delocalized_region,3.43397340354,0.113364613055,3.32060879049,5.01281181971,-8.64963595072,0.0383347230677,0.0560417023733,13.6260819435,13.676612854,13.6846485138,13.6624477704,0.0259229368578,3,0,frozen deterministic type router
2,context:311c6dfd6c44c173849d6627,JJRADMCAQVSRQP,True,300,context:311c6dfd6c44c173849d6627|site:b4168c54b0b2c5adb806bc58,site:b4168c54b0b2c5adb806bc58,bond,context:311c6dfd6c44c173849d6627|site:5cfb07f3418be45dd5bdf6fa,site:5cfb07f3418be45dd5bdf6fa,delocalized_region,5.62696839277,-0.0286299110585,5.65559830383,10.9121932983,-1.36530955633,0.040069375093,0.058137129222,12.288356781,12.295586586,12.248565197,12.2775028547,0.0206737924888,3,0,frozen deterministic type router
2,context:33854c28d4e2f299ffe08dcc,GJCOSYZMQJWQCA,True,188,context:33854c28d4e2f299ffe08dcc|site:7f66bf1f25b9af695d81d67d,site:7f66bf1f25b9af695d81d67d,transferable_h_group,context:33854c28d4e2f299ffe08dcc|site:a52298da95561a5559bb35b7,site:a52298da95561a5559bb35b7,atom_group,2.76270746702,0.317054214133,2.44565325288,1.57182868322,-5.05246607463,0.0569780242709,0.0361023790832,6.6533613205,6.62994253635,6.58958041668,6.62429475784,0.0263429177641,3,0,frozen deterministic type router
2,context:33aef67643cbd72249c53a0d,BHNHHSOHWZKFOX,True,118,context:33aef67643cbd72249c53a0d|site:a0c03d453c907f4c0f6d606e,site:a0c03d453c907f4c0f6d606e,delocalized_region,context:33aef67643cbd72249c53a0d|site:0ac3e8c6ec3e21b2e924fa04,site:0ac3e8c6ec3e21b2e924fa04,bond,5.2917137399,-0.424769453956,5.71648319386,8.70448621114,-1.92801960309,0.0690350534243,0.0399234729223,10.6761140823,10.5977822542,10.6236211061,10.6325058142,0.0325901043508,3,0,frozen deterministic type router
2,context:35394cdbf7533a7546930816,QFDUNXOXVCHBBF,True,272,context:35394cdbf7533a7546930816|site:d158b6cc00502f75bda6b711,site:d158b6cc00502f75bda6b711,atom,context:35394cdbf7533a7546930816|site:0575413b203a17e3b7c9b601,site:0575413b203a17e3b7c9b601,delocalized_region,3.72366686676,0.644413027759,3.07925383901,5.20294062297,-3.30775396029,0.0301052651161,0.0461511338482,8.49970507622,8.5426697731,8.48970890045,8.51069458326,0.0229752106511,3,0,frozen deterministic type router
2,context:3a5ca9cc4d3e968d0c310c49,VSFUTDSKGMGVSY,True,104,context:3a5ca9cc4d3e968d0c310c49|site:6b5b3181a5580b300be23bb9,site:6b5b3181a5580b300be23bb9,atom,context:3a5ca9cc4d3e968d0c310c49|site:372d4b5813744b9c79da5450,site:372d4b5813744b9c79da5450,atom_group,3.04676087771,0.676898532652,2.36986234506,4.61676088969,-4.99523703257,0.0283759427317,0.0501548900565,9.58377981186,9.64258050919,9.60963344574,9.61199792226,0.0240634378736,3,0,frozen deterministic type router
2,context:3ad7f5145082dd7c8f297e26,WSMPLUKWVPUMKQ,True,121,context:3ad7f5145082dd7c8f297e26|site:fa5add06d2a8b4f350293e9e,site:fa5add06d2a8b4f350293e9e,bond,context:3ad7f5145082dd7c8f297e26|site:72f0df835b231443d7d4eef7,site:72f0df835b231443d7d4eef7,atom,3.96405160295,0.148174951436,3.81587665151,8.51028474172,1.74677574635,0.0407618719656,0.0278516308188,6.78608119488,6.72410297394,6.78034281731,6.76350899537,0.0279625718697,3,0,frozen deterministic type router
2,context:3b6aeb55af353fadb24526a4,VARHFUNXFXTFII,True,180,context:3b6aeb55af353fadb24526a4|site:c21e5144dd8db67bf83fd553,site:c21e5144dd8db67bf83fd553,atom,context:3b6aeb55af353fadb24526a4|site:aa8fbb7658b280ea98c7d192,site:aa8fbb7658b280ea98c7d192,atom_group,2.48899459206,1.27908473436,1.20990985769,8.37838172913,-0.0722963809967,0.0240822057801,0.0501088826178,8.4102473259,8.48247238994,8.45931461453,8.45067811012,0.0301115357209,3,0,frozen deterministic type router
2,context:3b99e960c731fc7f0838d70c,OWVJMAKUWHECNI,True,67,context:3b99e960c731fc7f0838d70c|site:518d476d6329b89a22103efe,site:518d476d6329b89a22103efe,delocalized_region,context:3b99e960c731fc7f0838d70c|site:7a0339705384c0ed1e9b0e3f,site:7a0339705384c0ed1e9b0e3f,bond,4.03541690954,1.08656584393,2.94885106562,7.6060517629,3.07235352198,0.0512105256313,0.00266326211532,4.58388066292,4.46586608887,4.55134797096,4.53369824092,0.0497694327216,3,0,frozen deterministic type router
2,context:3c453a42d1a48b42cbcc8f13,AQRLNPVMDITEJU,True,69,context:3c453a42d1a48b42cbcc8f13|site:8246c4683473c8525e96b678,site:8246c4683473c8525e96b678,transferable_h_group,context:3c453a42d1a48b42cbcc8f13|site:50d83adba6f6d766ed2fb136,site:50d83adba6f6d766ed2fb136,atom,6.48120380312,-0.679702048411,7.16090585153,14.1439425151,-2.7059117953,0.069375421341,0.0672958637263,16.8610136509,16.8376023769,16.8509469032,16.8498543104,0.00958878707857,3,0,frozen deterministic type router
2,context:3e7afe37372fff3f4fdc3bbb,IUPFPUMBFYRTHX,True,236,context:3e7afe37372fff3f4fdc3bbb|site:7c411dbb015ef50413546f0b,site:7c411dbb015ef50413546f0b,atom,context:3e7afe37372fff3f4fdc3bbb|site:164f31a2bf8b2a58678b8ce9,site:164f31a2bf8b2a58678b8ce9,atom_group,3.30488451968,1.39054519819,1.91433932149,6.01574834188,-2.59716161092,0.0343014114611,0.0504477676328,8.59256339073,8.63344025612,8.61272621155,8.6129099528,0.0166884161741,3,0,frozen deterministic type router
2,context:40cdfe7515fe5656ecf58253,IQNHBUQSOSYAJU,True,38,context:40cdfe7515fe5656ecf58253|site:af31202575522877b37d2980,site:af31202575522877b37d2980,atom,context:40cdfe7515fe5656ecf58253|site:9b24828dc08522827eaec57c,site:9b24828dc08522827eaec57c,atom_group,4.48094677309,1.64421919935,2.83672757374,10.0883461634,-8.89277172089,0.0404629624617,0.0144758806593,19.0335206985,18.9095945358,19.0002384186,18.9811178843,0.0523680537124,3,0,frozen deterministic type router
2,context:41b2ed804c01a7f92413a2cf,MMWSWKQEVOOIRK,True,110,context:41b2ed804c01a7f92413a2cf|site:b80c9161a0e17e003d7f9a0c,site:b80c9161a0e17e003d7f9a0c,atom,context:41b2ed804c01a7f92413a2cf|site:d90a15b04b306290326cd5b7,site:d90a15b04b306290326cd5b7,atom_group,4.03598923521,0.765224860571,3.27076437464,10.1833620071,-4.58162244161,0.0409618885268,0.0517800683927,14.772228241,14.7791543007,14.7435708046,14.7649844488,0.0154034778068,3,0,frozen deterministic type router
2,context:42db5869004d81c1a52ebad7,XOQLIZBCINYJGM,True,137,context:42db5869004d81c1a52ebad7|site:92dd70f7d5a6c8f4c14ed359,site:92dd70f7d5a6c8f4c14ed359,bond,context:42db5869004d81c1a52ebad7|site:d7fcc2aad39c87fdc42ef18e,site:d7fcc2aad39c87fdc42ef18e,transferable_h_group,3.60350082726,-0.0358530545429,3.6393538818,5.98782396317,-5.23920853933,0.0640616435689,0.0173167923722,11.2222905159,11.1449890137,11.3138179779,11.2270325025,0.0690056501004,3,0,frozen deterministic type router
2,context:446e53c033990c82fcf7b976,AKTKDBVPMGVMEK,True,101,context:446e53c033990c82fcf7b976|site:729d1d5869db49106711ad4b,site:729d1d5869db49106711ad4b,atom,context:446e53c033990c82fcf7b976|site:7d152685fa532cfecdbc6364,site:7d152685fa532cfecdbc6364,atom_group,4.44669217367,1.14825500623,3.29843716744,6.94779189428,-8.24267959595,0.045639685345,0.025349589468,15.2067322731,15.1609530449,15.2037291527,15.1904714902,0.0209086687639,3,0,frozen deterministic type router
2,context:472b8a09f33f138e48509424,ROSDSFDQCJNGOL,True,27,context:472b8a09f33f138e48509424|site:e3b5877eb1c3a7bb0e17fcee,site:e3b5877eb1c3a7bb0e17fcee,atom,context:472b8a09f33f138e48509424|site:3ec7ca98feffdff828e88bd3,site:3ec7ca98feffdff828e88bd3,atom_group,3.52940559889,2.15191035355,1.37749524534,10.1860157649,-13.1888345083,0.02681712476,0.0218143130475,23.4199008942,23.3570375443,23.347612381,23.3748502731,0.0320871445415,3,0,frozen deterministic type router
2,context:480667c80a4bb52eb64abcc1,NWVVVBRKAWDGAB,True,87,context:480667c80a4bb52eb64abcc1|site:868bc63ac4103d1ed6c35dc3,site:868bc63ac4103d1ed6c35dc3,atom,context:480667c80a4bb52eb64abcc1|site:5fb491aa62953ec832be2538,site:5fb491aa62953ec832be2538,atom_group,3.71026629044,1.19163137519,2.51863491524,5.50132131577,-8.02707735697,0.0153871510102,0.0301203226274,13.5038046837,13.5678715706,13.5135197639,13.5283986727,0.0281919367252,3,0,frozen deterministic type router
2,context:48e9f5e974e428105d041719,MXZJWRWAEWKOIG,True,286,context:48e9f5e974e428105d041719|site:03ca4cd4ead0b62a46aa04cc,site:03ca4cd4ead0b62a46aa04cc,bond,context:48e9f5e974e428105d041719|site:8aa50dccec48c86d1f551e42,site:8aa50dccec48c86d1f551e42,bond,5.10272419053,1.76910968222,3.33361450831,8.25057315826,4.91695864995,0.0626424556753,0.052406478965,3.33275413513,3.31390047073,3.35418891907,3.33361450831,0.0164589377703,3,0,frozen deterministic type router
2,context:4a3a0be37a98ad9c086a43f1,IQUPABOKLQSFBK,True,81,context:4a3a0be37a98ad9c086a43f1|site:1a8422f72dea6aa472d8f170,site:1a8422f72dea6aa472d8f170,atom,context:4a3a0be37a98ad9c086a43f1|site:3be3c7b698971612e842d312,site:3be3c7b698971612e842d312,atom_group,3.08985277644,0.939826408092,2.15002636835,2.8232738177,-7.84878476461,0.0570647252658,0.0365620184302,10.556886673,10.7338006496,10.7254884243,10.6720585823,0.0815095078175,3,0,frozen deterministic type router
2,context:4a62d641470aec3502df8330,FTBCOQFMQSTCQQ,True,75,context:4a62d641470aec3502df8330|site:082829da912df22e0773ad22,site:082829da912df22e0773ad22,atom,context:4a62d641470aec3502df8330|site:24c7e3a77dcbdc97fad54d44,site:24c7e3a77dcbdc97fad54d44,atom_group,4.98287681707,0.905174124018,4.07770269305,6.17462205887,-6.96211322149,0.024375741955,0.0275800276099,13.0894837379,13.1617126465,13.1590094566,13.1367352804,0.0334301062306,3,0,frozen deterministic type router
2,context:4a9dafbc7addbcccb633a826,LDRYFBIQMKMANQ,True,216,context:4a9dafbc7addbcccb633a826|site:c8d830755dc88d3024d762a6,site:c8d830755dc88d3024d762a6,transferable_h_group,context:4a9dafbc7addbcccb633a826|site:8387540767d7ea2fd1fe057b,site:8387540767d7ea2fd1fe057b,atom,4.58575095586,0.236587868858,4.349163087,5.53659741084,-3.53985261917,0.0687214744685,0.02794852253,9.02758789062,9.06607627869,9.13568592072,9.07645003001,0.0447363168259,3,0,frozen deterministic type router
2,context:4b6671b921432ed55e1a579a,NKDDWNXOKDWJAK,True,38,context:4b6671b921432ed55e1a579a|site:30a187f4780e611b7b4b1c34,site:30a187f4780e611b7b4b1c34,transferable_h_group,context:4b6671b921432ed55e1a579a|site:dfb1b60c809f23c793efbc79,site:dfb1b60c809f23c793efbc79,atom_group,3.99203747204,0.312727422524,3.67931004952,11.1734666824,-5.68369515737,0.1025459199,0.0108026087049,16.7307534218,16.9461774826,16.894554615,16.8571618398,0.0918351647394,3,0,frozen deterministic type router
2,context:4d439533be11244cce3da968,WXVYOQGMPQQMIS,True,96,context:4d439533be11244cce3da968|site:ce4e94df14ea37f56fb0d928,site:ce4e94df14ea37f56fb0d928,atom,context:4d439533be11244cce3da968|site:4c983a5309c3a49fdb719f73,site:4c983a5309c3a49fdb719f73,atom_group,5.67309754575,0.805306222605,4.86779132315,11.6068964005,-5.96919409434,0.0416107352374,0.0287688679784,17.5609092712,17.5623803139,17.6049818993,17.5760904948,0.020438133163,3,0,frozen deterministic type router
2,context:4de6c4aedcda1c2c0b34cb43,MLLMAIJXIZOSFS,True,92,context:4de6c4aedcda1c2c0b34cb43|site:647d361f30a15b6d17210bd1,site:647d361f30a15b6d17210bd1,atom,context:4de6c4aedcda1c2c0b34cb43|site:12c0c7db99d5a4e098fcab56,site:12c0c7db99d5a4e098fcab56,atom,4.13682620609,0.623099653762,3.51372655233,8.15846983592,4.64474328359,0.0138027165458,0.00914950991,3.52707290649,3.50587034225,3.50823640823,3.51372655233,0.00948660263076,3,0,frozen deterministic type router
2,context:50011306bc226d72addc1535,QUSNBJAOOMFDIB,True,26,context:50011306bc226d72addc1535|site:21c30c74469244fdf0b12a01,site:21c30c74469244fdf0b12a01,atom,context:50011306bc226d72addc1535|site:4a2ae19146fc0f2b7ccbb998,site:4a2ae19146fc0f2b7ccbb998,atom_group,4.78620804065,0.896402281304,3.88980575934,9.6194896698,-11.3178866704,0.0505589321829,0.058772735529,20.9401321411,20.9518461227,20.9201507568,20.9373763402,0.0130854851866,3,0,frozen deterministic type router
2,context:504282ea8ed58745400da70f,ASDHTSDNZLOXGY,True,190,context:504282ea8ed58745400da70f|site:0614e61eaef66dfcdf59977e,site:0614e61eaef66dfcdf59977e,transferable_h_group,context:504282ea8ed58745400da70f|site:b303f6d042bed28287b862c5,site:b303f6d042bed28287b862c5,atom,2.85430046887,2.33009370745,0.524206761419,0.0343640396992,7.35798358917,0.0218456246033,0.0313905923828,-7.3551338315,-7.29908144474,-7.31664337218,-7.32361954947,0.0234089413492,3,0,frozen deterministic type router
2,context:50f0d6c871823b11bf78cfc2,BUJZXAPKHBWNII,True,174,context:50f0d6c871823b11bf78cfc2|site:381ab19473cecd91a72ff7b4,site:381ab19473cecd91a72ff7b4,atom,context:50f0d6c871823b11bf78cfc2|site:fa535c21d12068b5468455f4,site:fa535c21d12068b5468455f4,atom_group,3.19769448308,0.128378126339,3.06931635674,9.69491068522,-8.02984539668,0.0504662811237,0.0397278245058,17.7356915474,17.7069416046,17.7316350937,17.7247560819,0.0127051277014,3,0,frozen deterministic type router
2,context:5112f19c001d379698831625,CREBLIJIJKVBCB,True,35,context:5112f19c001d379698831625|site:82bea247aa0ee98e733ec4b3,site:82bea247aa0ee98e733ec4b3,atom,context:5112f19c001d379698831625|site:f36232ac8bd894c5c0d06d75,site:f36232ac8bd894c5c0d06d75,atom_group,2.7870605169,0.675094502142,2.11196601476,7.36126979192,-7.35478051503,0.0456070356409,0.0433238900004,14.6403017044,14.7635993958,14.7442498207,14.716050307,0.0541417251585,3,0,frozen deterministic type router
2,context:514ca8e1744640d6fb10801d,QQXSEZVCKAEYQJ,True,78,context:514ca8e1744640d6fb10801d|site:38f56695801d183119e384e6,site:38f56695801d183119e384e6,transferable_h_group,context:514ca8e1744640d6fb10801d|site:29ac3da5fcb1b7cd74c82e19,site:29ac3da5fcb1b7cd74c82e19,transferable_h_group,3.71947491067,2.25913298028,1.46034193039,3.85938310623,2.39904117584,0.0555023279579,0.0546446867957,1.46260809898,1.46232628822,1.45609140396,1.46034193039,0.00300777719852,3,0,frozen deterministic type router
2,context:51ea177825c49838904574d5,RVZZHMNHTWPCMU,True,245,context:51ea177825c49838904574d5|site:03d6c3cb49e400485adbf263,site:03d6c3cb49e400485adbf263,atom,context:51ea177825c49838904574d5|site:fccad471ec73eee4a17d083d,site:fccad471ec73eee4a17d083d,atom_group,3.13049883137,0.237843816194,2.89265501517,2.70474131902,-8.72806294759,0.048688975795,0.0248970412979,11.3727319241,11.4779930115,11.4476878643,11.4328042666,0.0442426283221,3,0,frozen deterministic type router
2,context:53797c1b7d71c07044448b9f,USZHELOKTTXIFV,True,120,context:53797c1b7d71c07044448b9f|site:d31031f79e38a7f34ca52a77,site:d31031f79e38a7f34ca52a77,atom,context:53797c1b7d71c07044448b9f|site:c6565f1ef4f972459d0f479a,site:c6565f1ef4f972459d0f479a,atom_group,4.57745286599,-0.388937526751,4.96639039274,11.1413141886,-6.8165008227,0.0384564404446,0.0525389368473,17.9441037178,17.9773364067,17.9520049095,17.9578150113,0.0141755861813,3,0,frozen deterministic type router
2,context:54dd02aef1f52b94c2714920,UVGXNNJEGDSWFX,True,178,context:54dd02aef1f52b94c2714920|site:0b9aa91d492904a23fc83a78,site:0b9aa91d492904a23fc83a78,atom,context:54dd02aef1f52b94c2714920|site:09920db39f3ddaa45d0af037,site:09920db39f3ddaa45d0af037,transferable_h_group,2.65088220558,1.8317301664,0.819152039184,5.68929624557,-3.35190153122,0.025042619951,0.0244926420197,9.03868031502,9.06753587723,9.01737713814,9.04119777679,0.0205544478094,3,0,frozen deterministic type router
2,context:5551fc7a996f25ee3468c3ef,UEUIGOQXYNBPIH,True,255,context:5551fc7a996f25ee3468c3ef|site:0216ecf10828707da54671e7,site:0216ecf10828707da54671e7,atom,context:5551fc7a996f25ee3468c3ef|site:2c9c6b74830b7a9ec978e76d,site:2c9c6b74830b7a9ec978e76d,atom_group,4.78697657488,-0.242835289346,5.02981186422,8.66845099131,-5.73600578308,0.0385223666075,0.0645140419419,14.3700327873,14.4386253357,14.4047122002,14.4044567744,0.0280033730674,3,0,frozen deterministic type router
2,context:565487b1f7094b38c035d545,ASDHTSDNZLOXGY,False,190,context:565487b1f7094b38c035d545|site:b303f6d042bed28287b862c5,site:b303f6d042bed28287b862c5,atom,context:565487b1f7094b38c035d545|site:0614e61eaef66dfcdf59977e,site:0614e61eaef66dfcdf59977e,transferable_h_group,3.64787144582,2.08434176128,1.56352968454,7.75026988983,-4.79421599706,0.0250702067215,0.0353740690634,12.6189336777,12.5075540543,12.5069699287,12.5444858869,0.0526430778283,3,0,frozen deterministic type router
2,context:566a164372083def7ffbcbef,DHMQDGOQFOQNFH,False,28,context:566a164372083def7ffbcbef|site:d1ca70baf0c8e0d54a4c60ce,site:d1ca70baf0c8e0d54a4c60ce,atom_group,context:566a164372083def7ffbcbef|site:fabf3a0d173533b6b3a00f89,site:fabf3a0d173533b6b3a00f89,atom,3.57606111307,3.50730316231,0.0687579507639,-4.16935809453,5.09724505742,0.0697476806225,0.0681762742852,-9.27301311493,-9.26975393295,-9.25704240799,-9.26660315196,0.00689015895804,3,0,frozen deterministic type router
2,context:5af2252e4939252705a72bb2,QZHWOLKBXYORRO,False,252,context:5af2252e4939252705a72bb2|site:e8d51d850c70d601ef31910e,site:e8d51d850c70d601ef31910e,atom,context:5af2252e4939252705a72bb2|site:3d27e26e36b5ca79fe4e5691,site:3d27e26e36b5ca79fe4e5691,atom,3.00803269456,2.89394670239,0.114085992177,5.06485811869,4.95077212652,0.0363585377818,0.0471770373219,0.136123657227,0.121727466583,0.0844068527222,0.114085992177,0.0217937462797,3,0,frozen deterministic type router
2,context:5b8050265262069ad5270813,REJRONNJIQDQFN,True,131,context:5b8050265262069ad5270813|site:b7380c5245d9579db71c5ae3,site:b7380c5245d9579db71c5ae3,delocalized_region,context:5b8050265262069ad5270813|site:ea41cd822a72250af08ada8c,site:ea41cd822a72250af08ada8c,bond,1.88778210421,1.78081280371,0.106969300494,2.17114027341,6.33109426498,0.0683440347703,0.014552111816,-4.10617017746,-4.23407316208,-4.13961863518,-4.15995399157,0.0541598769594,3,0,frozen deterministic type router
2,context:5c354dcf4b34677a09cf5599,IUDSCMPRPHGDII,True,15,context:5c354dcf4b34677a09cf5599|site:05a779de29bd9e9925994012,site:05a779de29bd9e9925994012,transferable_h_group,context:5c354dcf4b34677a09cf5599|site:49e7c1396623eea1e1f86ba0,site:49e7c1396623eea1e1f86ba0,atom,3.71103567313,0.599971115077,3.11106455805,9.17576885223,-4.35837300618,0.0749422242534,0.0665087616164,13.5620126724,13.5242581367,13.5161547661,13.5341418584,0.0199833740734,3,0,frozen deterministic type router
2,context:5c7b0b199059fc9cff3ee624,FXTWICLWDHLSCD,True,292,context:5c7b0b199059fc9cff3ee624|site:a41084024eaa98d06bf581fd,site:a41084024eaa98d06bf581fd,atom,context:5c7b0b199059fc9cff3ee624|site:866066fb87b563a00c466260,site:866066fb87b563a00c466260,bond,3.67093999923,-0.0692888970381,3.74022889627,7.72145255407,-1.80303736528,0.0414331266157,0.0732970497723,9.49586009979,9.59441661835,9.48319303989,9.52448991934,0.0497153298066,3,0,frozen deterministic type router
2,context:5f4e649522c90e67881cc116,NFJPEKRRHIYYES,True,80,context:5f4e649522c90e67881cc116|site:30e52125530c0788592c27ad,site:30e52125530c0788592c27ad,bond,context:5f4e649522c90e67881cc116|site:73eefc23134b4cea1d6a2aca,site:73eefc23134b4cea1d6a2aca,delocalized_region,3.30292659307,0.955951810142,2.34697478293,10.2782964706,-2.48639512062,0.016441395609,0.050483322215,12.7577419281,12.8128948212,12.7234380245,12.7646915913,0.0368497216642,3,0,frozen deterministic type router
2,context:64939953b621c7c7cb393169,NUDSQBDHIMXRNA,True,154,context:64939953b621c7c7cb393169|site:4e8cf3d6a3ffefd59b044129,site:4e8cf3d6a3ffefd59b044129,atom,context:64939953b621c7c7cb393169|site:7073d13d24cc8447e75862f4,site:7073d13d24cc8447e75862f4,atom_group,2.84143370485,0.143377577583,2.69805612727,3.35906203588,-7.16093254089,0.0569936961181,0.0277980427141,10.4047966003,10.5837829113,10.5714042187,10.5199945768,0.0816138809191,3,0,frozen deterministic type router
2,context:64e28da22b1e435a51210097,SLGXUCXFODJWTG,True,128,context:64e28da22b1e435a51210097|site:f0a26eda160c139153c64800,site:f0a26eda160c139153c64800,atom,context:64e28da22b1e435a51210097|site:f24bb491a8c83621b6d4f6b1,site:f24bb491a8c83621b6d4f6b1,atom_group,3.78885125678,-0.070997002723,3.8598482595,6.88481505712,-5.717897892,0.025396277661,0.0425027451462,12.6024570465,12.6256022453,12.5800795555,12.6027129491,0.0185854411965,3,0,frozen deterministic type router
2,context:65870c17fa6fac13970b89e0,IURHAHGTFVRCIT,True,93,context:65870c17fa6fac13970b89e0|site:48b822122ef673b1280f1317,site:48b822122ef673b1280f1317,atom,context:65870c17fa6fac13970b89e0|site:7421eb6a772fe2ee4d1cc671,site:7421eb6a772fe2ee4d1cc671,atom_group,3.74426730349,2.25615468038,1.48811262311,6.92142343521,-2.31942470868,0.0642856488782,0.0641235430945,9.23810100555,9.2255423069,9.25890111923,9.2408481439,0.0137565176517,3,0,frozen deterministic type router
2,context:659ca63553d9d137c2d87c5f,XTTGYFREQJCEML,False,137,context:659ca63553d9d137c2d87c5f|site:0222be569424ef54f5717e1c,site:0222be569424ef54f5717e1c,transferable_h_group,context:659ca63553d9d137c2d87c5f|site:1f9be3fde2d98cf2a851cf28,site:1f9be3fde2d98cf2a851cf28,transferable_h_group,2.2517792788,1.72804470925,0.52373456955,-1.87104082108,-2.39477539062,0.107124960692,0.106363034839,0.524232983589,0.525850653648,0.521120071411,0.52373456955,0.00196314619798,3,0,frozen deterministic type router
2,context:679bc78b6b32212bb23f3c78,YPKBCLZFIYBSHK,True,118,context:679bc78b6b32212bb23f3c78|site:f8149bc119f82d4c40910550,site:f8149bc119f82d4c40910550,delocalized_region,context:679bc78b6b32212bb23f3c78|site:890ac76d3adecfd272c9a854,site:890ac76d3adecfd272c9a854,bond,5.49313360012,-0.220006793485,5.71314039361,6.05036799113,-1.37813063463,0.0616285007044,0.0361889173857,7.48160851002,7.39622473717,7.40766263008,7.42849862576,0.0378435481364,3,0,frozen deterministic type router
2,context:67bd24b988225ba3c38b8196,KYVBNYUBXIEUFW,False,68,context:67bd24b988225ba3c38b8196|site:8542d856dd1980196a70d87f,site:8542d856dd1980196a70d87f,atom_group,context:67bd24b988225ba3c38b8196|site:f0286e31b1b55dec764d801d,site:f0286e31b1b55dec764d801d,atom_group,1.70557265954,1.70019075748,0.00538190205892,-2.14835278193,-2.15373468399,0.0740676161163,0.0718048240158,0.00863552093506,0.00434637069702,0.00316381454468,0.00538190205892,0.00235076393352,3,0,frozen deterministic type router
2,context:67be13a6d6ff89f3647cf642,YVVDJFDQAXGXAU,True,199,context:67be13a6d6ff89f3647cf642|site:75f9952921f8d239af8b01e0,site:75f9952921f8d239af8b01e0,atom,context:67be13a6d6ff89f3647cf642|site:4c34bc86ca6d23b33bcd2563,site:4c34bc86ca6d23b33bcd2563,atom_group,3.17156405949,0.844993445376,2.32657061411,4.1666226387,-5.32186762492,0.0323525221355,0.0438920020806,9.4717168808,9.50550746918,9.48824644089,9.48849026362,0.0137960272758,3,0,frozen deterministic type router
2,context:683187562ae64329b2e0441d,ONRDAGWFOUZNLV,True,76,context:683187562ae64329b2e0441d|site:b57d5e836a46ef62e4ae789e,site:b57d5e836a46ef62e4ae789e,transferable_h_group,context:683187562ae64329b2e0441d|site:4d999f243edab5608a261995,site:4d999f243edab5608a261995,delocalized_region,6.18150544433,-0.639974525805,6.82147997014,5.79944101969,-5.19774278005,0.0777134536455,0.0327441901757,11.1402201653,10.9097571373,10.9415740967,10.9971837997,0.10197264705,3,0,frozen deterministic type router
2,context:68f6a3b8d2c8fa3e8b41c727,HSNZIGNSOMUKKC,True,238,context:68f6a3b8d2c8fa3e8b41c727|site:7051fdde4a3dc1be0e5f3dab,site:7051fdde4a3dc1be0e5f3dab,atom,context:68f6a3b8d2c8fa3e8b41c727|site:7bcb2023645a2491f1d37ec1,site:7bcb2023645a2491f1d37ec1,delocalized_region,2.71272850864,0.622394667905,2.09033384073,3.86994187037,-4.7998102506,0.0392759854672,0.0237576419951,8.73281288147,8.65509223938,8.62135124207,8.66975212097,0.0466698215187,3,0,frozen deterministic type router
2,context:6a34b6a2be7dfe10c15c9386,DWAQDRSOVMLGRQ,True,121,context:6a34b6a2be7dfe10c15c9386|site:6bc1965d9c4666d63a0d5039,site:6bc1965d9c4666d63a0d5039,delocalized_region,context:6a34b6a2be7dfe10c15c9386|site:f32c950f83fa30ac107fb7eb,site:f32c950f83fa30ac107fb7eb,transferable_h_group,5.01853989271,0.865024950099,4.15351494261,5.75221077601,-1.34607458115,0.0726351909434,0.0400951942048,7.12022459507,7.01511442661,7.15951704979,7.09828535716,0.0609591503397,3,0,frozen deterministic type router
2,context:6db7b2b38401a5853d8c8585,DKACXUFSLUYRFU,True,70,context:6db7b2b38401a5853d8c8585|site:f07c2592d10b26972f7700ae,site:f07c2592d10b26972f7700ae,atom,context:6db7b2b38401a5853d8c8585|site:c8a9c818f36045762d302b12,site:c8a9c818f36045762d302b12,atom_group,2.03356567324,1.17883404835,0.854731624881,4.71316560109,-2.91844948133,0.00548275877575,0.0158095957511,7.61350226402,7.64013886452,7.64120411873,7.63161508242,0.0128150779534,3,0,frozen deterministic type router
2,context:6e71df640e2f8adedc31a8f5,VNVFJBSQHSVSKZ,True,133,context:6e71df640e2f8adedc31a8f5|site:89f86ec80afc8b414ce8adab,site:89f86ec80afc8b414ce8adab,delocalized_region,context:6e71df640e2f8adedc31a8f5|site:73c3515ecd9854736ef4c5c4,site:73c3515ecd9854736ef4c5c4,delocalized_region,4.66521646153,3.54619409215,1.11902236938,5.53595670064,4.41693433126,0.0630663401792,0.0620521645622,1.12398958206,1.11715221405,1.11592531204,1.11902236938,0.00354788420219,3,0,frozen deterministic type router
2,context:6f66ae742c982c78338add24,PIICEJLVQHRZGT,True,36,context:6f66ae742c982c78338add24|site:8896a7924cca49229e71243e,site:8896a7924cca49229e71243e,atom_group,context:6f66ae742c982c78338add24|site:078d5c97dd1c5e62e3614bdb,site:078d5c97dd1c5e62e3614bdb,atom,5.17082622774,0.401720842365,4.76910538537,6.21478796005,2.2315920194,0.0669387763873,0.0606718341527,3.99142146111,3.97578954697,3.98237681389,3.98319594065,0.00640793317711,3,0,frozen deterministic type router
2,context:6fe48fbf9373793908993fab,FAGLEPBREOXSAC,False,51,context:6fe48fbf9373793908993fab|site:c2c78c12ef8df99f8710dde5,site:c2c78c12ef8df99f8710dde5,atom,context:6fe48fbf9373793908993fab|site:e820888d8bc51b5c9518bded,site:e820888d8bc51b5c9518bded,atom_group,2.33687174775,0.485640506279,1.85123124147,2.35527229309,-10.5235865911,0.0536671040839,0.0565050336314,12.8729565144,12.8811371326,12.8824830055,12.8788588842,0.00420961760298,3,0,frozen deterministic type router
2,context:70955d9e7684f93163c1e983,RHIAGXPBZHFBGN,True,41,context:70955d9e7684f93163c1e983|site:7c336461f87c20551cd4b173,site:7c336461f87c20551cd4b173,atom,context:70955d9e7684f93163c1e983|site:6d3114bde47b35a0c7aa48c3,site:6d3114bde47b35a0c7aa48c3,atom_group,3.6201751164,0.593270716149,3.02690440025,7.65940968196,-8.7643661499,0.0240559756356,0.0393513117215,16.368350029,16.4511218071,16.4518556595,16.4237758319,0.0391931061318,3,0,frozen deterministic type router
2,context:70b4dc28810952dcec3faac5,KAANTNXREIRLCT,True,246,context:70b4dc28810952dcec3faac5|site:a23e5339209378b98f85ed4c,site:a23e5339209378b98f85ed4c,atom,context:70b4dc28810952dcec3faac5|site:0e4a62a908142106d6d93d4c,site:0e4a62a908142106d6d93d4c,bond,1.53674288589,1.10105898802,0.435683897868,0.977664589882,-2.81627511978,0.0369738751111,0.0476468639915,3.78028333187,3.81714069843,3.78439509869,3.79393970966,0.0164912313367,3,0,frozen deterministic type router
2,context:71e02da28f2bec61b6ac756c,IDFJWCBXDQMLQC,False,73,context:71e02da28f2bec61b6ac756c|site:2e9752ebfcc75f71cb8c5003,site:2e9752ebfcc75f71cb8c5003,delocalized_region,context:71e02da28f2bec61b6ac756c|site:dfe2d72f57988ff636c57b7e,site:dfe2d72f57988ff636c57b7e,atom,2.48890569325,1.32417189367,1.16473379958,-2.67246890068,5.62177022298,0.0785940509256,0.0322655601169,-8.23664426804,-8.35282707214,-8.29324603081,-8.29423912366,0.0474366290795,3,0,frozen deterministic type router
2,context:72136ab184cd419687f617cd,MHIFCLKKYRCSOC,True,224,context:72136ab184cd419687f617cd|site:0ec50fe64600a5bcd1742622,site:0ec50fe64600a5bcd1742622,bond,context:72136ab184cd419687f617cd|site:e841871402eccaef02ebb499,site:e841871402eccaef02ebb499,delocalized_region,4.43647598825,-0.240804995942,4.6772809842,8.48003387451,-6.13741079966,0.0594352764727,0.0554518707612,14.5924224854,14.6194777489,14.6404337883,14.6174446742,0.0196531820534,3,0,frozen deterministic type router
2,context:746020d0fbfb9bb13b216cd6,QFPCZAFYDVWWCG,True,98,context:746020d0fbfb9bb13b216cd6|site:04a4734bb4d8592d61022de2,site:04a4734bb4d8592d61022de2,atom,context:746020d0fbfb9bb13b216cd6|site:82a938a72ce02ab94d8dd1a9,site:82a938a72ce02ab94d8dd1a9,atom_group,4.45615119418,0.501324305451,3.95482688872,9.25958093007,-8.08306694031,0.0700397867613,0.0691240334139,17.345038414,17.3416881561,17.341217041,17.3426478704,0.00170127627795,3,0,frozen deterministic type router
2,context:7535c637bc4661b19ad0c2a5,OKKJLVBELUTLKV,True,14,context:7535c637bc4661b19ad0c2a5|site:a3632b877f14b2ae56c92956,site:a3632b877f14b2ae56c92956,atom,context:7535c637bc4661b19ad0c2a5|site:0cde2708b9c66277a390346c,site:0cde2708b9c66277a390346c,transferable_h_group,3.37127879644,0.492202137095,2.87907665934,5.93401988347,-3.20124268532,0.0295345360556,0.0482533135086,9.12040805817,9.16350889206,9.12187075615,9.13526256879,0.0199820912311,3,0,frozen deterministic type router
2,context:76a7d9329ee6f8156026d4e0,XOORIUBOZNFYHJ,True,100,context:76a7d9329ee6f8156026d4e0|site:74961b7b9568603f7565302c,site:74961b7b9568603f7565302c,atom,context:76a7d9329ee6f8156026d4e0|site:a965d8a294e66db4bcacc4c4,site:a965d8a294e66db4bcacc4c4,atom_group,4.34370031328,0.61765839681,3.72604191647,7.48070224126,-7.31788921356,0.0373531699391,0.0229897149218,14.7784028053,14.7974677086,14.8199038506,14.7985914548,0.0169613539738,3,0,frozen deterministic type router
2,context:7803c048bdfd005702bba1bc,DZTFOBJTWGCIFC,True,111,context:7803c048bdfd005702bba1bc|site:5b60227403867027f09c3f2c,site:5b60227403867027f09c3f2c,bond,context:7803c048bdfd005702bba1bc|site:65744dcc8a8cc7b7509c5cc5,site:65744dcc8a8cc7b7509c5cc5,delocalized_region,3.29402600419,0.565964215277,2.72806178891,2.93901189168,-6.75153605143,0.0658762751521,0.0983425931539,9.66595292091,9.73668861389,9.66900229454,9.69054794312,0.0326501229671,3,0,frozen deterministic type router
2,context:7842f6fbf83282e616295e55,YLHGVZFDDSZKPT,True,105,context:7842f6fbf83282e616295e55|site:33e966686a0a2ceb656d8c3c,site:33e966686a0a2ceb656d8c3c,bond,context:7842f6fbf83282e616295e55|site:e2e04e8eb9fd750577801e8a,site:e2e04e8eb9fd750577801e8a,delocalized_region,3.5626344023,0.539019436293,3.02361496601,5.17665894826,-0.278684566418,0.0153195869477,0.0593339774408,5.40877240896,5.51785296202,5.43940517306,5.45534351468,0.0459359322958,3,0,frozen deterministic type router
2,context:78c61474cb4dff81233ca673,CWFXWJSSDWTGBX,True,148,context:78c61474cb4dff81233ca673|site:711e9f68e5c7a27340cc0f61,site:711e9f68e5c7a27340cc0f61,atom,context:78c61474cb4dff81233ca673|site:cd3057b450ccc0586232a5fb,site:cd3057b450ccc0586232a5fb,delocalized_region,3.39114187545,0.861159172352,2.52998270309,6.07632811864,-7.34331909815,0.0438222811218,0.0471951139547,13.4198765755,13.4236598015,13.4154052734,13.4196472168,0.00337379730322,3,0,frozen deterministic type router
2,context:7ecce7518114ac6466e58e2b,NUKYPUAOHBNCPY,True,71,context:7ecce7518114ac6466e58e2b|site:8f5d5e83d686c3a95a55d49a,site:8f5d5e83d686c3a95a55d49a,atom,context:7ecce7518114ac6466e58e2b|site:999b13620e721ef014e49ba0,site:999b13620e721ef014e49ba0,atom_group,2.34686479094,1.73844159835,0.608423192589,7.52323754628,4.15760993958,0.0598397375063,0.0696237761634,3.35353899002,3.37858009338,3.36476373672,3.36562760671,0.0102412212137,3,0,frozen deterministic type router
2,context:7f0d02d8a5ceac690800b651,LJXTYJXBORAIHX,True,162,context:7f0d02d8a5ceac690800b651|site:fec4509c832abe5e1e4ac70b,site:fec4509c832abe5e1e4ac70b,transferable_h_group,context:7f0d02d8a5ceac690800b651|site:a7c879dff2672404260da502,site:a7c879dff2672404260da502,delocalized_region,1.90814826485,0.450970168166,1.45717809669,2.01622072856,-7.02140410741,0.0345901897079,0.0725491136111,9.03292894363,9.11016905308,8.96977651119,9.03762483597,0.0574111197584,3,0,frozen deterministic type router
2,context:810fcac004a57fcba6af11b8,OWPIFQXNMLDXKW,True,156,context:810fcac004a57fcba6af11b8|site:62eaa1f4c00a3e00b9edf669,site:62eaa1f4c00a3e00b9edf669,delocalized_region,context:810fcac004a57fcba6af11b8|site:a56b7ae28456c9e499365c3c,site:a56b7ae28456c9e499365c3c,bond,1.98838369308,1.40367238675,0.584711306331,1.46381370227,-1.63191231092,0.0530517012987,0.0419105043913,3.16890573502,3.05858922005,3.05968308449,3.09572601318,0.0517478044651,3,0,frozen deterministic type router
2,context:82029b97a28c2c3679e01060,HWBQWDNOLPTEBU,True,265,context:82029b97a28c2c3679e01060|site:66be0dc64b38e418268da440,site:66be0dc64b38e418268da440,atom,context:82029b97a28c2c3679e01060|site:c591565f939c88215b380169,site:c591565f939c88215b380169,transferable_h_group,4.1533553204,0.155770142907,3.99758517749,9.42709414164,-2.01625061035,0.0470356501771,0.0830922226119,11.6223599911,11.3890508413,11.3186234236,11.443344752,0.129807157378,3,0,frozen deterministic type router
2,context:8585d8ac7b56199c13600b4b,BOPGDPNILDQYTO,False,359,context:8585d8ac7b56199c13600b4b|site:ba516292ba345fc2ba569dcc,site:ba516292ba345fc2ba569dcc,atom,context:8585d8ac7b56199c13600b4b|site:32fecc9abc6ac40eb2d64a50,site:32fecc9abc6ac40eb2d64a50,atom,3.07291427586,1.88469123178,1.18822304408,5.54037443797,4.35215139389,0.0459551976931,0.0484496175916,1.15448331833,1.19888496399,1.21130084991,1.18822304408,0.0243900987565,3,0,frozen deterministic type router
2,context:85d1276fc581c600b89aeeae,HNDVDQJCIGZPNO,True,85,context:85d1276fc581c600b89aeeae|site:b4da86943cdf382fd506fbbe,site:b4da86943cdf382fd506fbbe,atom,context:85d1276fc581c600b89aeeae|site:2e7df0c680b7c9cbff2b00a6,site:2e7df0c680b7c9cbff2b00a6,atom_group,3.3464892455,2.70902269666,0.637466548839,3.23794817924,-5.23017565409,0.0608421628959,0.0658489690081,8.47118020058,8.47544240952,8.45774888992,8.46812383334,0.00753972565427,3,0,frozen deterministic type router
2,context:85f4ed8f65d424a893cc9782,FIXQBRDVPNLSGD,True,165,context:85f4ed8f65d424a893cc9782|site:0b640718ddec2ea60da82958,site:0b640718ddec2ea60da82958,delocalized_region,context:85f4ed8f65d424a893cc9782|site:1b48b96123b3dbdd203d93c0,site:1b48b96123b3dbdd203d93c0,transferable_h_group,1.79473225797,0.83390344762,0.960828810347,-2.50312606494,1.7941681544,0.0348266638542,0.0309100394031,-4.2987601757,-4.37502014637,-4.21810233593,-4.29729421933,0.064069813898,3,0,frozen deterministic type router
2,context:86556b9674232b242b1927ed,BHPRLMYARNVDRJ,True,340,context:86556b9674232b242b1927ed|site:91bf9f770f1ef65e116c34bb,site:91bf9f770f1ef65e116c34bb,atom,context:86556b9674232b242b1927ed|site:28a17580838cfc7b3ab80760,site:28a17580838cfc7b3ab80760,bond,2.32437587253,1.40553964354,0.918836228982,4.26126225789,-4.2954211235,0.0281153843092,0.0415288361537,8.54676532745,8.59308958054,8.53019523621,8.5566833814,0.0266170431955,3,0,frozen deterministic type router
2,context:86af89000ccd26647736ae7b,YDNZMDGXIHCQTN,True,177,context:86af89000ccd26647736ae7b|site:e6e06087c10d1bf6106dd216,site:e6e06087c10d1bf6106dd216,bond,context:86af89000ccd26647736ae7b|site:e4cd14be7837953652bb5340,site:e4cd14be7837953652bb5340,atom,2.96209412137,1.05215231328,1.90994180808,7.72793531418,1.8254733483,0.0390154728321,0.0203825942615,5.92180395126,5.86265528202,5.92292666435,5.90246196588,0.0281513076193,3,0,frozen deterministic type router
2,context:8a6d13d076246e59bf40d2bd,MSYPQYVTHSBORB,True,199,context:8a6d13d076246e59bf40d2bd|site:9fba46731c7f24e804bd52b8,site:9fba46731c7f24e804bd52b8,transferable_h_group,context:8a6d13d076246e59bf40d2bd|site:9cdebb0213eeedc504cd3d17,site:9cdebb0213eeedc504cd3d17,atom,2.8538504479,1.01728774589,1.83656270202,6.12859090169,-2.38863658905,0.0714159574007,0.0277504618626,8.46569895744,8.50946760178,8.57651591301,8.51722749074,0.0455723696834,3,0,frozen deterministic type router
2,context:8bbd998690b73e50016a3036,KLTWGRFNJPLFDA,True,95,context:8bbd998690b73e50016a3036|site:d267c485efe9f3d762c3b5cd,site:d267c485efe9f3d762c3b5cd,atom_group,context:8bbd998690b73e50016a3036|site:e52f74c6dc1c817a47f034a7,site:e52f74c6dc1c817a47f034a7,atom,3.63220007932,2.7662767187,0.865923360617,2.9391263326,8.17532444,0.05830919702,0.0517590463998,-5.23500156403,-5.25192379951,-5.22166895866,-5.2361981074,0.0123804317578,3,0,frozen deterministic type router
2,context:8c5bc1a3403209459800001a,JJYDGWGMEIHTBU,True,275,context:8c5bc1a3403209459800001a|site:092a1e2fbcae579b7461d8cb,site:092a1e2fbcae579b7461d8cb,atom,context:8c5bc1a3403209459800001a|site:cee43b20e5e5bd5dca7b6ee7,site:cee43b20e5e5bd5dca7b6ee7,transferable_h_group,3.35108885049,1.17824133368,2.17284751682,4.22773488363,-4.16456190745,0.0249445519387,0.0170425516318,8.44309806824,8.37652921677,8.35726308823,8.39229679108,0.036772936136,3,0,frozen deterministic type router
2,context:8ce88e5365ac7ac650375e0f,SBEMOANGDSSPJY,True,116,context:8ce88e5365ac7ac650375e0f|site:0d5bf009307072ee22bb18be,site:0d5bf009307072ee22bb18be,bond,context:8ce88e5365ac7ac650375e0f|site:49bcf7b2602a9b2e47fd89aa,site:49bcf7b2602a9b2e47fd89aa,delocalized_region,4.66211672022,0.352201745207,4.30991497501,7.70531781514,-1.083365798,0.0365163201361,0.080004875094,8.7703564167,8.85874640942,8.73694801331,8.78868361314,0.0513849972966,3,0,frozen deterministic type router
2,context:8cf29dc6292198c59786653c,CRGRWBQSZSQVIE,True,88,context:8cf29dc6292198c59786653c|site:a388bc9bc73ffd5f6b194004,site:a388bc9bc73ffd5f6b194004,atom,context:8cf29dc6292198c59786653c|site:168825c75bbc19eb5b8b22bc,site:168825c75bbc19eb5b8b22bc,bond,2.77242604817,0.191087577215,2.58133847095,6.18055375417,-2.39832353592,0.0492706699828,0.0712192662972,8.55567002296,8.60923361778,8.57172822952,8.57887729009,0.0224439520095,3,0,frozen deterministic type router
2,context:8ff9e94d2964ca35be40c676,UOWLSDCDSBWIKH,True,120,context:8ff9e94d2964ca35be40c676|site:f71d9f4b10ea28aa6604cb52,site:f71d9f4b10ea28aa6604cb52,atom,context:8ff9e94d2964ca35be40c676|site:c20a7298e16a8f1e8f0f6e2d,site:c20a7298e16a8f1e8f0f6e2d,atom_group,4.25246111671,0.0582299974045,4.19423111931,10.8245026271,-7.99046389262,0.0308102179789,0.0405547763029,18.8164434433,18.8309612274,18.7974948883,18.8149665197,0.0137024314369,3,0,frozen deterministic type router
2,context:948c5b38641c55f67bed3337,MBLICBJGZXMESX,True,155,context:948c5b38641c55f67bed3337|site:9bb2891d998ace0bae340cff,site:9bb2891d998ace0bae340cff,atom,context:948c5b38641c55f67bed3337|site:cbd28bc1d856be0ead447a51,site:cbd28bc1d856be0ead447a51,atom_group,3.37700340845,1.04242053758,2.33458287087,2.09106469154,-8.01882553101,0.0531370091423,0.0234182426729,10.0053467751,10.1792180538,10.1451058388,10.1098902225,0.0752237113074,3,0,frozen deterministic type router
2,context:95c59207696bce98a773a3f1,GLUUGHFHXGJENI,True,68,context:95c59207696bce98a773a3f1|site:105d8007081e2298ebd17c3b,site:105d8007081e2298ebd17c3b,atom_group,context:95c59207696bce98a773a3f1|site:0294520e8333b7106a57d85e,site:0294520e8333b7106a57d85e,atom,4.52240535292,1.77416467477,2.74824067814,0.130118543903,4.07133905093,0.0734662276287,0.0706792530795,-3.93898130953,-3.94551293552,-3.93916727602,-3.94122050703,0.00303615465821,3,0,frozen deterministic type router
2,context:987ef593e9e5690bc3996291,AUYRUAVCWOAHQN,True,59,context:987ef593e9e5690bc3996291|site:fe3c4f408afc6edccfc6a3f6,site:fe3c4f408afc6edccfc6a3f6,bond,context:987ef593e9e5690bc3996291|site:feb27a2da32cc934592ea1f6,site:feb27a2da32cc934592ea1f6,delocalized_region,3.70154137538,1.0192960932,2.68224528218,5.27898740768,0.514499654373,0.0249062171572,0.051579155415,4.7154533267,4.82969579101,4.74831414223,4.76448775331,0.0480209984222,3,0,frozen deterministic type router
2,context:98fe1640c509d2c4b261775b,TZEOAFPSARGQNA,True,114,context:98fe1640c509d2c4b261775b|site:515b57d5fe23d84308ff5cdb,site:515b57d5fe23d84308ff5cdb,atom,context:98fe1640c509d2c4b261775b|site:e98d50663a0ffaa4cfd29859,site:e98d50663a0ffaa4cfd29859,atom_group,3.9552629421,0.161849176002,3.7934137661,9.20314788818,-7.17846679688,0.0247544782256,0.037896282945,16.3110237122,16.4184274673,16.4153928757,16.3816146851,0.049930727199,3,0,frozen deterministic type router
2,context:9986b30acbc1d9673d12a80d,AOLMQKSSMXFUPJ,True,100,context:9986b30acbc1d9673d12a80d|site:5e5292eb68e0328e3b5c49fa,site:5e5292eb68e0328e3b5c49fa,transferable_h_group,context:9986b30acbc1d9673d12a80d|site:3ff0131f108a075b52fa9671,site:3ff0131f108a075b52fa9671,delocalized_region,4.46802193274,0.977655910882,3.49036602186,9.3468914032,-11.7938270569,0.0685982490865,0.108927993795,21.3647756577,21.1149492264,20.9424304962,21.1407184601,0.173381850072,3,0,frozen deterministic type router
2,context:9b3643a74f46c617603d67fe,GUXJXWKCUUWCLX,True,49,context:9b3643a74f46c617603d67fe|site:5832008d7c9cb6e11911e54a,site:5832008d7c9cb6e11911e54a,atom,context:9b3643a74f46c617603d67fe|site:9847b7035d902c3b17ee16a0,site:9847b7035d902c3b17ee16a0,bond,3.46851691147,0.548492995375,2.92002391609,7.04683065414,-1.97005565961,0.045354772368,0.0704977596176,9.00923418999,9.10364627838,8.9377784729,9.01688631376,0.0679310850416,3,0,frozen deterministic type router
2,context:9bb2f5c1c4490b310186e3de,MYTGFBZJLDLWQG,True,109,context:9bb2f5c1c4490b310186e3de|site:f771b61e60ee09ace06f34f5,site:f771b61e60ee09ace06f34f5,delocalized_region,context:9bb2f5c1c4490b310186e3de|site:982e3d419f25c6646e8e3c8c,site:982e3d419f25c6646e8e3c8c,atom_group,5.25253580377,-0.617200975839,5.8697367796,2.34711766243,-6.97858699163,0.060006182113,0.0445102977407,9.35454940796,9.31249594688,9.31006860733,9.32570465406,0.0204203797719,3,0,frozen deterministic type router
2,context:9e2d0a452a489d8149544e71,HZAXFHJVJLSVMW,True,31,context:9e2d0a452a489d8149544e71|site:2d144abc1989caec34e9ce98,site:2d144abc1989caec34e9ce98,atom,context:9e2d0a452a489d8149544e71|site:850de90e8c946e04aae510ae,site:850de90e8c946e04aae510ae,atom_group,3.72510500216,1.61079639388,2.11430860828,3.61082903544,-8.93096256256,0.0263946124411,0.0119061023316,12.5811390877,12.518923521,12.5253121853,12.541791598,0.0279448560025,3,0,frozen deterministic type router
2,context:9f785c562aae8f92e0de3fa1,XWLLGMTXHZNRDQ,True,152,context:9f785c562aae8f92e0de3fa1|site:4e3cf2c900b0da4e9f758490,site:4e3cf2c900b0da4e9f758490,bond,context:9f785c562aae8f92e0de3fa1|site:8f79461959adda605e71598b,site:8f79461959adda605e71598b,atom,4.23832834029,0.135620518326,4.10270782196,7.69626712799,-0.399912764629,0.0745789183847,0.0409939769144,8.11947593093,7.99050155282,8.17856219411,8.09617989262,0.0785227366274,3,0,frozen deterministic type router
2,context:9fefed71fdd0f52974ed70b8,NWBWEIOJMVYRIC,True,158,context:9fefed71fdd0f52974ed70b8|site:2c079812d405a21c033ac2df,site:2c079812d405a21c033ac2df,bond,context:9fefed71fdd0f52974ed70b8|site:3684ad4d572c25d6d6e564e8,site:3684ad4d572c25d6d6e564e8,delocalized_region,3.88853238207,0.294452079075,3.59408030299,6.80969444911,-1.67438979944,0.030592730886,0.0534914378745,8.40710866451,8.57915592194,8.46598815918,8.48408424854,0.0713940522005,3,0,frozen deterministic type router
2,context:a18bfc9ac646a8c824acc6ba,UCMIRNVEIXFBKS,True,40,context:a18bfc9ac646a8c824acc6ba|site:573b0b5bf792ff0067cce275,site:573b0b5bf792ff0067cce275,atom,context:a18bfc9ac646a8c824acc6ba|site:cbafe989537dde73eeb7a387,site:cbafe989537dde73eeb7a387,atom_group,2.82443410647,2.7963938516,0.0280402548693,8.13235727946,-4.88016239802,0.0660752520916,0.0690997712964,13.0129871368,13.0172052383,13.0073666573,13.0125196775,0.00403016195977,3,0,frozen deterministic type router
2,context:a1c76225b2c9bca7b1322eda,NKXWEDVASURZRA,True,364,context:a1c76225b2c9bca7b1322eda|site:4075b6efda599569c3a618ac,site:4075b6efda599569c3a618ac,bond,context:a1c76225b2c9bca7b1322eda|site:577ee7ae6b4f805c77b03ee0,site:577ee7ae6b4f805c77b03ee0,atom,3.39733629137,1.01281165263,2.38452463874,5.65889279048,1.94956072172,0.067801873511,0.0255314673662,3.71880483627,3.6120994091,3.79709196091,3.70933206876,0.0758193513071,3,0,frozen deterministic type router
2,context:a1d5ce1cec0fd06dee016218,JUCGZPLNAFWVGZ,True,118,context:a1d5ce1cec0fd06dee016218|site:929685e43f700d5da0618480,site:929685e43f700d5da0618480,bond,context:a1d5ce1cec0fd06dee016218|site:f2ff406e5fbbe6740438185d,site:f2ff406e5fbbe6740438185d,atom,3.48121931297,1.76231138688,1.7189079261,5.25756438573,3.16230456034,0.0545998307532,0.0222455120085,2.12597322464,2.05024051666,2.10956573486,2.09525982539,0.0325305502445,3,0,frozen deterministic type router
2,context:a2d9500db6e502545bc036a3,UBQKCCHYAOITMY,True,63,context:a2d9500db6e502545bc036a3|site:d6acda26b18489ac6ed1cdfa,site:d6acda26b18489ac6ed1cdfa,atom,context:a2d9500db6e502545bc036a3|site:de6fd6f450f8f93f350c90c8,site:de6fd6f450f8f93f350c90c8,atom_group,3.32001663851,1.66041995937,1.65959667914,7.18925046921,-5.97739823659,0.0539078080823,0.050286329224,13.1846385002,13.1751599312,13.140147686,13.1666487058,0.0191344167297,3,0,frozen deterministic type router
2,context:a4335f72939a0cccd51fece2,PXRYIMUHEOUCPU,True,115,context:a4335f72939a0cccd51fece2|site:a59d6e84aab406b52f23d21d,site:a59d6e84aab406b52f23d21d,transferable_h_group,context:a4335f72939a0cccd51fece2|site:0239493140c0be70790f5681,site:0239493140c0be70790f5681,atom_group,4.17616078365,0.724791452925,3.45136933072,6.03932571411,-3.83934847514,0.033397489081,0.0117554931149,9.84196567535,9.8541405201,9.9399163723,9.87867418925,0.0435890693456,3,0,frozen deterministic type router
2,context:a536fb8677a55fd034074879,BTAXCDFJMGWYEI,True,346,context:a536fb8677a55fd034074879|site:9baed5bb7bdaab0aee62ff8b,site:9baed5bb7bdaab0aee62ff8b,bond,context:a536fb8677a55fd034074879|site:cc242e5d9da48681a8f10389,site:cc242e5d9da48681a8f10389,transferable_h_group,4.49518558709,0.883846121597,3.61133946549,4.81306616465,0.309543748697,0.0496096474378,0.0967644864682,4.69333866239,4.38237982988,4.4348487556,4.50352241596,0.135918854709,3,0,frozen deterministic type router
2,context:a59ee1589f0a38611bd9dae1,NUKYPUAOHBNCPY,True,71,context:a59ee1589f0a38611bd9dae1|site:8f5d5e83d686c3a95a55d49a,site:8f5d5e83d686c3a95a55d49a,atom,context:a59ee1589f0a38611bd9dae1|site:999b13620e721ef014e49ba0,site:999b13620e721ef014e49ba0,atom_group,3.57069330445,2.40194505379,1.16874825066,9.4672905604,3.54706104596,0.0680182142316,0.0719208220924,5.90751338005,5.9219725132,5.93120265007,5.92022951444,0.00974932175487,3,0,frozen deterministic type router
2,context:a6d12cf8435e0457e932521e,LDZYRENCLPUXAX,True,106,context:a6d12cf8435e0457e932521e|site:9ca24dba6fda4c7a4784ee56,site:9ca24dba6fda4c7a4784ee56,atom_group,context:a6d12cf8435e0457e932521e|site:7576a136ac8be0497b55e138,site:7576a136ac8be0497b55e138,atom,2.09742810989,1.88721046835,0.210217641538,3.7380232811,3.26434914271,0.045817565567,0.0159529464635,0.515935659409,0.451948642731,0.453138113022,0.473674138387,0.0298873532806,3,0,frozen deterministic type router
2,context:a75649a884cb743552a09be7,VSWDORGPIHIGNW,True,70,context:a75649a884cb743552a09be7|site:31b636ae7818014196385788,site:31b636ae7818014196385788,atom_group,context:a75649a884cb743552a09be7|site:73d37726a3ab10872554deb7,site:73d37726a3ab10872554deb7,atom,6.00547442848,-0.475832970511,6.48130739899,5.33513959249,-3.13993104299,0.0474268121514,0.038943052192,8.51057457924,8.45953631401,8.45510101318,8.47507063548,0.0251702932085,3,0,frozen deterministic type router
2,context:a771a6598170e50e5c45620b,WGQKYBSKWIADBV,True,89,context:a771a6598170e50e5c45620b|site:b1f8c147cdc98b528ad77a53,site:b1f8c147cdc98b528ad77a53,atom,context:a771a6598170e50e5c45620b|site:90d7d17b1c6f2e5f469ea55f,site:90d7d17b1c6f2e5f469ea55f,transferable_h_group,4.4455192355,-0.145208673135,4.59072790863,10.4736455282,-3.08387589455,0.0310103743556,0.0255497685922,13.6305584908,13.5356497765,13.5063560009,13.5575214227,0.0530115792604,3,0,frozen deterministic type router
2,context:a779a0941dfac0753badf054,NWVVVBRKAWDGAB,True,87,context:a779a0941dfac0753badf054|site:868bc63ac4103d1ed6c35dc3,site:868bc63ac4103d1ed6c35dc3,atom,context:a779a0941dfac0753badf054|site:5fb491aa62953ec832be2538,site:5fb491aa62953ec832be2538,atom_group,3.55919497306,1.32247133309,2.23672363997,6.13258552551,-4.37665907542,0.0337994725894,0.0571162313192,10.4804558754,10.5383834839,10.5088944435,10.5092446009,0.0236501432555,3,0,frozen deterministic type router
2,context:a834fe0a7ccc31c86173bdfe,UBQKCCHYAOITMY,True,63,context:a834fe0a7ccc31c86173bdfe|site:d6acda26b18489ac6ed1cdfa,site:d6acda26b18489ac6ed1cdfa,atom,context:a834fe0a7ccc31c86173bdfe|site:de6fd6f450f8f93f350c90c8,site:de6fd6f450f8f93f350c90c8,atom_group,3.58149748453,1.50336887506,2.07812860948,9.03021526337,-7.63670714696,0.0665362571545,0.0663701589313,16.6785302162,16.6703677177,16.651869297,16.6669224103,0.0111535871775,3,0,frozen deterministic type router
2,context:a984d5aa9d24bdb86db5eb53,YHBRWJNSOXJBPT,True,95,context:a984d5aa9d24bdb86db5eb53|site:c4b1bbd32d2a50aeb67690e5,site:c4b1bbd32d2a50aeb67690e5,atom,context:a984d5aa9d24bdb86db5eb53|site:175ee14f765c25a3b596050c,site:175ee14f765c25a3b596050c,atom_group,3.489094727,1.33552602971,2.15356869728,5.29005177816,-5.95708831151,0.0610482402059,0.0254835721663,11.1628994942,11.291759491,11.2867612839,11.2471400897,0.05960203557,3,0,frozen deterministic type router
2,context:aafdb9d6171b313d573129e5,RIRAVPPUGSNYOU,True,255,context:aafdb9d6171b313d573129e5|site:603b8a542e251706240a7ebd,site:603b8a542e251706240a7ebd,transferable_h_group,context:aafdb9d6171b313d573129e5|site:e873e07499af3870a91d1bf0,site:e873e07499af3870a91d1bf0,delocalized_region,4.16436441991,1.14933695166,3.01502746825,5.3914475441,-8.3866780599,0.064871662194,0.0392305595135,13.7363743782,13.8470025063,13.7509999275,13.778125604,0.0490679625428,3,0,frozen deterministic type router
2,context:ac1dcab282b5396d81a9e9ec,JHNAIVKYDKSQEA,True,280,context:ac1dcab282b5396d81a9e9ec|site:077707358089aac53f1068bb,site:077707358089aac53f1068bb,atom,context:ac1dcab282b5396d81a9e9ec|site:c509175111dde78b2b14b542,site:c509175111dde78b2b14b542,transferable_h_group,3.67435067733,0.476345771972,3.19800490536,7.25596253077,1.39200977484,0.0215242263682,0.0368838345075,5.94262802601,5.84214448929,5.80708575249,5.86395275593,0.0574434640797,3,0,frozen deterministic type router
2,context:addf24db111a0821e907290d,CQCAYWAIRTVXIY,False,237,context:addf24db111a0821e907290d|site:a1dbd42c5e7452f6be3d034e,site:a1dbd42c5e7452f6be3d034e,bond,context:addf24db111a0821e907290d|site:232278df5bce7ec21ce192ce,site:232278df5bce7ec21ce192ce,atom,1.52884454696,1.37701676185,0.151827785115,-0.870654463768,2.93704811732,0.044540576386,0.0357066689994,-3.77645140886,-3.83677595854,-3.80988037586,-3.80770258109,0.0246754927804,3,0,frozen deterministic type router
2,context:ae49602792fb9fc899432299,ZHOVAWFVVBWEGQ,True,95,context:ae49602792fb9fc899432299|site:26c66e6fe9d8edd73b6a7bbd,site:26c66e6fe9d8edd73b6a7bbd,transferable_h_group,context:ae49602792fb9fc899432299|site:c884a48dd90e6a66d284d294,site:c884a48dd90e6a66d284d294,delocalized_region,6.6521206998,-0.91332160512,7.56544230492,13.8604647319,-7.32432953517,0.0657195048942,0.00818404442888,21.2484297752,21.197271347,21.1086816788,21.184794267,0.057730065887,3,0,frozen deterministic type router
2,context:ae7b911a996c124cac8b7844,HCAPRCHZTKBBOP,True,191,context:ae7b911a996c124cac8b7844|site:860b18ac9fb0ef1c62611b5b,site:860b18ac9fb0ef1c62611b5b,bond,context:ae7b911a996c124cac8b7844|site:f57c122f1bcdd619beee6b17,site:f57c122f1bcdd619beee6b17,atom,2.77842812431,0.838845297728,1.93958282658,7.11970345179,0.625152210395,0.0417157387652,0.024595669108,6.51912075281,6.45263361931,6.51189935207,6.4945512414,0.0297864895366,3,0,frozen deterministic type router
2,context:aef16221caf7f7bf1a0301df,YZHDCNWZYODVJZ,True,178,context:aef16221caf7f7bf1a0301df|site:0fa6ebfeca5691147c710659,site:0fa6ebfeca5691147c710659,atom,context:aef16221caf7f7bf1a0301df|site:ac54c2cd6d3931a998d536e9,site:ac54c2cd6d3931a998d536e9,atom_group,3.9853551188,0.711717210587,3.27363790822,5.6907265981,-9.64578946431,0.0349777867396,0.0193416942512,15.3632287979,15.3259801865,15.3203392029,15.3365160624,0.0190286249656,3,0,frozen deterministic type router
2,context:b032aaacdf33e020e79ecd78,CXGFWRCEONCYDO,True,196,context:b032aaacdf33e020e79ecd78|site:60f2c994f0594364ef0e7991,site:60f2c994f0594364ef0e7991,atom,context:b032aaacdf33e020e79ecd78|site:25abeff49ed2f11d8bd3046b,site:25abeff49ed2f11d8bd3046b,bond,4.44366819049,-0.183792881438,4.62746107193,6.04211918513,-2.33954731623,0.0172081052862,0.0484979140876,8.353474617,8.42566370964,8.36586117744,8.38166650136,0.0315190151288,3,0,frozen deterministic type router
2,context:b0cfba79726c8d599d23e382,SVTYLQPDIOFSTM,True,113,context:b0cfba79726c8d599d23e382|site:6a8aa169b769169c72dfc647,site:6a8aa169b769169c72dfc647,atom,context:b0cfba79726c8d599d23e382|site:461e4f2748783c7528b45a47,site:461e4f2748783c7528b45a47,atom_group,4.23016380083,0.134059220319,4.09610458051,7.92527071635,-8.12613137563,0.0337107608497,0.0403911503208,16.0486426353,16.0606999397,16.0448637009,16.051402092,0.00675315067232,3,0,frozen deterministic type router
2,context:b1328b5d36f5c3be2e5db37c,LRDAFFPMQTZPCG,True,170,context:b1328b5d36f5c3be2e5db37c|site:e019c1594a2b050091cb173d,site:e019c1594a2b050091cb173d,atom,context:b1328b5d36f5c3be2e5db37c|site:e14af88d4514dbba0488fd52,site:e14af88d4514dbba0488fd52,atom,3.11059566311,1.56887257071,1.5417230924,5.29053990046,3.74881680806,0.0277670489496,0.0555881392644,1.4700422287,1.54177069664,1.61335635185,1.5417230924,0.05850775546,3,0,frozen deterministic type router
2,context:b1b67bef9b2f7e6fd34ba78a,YXBWPNOSJRJIKB,True,124,context:b1b67bef9b2f7e6fd34ba78a|site:94632ec5efe3a0326c15c4b5,site:94632ec5efe3a0326c15c4b5,atom,context:b1b67bef9b2f7e6fd34ba78a|site:78d306459cfee82485057a2b,site:78d306459cfee82485057a2b,atom_group,4.17708402637,0.508967942183,3.66811608419,9.10052331289,-2.39624492327,0.0342450295411,0.0555728549047,11.4671330452,11.5271368027,11.4960348606,11.4967682362,0.0245019197562,3,0,frozen deterministic type router
2,context:b5a41b474b46d7ffba8aac96,HVVNJUAVDAZWCB,True,75,context:b5a41b474b46d7ffba8aac96|site:96edb77c8f64a40dabb49e19,site:96edb77c8f64a40dabb49e19,atom,context:b5a41b474b46d7ffba8aac96|site:f74a9001bc18550364b454ab,site:f74a9001bc18550364b454ab,atom_group,4.89349738305,-0.299074462346,5.1925718454,6.82912747065,-12.7649059296,0.0207940462445,0.0329510986294,19.6100797653,19.600233078,19.5717873573,19.5940334002,0.0162358478044,3,0,frozen deterministic type router
2,context:b5e99f3fe899c9a8e41b01fc,HZAXFHJVJLSVMW,True,31,context:b5e99f3fe899c9a8e41b01fc|site:2d144abc1989caec34e9ce98,site:2d144abc1989caec34e9ce98,atom,context:b5e99f3fe899c9a8e41b01fc|site:850de90e8c946e04aae510ae,site:850de90e8c946e04aae510ae,atom_group,4.04942612881,1.55886852844,2.49055760038,5.7366455396,-9.65820376078,0.0476281324937,0.0515205283324,15.4021744728,15.4018583298,15.3805150986,15.3948493004,0.0101366329982,3,0,frozen deterministic type router
2,context:b60a7560daaeb689908cdfe8,IUDSCMPRPHGDII,True,15,context:b60a7560daaeb689908cdfe8|site:05a779de29bd9e9925994012,site:05a779de29bd9e9925994012,transferable_h_group,context:b60a7560daaeb689908cdfe8|site:0d4bed217bd79d96cf995866,site:0d4bed217bd79d96cf995866,atom,3.30537902246,1.08913106556,2.2162479569,9.58404668172,-2.79276712735,0.0618072124384,0.0442108423392,12.4028208256,12.3578813076,12.3697392941,12.3768138091,0.0190162499121,3,0,frozen deterministic type router
2,context:b67d11ba358da98110502c9f,FMXIGEXRLSNRMR,True,270,context:b67d11ba358da98110502c9f|site:6355de2679fd7845e04418e3,site:6355de2679fd7845e04418e3,bond,context:b67d11ba358da98110502c9f|site:d898c84c735cc05d9e55e67e,site:d898c84c735cc05d9e55e67e,transferable_h_group,3.30221401474,1.05343829551,2.24877571923,2.8513563474,2.04796330134,0.0956333334942,0.11119529983,0.826531171799,0.76625418663,0.817393779755,0.803393046061,0.0265247575322,3,0,frozen deterministic type router
2,context:b888170ad9a340b4cefe718a,UBQKCCHYAOITMY,True,63,context:b888170ad9a340b4cefe718a|site:d6acda26b18489ac6ed1cdfa,site:d6acda26b18489ac6ed1cdfa,atom,context:b888170ad9a340b4cefe718a|site:de6fd6f450f8f93f350c90c8,site:de6fd6f450f8f93f350c90c8,atom_group,2.86246554327,1.60308149928,1.25938404398,8.04239988327,-6.32192802429,0.0521751409387,0.0590502043972,14.3713831902,14.38545084,14.3361496925,14.3643279076,0.0207361768348,3,0,frozen deterministic type router
2,context:bf5663cc95ff03d5452aa635,BHPRLMYARNVDRJ,True,340,context:bf5663cc95ff03d5452aa635|site:91bf9f770f1ef65e116c34bb,site:91bf9f770f1ef65e116c34bb,atom,context:bf5663cc95ff03d5452aa635|site:28a17580838cfc7b3ab80760,site:28a17580838cfc7b3ab80760,bond,1.96279516555,1.74405193602,0.218743229535,3.88311258952,-5.98511123657,0.037782476773,0.0544981912292,9.86613464355,9.89563012123,9.84290671349,9.86822382609,0.0215748764975,3,0,frozen deterministic type router
2,context:c39448a395855de821fcd261,XFTYGCGYGZSRHZ,True,205,context:c39448a395855de821fcd261|site:7003d1db0b6b1cd1e5e62919,site:7003d1db0b6b1cd1e5e62919,bond,context:c39448a395855de821fcd261|site:ee2042b5b8221638103a085d,site:ee2042b5b8221638103a085d,delocalized_region,3.3531008625,1.10710255991,2.24599830259,7.62920808792,-4.10079399745,0.058874684144,0.106558509352,11.7135233879,11.8011035919,11.6753792763,11.7300020854,0.0526327622206,3,0,frozen deterministic type router
2,context:c5327dd92eaa5ebcbd953264,WEHWNAOGRSTTBQ,True,73,context:c5327dd92eaa5ebcbd953264|site:11a1bf9b271a2069274aab8c,site:11a1bf9b271a2069274aab8c,atom,context:c5327dd92eaa5ebcbd953264|site:ceea1f2ba54aedf43f5650d8,site:ceea1f2ba54aedf43f5650d8,transferable_h_group,3.10851565882,0.36371999162,2.7447956672,9.05510012309,-5.88413524628,0.0272536749194,0.0298726405153,15.0099701881,14.9002623558,14.9074735641,14.9392353694,0.0501036347447,3,0,frozen deterministic type router
2,context:c5cbd36122fb5f6311ef9242,SEULWJSKCVACTH,True,113,context:c5cbd36122fb5f6311ef9242|site:014322f7bfdf8722ed8edcf0,site:014322f7bfdf8722ed8edcf0,atom,context:c5cbd36122fb5f6311ef9242|site:0b3cf632dc3dda7600b18b61,site:0b3cf632dc3dda7600b18b61,atom_group,3.50233133522,0.446652710717,3.0556786245,8.22014935811,-2.16360330582,0.00698318150171,0.0228939638223,10.350358963,10.4023709297,10.3985280991,10.3837526639,0.0236649710556,3,0,frozen deterministic type router
2,context:c7acd2c4e06d90e1b4b00fd7,YKHOCZAGQAVNHX,True,245,context:c7acd2c4e06d90e1b4b00fd7|site:5c21cd4288e4674611667130,site:5c21cd4288e4674611667130,transferable_h_group,context:c7acd2c4e06d90e1b4b00fd7|site:cd5b705396e86c5a5d363360,site:cd5b705396e86c5a5d363360,bond,4.00521214908,-0.133115641615,4.13832779069,7.07894627253,-3.76535630226,0.0414582796626,0.0613428602623,10.8316357136,10.8775348663,10.8237371445,10.8443025748,0.0237189902709,3,0,frozen deterministic type router
2,context:c7ace95893be7bbbe2b5c0b1,KDQBKCRYCZJUAE,True,88,context:c7ace95893be7bbbe2b5c0b1|site:ca27a7e03f97064df070b6ab,site:ca27a7e03f97064df070b6ab,transferable_h_group,context:c7ace95893be7bbbe2b5c0b1|site:8fd89e0d75add486dc6e36b8,site:8fd89e0d75add486dc6e36b8,transferable_h_group,4.02203980879,3.46976431009,0.552275498708,2.81642397245,2.26414847374,0.0517363452055,0.0505311255701,0.553578615189,0.553520679474,0.549727201462,0.552275498708,0.00180207348692,3,0,frozen deterministic type router
2,context:c8287d3c54ac6549178c1236,LUNOXNMCFPFPMO,True,121,context:c8287d3c54ac6549178c1236|site:ee9eb60de067d8e7ba146ca7,site:ee9eb60de067d8e7ba146ca7,delocalized_region,context:c8287d3c54ac6549178c1236|site:aac58534751e9a0b54caff16,site:aac58534751e9a0b54caff16,bond,4.43881990359,-0.21343216321,4.6522520668,6.60126018524,-3.68828837077,0.0635301202986,0.0416236240072,10.3417141438,10.2719860077,10.2549455166,10.289548556,0.037536923979,3,0,frozen deterministic type router
2,context:cd049503ec5505139525a8b2,HYCVUSVTXXYRDT,True,210,context:cd049503ec5505139525a8b2|site:0acc2a40fa6b4db5063abb81,site:0acc2a40fa6b4db5063abb81,bond,context:cd049503ec5505139525a8b2|site:ae246aa754b7a541b480f244,site:ae246aa754b7a541b480f244,transferable_h_group,1.88363410163,1.71606946779,0.167564633842,5.95567035675,-3.66446479162,0.0660002870695,0.0565991982928,9.66761064529,9.50619506836,9.68659973145,9.62013514837,0.0809399066065,3,0,frozen deterministic type router
2,context:d4eb852c1bcd5b9137d6f6e8,PXUCISHGVVQCJJ,True,251,context:d4eb852c1bcd5b9137d6f6e8|site:b4b66754670a69ef49a054be,site:b4b66754670a69ef49a054be,delocalized_region,context:d4eb852c1bcd5b9137d6f6e8|site:fb3865ad4ef81133e7ab7638,site:fb3865ad4ef81133e7ab7638,bond,3.01181090444,1.60976450789,1.40204639655,3.97858905792,2.68795935313,0.0866175086363,0.0124930012315,1.41328597069,1.17094302177,1.28766012192,1.29062970479,0.0989583752187,3,0,frozen deterministic type router
2,context:d4f87a56acd1f31d36ce9975,BXGXGTXWGGOFSP,True,98,context:d4f87a56acd1f31d36ce9975|site:e7e1bbf3d3fcb025bf7cf543,site:e7e1bbf3d3fcb025bf7cf543,atom,context:d4f87a56acd1f31d36ce9975|site:8e14efdbeb65648d0d04d7ec,site:8e14efdbeb65648d0d04d7ec,atom_group,4.13743837488,0.845702034702,3.29173634018,9.70032437642,-4.3809393247,0.0565596723551,0.0706385873667,14.0476865768,14.1031775475,14.0929269791,14.0812637011,0.0241085876007,3,0,frozen deterministic type router
2,context:d5c0a0463e4c1077962b2cbe,RRHGJUQNOFWUDK,False,50,context:d5c0a0463e4c1077962b2cbe|site:812e112e2a0107a9cb51a397,site:812e112e2a0107a9cb51a397,bond,context:d5c0a0463e4c1077962b2cbe|site:6f48fe72f333c9e8212366ce,site:6f48fe72f333c9e8212366ce,bond,2.47391955938,2.08205557749,0.391863981883,8.11854076385,7.72667678197,0.0111571800993,0.00251066379796,0.409156322479,0.383904933929,0.38253068924,0.391863981883,0.0122403954075,3,0,frozen deterministic type router
2,context:d61c30493a2e6bc9b688b38c,PAQKPEIXPUQANL,True,120,context:d61c30493a2e6bc9b688b38c|site:38a83ccd36206c2d7048f28b,site:38a83ccd36206c2d7048f28b,atom,context:d61c30493a2e6bc9b688b38c|site:109f70a91eb3f2f1b85e9b2b,site:109f70a91eb3f2f1b85e9b2b,atom_group,4.64555789541,-0.0860061279749,4.73156402339,8.58514690399,-9.09870243073,0.0357829889162,0.0303510116546,17.6336116791,17.7067127228,17.7112236023,17.6838493347,0.0355710888375,3,0,frozen deterministic type router
2,context:d6880797b4826e410604dcce,UVGXNNJEGDSWFX,True,178,context:d6880797b4826e410604dcce|site:09920db39f3ddaa45d0af037,site:09920db39f3ddaa45d0af037,transferable_h_group,context:d6880797b4826e410604dcce|site:0b9aa91d492904a23fc83a78,site:0b9aa91d492904a23fc83a78,atom,2.49649595769,1.363776868,1.13271908969,1.44121142228,2.65259313583,0.0204746123364,0.0172923094583,-1.17052018642,-1.25883150101,-1.20479345322,-1.21138171355,0.0363526794198,3,0,frozen deterministic type router
2,context:d6bb49551b49eeffeba20626,AIZXHAQJVQMZKC,True,98,context:d6bb49551b49eeffeba20626|site:78879fddf77cfedf920afccb,site:78879fddf77cfedf920afccb,transferable_h_group,context:d6bb49551b49eeffeba20626|site:49358d171b3f982cbd2ea35d,site:49358d171b3f982cbd2ea35d,delocalized_region,5.01013466552,0.304976063323,4.70515860219,6.45759709676,-5.53140830994,0.0665462030282,0.0318733708117,11.8843970299,12.1160998344,11.9665193558,11.9890054067,0.0959192864704,3,0,frozen deterministic type router
2,context:d6cf4e9145fd6bfe5337b41d,GVLZYMDNTPNTLV,True,68,context:d6cf4e9145fd6bfe5337b41d|site:b278c6fefd29db2a507c9fd6,site:b278c6fefd29db2a507c9fd6,atom,context:d6cf4e9145fd6bfe5337b41d|site:f6dd3a128b9ef49c65bbe350,site:f6dd3a128b9ef49c65bbe350,atom_group,2.96889904299,1.2898518307,1.67904721229,5.92494551341,-0.83560325702,0.0252091672113,0.0510472588369,6.72312879562,6.79653066397,6.76198685169,6.76054877043,0.0299834357312,3,0,frozen deterministic type router
2,context:d8b53025b889eeb4c93c7fcc,IPAFDBBZLFLLBK,True,161,context:d8b53025b889eeb4c93c7fcc|site:27148e76dbbb76e7302fe0c9,site:27148e76dbbb76e7302fe0c9,atom,context:d8b53025b889eeb4c93c7fcc|site:0d7d371342deb7d6b977d2bb,site:0d7d371342deb7d6b977d2bb,bond,2.92466066082,0.0366993630102,2.88796129781,5.31180620193,-8.57978693644,0.0514751959067,0.0117938484333,13.8376464844,13.9523539543,13.8847789764,13.8915931384,0.0470763600773,3,0,frozen deterministic type router
2,context:d982a83b8075804de3c150e0,AYFVYJQAPQTCCC,True,57,context:d982a83b8075804de3c150e0|site:998b03223e1973683acbb79b,site:998b03223e1973683acbb79b,atom,context:d982a83b8075804de3c150e0|site:d300befb84f201c3089b2a6c,site:d300befb84f201c3089b2a6c,atom_group,3.31696905773,1.5900723803,1.72689667743,5.14275137583,-3.45095403989,0.0622532147064,0.0676527880434,8.58445310593,8.601354599,8.59530854225,8.59370541573,0.00699250208025,3,0,frozen deterministic type router
2,context:dac66a4ec7be679abcde1df9,JXRIJOKAIPTVJM,True,106,context:dac66a4ec7be679abcde1df9|site:60cde429b05b44b9d5fb6467,site:60cde429b05b44b9d5fb6467,atom,context:dac66a4ec7be679abcde1df9|site:bbd1ee9957ae0febb7fe194f,site:bbd1ee9957ae0febb7fe194f,atom_group,3.69515335695,0.120983576707,3.57416978025,6.87369600932,-7.07119814555,0.044613907111,0.0372061454913,13.8377976418,14.0117125511,13.9851722717,13.9448941549,0.0764998646976,3,0,frozen deterministic type router
2,context:dca4cd8565b4ccd6296ae4bc,COIOYMYWGDAQPM,True,252,context:dca4cd8565b4ccd6296ae4bc|site:1e68d48af559b6376ddb8482,site:1e68d48af559b6376ddb8482,atom,context:dca4cd8565b4ccd6296ae4bc|site:a35b8b3632b95deea5c1c154,site:a35b8b3632b95deea5c1c154,transferable_h_group,4.38980497859,-0.16851035768,4.55831533627,6.30684073766,-8.54621537526,0.0493694556757,0.0713400936585,14.9243917465,14.7675347328,14.8672418594,14.8530561129,0.0648174731584,3,0,frozen deterministic type router
2,context:dd5620774dff76a6e3477952,WGQKYBSKWIADBV,True,89,context:dd5620774dff76a6e3477952|site:b1f8c147cdc98b528ad77a53,site:b1f8c147cdc98b528ad77a53,atom,context:dd5620774dff76a6e3477952|site:c4bf73d557d5cb21c9cd1e66,site:c4bf73d557d5cb21c9cd1e66,delocalized_region,4.6591353424,-0.0814285486848,4.74056389109,8.64366086324,-8.19407908122,0.046817843475,0.0691911541977,16.9980173111,16.7711858749,16.7440166473,16.8377399445,0.11387468968,3,0,frozen deterministic type router
2,context:de5dc22f0de657af741a9a46,AGGWMMREWZMVCV,True,325,context:de5dc22f0de657af741a9a46|site:6db195235689e3658dfc538f,site:6db195235689e3658dfc538f,atom,context:de5dc22f0de657af741a9a46|site:1ec73dabaac00902f1fbc02c,site:1ec73dabaac00902f1fbc02c,delocalized_region,2.40102448503,1.69356443642,0.707460048613,5.75865316391,-4.94712845484,0.0258453242814,0.0518948207303,10.6864852905,10.7428402901,10.6880192757,10.7057816188,0.0262119199011,3,0,frozen deterministic type router
2,context:de91c6cb5da2a661de9703e3,WYGIWVCWYKSYOE,True,252,context:de91c6cb5da2a661de9703e3|site:45d97ac6d442565bb5f8c437,site:45d97ac6d442565bb5f8c437,transferable_h_group,context:de91c6cb5da2a661de9703e3|site:e59ef0e0839f6b247596d6b8,site:e59ef0e0839f6b247596d6b8,delocalized_region,4.22304624742,1.00782306832,3.2152231791,7.41332356135,-10.3062092463,0.0635191826567,0.0738604830573,17.7382164001,17.7478251457,17.6725568771,17.7195328077,0.033447825389,3,0,frozen deterministic type router
2,context:df57156a118f52f1da287dab,KFZMGEQAYNKOFK,False,37,context:df57156a118f52f1da287dab|site:07e1e99b7b3f949ab89195a2,site:07e1e99b7b3f949ab89195a2,transferable_h_group,context:df57156a118f52f1da287dab|site:9200996f4191fff89c43eb87,site:9200996f4191fff89c43eb87,atom,2.1029310448,1.92904274876,0.173888296044,1.35199272633,4.09578545888,0.0514617617807,0.0377403110579,-2.78275537491,-2.74213314056,-2.7064896822,-2.74379273256,0.0311574459304,3,0,frozen deterministic type router
2,context:e3aeee7747d9e0b8098d1be7,QJAMTKNSLVOXAF,True,117,context:e3aeee7747d9e0b8098d1be7|site:8604316dd730c28763ed2cbd,site:8604316dd730c28763ed2cbd,atom,context:e3aeee7747d9e0b8098d1be7|site:c19296a0e736c5fd1a1d6149,site:c19296a0e736c5fd1a1d6149,atom_group,4.26130313417,1.12277541652,3.13852771765,8.07036368052,-7.78844261169,0.0266020984259,0.0455776547258,15.8281488419,15.8602056503,15.8880643845,15.8588062922,0.0244804236576,3,0,frozen deterministic type router
2,context:e594f98f70ebe845b776bbaf,YRABRACUKBOTKB,True,80,context:e594f98f70ebe845b776bbaf|site:2bc24d554642c988470e66f8,site:2bc24d554642c988470e66f8,delocalized_region,context:e594f98f70ebe845b776bbaf|site:8117a798d6bd6a5e514f1829,site:8117a798d6bd6a5e514f1829,atom_group,2.98724289213,0.212167298018,2.77507559411,1.15052056313,-6.86290025711,0.061424250534,0.0298649156703,8.0514074564,7.97403073311,8.0148242712,8.01342082024,0.0316044994973,3,0,frozen deterministic type router
2,context:e8d7073ebe18daf9513f99d1,YPWFISCTZQNZAU,True,73,context:e8d7073ebe18daf9513f99d1|site:7e2d71170e79c4f0c135d5eb,site:7e2d71170e79c4f0c135d5eb,atom,context:e8d7073ebe18daf9513f99d1|site:a3db143ad57714ccec658ff1,site:a3db143ad57714ccec658ff1,transferable_h_group,3.612368441,0.0768391165689,3.53552932443,5.04646142324,-10.677189827,0.00904222655995,0.010956637703,15.7248387337,15.7209253311,15.7251896858,15.7236512502,0.00193283349986,3,0,frozen deterministic type router
2,context:ea9ab3f5c7d1d8971a4092b3,WLPUWLXVBWGYMZ,True,256,context:ea9ab3f5c7d1d8971a4092b3|site:d56f7020787718c953eac1f9,site:d56f7020787718c953eac1f9,atom,context:ea9ab3f5c7d1d8971a4092b3|site:f6f88cd18ab1d186a359371c,site:f6f88cd18ab1d186a359371c,transferable_h_group,2.67743933452,0.712662876585,1.96477645794,4.85656611125,-9.30983320872,0.053726790867,0.0446508269917,14.2050600052,14.1100149155,14.1841230392,14.16639932,0.0407757275746,3,0,frozen deterministic type router
2,context:eb4610042d7de2f119b4ea1e,OZBUYKMVICLROK,True,155,context:eb4610042d7de2f119b4ea1e|site:882a40909bcf18013d6ee248,site:882a40909bcf18013d6ee248,bond,context:eb4610042d7de2f119b4ea1e|site:68a53de18319b5a851205d07,site:68a53de18319b5a851205d07,atom_group,3.19063775354,0.426317246501,2.76432050704,4.82953977585,-3.45207103093,0.072031681226,0.0543596029399,8.28580212593,8.24405813217,8.31497216225,8.28161080678,0.0291018359389,3,0,frozen deterministic type router
2,context:ebb7dbcdc48e89b7419814e6,RUJFIXHHAWJMRM,True,139,context:ebb7dbcdc48e89b7419814e6|site:5eb75a8206aa8932634144b7,site:5eb75a8206aa8932634144b7,atom,context:ebb7dbcdc48e89b7419814e6|site:bac3e79e1af9160f25a4ecf1,site:bac3e79e1af9160f25a4ecf1,transferable_h_group,4.40014377812,0.0264909269302,4.37365285119,9.6198720932,-2.8784447511,0.0487661354949,0.0460433144138,12.6165308952,12.482375145,12.3960444927,12.4983168443,0.0907162857729,3,0,frozen deterministic type router
2,context:ebcba9672d2a5200364d8aac,ROSDSFDQCJNGOL,True,27,context:ebcba9672d2a5200364d8aac|site:e3b5877eb1c3a7bb0e17fcee,site:e3b5877eb1c3a7bb0e17fcee,atom,context:ebcba9672d2a5200364d8aac|site:3ec7ca98feffdff828e88bd3,site:3ec7ca98feffdff828e88bd3,atom_group,4.01468935648,2.33853581297,1.67615354351,10.0251747767,-12.698234876,0.0506836671629,0.0448303817846,22.7525005341,22.7170801163,22.7006483078,22.7234096527,0.0216365526459,3,0,frozen deterministic type router
2,context:ec130964c1d513d7bc7eed85,VYZGUDWMCNUVCU,False,118,context:ec130964c1d513d7bc7eed85|site:bae9550f339d84d3c588a2e8,site:bae9550f339d84d3c588a2e8,atom,context:ec130964c1d513d7bc7eed85|site:00605665a99cdbab75727ebd,site:00605665a99cdbab75727ebd,atom,3.26921072239,2.85478281115,0.414427911242,0.635577023029,0.221149111787,0.0454247269608,0.0905214875619,0.439042761922,0.481461286545,0.322779685259,0.414427911242,0.0670789624357,3,0,frozen deterministic type router
2,context:ecef81dc7db97b63f7c09790,CWTAUZSJBADZNH,True,98,context:ecef81dc7db97b63f7c09790|site:c264ab0db315c1893922a13a,site:c264ab0db315c1893922a13a,transferable_h_group,context:ecef81dc7db97b63f7c09790|site:f156f3d2fd6fed5028e94dfd,site:f156f3d2fd6fed5028e94dfd,delocalized_region,4.71457793789,0.738226091856,3.97635184603,4.93268823624,-3.48797281583,0.0681376112955,0.0310552174711,8.31688380241,8.55246162415,8.39263772964,8.42066105207,0.0981943904463,3,0,frozen deterministic type router
2,context:ed98b693f762083339eea336,YHYLDEVWYOFIJK,True,117,context:ed98b693f762083339eea336|site:735fcb8aebf3ca116e71c6a3,site:735fcb8aebf3ca116e71c6a3,delocalized_region,context:ed98b693f762083339eea336|site:fc92f30e7fc3e0cf8c0c2b82,site:fc92f30e7fc3e0cf8c0c2b82,atom_group,3.99280083197,0.59930186071,3.39349897126,2.84573141734,-3.62765685717,0.0640235334581,0.0337245162031,6.49999547005,6.41089344025,6.50927591324,6.47338827451,0.0443526390702,3,0,frozen deterministic type router
2,context:eee81696a56003b19f4d122c,RUJFIXHHAWJMRM,True,139,context:eee81696a56003b19f4d122c|site:5eb75a8206aa8932634144b7,site:5eb75a8206aa8932634144b7,atom,context:eee81696a56003b19f4d122c|site:dd7106e6b041e312e77eba84,site:dd7106e6b041e312e77eba84,delocalized_region,4.53368536012,-0.0645414221872,4.5982267823,9.39839967092,-9.8215637207,0.0168833323909,0.0521008012143,19.2984142303,19.1981058121,19.1633701324,19.2199633916,0.0572569788017,3,0,frozen deterministic type router
2,context:f095e913e5bfb6896ba60e12,WNXJIVFYUVYPPR,True,44,context:f095e913e5bfb6896ba60e12|site:30364770732cdf80051e25c3,site:30364770732cdf80051e25c3,transferable_h_group,context:f095e913e5bfb6896ba60e12|site:7dad2e58e6ad28ce4b5f8a0b,site:7dad2e58e6ad28ce4b5f8a0b,atom_group,3.53706584764,0.547656398111,2.98940944953,5.98242553075,-9.21876239777,0.107332939837,0.0168723534132,15.0757417679,15.2914814949,15.2363405228,15.2011879285,0.0915157039911,3,0,frozen deterministic type router
2,context:f29ce1a716de52fd5fa2a2c4,WYGIWVCWYKSYOE,True,252,context:f29ce1a716de52fd5fa2a2c4|site:45d97ac6d442565bb5f8c437,site:45d97ac6d442565bb5f8c437,transferable_h_group,context:f29ce1a716de52fd5fa2a2c4|site:e59ef0e0839f6b247596d6b8,site:e59ef0e0839f6b247596d6b8,delocalized_region,4.48590756367,0.929759603502,3.55614796017,5.69071658452,-10.7230431239,0.0674717513996,0.101642774992,16.4895105362,16.4590058327,16.2927627563,16.4137597084,0.0864593586202,3,0,frozen deterministic type router
2,context:f30df2cdaeac4367c6ebbd7f,UXRWKUANJXGBFO,True,267,context:f30df2cdaeac4367c6ebbd7f|site:b4bacd8b6a929ee8c1122916,site:b4bacd8b6a929ee8c1122916,atom,context:f30df2cdaeac4367c6ebbd7f|site:b3c46a1d2d5c252384366b2d,site:b3c46a1d2d5c252384366b2d,transferable_h_group,4.75668893934,-0.451928676642,5.20861761598,9.00948143005,-1.87982483705,0.0457124174848,0.105243170527,11.0364403725,10.7185125351,10.9129658937,10.8893062671,0.13086726327,3,0,frozen deterministic type router
2,context:f30e230f60072bfee504d1de,DOSUFOHMKYVOEX,True,246,context:f30e230f60072bfee504d1de|site:8e550cafa00fd001a36d6fd6,site:8e550cafa00fd001a36d6fd6,atom,context:f30e230f60072bfee504d1de|site:23bf23c9360fc5d84c94c79a,site:23bf23c9360fc5d84c94c79a,delocalized_region,4.37232574226,0.216146160137,4.15617958213,7.05060609182,-3.33482599258,0.0421779460114,0.0476505874428,10.3929340839,10.4074661732,10.3558959961,10.3854320844,0.0217114530262,3,0,frozen deterministic type router
2,context:f321c3aa8a60b34231f3f831,XGWUPYJCHCOOMU,False,170,context:f321c3aa8a60b34231f3f831|site:ed98d16f76d03a7c57a4c035,site:ed98d16f76d03a7c57a4c035,atom,context:f321c3aa8a60b34231f3f831|site:b853a1157ac440c44abb2e69,site:b853a1157ac440c44abb2e69,atom,2.22302285644,1.69812520159,0.524897654851,3.82619198163,3.30129432678,0.0345545414429,0.0218748873685,0.524392366409,0.507966518402,0.542334079742,0.524897654851,0.0140350467385,3,0,frozen deterministic type router
2,context:f567361183388faaac3df689,KCBNBKKOFYQYKM,True,131,context:f567361183388faaac3df689|site:1d40d0a8010fc8d7334981e3,site:1d40d0a8010fc8d7334981e3,atom,context:f567361183388faaac3df689|site:f9177deef2d76a342b7dc3c0,site:f9177deef2d76a342b7dc3c0,atom_group,5.15654838551,-0.234698850524,5.39124723603,8.34770043691,-8.54594230652,0.0294845146425,0.0441280868512,16.8693571091,16.9212560654,16.8903150558,16.8936427434,0.0213179196094,3,0,frozen deterministic type router
2,context:f57d3ed8833b8ecbd00a9f7e,HFPZCAJZSCWRBC,False,110,context:f57d3ed8833b8ecbd00a9f7e|site:b644a23390190656ae6ca259,site:b644a23390190656ae6ca259,delocalized_region,context:f57d3ed8833b8ecbd00a9f7e|site:c86c2bd586242b4fa55fc81e,site:c86c2bd586242b4fa55fc81e,transferable_h_group,2.01255030791,1.56900132301,0.443548984896,-7.03306818008,-1.98854104678,0.0900791229178,0.11061458587,-5.08927559853,-5.15477800369,-4.8895277977,-5.04452713331,0.112816183235,3,0,frozen deterministic type router
2,context:f5820c8b1fe395fbc6e2302a,OKKJLVBELUTLKV,True,14,context:f5820c8b1fe395fbc6e2302a|site:a3632b877f14b2ae56c92956,site:a3632b877f14b2ae56c92956,atom,context:f5820c8b1fe395fbc6e2302a|site:ccc3324a7fac270f068a4c53,site:ccc3324a7fac270f068a4c53,transferable_h_group,3.00952186515,0.619573335697,2.38994852945,5.13815100988,-3.94955738386,0.0267053765434,0.0758410220155,9.15221691132,9.08125448227,9.02965378761,9.08770839373,0.0502438689649,3,0,frozen deterministic type router
2,context:f975dbfb496f51a8334232d0,SLCJQIBAFJDZBP,True,109,context:f975dbfb496f51a8334232d0|site:58660199af68049c4f2929ad,site:58660199af68049c4f2929ad,transferable_h_group,context:f975dbfb496f51a8334232d0|site:d284cc05d89d7f31c92981a0,site:d284cc05d89d7f31c92981a0,delocalized_region,5.39148514551,0.791205027599,4.60028011791,10.677418073,-10.2987527847,0.0740865106056,0.110855724518,21.2143621445,20.9421653748,20.771985054,20.9761708577,0.182193399432,3,0,frozen deterministic type router
2,context:f9fde469fff501434f45fc13,PHODFIDDEBEGCS,True,84,context:f9fde469fff501434f45fc13|site:b9e0adfe5cf6b14fb58997f1,site:b9e0adfe5cf6b14fb58997f1,atom,context:f9fde469fff501434f45fc13|site:f6c0c25767ba113556eadd0d,site:f6c0c25767ba113556eadd0d,transferable_h_group,3.67434753835,0.168305245281,3.50604229306,8.42158222198,-5.9247191747,0.0136836552133,0.0233906226976,14.3711633682,14.3608145714,14.3069262505,14.3463013967,0.0281611553327,3,0,frozen deterministic type router
2,context:fbcca05b36a0f0897f6b9618,CAUJWSPJKGGYDW,True,101,context:fbcca05b36a0f0897f6b9618|site:122beeb539cbe7636264a40f,site:122beeb539cbe7636264a40f,bond,context:fbcca05b36a0f0897f6b9618|site:94a65390a8e0ff8ba83375b9,site:94a65390a8e0ff8ba83375b9,atom,3.44958184575,0.856760841381,2.59282100437,5.69758987427,2.72876516978,0.0611442413997,0.031307377906,2.99693894386,2.92705845833,2.98247671127,2.96882470449,0.0301175865742,3,0,frozen deterministic type router
2,context:fcc341c4876b02b97c02be17,ZBCBWPMODOFKDW,True,59,context:fcc341c4876b02b97c02be17|site:ee9b756b62b30815dff5c641,site:ee9b756b62b30815dff5c641,atom,context:fcc341c4876b02b97c02be17|site:df1c814b0ca570afdab9c0c8,site:df1c814b0ca570afdab9c0c8,atom_group,2.85574888623,1.88205024983,0.973698636401,4.92470391591,-7.32164700826,0.0500845703267,0.0429132180735,12.2494139671,12.2341132164,12.255525589,12.2463509242,0.00900589063144,3,0,frozen deterministic type router
2,context:fd81e382acc48c2942093435,QFPCZAFYDVWWCG,True,98,context:fd81e382acc48c2942093435|site:04a4734bb4d8592d61022de2,site:04a4734bb4d8592d61022de2,atom,context:fd81e382acc48c2942093435|site:82a938a72ce02ab94d8dd1a9,site:82a938a72ce02ab94d8dd1a9,atom_group,4.69099343319,0.487871204088,4.2031222291,10.3247095744,-7.41312328974,0.0492451120705,0.0458982805064,17.7532725334,17.7392311096,17.7209949493,17.7378328641,0.0132143085653,3,0,frozen deterministic type router
2,context:fdd045374269b5b36d630482,XBKIDSNNBHCFMZ,True,156,context:fdd045374269b5b36d630482|site:da2ca279e922e4adb1b609d1,site:da2ca279e922e4adb1b609d1,transferable_h_group,context:fdd045374269b5b36d630482|site:d8e74aeb15b5432b9b054195,site:d8e74aeb15b5432b9b054195,bond,4.48769416033,-0.113525491847,4.60121965218,5.9226752917,1.87292118867,0.0623909013018,0.0651591767167,4.1006244421,4.08799386024,3.96064400673,4.04975410302,0.0632209872636,3,0,frozen deterministic type router
2,context:fe8033b706fa1f29525414df,DIIIISSCIXVANO,True,36,context:fe8033b706fa1f29525414df|site:098868bb97b55d742db09d2c,site:098868bb97b55d742db09d2c,atom_group,context:fe8033b706fa1f29525414df|site:4595dbe99d8f2afbdd1af116,site:4595dbe99d8f2afbdd1af116,atom,3.82629651851,0.448019879479,3.37827663903,-4.65988874435,3.81382695834,0.0606968991712,0.0438462750033,-8.4501619339,-8.49188995361,-8.47909522057,-8.47371570269,0.0174549193969,3,0,frozen deterministic type router
2,context:fecf0f7efcea1fb6443c631e,OGCGXUGBDJGFFY,True,217,context:fecf0f7efcea1fb6443c631e|site:468f3154a3ab130bdf69ae11,site:468f3154a3ab130bdf69ae11,atom,context:fecf0f7efcea1fb6443c631e|site:26fd40992df20059ce40d886,site:26fd40992df20059ce40d886,delocalized_region,3.50681518385,-0.0758255188458,3.5826407027,5.42216523488,-8.0344414711,0.0119369952104,0.0341069499153,13.5160441399,13.4455885887,13.4081873894,13.456606706,0.0447162821769,3,0,frozen deterministic type router
2,context:fed76c98c34cff45b358c41c,NKHMSOXIXROFRU,True,139,context:fed76c98c34cff45b358c41c|site:0f948a2c725527fdfef3255a,site:0f948a2c725527fdfef3255a,atom,context:fed76c98c34cff45b358c41c|site:a66aa9dd601e2e4c08630ccf,site:a66aa9dd601e2e4c08630ccf,delocalized_region,4.248240541,0.145025122012,4.10321541899,8.9296836853,-8.96919441223,0.0209271223008,0.0517666714721,17.989730835,17.8698196411,17.8370838165,17.8988780975,0.0656179521994,3,0,frozen deterministic type router
2,context:ff347129e8f02e72207eade3,IQUPABOKLQSFBK,True,81,context:ff347129e8f02e72207eade3|site:1a8422f72dea6aa472d8f170,site:1a8422f72dea6aa472d8f170,atom,context:ff347129e8f02e72207eade3|site:9cdf752ac48ee2d4c41f5762,site:9cdf752ac48ee2d4c41f5762,atom_group,3.20322788626,0.861865812378,2.34136207388,2.9933728377,-10.3636773427,0.0551444686009,0.0225886274867,13.2539620399,13.4362361431,13.3809523582,13.3570501804,0.076308355808,3,0,frozen deterministic type router
2,context:ff523eef0e27136df1c05852,IQUPABOKLQSFBK,True,81,context:ff523eef0e27136df1c05852|site:1a8422f72dea6aa472d8f170,site:1a8422f72dea6aa472d8f170,atom,context:ff523eef0e27136df1c05852|site:9cdf752ac48ee2d4c41f5762,site:9cdf752ac48ee2d4c41f5762,atom_group,3.0618220951,0.906125614075,2.15569648103,4.00266083082,-7.45697577794,0.0451038819158,0.0495317764101,11.3597528934,11.5227441788,11.4964127541,11.4596366088,0.0714418337773,3,0,frozen deterministic type router
3,context:00c1006666a6ee0580579003,KMVZWUQHMJAWSY,True,57,context:00c1006666a6ee0580579003|site:836c2f303b22dd5ab09fb880,site:836c2f303b22dd5ab09fb880,delocalized_region,context:00c1006666a6ee0580579003|site:f98a6744ce1a58b889a67a6b,site:f98a6744ce1a58b889a67a6b,bond,2.57620016898,0.281286026236,2.29491414274,4.49743620555,-2.69164013863,0.0578370929314,0.0646352784733,7.14417052269,7.35137987137,7.07167863846,7.18907634417,0.118520306348,3,0,frozen deterministic type router
3,context:020277730fcd8aca28ecbb4a,FTOQQKWSIFEMPP,True,159,context:020277730fcd8aca28ecbb4a|site:14370bfefe1d89f22ef53655,site:14370bfefe1d89f22ef53655,atom,context:020277730fcd8aca28ecbb4a|site:41728ac60fff4ef9a6e4aaa4,site:41728ac60fff4ef9a6e4aaa4,atom_group,3.24166355556,0.922951589805,2.31871196575,8.92711734772,0.905297438304,0.0652710979808,0.0762175970036,8.09044599533,7.83720898628,8.13780474663,8.02181990941,0.131963650388,3,0,frozen deterministic type router
3,context:032678b7f79f9876930bdf0b,YDJXDYKQMRNUSA,False,93,context:032678b7f79f9876930bdf0b|site:75712b33dfa905daa0582417,site:75712b33dfa905daa0582417,transferable_h_group,context:032678b7f79f9876930bdf0b|site:12fa5c0ecad2727e0acbf149,site:12fa5c0ecad2727e0acbf149,transferable_h_group,3.27705696763,2.56876722516,0.70828974247,2.02307180564,1.31478206317,0.0873196374669,0.0912604980798,0.712082028389,0.701875448227,0.710911750793,0.70828974247,0.00456068455301,3,0,frozen deterministic type router
3,context:03d8605b10e73d9af9472f37,IWDCLRJOBJJRNH,True,84,context:03d8605b10e73d9af9472f37|site:61c67b3b1150859bb1addf44,site:61c67b3b1150859bb1addf44,atom,context:03d8605b10e73d9af9472f37|site:1d4c669637302cef604d1b5f,site:1d4c669637302cef604d1b5f,atom_group,3.19943228169,-0.0644385071057,3.26387078879,5.31862417857,-8.84263547262,0.0900998142591,0.137626877359,14.2184686661,14.0830154419,14.1822948456,14.1612596512,0.057264029069,3,0,frozen deterministic type router
3,context:04b64edad0cefffb0d196d79,UOJYYXATTMQQNA,True,45,context:04b64edad0cefffb0d196d79|site:9e2d1c7c9969b2e00fd8d1a5,site:9e2d1c7c9969b2e00fd8d1a5,atom_group,context:04b64edad0cefffb0d196d79|site:7b29e5989ebf658ab6f25236,site:7b29e5989ebf658ab6f25236,atom,4.65093210282,0.27606455271,4.37486755011,4.65860795975,2.04812971751,0.114345993984,0.032589433049,2.57349681854,2.72626876831,2.53166913986,2.61047824224,0.0836380022159,3,0,frozen deterministic type router
3,context:05eb12c16f72868bf1b5be56,SKHPYKHVYFTIOI,True,178,context:05eb12c16f72868bf1b5be56|site:54b8366420dc47c9838db8cb,site:54b8366420dc47c9838db8cb,atom,context:05eb12c16f72868bf1b5be56|site:95b1f109177c8004c279320e,site:95b1f109177c8004c279320e,transferable_h_group,2.36836171269,0.454163915786,1.9141977969,3.57843009631,-0.977598309517,0.056884781363,0.15179987526,4.73523271084,4.27220821381,4.66064429283,4.55602840583,0.202988150842,3,0,frozen deterministic type router
3,context:06e417c082fcf3b3a8457721,IIQFBBQJYPGOHJ,True,142,context:06e417c082fcf3b3a8457721|site:4c97b333bef5ae68b01568bf,site:4c97b333bef5ae68b01568bf,bond,context:06e417c082fcf3b3a8457721|site:35d4ce966bee0484d58c1761,site:35d4ce966bee0484d58c1761,bond,4.43387144447,-0.99851574857,5.43238719304,7.32905085882,1.89666366577,0.0348340910564,0.0221545531,5.42043817043,5.46140420437,5.41531920433,5.43238719304,0.0206242763614,3,0,frozen deterministic type router
3,context:09ce772c3d342961a7abfaec,GQHTUMJGOHRCHB,True,145,context:09ce772c3d342961a7abfaec|site:fa324338416bcabf72f76444,site:fa324338416bcabf72f76444,atom,context:09ce772c3d342961a7abfaec|site:6fc09f3cf710bb843ae03ee9,site:6fc09f3cf710bb843ae03ee9,atom_group,2.13184950506,0.794146138951,1.33770336611,7.87526845932,-2.30611658096,0.0401345950012,0.0335091672631,10.2182741165,10.0787549019,10.2471261024,10.1813850403,0.0735201480485,3,0,frozen deterministic type router
3,context:0a24a04e9009b2f0a36f3ab2,VAPOFMGACKUWCI,True,127,context:0a24a04e9009b2f0a36f3ab2|site:dbeb43d4265292c749ac897a,site:dbeb43d4265292c749ac897a,bond,context:0a24a04e9009b2f0a36f3ab2|site:2b7e6d6dd17954944f868c7a,site:2b7e6d6dd17954944f868c7a,bond,4.23925092923,-0.84020730746,5.07945823669,7.27305444082,2.19359620412,0.0412177632116,0.0375976977263,5.05794239044,5.10105919838,5.07937312126,5.07945823669,0.0176024660235,3,0,frozen deterministic type router
3,context:0a6218a0296b67837b6b9a1b,PRLWTCJLCYVORV,True,146,context:0a6218a0296b67837b6b9a1b|site:68648481c9d67c2465d92a39,site:68648481c9d67c2465d92a39,delocalized_region,context:0a6218a0296b67837b6b9a1b|site:56f66263edaaf643290e89b1,site:56f66263edaaf643290e89b1,bond,1.72396357615,0.801982460425,0.921981115729,-4.5890118281,-1.221529603,0.107617850054,0.12888692028,-3.35061454773,-3.34524595737,-3.4065861702,-3.3674822251,0.0277373915161,3,0,frozen deterministic type router
3,context:0ab42d91f53ee6c83637eb61,MNQRNWDJCMKRJG,True,411,context:0ab42d91f53ee6c83637eb61|site:294b6c7bdf866d9453eda2d1,site:294b6c7bdf866d9453eda2d1,atom,context:0ab42d91f53ee6c83637eb61|site:05e68f634c9e8bf37e064460,site:05e68f634c9e8bf37e064460,atom,3.83407690319,-0.164853710012,3.9989306132,7.48847500483,3.48954439163,0.0534660318445,0.105453998247,3.94688940048,4.07193422318,3.97796821594,3.9989306132,0.0531577432093,3,0,frozen deterministic type router
3,context:0c9f69df75dc3386282b8e08,GCNTZFIIOFTKIY,False,65,context:0c9f69df75dc3386282b8e08|site:b1b27a7f804e34e9bde73437,site:b1b27a7f804e34e9bde73437,atom_group,context:0c9f69df75dc3386282b8e08|site:6e01985493351766f9575583,site:6e01985493351766f9575583,atom,2.17097406085,2.10422037091,0.0667536899398,-1.35411866506,5.12001943588,0.111380201372,0.0422088847305,-6.53373742104,-6.37021064758,-6.51846623421,-6.47413810094,0.0737517862294,3,0,frozen deterministic type router
3,context:0dbeb1ab2afe14a28401bd4a,ZRRVZQSGSIASQR,True,212,context:0dbeb1ab2afe14a28401bd4a|site:aca5d11bf79f5a27b138c6a9,site:aca5d11bf79f5a27b138c6a9,atom,context:0dbeb1ab2afe14a28401bd4a|site:7d21e5420dc367a8e88534e8,site:7d21e5420dc367a8e88534e8,delocalized_region,2.37918332269,0.900250194975,1.47893312772,3.72516099612,-1.23291341464,0.0663023712441,0.0564367059051,4.9716449976,4.81701660156,5.08556163311,4.95807441076,0.110052197048,3,0,frozen deterministic type router
3,context:0e9265b44244ff4c588df95d,IWDCLRJOBJJRNH,True,84,context:0e9265b44244ff4c588df95d|site:61c67b3b1150859bb1addf44,site:61c67b3b1150859bb1addf44,atom,context:0e9265b44244ff4c588df95d|site:1d4c669637302cef604d1b5f,site:1d4c669637302cef604d1b5f,atom_group,3.61262782736,-0.214025185984,3.82665301334,6.52016035716,-9.5403620402,0.08493103807,0.122533823282,16.1081514359,16.0007448196,16.0726709366,16.0605223974,0.0446821034677,3,0,frozen deterministic type router
3,context:0f5720064160850a05508c95,JVCCMXQDRZDLSY,True,79,context:0f5720064160850a05508c95|site:56b393511cb0ded45f840687,site:56b393511cb0ded45f840687,transferable_h_group,context:0f5720064160850a05508c95|site:846aa7bb3b76a3c23c3f3206,site:846aa7bb3b76a3c23c3f3206,atom,3.26862069098,1.24760304102,2.02101764996,1.05585747957,2.69825236003,0.117831958407,0.0582143793224,-1.67918384075,-1.55541992188,-1.69258087873,-1.64239488045,0.0617433004274,3,0,frozen deterministic type router
3,context:1056e4659739711fbabe1eef,XRQSRQMPWGQSPN,True,225,context:1056e4659739711fbabe1eef|site:99100a59cc0b010aa2f3e84c,site:99100a59cc0b010aa2f3e84c,atom,context:1056e4659739711fbabe1eef|site:676c89b776f03cc8c97b8a71,site:676c89b776f03cc8c97b8a71,delocalized_region,3.32239381371,0.0816329551568,3.24076085855,8.11921946208,-10.9343125025,0.049526672779,0.0543951327661,19.0902271271,19.0504722595,19.0198965073,19.0535319646,0.0287937535732,3,0,frozen deterministic type router
3,context:1185c6f0e7272fd74a1c6c15,KSESOTWVQYBRLJ,True,79,context:1185c6f0e7272fd74a1c6c15|site:435c4fe4954b496c6a42b14e,site:435c4fe4954b496c6a42b14e,atom,context:1185c6f0e7272fd74a1c6c15|site:3c66a7035986b8a6eb36a28b,site:3c66a7035986b8a6eb36a28b,atom_group,1.84667356336,0.775313053198,1.07136051016,5.71300061544,-7.33121331533,0.0407552546545,0.0571361597501,13.0820016861,12.9346752167,13.1159648895,13.0442139308,0.0786868146953,3,0,frozen deterministic type router
3,context:12a747e3f94e5635a344ed7f,FRVMBCZVEPYCTA,True,162,context:12a747e3f94e5635a344ed7f|site:eea75f573b3bc0bc976cf337,site:eea75f573b3bc0bc976cf337,atom,context:12a747e3f94e5635a344ed7f|site:7536dd3a181d9146a0c08a40,site:7536dd3a181d9146a0c08a40,bond,2.84910264485,-0.37544526553,3.22454791038,9.69377803802,-2.99704535802,0.069939383273,0.0820560492096,12.6734271049,12.6822133064,12.7168297768,12.690823396,0.0187358517749,3,0,frozen deterministic type router
3,context:13a61c03d54b5ce8cd100d5d,LRLGEWICBZWMKM,True,95,context:13a61c03d54b5ce8cd100d5d|site:d56b02e17c3d5019592a92aa,site:d56b02e17c3d5019592a92aa,atom,context:13a61c03d54b5ce8cd100d5d|site:c059c7f6357d7e47f495a80b,site:c059c7f6357d7e47f495a80b,delocalized_region,0.858484646458,0.74305511712,0.115429529337,-1.38725459576,-1.57764752706,0.0178356516908,0.111131769973,0.195478796959,0.0706940889359,0.305005908012,0.190392931302,0.0957249764058,3,0,frozen deterministic type router
3,context:15c870458dfc37c9dbfe424f,DTGNHQQWMBBUMN,True,236,context:15c870458dfc37c9dbfe424f|site:b308533e2721677da6b34564,site:b308533e2721677da6b34564,bond,context:15c870458dfc37c9dbfe424f|site:bbf76395d9f4d8a04b3c411b,site:bbf76395d9f4d8a04b3c411b,delocalized_region,4.19810563328,-0.857071605571,5.05517723885,9.11555862427,-3.70673823357,0.00385231850125,0.0644167357318,12.8048453331,12.913220644,12.7488245964,12.8222968578,0.0682394407101,3,0,frozen deterministic type router
3,context:1a398883d0e1913280db6274,QPGRQOPOFHBWCT,True,153,context:1a398883d0e1913280db6274|site:42f3691ed808d358bb25005e,site:42f3691ed808d358bb25005e,delocalized_region,context:1a398883d0e1913280db6274|site:fed69dc23f646cd729dfa139,site:fed69dc23f646cd729dfa139,transferable_h_group,1.87712958249,0.426685618079,1.45044396441,-4.93802611033,-1.46704936028,0.0911766663621,0.0983560058664,-3.36129641533,-3.50993156433,-3.54170227051,-3.47097675006,0.078632801943,3,0,frozen deterministic type router
3,context:1a973174cc5853b1716a3d34,AKBVCJHFENPJAC,True,187,context:1a973174cc5853b1716a3d34|site:7cccd1bbf934febe6c521605,site:7cccd1bbf934febe6c521605,bond,context:1a973174cc5853b1716a3d34|site:c40978cbae502f6313e28fa6,site:c40978cbae502f6313e28fa6,atom,3.14858966176,-0.0359243190405,3.1845139808,7.69762897491,0.316397855679,0.018975173891,0.0404975859452,7.39935085177,7.3475356698,7.39680683613,7.38123111924,0.0238489061693,3,0,frozen deterministic type router
3,context:1a9b4dc51aacd84ea8e8bb66,XFHGQPCADCWUJX,True,132,context:1a9b4dc51aacd84ea8e8bb66|site:61f5dbac5acbd4322d12c129,site:61f5dbac5acbd4322d12c129,transferable_h_group,context:1a9b4dc51aacd84ea8e8bb66|site:2daba063fa06179d84c0bfab,site:2daba063fa06179d84c0bfab,delocalized_region,3.32613316207,-0.145805112183,3.47193827426,6.06101608276,-6.94228506088,0.127486141908,0.0489588579935,12.9845662117,13.197368145,12.8279690742,13.0033011436,0.151387288375,3,0,frozen deterministic type router
3,context:1cd0769ca99d12077e38f773,LALQVQUNUJNEST,True,83,context:1cd0769ca99d12077e38f773|site:0f6893fc5ed6cbf61d92326c,site:0f6893fc5ed6cbf61d92326c,atom,context:1cd0769ca99d12077e38f773|site:ca45f8d5958dcf3476329144,site:ca45f8d5958dcf3476329144,atom_group,3.47293599054,0.360078372498,3.11285761804,9.54512341817,-6.63555383682,0.0203281543565,0.0536143628193,16.2224440575,16.0944170952,16.2251706123,16.180677255,0.0610052997875,3,0,frozen deterministic type router
3,context:1e8484b529709735e9a3a718,CUFNKYGDVFVPHO,False,122,context:1e8484b529709735e9a3a718|site:746ad1de864a754e680b2db3,site:746ad1de864a754e680b2db3,atom,context:1e8484b529709735e9a3a718|site:987eba277061cdf59c518513,site:987eba277061cdf59c518513,delocalized_region,1.21245392978,0.707885972464,0.504567957319,3.85528516769,-3.90963053703,0.0132795757765,0.0925187465993,7.78355741501,7.65806436539,7.85312533379,7.76491570473,0.0807169142533,3,0,frozen deterministic type router
3,context:204f52ee8fcdd4d29b0a1f62,IENZCGNHSIMFJE,True,123,context:204f52ee8fcdd4d29b0a1f62|site:8c7bd98c99fced57f2f1c5ea,site:8c7bd98c99fced57f2f1c5ea,delocalized_region,context:204f52ee8fcdd4d29b0a1f62|site:9e9a4fc35ec3c7397392e8dc,site:9e9a4fc35ec3c7397392e8dc,bond,3.87283531756,-0.0977381881484,3.9705735057,8.75822194417,-1.61436998844,0.0611196956395,0.00258911883705,10.393430829,10.4341360331,10.2902089357,10.3725919326,0.0605774822807,3,0,frozen deterministic type router
3,context:21161b509f74b8cd263d80aa,HTWIZMNMTWYQRN,True,54,context:21161b509f74b8cd263d80aa|site:684d4ced694c4063a8bffdc8,site:684d4ced694c4063a8bffdc8,transferable_h_group,context:21161b509f74b8cd263d80aa|site:86df5d4550f7ba617329fc82,site:86df5d4550f7ba617329fc82,atom_group,4.31608659732,-1.0220132871,5.33809988441,10.8954143524,-7.84292602539,0.0837116468236,0.0226575237939,18.6496191025,18.8290715218,18.7363305092,18.7383403778,0.0732749269321,3,0,frozen deterministic type router
3,context:21178382eec0c0b1f1b1d735,UYUUAUOYLFIRJG,True,258,context:21178382eec0c0b1f1b1d735|site:9d8042fb88961a92493647d5,site:9d8042fb88961a92493647d5,atom,context:21178382eec0c0b1f1b1d735|site:c1e8a735669c2783027914d6,site:c1e8a735669c2783027914d6,transferable_h_group,3.20691085396,-0.809103771918,4.01601462588,5.36938714981,-9.3256222407,0.047667567119,0.060460891259,14.8129143715,14.6634840965,14.6086297035,14.6950093905,0.0863266645267,3,0,frozen deterministic type router
3,context:21e256d7c18c11cf1be01ff2,JRMQJLMBSMCLHJ,True,162,context:21e256d7c18c11cf1be01ff2|site:303616f07aba1ca0c0a55c75,site:303616f07aba1ca0c0a55c75,atom,context:21e256d7c18c11cf1be01ff2|site:284f86f373744df82d2c2f1f,site:284f86f373744df82d2c2f1f,atom,2.6377601311,0.86100678498,1.77675334613,5.56316757202,3.7864142259,0.0951217836877,0.0644934675156,1.80331969261,1.73335194588,1.79358839989,1.77675334613,0.0309454969492,3,0,frozen deterministic type router
3,context:239c209644a459769d7a4e4e,VHYFNPMBLIVWCW,True,89,context:239c209644a459769d7a4e4e|site:3e21458a922267b78bc0cd6e,site:3e21458a922267b78bc0cd6e,atom,context:239c209644a459769d7a4e4e|site:a43905c5f003e44eb3cc4f9f,site:a43905c5f003e44eb3cc4f9f,atom_group,1.63150763436,1.03848590171,0.593021732644,6.90387964249,-1.73876539866,0.0358652329581,0.0456406098651,8.68478548527,8.53528356552,8.70786607265,8.64264504115,0.0764985543004,3,0,frozen deterministic type router
3,context:23a0d9198dfa8cc8d477f985,ARKOCDVCEWZODQ,True,181,context:23a0d9198dfa8cc8d477f985|site:16bcfdddf5d8151b622b06eb,site:16bcfdddf5d8151b622b06eb,atom,context:23a0d9198dfa8cc8d477f985|site:5cf1e630b3ed0c59065a6f9d,site:5cf1e630b3ed0c59065a6f9d,delocalized_region,2.19871287295,0.509177507235,1.68953536572,4.19928073883,-3.80468877157,0.0685001360572,0.0147186919066,7.9938621521,7.9298813343,8.08816504478,8.0039695104,0.0650130872446,3,0,frozen deterministic type router
3,context:247d7f9786c0a311bc0f8cd9,QTCAPCHXGMZXKA,True,267,context:247d7f9786c0a311bc0f8cd9|site:67b1fa307729a757cd60af7a,site:67b1fa307729a757cd60af7a,atom,context:247d7f9786c0a311bc0f8cd9|site:608344a84847c0fc2f2e8916,site:608344a84847c0fc2f2e8916,transferable_h_group,3.71557361926,-0.938690512386,4.65426413164,7.32114108404,-2.64275209109,0.10489606503,0.0514619088395,10.1037297249,9.844435215,9.94351458549,9.96389317513,0.106832816122,3,0,frozen deterministic type router
3,context:262a59d32ff72e5330833bea,FFEARJCKVFRZRR,True,65,context:262a59d32ff72e5330833bea|site:5c04a877d0f4d23b117b312f,site:5c04a877d0f4d23b117b312f,atom,context:262a59d32ff72e5330833bea|site:d7ff792c393c741bb166ea26,site:d7ff792c393c741bb166ea26,atom_group,3.17879352524,1.32482639224,1.853967133,5.00015862783,-7.67740774155,0.037059256798,0.132276937089,12.741686821,12.5280947685,12.7629175186,12.6775663694,0.106047175748,3,0,frozen deterministic type router
3,context:26559375cf94c91a04ba6dc5,ONDSBJMLAHVLMI,True,57,context:26559375cf94c91a04ba6dc5|site:d0e3eb67be42dc736de130b0,site:d0e3eb67be42dc736de130b0,atom,context:26559375cf94c91a04ba6dc5|site:429169097cf5bb705edfac68,site:429169097cf5bb705edfac68,atom_group,2.03496266344,0.301140768448,1.73382189499,5.99524100622,-6.34800593058,0.0421707906196,0.108353018181,12.3331947327,12.2536277771,12.4429183006,12.3432469368,0.077603739946,3,0,frozen deterministic type router
3,context:27709a8218cae0b06af021a4,AZQJMOSEBVCAFB,True,192,context:27709a8218cae0b06af021a4|site:74f7cea0e16e108a5febf74d,site:74f7cea0e16e108a5febf74d,bond,context:27709a8218cae0b06af021a4|site:444e98b76c54883c378d3e68,site:444e98b76c54883c378d3e68,atom,4.21056493881,0.546695606316,3.6638693325,3.56322662036,2.00396176179,0.0121453070863,0.0131085971181,1.58688604832,1.52588224411,1.56502628326,1.55926485856,0.0252357093931,3,0,frozen deterministic type router
3,context:298de7c90e2b5d3ebda60b7b,DPZNOMCNRMUKPS,True,99,context:298de7c90e2b5d3ebda60b7b|site:696c76c11db8a60813de2934,site:696c76c11db8a60813de2934,delocalized_region,context:298de7c90e2b5d3ebda60b7b|site:1f561820816c427600a00bd2,site:1f561820816c427600a00bd2,transferable_h_group,2.19647396714,-0.225638628052,2.42211259519,-0.860690891743,-9.16738732656,0.0498069551229,0.0879715985672,8.39192914963,8.23727369308,8.29088646173,8.30669643482,0.0641199084853,3,0,frozen deterministic type router
3,context:2a2dd4d4890b9dfb695cd858,WGYKZJWCGVVSQN,True,38,context:2a2dd4d4890b9dfb695cd858|site:3585d1a3984c3ec86d47e250,site:3585d1a3984c3ec86d47e250,atom,context:2a2dd4d4890b9dfb695cd858|site:877e6257964f75b9445fef96,site:877e6257964f75b9445fef96,atom_group,3.58488414971,-0.46801212145,4.05289627116,9.23442649841,-11.6665194829,0.0794712921395,0.139179705881,20.9544200897,20.81295681,20.9354610443,20.9009459813,0.062697326133,3,0,frozen deterministic type router
3,context:2acf2a596cb7c974b99ea781,QJWQYVJVCXMTJP,True,127,context:2acf2a596cb7c974b99ea781|site:4ef891e0dcfde499628b4be3,site:4ef891e0dcfde499628b4be3,atom,context:2acf2a596cb7c974b99ea781|site:bfb814c2d308b3922155b524,site:bfb814c2d308b3922155b524,atom_group,2.38762045537,0.461860863188,1.92575959219,7.95257902145,-1.51167635123,0.0771383109963,0.0516081783105,9.52841079235,9.30616402626,9.55819129944,9.46425537268,0.112446654051,3,0,frozen deterministic type router
3,context:2bb2d87993fd2f6b131da5a4,BINFMIKPPPUPAO,True,316,context:2bb2d87993fd2f6b131da5a4|site:f6b45722b7edfd769d04d23c,site:f6b45722b7edfd769d04d23c,atom,context:2bb2d87993fd2f6b131da5a4|site:36af46157510d9a33ef595c3,site:36af46157510d9a33ef595c3,atom,3.12504710397,-0.00912620981115,3.13417331378,6.54737742742,3.41320411364,0.0267231925573,0.0873781244625,3.08060288429,3.21927142143,3.1026456356,3.13417331378,0.0608426202937,3,0,frozen deterministic type router
3,context:2f31279786c48aca2b251ab3,FBQURXLBJJNDBX,True,140,context:2f31279786c48aca2b251ab3|site:9aeb5e9b6532660398b3ae89,site:9aeb5e9b6532660398b3ae89,delocalized_region,context:2f31279786c48aca2b251ab3|site:6dd4ec5681ae34bd91493587,site:6dd4ec5681ae34bd91493587,bond,0.776291165395,0.541830107701,0.234461057694,-6.11894114812,-5.07870992025,0.0165424299199,0.0582746423402,-1.031727314,-0.979148387909,-1.10981798172,-1.04023122787,0.0536834741805,3,0,frozen deterministic type router
3,context:2f7cdee9df16a9b429f0d03f,RAXXELZNTBOGNW,True,40,context:2f7cdee9df16a9b429f0d03f|site:210d19546b60f136f69195c7,site:210d19546b60f136f69195c7,atom_group,context:2f7cdee9df16a9b429f0d03f|site:e51f0123af034c334febb4b4,site:e51f0123af034c334febb4b4,delocalized_region,4.23012028664,-0.0334781320395,4.26359841868,3.58015275002,-1.89975961049,0.111617687074,0.121980689213,5.50637149811,5.4605653286,5.47280025482,5.47991236051,0.019364707189,3,0,frozen deterministic type router
3,context:318187d727d24e368da91703,VHYFNPMBLIVWCW,True,89,context:318187d727d24e368da91703|site:3e21458a922267b78bc0cd6e,site:3e21458a922267b78bc0cd6e,atom,context:318187d727d24e368da91703|site:a43905c5f003e44eb3cc4f9f,site:a43905c5f003e44eb3cc4f9f,atom_group,1.6322442441,1.5163428531,0.115901390998,9.02903493245,0.526052375635,0.035202672051,0.115630850579,8.56829214096,8.35351461172,8.58714091778,8.50298255682,0.105969552407,3,0,frozen deterministic type router
3,context:319b681f1f3f0e45bed545f1,ROCZJWMPGISRQB,True,87,context:319b681f1f3f0e45bed545f1|site:985fd2c66d0e8a45479a95db,site:985fd2c66d0e8a45479a95db,bond,context:319b681f1f3f0e45bed545f1|site:7f8ab0595bfe473fa800e784,site:7f8ab0595bfe473fa800e784,delocalized_region,4.02592577894,-0.840036711979,4.86596249092,8.32965787252,-3.85980598132,0.0312867298522,0.118259319599,12.2257931232,12.0695068836,12.2730915546,12.1894638538,0.0869924955786,3,0,frozen deterministic type router
3,context:31f2a5d0db6891f7ac305768,FGYADSCZTQOAFK,False,107,context:31f2a5d0db6891f7ac305768|site:6982f16763470939342a8409,site:6982f16763470939342a8409,atom_group,context:31f2a5d0db6891f7ac305768|site:97541f0384eb71827e2183d0,site:97541f0384eb71827e2183d0,atom,2.51389029772,1.38438845901,1.12950183871,2.49661493301,6.74269596736,0.0665393474347,0.0736548232224,-4.31422662735,-4.05279588699,-4.37122058868,-4.24608103434,0.138639674568,3,0,frozen deterministic type router
3,context:327cf6803eadfa6ebca46695,ROCZJWMPGISRQB,True,87,context:327cf6803eadfa6ebca46695|site:985fd2c66d0e8a45479a95db,site:985fd2c66d0e8a45479a95db,bond,context:327cf6803eadfa6ebca46695|site:7f8ab0595bfe473fa800e784,site:7f8ab0595bfe473fa800e784,delocalized_region,4.11371049524,-0.585181742948,4.69889223818,6.42058563232,-2.83019590378,0.0273245620333,0.0882669017325,9.28201436996,9.15714502335,9.313185215,9.2507815361,0.0674228091271,3,0,frozen deterministic type router
3,context:32e3c70e30850099ce1f3cc3,HLFSDGLLUJUHTE,True,152,context:32e3c70e30850099ce1f3cc3|site:ae1027d7dab3e0476cfda04b,site:ae1027d7dab3e0476cfda04b,atom,context:32e3c70e30850099ce1f3cc3|site:13e642e089e176d334256099,site:13e642e089e176d334256099,atom_group,2.68761829946,0.326377020477,2.36124127898,8.58723640442,-4.11225716273,0.0890888420179,0.0387396020494,12.7614879608,12.560300827,12.7766919136,12.6994935671,0.0986196539648,3,0,frozen deterministic type router
3,context:338c8cf49fa5ef512ef88209,SBLRFBKQSSXEII,True,175,context:338c8cf49fa5ef512ef88209|site:800583ffa6d2ce9569a0c92a,site:800583ffa6d2ce9569a0c92a,atom,context:338c8cf49fa5ef512ef88209|site:398a5b09ceada4f77633e1e1,site:398a5b09ceada4f77633e1e1,atom_group,3.65680497297,-0.107477452666,3.76428242563,8.73936748505,-7.01192394892,0.0436060892474,0.0792146303583,15.7712841034,15.6995978355,15.782992363,15.751291434,0.0368640920549,3,0,frozen deterministic type router
3,context:33f8963636f15518878e4814,BPFJZNDCLIJVHI,True,172,context:33f8963636f15518878e4814|site:98a65f733ab8551aba415b3f,site:98a65f733ab8551aba415b3f,atom,context:33f8963636f15518878e4814|site:e43d662181798c9a95a8063f,site:e43d662181798c9a95a8063f,atom_group,4.42062545811,-1.39384109168,5.81446654979,11.0602684021,-8.20331509908,0.0447605149884,0.0604533601665,19.2954807281,19.2349243164,19.260345459,19.2635835012,0.0248278531593,3,0,frozen deterministic type router
3,context:34479984a05c7593b128b575,YRPAQTVBOLAERV,True,263,context:34479984a05c7593b128b575|site:4032ed6a4f6e048d8e6f9db0,site:4032ed6a4f6e048d8e6f9db0,atom,context:34479984a05c7593b128b575|site:5b9da6c257a6f3cf0eac30bd,site:5b9da6c257a6f3cf0eac30bd,delocalized_region,2.03529777881,1.15236735269,0.882930426123,4.11407105128,0.558289845785,0.0475399888416,0.0179104747863,3.53815096617,3.50220000744,3.62699264288,3.5557812055,0.0524494643705,3,0,frozen deterministic type router
3,context:35ee07181e2eded3005d2587,SMASNBFYNOFLQG,True,87,context:35ee07181e2eded3005d2587|site:3eb6a35c8c4beebfa3d0be44,site:3eb6a35c8c4beebfa3d0be44,transferable_h_group,context:35ee07181e2eded3005d2587|site:743eadf6e0057bfe88e08364,site:743eadf6e0057bfe88e08364,atom,4.24008929375,-0.35766408303,4.59775337678,8.73424784342,-4.97541109721,0.0846435545649,0.0331847136956,13.6757001877,13.8054265976,13.6478500366,13.7096589406,0.0686658130297,3,0,frozen deterministic type router
3,context:36df988fcdcad8da09b9f7f7,MTCFGRXMJLQNBG,True,45,context:36df988fcdcad8da09b9f7f7|site:4f480bff9376f5040b96a451,site:4f480bff9376f5040b96a451,atom,context:36df988fcdcad8da09b9f7f7|site:546ae5d541ac49e6bbc79a2d,site:546ae5d541ac49e6bbc79a2d,atom_group,2.87683194689,1.62673423722,1.25009770967,3.49060241381,-5.56313896179,0.0580857025757,0.133209844663,9.09569644928,8.94414496422,9.12138271332,9.05374137561,0.0782026260504,3,0,frozen deterministic type router
3,context:39011775062c98f99d3f9dd2,JRMQJLMBSMCLHJ,True,162,context:39011775062c98f99d3f9dd2|site:303616f07aba1ca0c0a55c75,site:303616f07aba1ca0c0a55c75,atom,context:39011775062c98f99d3f9dd2|site:bb675aa71e68c8126c76d991,site:bb675aa71e68c8126c76d991,atom_group,2.77910703167,0.510802540513,2.26830449116,8.62810516357,0.718303283056,0.0741002305999,0.0744476318389,7.98328077793,7.7142354846,8.03188937902,7.90980188052,0.139702923936,3,0,frozen deterministic type router
3,context:39d89feba8ceccab050cea14,USQQZWZBVGCDBX,True,110,context:39d89feba8ceccab050cea14|site:f9bbaf085da4e334f39c725d,site:f9bbaf085da4e334f39c725d,transferable_h_group,context:39d89feba8ceccab050cea14|site:7d719467eafc9432b22e22fd,site:7d719467eafc9432b22e22fd,delocalized_region,4.94388247211,-1.29160030306,6.23548277517,8.33712895711,-8.94426282247,0.126697278932,0.0333516074824,17.2541399002,17.4265480042,17.1634874344,17.2813917796,0.109109164107,3,0,frozen deterministic type router
3,context:3a05e6f0731c3f1187679506,BEGMZNUWQMNYNI,True,166,context:3a05e6f0731c3f1187679506|site:3a8c5c92eaac2e9bd38ce677,site:3a8c5c92eaac2e9bd38ce677,atom,context:3a05e6f0731c3f1187679506|site:e5d487c0f3061a96f5c3737d,site:e5d487c0f3061a96f5c3737d,atom_group,3.38079321103,0.407745622983,2.97304758804,8.91620445251,0.793463170528,0.0823681108572,0.0481620290779,8.17924934626,7.96301448345,8.22596001625,8.12274128199,0.114542450065,3,0,frozen deterministic type router
3,context:3bba208775a42cc144b1edbc,LWCASYBTPPNMOQ,True,76,context:3bba208775a42cc144b1edbc|site:d742ef5553a4ac597cd25264,site:d742ef5553a4ac597cd25264,bond,context:3bba208775a42cc144b1edbc|site:a32812f54e51e59bd1028bd6,site:a32812f54e51e59bd1028bd6,delocalized_region,3.01369375771,0.0800163732258,2.93367738449,5.29985586802,-2.42766785622,0.0292417650559,0.113061761125,7.75078296661,7.61368989944,7.81809830666,7.72752372424,0.0850546628218,3,0,frozen deterministic type router
3,context:3c84f16ba2ec79f4af446fd6,ACCILMOFBCODON,True,118,context:3c84f16ba2ec79f4af446fd6|site:e0731d16578252593bd1fd48,site:e0731d16578252593bd1fd48,transferable_h_group,context:3c84f16ba2ec79f4af446fd6|site:ef90813ac385264fdd118b45,site:ef90813ac385264fdd118b45,transferable_h_group,3.53019415664,2.07197788683,1.45821626981,3.5798617204,2.12164545059,0.0601897388131,0.060529218276,1.45915532112,1.45723462105,1.45825886726,1.45821626981,0.000784700834746,3,0,frozen deterministic type router
3,context:3ce05d23e14b436283744601,XJXQQBZHPCSDER,True,229,context:3ce05d23e14b436283744601|site:f1caec7a2a1e353ae5c1293a,site:f1caec7a2a1e353ae5c1293a,atom,context:3ce05d23e14b436283744601|site:56a1fa73749db8a82598682b,site:56a1fa73749db8a82598682b,transferable_h_group,1.58267717596,0.593185289203,0.98949188676,0.942525128524,-4.3531255722,0.0302791928897,0.109125440869,5.39397192001,5.11390691996,5.37907326221,5.29565070073,0.128656114994,3,0,frozen deterministic type router
3,context:3d2cf933e45dc7bffd4132d6,SGUVLZREKBPKCE,True,109,context:3d2cf933e45dc7bffd4132d6|site:d82647d845c7d8e86024c844,site:d82647d845c7d8e86024c844,atom,context:3d2cf933e45dc7bffd4132d6|site:83a80754af4f9a7e73dfa9f5,site:83a80754af4f9a7e73dfa9f5,atom_group,2.33421697917,0.749705030801,1.58451194837,9.66622670492,-3.01864290237,0.0414583040188,0.0758980158839,12.7519619465,12.5237190723,12.778927803,12.6848696073,0.114481179066,3,0,frozen deterministic type router
3,context:3e0cd24eeec0a3ca4afbdc8b,ISWSIDIOOBJBQZ,True,74,context:3e0cd24eeec0a3ca4afbdc8b|site:4984677451a87878f7ac858b,site:4984677451a87878f7ac858b,atom,context:3e0cd24eeec0a3ca4afbdc8b|site:9d297e1ca7907cfc61ea91cf,site:9d297e1ca7907cfc61ea91cf,atom_group,3.24569087363,0.674067019443,2.57162385418,3.33697605133,-5.02961095174,0.08393327982,0.104030812606,8.41671848297,8.32765460014,8.3553879261,8.36658700307,0.037212527459,3,0,frozen deterministic type router
3,context:3eaf9e4413ace510fb7f9c8a,CGJVMOPWJILVLF,True,67,context:3eaf9e4413ace510fb7f9c8a|site:446427f30e6912329922cafd,site:446427f30e6912329922cafd,atom,context:3eaf9e4413ace510fb7f9c8a|site:bfc9777d4aa721d2f98cbc79,site:bfc9777d4aa721d2f98cbc79,atom_group,1.88960894366,1.85710152825,0.0325074154179,0.745069464048,-5.4238820076,0.0735015687416,0.0661076344264,6.13298863173,6.18712568283,6.18674010038,6.16895147165,0.0254300551823,3,0,frozen deterministic type router
3,context:3f01be5be1d0186e2fea0e8f,HIHAXAWWHPHLKU,True,164,context:3f01be5be1d0186e2fea0e8f|site:3f80e1ab7efd28c867e56e80,site:3f80e1ab7efd28c867e56e80,bond,context:3f01be5be1d0186e2fea0e8f|site:e0ad28c56d086393819cd4f9,site:e0ad28c56d086393819cd4f9,atom,3.39985422679,0.127409508197,3.27244471859,3.5358440876,1.63839876652,0.0257530358662,0.0458895305921,1.87818467617,1.93867659569,1.87547469139,1.89744532108,0.0291758976843,3,0,frozen deterministic type router
3,context:3f4ec58f6362c3872c00d9e2,PAMIQIKDUOTOBW,True,87,context:3f4ec58f6362c3872c00d9e2|site:00d2a2f2470e873dd866a230,site:00d2a2f2470e873dd866a230,atom,context:3f4ec58f6362c3872c00d9e2|site:8dd396d7b32ca7516f8e4718,site:8dd396d7b32ca7516f8e4718,atom_group,3.41801250416,-1.1590053389,4.57701784306,9.34586811066,-13.4157422384,0.0527369687443,0.0934638335855,22.8313045502,22.7308988571,22.7226276398,22.761610349,0.049396791493,3,0,frozen deterministic type router
3,context:406afa70a50991af07988d54,GUCCFDCVUOWKND,True,84,context:406afa70a50991af07988d54|site:f66f64f2dacc4967d92f83f2,site:f66f64f2dacc4967d92f83f2,bond,context:406afa70a50991af07988d54|site:4ae2854541758ffe17197e24,site:4ae2854541758ffe17197e24,atom,3.49908717928,-0.229935154467,3.72902233375,4.47500721614,1.46897586187,0.0421677894378,0.0316358848178,2.97287976742,3.06569886208,2.97951543331,3.00603135427,0.0422781790165,3,0,frozen deterministic type router
3,context:428760b187999d3470634768,CZLMRJZAHXYRIX,True,85,context:428760b187999d3470634768|site:074bbe9d9ac9025f345e022c,site:074bbe9d9ac9025f345e022c,transferable_h_group,context:428760b187999d3470634768|site:610a838d56b5cf7d217d1dfa,site:610a838d56b5cf7d217d1dfa,atom_group,3.92020970825,-0.91584233854,4.83605204679,7.07912460963,-7.79035758972,0.0544202996475,0.0146067492866,14.8045563698,14.8790588379,14.9248313904,14.8694821994,0.0495668178612,3,0,frozen deterministic type router
3,context:4294b044cb7fe306bdf9dd79,VVJKKWFAADXIJK,True,34,context:4294b044cb7fe306bdf9dd79|site:d457c1e7410eb66da8bb786e,site:d457c1e7410eb66da8bb786e,atom,context:4294b044cb7fe306bdf9dd79|site:7bb6e09d10d300c908233ef5,site:7bb6e09d10d300c908233ef5,bond,0.932027136588,-0.0222922763007,0.954319412889,7.01793225606,-7.68033409119,0.0463172854528,0.0252023445297,14.6988959312,14.7659339905,14.62996912,14.6982663472,0.0555092111355,3,0,frozen deterministic type router
3,context:42a41f0c4e875713e98ef0f3,ROHFNLRQFUQHCH,True,78,context:42a41f0c4e875713e98ef0f3|site:11513480ed79c7e061052c67,site:11513480ed79c7e061052c67,atom,context:42a41f0c4e875713e98ef0f3|site:d4bfdf60b460c7259c549df2,site:d4bfdf60b460c7259c549df2,atom_group,3.02335680136,1.18246112806,1.8408956733,6.65270725886,-6.72009976705,0.0368389563475,0.118634468911,13.4241323471,13.2439980507,13.4502906799,13.3728070259,0.0917056111221,3,0,frozen deterministic type router
3,context:43b4ce97ced587a892943b7e,ZOQOPXVJANRGJZ,True,89,context:43b4ce97ced587a892943b7e|site:b4bfb215394238b4a4d58c94,site:b4bfb215394238b4a4d58c94,atom,context:43b4ce97ced587a892943b7e|site:8b0b5cd409998a8525033a8d,site:8b0b5cd409998a8525033a8d,delocalized_region,3.04674452934,-0.267239407514,3.31398393685,4.79515902201,-4.29418992996,0.032056776427,0.09940694476,9.13832616806,8.94949531555,9.18022537231,9.08934895198,0.100359904162,3,0,frozen deterministic type router
3,context:465f9354d9d9b39de1d39217,KCAQWPZIMLLEAF,True,108,context:465f9354d9d9b39de1d39217|site:39253ce06cc516e331e967fc,site:39253ce06cc516e331e967fc,atom,context:465f9354d9d9b39de1d39217|site:1f334518d9cd55a52b0b5a5b,site:1f334518d9cd55a52b0b5a5b,atom_group,3.91068516132,-0.599572520735,4.51025768205,5.90877660116,-9.75569756826,0.0446877387677,0.0353974310136,15.6972279549,15.6587071419,15.6374874115,15.6644741694,0.0247275431501,3,0,frozen deterministic type router
3,context:4763316f5212da925626508e,VHYFNPMBLIVWCW,True,89,context:4763316f5212da925626508e|site:3e21458a922267b78bc0cd6e,site:3e21458a922267b78bc0cd6e,atom,context:4763316f5212da925626508e|site:a43905c5f003e44eb3cc4f9f,site:a43905c5f003e44eb3cc4f9f,atom_group,1.77251899568,1.18932880459,0.583190191089,9.02253595988,-0.552552243074,0.0208677151587,0.10023450968,9.62270259857,9.46246629953,9.64009571075,9.57508820295,0.0799516517871,3,0,frozen deterministic type router
3,context:47defb7794effd0e905a598d,NTNZTEQNFHNYBC,True,48,context:47defb7794effd0e905a598d|site:9b483e0c5204fee2dc77aaf6,site:9b483e0c5204fee2dc77aaf6,atom,context:47defb7794effd0e905a598d|site:d1fc5a44eded8ba84051c22c,site:d1fc5a44eded8ba84051c22c,atom_group,3.79946481046,0.302400159029,3.49706465143,6.30078236262,-7.13060394923,0.0256068830142,0.0732834325728,13.4497723579,13.3633613586,13.481025219,13.4313863118,0.0497643180373,3,0,frozen deterministic type router
3,context:481a46ca93ac9d2c7caf9e64,WPDAVTSOEQEGMS,True,199,context:481a46ca93ac9d2c7caf9e64|site:36a47873cffd88e3975a6aaa,site:36a47873cffd88e3975a6aaa,transferable_h_group,context:481a46ca93ac9d2c7caf9e64|site:0b91ea7ce39a68c1f8063ba0,site:0b91ea7ce39a68c1f8063ba0,transferable_h_group,3.38244220623,2.448459675,0.93398253123,9.00994078318,8.07595825195,0.0323570496584,0.0340361930563,0.936103820801,0.931721687317,0.934122085571,0.93398253123,0.00179171798904,3,0,frozen deterministic type router
3,context:4979b625f1bbda84667651f1,JITQYZIBZBYZSK,True,255,context:4979b625f1bbda84667651f1|site:1efe7f65101b03afd51f80ae,site:1efe7f65101b03afd51f80ae,atom,context:4979b625f1bbda84667651f1|site:8c8e48df04f4601798ad33f8,site:8c8e48df04f4601798ad33f8,transferable_h_group,4.04154272688,-0.877070998764,4.91861372564,8.67705345154,-4.14859517415,0.0936079654331,0.0505561678598,12.9609956741,12.7107419968,12.8052082062,12.8256486257,0.103182956673,3,0,frozen deterministic type router
3,context:4a952e70bc7025c3da22dd2c,OTLNPYWUJOZPPA,True,94,context:4a952e70bc7025c3da22dd2c|site:625eaaa52414910dce0e1329,site:625eaaa52414910dce0e1329,atom_group,context:4a952e70bc7025c3da22dd2c|site:5bb0c4475bc04690fa53b5f5,site:5bb0c4475bc04690fa53b5f5,atom,3.20950201771,0.509249050207,2.70025296751,3.77052060763,-1.94808514913,0.113799558569,0.043368785035,5.67795908451,5.81865108013,5.65920710564,5.71860575676,0.0711557410397,3,0,frozen deterministic type router
3,context:4c3726f47ed8add05475ce67,BWZVCCNYKMEVEX,True,92,context:4c3726f47ed8add05475ce67|site:0c8c9d8464a3ed8988cca739,site:0c8c9d8464a3ed8988cca739,atom,context:4c3726f47ed8add05475ce67|site:e0163d13d0dcd114b570c31b,site:e0163d13d0dcd114b570c31b,atom_group,2.52454142594,0.439059705266,2.08548172068,7.8867038091,-1.59269758066,0.0109921592806,0.110007519317,9.57736778259,9.34347629547,9.51736009121,9.47940138976,0.0991865387335,3,0,frozen deterministic type router
3,context:4c9a0598e72a9490163db0f2,JITQYZIBZBYZSK,True,255,context:4c9a0598e72a9490163db0f2|site:1efe7f65101b03afd51f80ae,site:1efe7f65101b03afd51f80ae,atom,context:4c9a0598e72a9490163db0f2|site:17e35074bc5045a8ee453dc9,site:17e35074bc5045a8ee453dc9,atom_group,4.42440756796,-0.591449098499,5.01585666646,10.012365977,-4.64995733897,0.0679819515852,0.0303988095079,14.6827754974,14.5736041069,14.7305903435,14.6623233159,0.0657007783531,3,0,frozen deterministic type router
3,context:4e357959f54147dda5ff9abe,PAMIQIKDUOTOBW,True,87,context:4e357959f54147dda5ff9abe|site:00d2a2f2470e873dd866a230,site:00d2a2f2470e873dd866a230,atom,context:4e357959f54147dda5ff9abe|site:9b6d69478f19eda7ae61ff63,site:9b6d69478f19eda7ae61ff63,bond,3.16945658322,-1.14355631801,4.31301290123,9.27663103739,-10.0661414464,0.0312985575354,0.061088094018,19.3578701019,19.3011369705,19.369310379,19.3427724838,0.0298089132218,3,0,frozen deterministic type router
3,context:4e84d21933f6eccc0c980be5,IVHJSNNMKJWPFW,True,133,context:4e84d21933f6eccc0c980be5|site:34edd1d7a331e483b65bfb6e,site:34edd1d7a331e483b65bfb6e,atom,context:4e84d21933f6eccc0c980be5|site:bb117400862fb760e2c3f8e7,site:bb117400862fb760e2c3f8e7,delocalized_region,1.43195505443,0.350128049544,1.08182700488,6.06286732356,-8.01986710231,0.099395217845,0.0685333741777,14.1889672279,13.8472466469,14.2119894028,14.0827344259,0.16678004611,3,0,frozen deterministic type router
3,context:500613401f28b4b0952c000d,VKCPVXCYHWANEC,True,189,context:500613401f28b4b0952c000d|site:241f4ccc6494da7ec10987a5,site:241f4ccc6494da7ec10987a5,atom,context:500613401f28b4b0952c000d|site:e10a62cf94929e85f624ef5b,site:e10a62cf94929e85f624ef5b,atom_group,4.52201759561,-0.833395401299,5.35541299691,10.3994560242,-9.79234218597,0.0571936724166,0.04760958145,20.1953172684,20.1318635941,20.248213768,20.1917982101,0.0475648930246,3,0,frozen deterministic type router
3,context:50a98aa417f41bcc68a40747,WGYKZJWCGVVSQN,True,38,context:50a98aa417f41bcc68a40747|site:3585d1a3984c3ec86d47e250,site:3585d1a3984c3ec86d47e250,atom,context:50a98aa417f41bcc68a40747|site:877e6257964f75b9445fef96,site:877e6257964f75b9445fef96,atom_group,3.67532936401,-1.04512725177,4.72045661579,10.6450519562,-14.3810647329,0.0369321288023,0.126793891908,25.0992059708,24.8989772797,25.0801668167,25.026116689,0.0902365203617,3,0,frozen deterministic type router
3,context:510c63b2ddfe45b4192e31c1,BWWCSQTYPABWBT,True,111,context:510c63b2ddfe45b4192e31c1|site:139027f9e6a966d517ddc167,site:139027f9e6a966d517ddc167,atom,context:510c63b2ddfe45b4192e31c1|site:41269176a2b01f3b1677135c,site:41269176a2b01f3b1677135c,atom_group,2.92420300313,-0.697385746356,3.62158874948,7.09817520777,-7.17152690887,0.0838320430418,0.112477780145,14.2377638817,14.246445179,14.3248972893,14.2697021166,0.0391894674776,3,0,frozen deterministic type router
3,context:53fc4d3631dba0437fdde3d3,AKYRVZLYALGKEA,True,166,context:53fc4d3631dba0437fdde3d3|site:b036a797987fff872ac54af9,site:b036a797987fff872ac54af9,transferable_h_group,context:53fc4d3631dba0437fdde3d3|site:5de59cfb20fd91b75c703090,site:5de59cfb20fd91b75c703090,bond,3.97610034543,-1.07551171984,5.05161206526,6.0827199618,-5.31173117956,0.114422245015,0.0079807866966,11.3092269897,11.5542526245,11.3198738098,11.3944511414,0.113080278882,3,0,frozen deterministic type router
3,context:5442b0e9024093d2c98c3080,DSPAGGVPWBWMBP,True,108,context:5442b0e9024093d2c98c3080|site:d815816ac5a5318d0972a31a,site:d815816ac5a5318d0972a31a,atom,context:5442b0e9024093d2c98c3080|site:3f74606c9c13ee417430a18f,site:3f74606c9c13ee417430a18f,atom_group,3.86801751306,-0.378937295449,4.24695480851,8.57821909587,-6.15095917384,0.00374726663395,0.0418076721987,14.7330842018,14.6791000366,14.7753505707,14.7291782697,0.039391061218,3,0,frozen deterministic type router
3,context:544689f1ecc9ed21c3473dea,YNAVUWVOSKDBBP,True,64,context:544689f1ecc9ed21c3473dea|site:e0760ea7f9476c067b0ddf1c,site:e0760ea7f9476c067b0ddf1c,atom,context:544689f1ecc9ed21c3473dea|site:6c82b8b6c0faa08ceae873e6,site:6c82b8b6c0faa08ceae873e6,atom_group,1.78282870891,0.822076071422,0.960752637483,1.44877739747,-9.35298569997,0.0500140799076,0.143698314412,10.8979780674,10.6530559063,10.8542553186,10.8017630974,0.106656117857,3,0,frozen deterministic type router
3,context:578b91828446432b17d2d32f,WUVWAXJXPRYUME,True,119,context:578b91828446432b17d2d32f|site:fd3863372de6751a45e71258,site:fd3863372de6751a45e71258,delocalized_region,context:578b91828446432b17d2d32f|site:bda92332d3362c99c80f5884,site:bda92332d3362c99c80f5884,atom,3.52284442261,-0.750690209768,4.27353463238,4.02752272288,-2.48668177923,0.0761578963578,0.0152106874511,6.54403376579,6.58202767372,6.4165520668,6.51420450211,0.0707713824006,3,0,frozen deterministic type router
3,context:5ba4085f03ddb86555b51cdc,VHYFNPMBLIVWCW,True,89,context:5ba4085f03ddb86555b51cdc|site:3e21458a922267b78bc0cd6e,site:3e21458a922267b78bc0cd6e,atom,context:5ba4085f03ddb86555b51cdc|site:a43905c5f003e44eb3cc4f9f,site:a43905c5f003e44eb3cc4f9f,atom_group,2.08896407056,0.918549521533,1.17041454903,10.1947981517,-1.68862438202,0.0431310058454,0.078658061105,11.9548771381,11.7246706486,11.9707198143,11.8834225337,0.11244070545,3,0,frozen deterministic type router
3,context:63317bca6cd5cae44a1d622b,SNBCZNABMJUYMS,True,92,context:63317bca6cd5cae44a1d622b|site:1e4f513600adaa124d9a8c5d,site:1e4f513600adaa124d9a8c5d,atom,context:63317bca6cd5cae44a1d622b|site:58ead5c92e7bd6144a12d289,site:58ead5c92e7bd6144a12d289,delocalized_region,2.83827976872,-0.763788315212,3.60206808394,9.73035081228,-4.20138645172,0.0643805150708,0.101693854808,13.9291248322,13.8873906136,13.9786963463,13.931737264,0.037321154031,3,0,frozen deterministic type router
3,context:63768c6bb77df83e92226c73,HSRPLROZBPXWIY,True,180,context:63768c6bb77df83e92226c73|site:e6091a68084f90997439e65e,site:e6091a68084f90997439e65e,atom,context:63768c6bb77df83e92226c73|site:96eab9d9a553f94c73a778f6,site:96eab9d9a553f94c73a778f6,bond,3.64526175188,-1.00052306735,4.64578481924,7.61855316162,-5.94112793605,0.0208913415258,0.0210935986415,13.5648679733,13.520301342,13.5938739777,13.5596810977,0.030259003492,3,0,frozen deterministic type router
3,context:63abda22eed5b266c7603618,WYURNTSHIVDZCO,True,56,context:63abda22eed5b266c7603618|site:d592438aa612a0e1c47c120e,site:d592438aa612a0e1c47c120e,transferable_h_group,context:63abda22eed5b266c7603618|site:a32437133b8eb3b57a175129,site:a32437133b8eb3b57a175129,atom,1.27481414061,0.82232475491,0.452489385697,-2.23629236221,-1.96158460776,0.0488599684625,0.0334895484158,-0.365754246712,-0.17989563942,-0.278473377228,-0.274707754453,0.0759231647229,3,0,frozen deterministic type router
3,context:65c08bb1e80a3627646c0ced,IANGWLHLGYIGEL,True,226,context:65c08bb1e80a3627646c0ced|site:81013a42dcb5c267017adb8d,site:81013a42dcb5c267017adb8d,bond,context:65c08bb1e80a3627646c0ced|site:dd1a89e9142ef06c3a298a22,site:dd1a89e9142ef06c3a298a22,atom,3.92150604436,-0.136534067331,4.05804011169,7.42898146311,2.57277727127,0.00769472209691,0.0171738124001,4.8846154213,4.83798360825,4.84601354599,4.85620419184,0.0203554815591,3,0,frozen deterministic type router
3,context:660926094fbfaa917710f4d4,XWVMHHKVOZLYQQ,True,118,context:660926094fbfaa917710f4d4|site:207e5bfa320da944fea8e6e7,site:207e5bfa320da944fea8e6e7,atom,context:660926094fbfaa917710f4d4|site:6751c4878d063ae6b67b83a0,site:6751c4878d063ae6b67b83a0,atom_group,3.7833716742,-0.754336001304,4.53770767551,9.8660437266,-6.87884759903,0.0720335824465,0.0973622219761,16.7689247131,16.707408905,16.7583403587,16.7448913256,0.0268540006981,3,0,frozen deterministic type router
3,context:66a203c41d748f0dbb9884b3,SYFJKBMUTRSQMS,True,91,context:66a203c41d748f0dbb9884b3|site:4c4571f96f8f6e56f19c6040,site:4c4571f96f8f6e56f19c6040,atom,context:66a203c41d748f0dbb9884b3|site:fa0b21bc43589b87ecac7b1e,site:fa0b21bc43589b87ecac7b1e,atom_group,2.73394192877,0.366526940547,2.36741498822,5.06932195028,-6.77811113993,0.0742248550283,0.0756006673245,11.8051028252,11.8590326309,11.8781638145,11.8474330902,0.0309342210808,3,0,frozen deterministic type router
3,context:6ca49dd3e58cf3ece1828586,RTAVABBUANOMOB,True,187,context:6ca49dd3e58cf3ece1828586|site:81f77d0e296c9e474afb35cf,site:81f77d0e296c9e474afb35cf,bond,context:6ca49dd3e58cf3ece1828586|site:f28a6cfbcbce316a9f31149b,site:f28a6cfbcbce316a9f31149b,delocalized_region,2.82758915507,0.0938289822336,2.73376017284,7.78260850906,-2.72722832362,0.0177632679833,0.0792970963531,10.5248820782,10.399805069,10.6048233509,10.5098368327,0.0843717707171,3,0,frozen deterministic type router
3,context:6e4a57174d6946a6f98a2810,WBTCPVUCKKBWBS,True,34,context:6e4a57174d6946a6f98a2810|site:ae1f754f5c49095fa810f8d3,site:ae1f754f5c49095fa810f8d3,atom,context:6e4a57174d6946a6f98a2810|site:ba9eafb94c358ae2a6dccfb1,site:ba9eafb94c358ae2a6dccfb1,atom_group,2.70818457362,2.08631598645,0.62186858717,5.89269002279,-4.46710427602,0.0972186437096,0.114701965529,10.3546676636,10.3391809464,10.3855342865,10.3597942988,0.0192677593811,3,0,frozen deterministic type router
3,context:6e77ad84c6fe1778bede0d24,GCNTZFIIOFTKIY,True,65,context:6e77ad84c6fe1778bede0d24|site:6e01985493351766f9575583,site:6e01985493351766f9575583,atom,context:6e77ad84c6fe1778bede0d24|site:b1b27a7f804e34e9bde73437,site:b1b27a7f804e34e9bde73437,atom_group,2.80366463415,1.67613085844,1.1275337757,6.76770718892,-5.06193637848,0.0797480734384,0.125145940282,11.887090683,11.7518730164,11.8499670029,11.8296435674,0.0570422992979,3,0,frozen deterministic type router
3,context:6f179f777671ea16f97d3411,JAECFOXREFJWIQ,True,93,context:6f179f777671ea16f97d3411|site:cd9f2e40ed5f6d7b7d9209ae,site:cd9f2e40ed5f6d7b7d9209ae,atom,context:6f179f777671ea16f97d3411|site:a918af819d09af04d73bf890,site:a918af819d09af04d73bf890,atom_group,4.29256935345,-0.789313263711,5.08188261716,10.2946869532,-8.61060651143,0.0599761909416,0.0604704373162,18.9397945404,18.8898277283,18.8862581253,18.9052934647,0.0244394310761,3,0,frozen deterministic type router
3,context:6f78921165095c04644f69b0,YNAVUWVOSKDBBP,True,64,context:6f78921165095c04644f69b0|site:e0760ea7f9476c067b0ddf1c,site:e0760ea7f9476c067b0ddf1c,atom,context:6f78921165095c04644f69b0|site:6c82b8b6c0faa08ceae873e6,site:6c82b8b6c0faa08ceae873e6,atom_group,2.43090786944,0.647706644708,1.78320122473,4.68643347422,-6.58227507273,0.0288734663705,0.115459058596,11.3810224533,11.1444559097,11.2806472778,11.268708547,0.0969461443498,3,0,frozen deterministic type router
3,context:70447420a047d2e1c6853be4,UUTZEAQZDHSEAL,True,60,context:70447420a047d2e1c6853be4|site:47bb8e93659cdcc1a74cc171,site:47bb8e93659cdcc1a74cc171,transferable_h_group,context:70447420a047d2e1c6853be4|site:c02500d5ed419884ea3fde7c,site:c02500d5ed419884ea3fde7c,atom,4.4158128837,-0.719980599888,5.13579348358,10.4431715012,-7.22927045822,0.127118631461,0.0471269318743,17.6532263756,17.8066110611,17.5574884415,17.6724419594,0.10260750102,3,0,frozen deterministic type router
3,context:71d67a01ba53a82b13c163b0,WCMLRSZJUIKVCW,True,91,context:71d67a01ba53a82b13c163b0|site:aae1e3535c802eb2030355e1,site:aae1e3535c802eb2030355e1,atom,context:71d67a01ba53a82b13c163b0|site:f0b944cbdd10293916402aef,site:f0b944cbdd10293916402aef,atom_group,4.14074330171,0.226955099452,3.91378820225,5.64101489385,-7.83083264033,0.0452643657364,0.0104480286195,13.4825024605,13.508354187,13.424685955,13.4718475342,0.0349784586171,3,0,frozen deterministic type router
3,context:72f1954993f4e7c8534b029c,HOKIBTXDUCLZQR,True,65,context:72f1954993f4e7c8534b029c|site:67d239512144b5e44e3c8d6e,site:67d239512144b5e44e3c8d6e,atom,context:72f1954993f4e7c8534b029c|site:2b79dab36cf8cd76ca0760e6,site:2b79dab36cf8cd76ca0760e6,bond,3.06655655462,-0.404890272773,3.47144682739,10.4421714147,-2.79719424248,0.0538624797739,0.0777660741648,13.2233855724,13.2138364315,13.2808749676,13.2393656572,0.0296092740068,3,0,frozen deterministic type router
3,context:73feb99f4e6b4ddbd88ec1a7,YKHWTRUFZHTBMJ,True,182,context:73feb99f4e6b4ddbd88ec1a7|site:e28edf89d1cdc39411cf451e,site:e28edf89d1cdc39411cf451e,atom,context:73feb99f4e6b4ddbd88ec1a7|site:f203ce2c4c2b1c80e1b5cc80,site:f203ce2c4c2b1c80e1b5cc80,atom_group,4.60109365435,-1.57122375274,6.17231740708,10.7754364014,-8.422123909,0.0357396705008,0.0529422718666,19.237370491,19.1621084213,19.1932020187,19.1975603104,0.0308797756186,3,0,frozen deterministic type router
3,context:747e9b73428e74177ffb857a,XTPVMJZCDLGELL,True,63,context:747e9b73428e74177ffb857a|site:6f480c72e0a76c0ca6828e6e,site:6f480c72e0a76c0ca6828e6e,atom,context:747e9b73428e74177ffb857a|site:5f98430a9b7a17f114b7a225,site:5f98430a9b7a17f114b7a225,atom_group,2.49279495057,-0.317584194816,2.81037914538,8.97908814748,-6.57706244787,0.0641126739502,0.12519645343,15.5925326347,15.4649968147,15.6109223366,15.5561505953,0.0648912119082,3,0,frozen deterministic type router
3,context:7570ecd2c3bbd68836b63493,GWWFMBNBRVZBPC,False,156,context:7570ecd2c3bbd68836b63493|site:980051b2617e7041504492aa,site:980051b2617e7041504492aa,delocalized_region,context:7570ecd2c3bbd68836b63493|site:3d795f3e502b0fe23d6c98dc,site:3d795f3e502b0fe23d6c98dc,delocalized_region,4.0409995802,1.02590124684,3.01509833336,5.52752780914,2.51242947578,0.048148443193,0.0471678290239,3.01717162132,3.01065731049,3.01746606827,3.01509833336,0.00314257727237,3,0,frozen deterministic type router
3,context:75b4fd93c019deb5a01c69a9,IAQRGUVFOMOMEM,True,43,context:75b4fd93c019deb5a01c69a9|site:0e906c7d7e1a295829424077,site:0e906c7d7e1a295829424077,bond,context:75b4fd93c019deb5a01c69a9|site:84a95bd67fdff97463fd91d2,site:84a95bd67fdff97463fd91d2,delocalized_region,2.1286446935,0.123403890143,2.00524080336,3.00521405538,-3.74489887555,0.0351968808804,0.0882674774547,6.78191518784,6.66370773315,6.80471587181,6.75011293093,0.0618027046328,3,0,frozen deterministic type router
3,context:75c98a4330ae1af2e4b9d3f8,LDWDMHUVQVGZOX,True,208,context:75c98a4330ae1af2e4b9d3f8|site:165fcbe1f66258effd347bd9,site:165fcbe1f66258effd347bd9,bond,context:75c98a4330ae1af2e4b9d3f8|site:eb07f7d454110ca24ca9f342,site:eb07f7d454110ca24ca9f342,atom,2.26596895697,0.252295937447,2.01367301952,1.77110401789,-4.90549039841,0.0627208158323,0.0469865272567,6.71287465096,6.6507768631,6.66613173485,6.6765944163,0.0264087686393,3,0,frozen deterministic type router
3,context:79c65256b559d6d381320fb6,GQHTUMJGOHRCHB,True,145,context:79c65256b559d6d381320fb6|site:fa324338416bcabf72f76444,site:fa324338416bcabf72f76444,atom,context:79c65256b559d6d381320fb6|site:6fc09f3cf710bb843ae03ee9,site:6fc09f3cf710bb843ae03ee9,atom_group,1.91407748147,0.886891139852,1.02718634161,8.40780703227,-1.89371577899,0.0508715851292,0.0721916062328,10.3555668592,10.1333538294,10.4156477451,10.3015228113,0.12141672883,3,0,frozen deterministic type router
3,context:7afc77936697482adb7a1f43,UYPHGAMYOHOZJK,True,151,context:7afc77936697482adb7a1f43|site:294e2e5ed0b84db2d3a22bd6,site:294e2e5ed0b84db2d3a22bd6,atom,context:7afc77936697482adb7a1f43|site:1525428ce750819c6291ab00,site:1525428ce750819c6291ab00,atom_group,3.23843869563,0.328716358758,2.90972233687,9.70991134644,-4.52708991369,0.0610008886423,0.0701931404073,14.2951803207,14.0749545097,14.3408689499,14.2370012601,0.116092562758,3,0,frozen deterministic type router
3,context:7dc431d0c7fb19fbe1db981a,RWCLZNAGACFNEX,True,131,context:7dc431d0c7fb19fbe1db981a|site:6528ba0d0a40d18f2bcc4834,site:6528ba0d0a40d18f2bcc4834,transferable_h_group,context:7dc431d0c7fb19fbe1db981a|site:86532944be06ea05a30a9471,site:86532944be06ea05a30a9471,transferable_h_group,4.04370829197,0.772626685422,3.27108160655,5.13030338287,1.85922177633,0.0393895312447,0.083683224558,3.26738500595,3.40361750126,3.14224231243,3.27108160655,0.106737984416,3,0,frozen deterministic type router
3,context:7dcccb2e6906ee18d7b7a0bf,YXFVVABEGXRONW,False,82,context:7dcccb2e6906ee18d7b7a0bf|site:c36be140e37d0afbbefa7971,site:c36be140e37d0afbbefa7971,transferable_h_group,context:7dcccb2e6906ee18d7b7a0bf|site:c2e4aa81610bc6236ec779de,site:c2e4aa81610bc6236ec779de,delocalized_region,1.58459459481,1.5473027093,0.037291885514,-0.45553385218,-3.74384522438,0.0682090592187,0.026376834837,3.25337618589,3.34825706482,3.26330086589,3.2883113722,0.0425812115524,3,0,frozen deterministic type router
3,context:7e668643a74ae47e7d41748f,OHYUGAGDOHRBPX,True,171,context:7e668643a74ae47e7d41748f|site:d065f264cfffd7b7dd422615,site:d065f264cfffd7b7dd422615,atom,context:7e668643a74ae47e7d41748f|site:3e91691f1860dc33461bea74,site:3e91691f1860dc33461bea74,atom_group,3.87457444459,-0.916589330244,4.79116377484,9.09183120728,-8.93933327993,0.0174006275463,0.0659334576869,18.0692911148,17.9608058929,18.0633964539,18.0311644872,0.049809206622,3,0,frozen deterministic type router
3,context:802efb563294ee44870311da,IMNIMPAHZVJRPE,True,122,context:802efb563294ee44870311da|site:8c8415998203898fc3f6339f,site:8c8415998203898fc3f6339f,atom_group,context:802efb563294ee44870311da|site:1abf4a396cae17af5c1615f9,site:1abf4a396cae17af5c1615f9,atom,2.66015090733,1.18414465884,1.4760062485,-3.76639087995,5.27198425929,0.0878443352561,0.035966117883,-9.06660938263,-8.96555328369,-9.08296275139,-9.03837513924,0.0519238233775,3,0,frozen deterministic type router
3,context:8091521933b80d1d2bcb055b,DJBNGARJVCYIMQ,False,237,context:8091521933b80d1d2bcb055b|site:96c96ea2d6378077e4178613,site:96c96ea2d6378077e4178613,atom,context:8091521933b80d1d2bcb055b|site:1c29873e82b989acc3bbadf8,site:1c29873e82b989acc3bbadf8,atom,3.27339996078,2.7830936231,0.490306337674,1.86002504826,1.36971871058,0.0701359510202,0.0690848602097,0.487753272057,0.490882515907,0.49228322506,0.490306337674,0.001893692085,3,0,frozen deterministic type router
3,context:811ae9efcd0193872121497e,WGYKZJWCGVVSQN,True,38,context:811ae9efcd0193872121497e|site:3585d1a3984c3ec86d47e250,site:3585d1a3984c3ec86d47e250,atom,context:811ae9efcd0193872121497e|site:877e6257964f75b9445fef96,site:877e6257964f75b9445fef96,atom_group,3.31870599312,-0.215824547467,3.53453054059,7.40705776215,-9.49650637309,0.0692897987043,0.12195257999,16.9733953476,16.8315067291,16.905790329,16.9035641352,0.0579471711517,3,0,frozen deterministic type router
3,context:83d89f504c32f936af35d07c,OAJHUPAFXARZGF,True,98,context:83d89f504c32f936af35d07c|site:a91b7f28a2c6add918486a09,site:a91b7f28a2c6add918486a09,atom,context:83d89f504c32f936af35d07c|site:d6426811c5e925fdcd117456,site:d6426811c5e925fdcd117456,atom_group,2.54893708634,0.580792591616,1.96814449473,6.42265907923,-4.67370080948,0.0715509617384,0.0413481423124,11.1653146744,10.9549293518,11.16883564,11.0963598887,0.100016821508,3,0,frozen deterministic type router
3,context:84078208c008c047b25acf64,YERBBVNYIKLXDM,True,26,context:84078208c008c047b25acf64|site:11ce13c6395aebf576fb80c9,site:11ce13c6395aebf576fb80c9,atom,context:84078208c008c047b25acf64|site:0c04e2855bc77ffff3e0d26d,site:0c04e2855bc77ffff3e0d26d,atom_group,3.01590088101,1.01517705269,2.00072382832,6.36702378591,-6.85844103495,0.109341002403,0.14355562939,13.2472872734,13.1763491631,13.2527580261,13.2254648209,0.0348017544111,3,0,frozen deterministic type router
3,context:840fd600607d5836cc66637e,ZRNARZDEJVFNSK,True,90,context:840fd600607d5836cc66637e|site:ffe8cdd87b790be0fa2a0580,site:ffe8cdd87b790be0fa2a0580,atom_group,context:840fd600607d5836cc66637e|site:baf7a945d0ad9f0ad9e2f4ca,site:baf7a945d0ad9f0ad9e2f4ca,atom,5.19590405145,-0.413084761901,5.60898881335,8.14266459147,0.203209777673,0.0937244058618,0.0504098950552,7.91509714723,8.00110390782,7.90216338634,7.9394548138,0.0439111120199,3,0,frozen deterministic type router
3,context:86147d68481eeb09813c9fc3,XLYOFNOQVPJJNP,True,4,context:86147d68481eeb09813c9fc3|site:150b3616ef738c2ab4efbe45,site:150b3616ef738c2ab4efbe45,atom,context:86147d68481eeb09813c9fc3|site:1e5bd997732b7988f6596fcc,site:1e5bd997732b7988f6596fcc,transferable_h_group,2.36203069931,0.610802754619,1.75122794469,2.42346366247,-0.367148568233,0.125901166268,0.134548803177,2.81804972887,2.77311486006,2.78067210317,2.7906122307,0.0196450199001,3,0,frozen deterministic type router
3,context:863b376abd11b6cd8ab3f8ba,QGGUMTNPIYCTSF,False,74,context:863b376abd11b6cd8ab3f8ba|site:66a321dd5d9dd78c400887cf,site:66a321dd5d9dd78c400887cf,transferable_h_group,context:863b376abd11b6cd8ab3f8ba|site:8b1621eeed1720451f360b77,site:8b1621eeed1720451f360b77,transferable_h_group,2.26920881196,2.12572231218,0.143486499786,4.28891293208,4.14542643229,0.0845450897198,0.0310927360111,0.116771697998,0.0954284667969,0.218259334564,0.143486499786,0.0535855452839,3,0,frozen deterministic type router
3,context:8714bd2dca42ece385720228,WVBWWBNJMBVGNG,True,194,context:8714bd2dca42ece385720228|site:6202bea7c0da61652269b9ab,site:6202bea7c0da61652269b9ab,bond,context:8714bd2dca42ece385720228|site:7e2a22dc2cd7c6881a4de769,site:7e2a22dc2cd7c6881a4de769,atom,4.14609458579,-0.0977750585799,4.24386964437,5.32129605611,0.632700363795,0.00964995611158,0.015064316734,4.71347570419,4.65522235632,4.69708901644,4.68859569232,0.0245284263742,3,0,frozen deterministic type router
3,context:87908d0dc6a3a19f1ab7b04a,YERBBVNYIKLXDM,True,26,context:87908d0dc6a3a19f1ab7b04a|site:11ce13c6395aebf576fb80c9,site:11ce13c6395aebf576fb80c9,atom,context:87908d0dc6a3a19f1ab7b04a|site:caf07dbc04f4fddee4bd8e4b,site:caf07dbc04f4fddee4bd8e4b,atom_group,3.16718348851,0.978232943251,2.18895054526,5.82172584534,-8.00917418798,0.0995401296689,0.122777087349,13.818572998,13.8027472496,13.8713798523,13.8309000333,0.029343657883,3,0,frozen deterministic type router
3,context:88dc2fb2a8fa785ece10e5c8,SGUVLZREKBPKCE,True,109,context:88dc2fb2a8fa785ece10e5c8|site:d82647d845c7d8e86024c844,site:d82647d845c7d8e86024c844,atom,context:88dc2fb2a8fa785ece10e5c8|site:83a80754af4f9a7e73dfa9f5,site:83a80754af4f9a7e73dfa9f5,atom_group,2.14240124202,1.17424741644,0.968153825582,8.54892349243,-2.16942278544,0.0345840640555,0.0858364864246,10.7593693733,10.5569164753,10.838752985,10.7183462779,0.11865952784,3,0,frozen deterministic type router
3,context:892c9c011ecfd597feecbf8d,CQJDYPZUDYXHLM,True,73,context:892c9c011ecfd597feecbf8d|site:e3767a073e0972d3a56d4976,site:e3767a073e0972d3a56d4976,atom,context:892c9c011ecfd597feecbf8d|site:0c623358609b63f011bbff6e,site:0c623358609b63f011bbff6e,atom_group,3.84030256766,0.0795418953239,3.76076067234,5.03243525823,-6.70986843109,0.0844870218459,0.0933956635842,11.7761468887,11.7241697311,11.7265944481,11.7423036893,0.0239512201903,3,0,frozen deterministic type router
3,context:8a5b36b60b7cfcb57c3ad503,ZMYZJAQMQBHNLH,True,226,context:8a5b36b60b7cfcb57c3ad503|site:335b699770ed32bb2e148271,site:335b699770ed32bb2e148271,atom,context:8a5b36b60b7cfcb57c3ad503|site:2803a2dde7acdf81feb909ff,site:2803a2dde7acdf81feb909ff,atom_group,3.69304913356,-1.0900391225,4.78308825606,9.64159393311,-6.1637600263,0.101708214374,0.0418988298672,15.8513040543,15.6645236015,15.9002342224,15.8053539594,0.101565849287,3,0,frozen deterministic type router
3,context:8a7ef30a23323e8945cc9794,QVOVAPDFMDEZJZ,True,92,context:8a7ef30a23323e8945cc9794|site:0a729ecde8c973e3abbacf9f,site:0a729ecde8c973e3abbacf9f,bond,context:8a7ef30a23323e8945cc9794|site:2912038cfcbbf10431efb059,site:2912038cfcbbf10431efb059,delocalized_region,3.74050617314,-0.0774264255164,3.81793259866,4.31103897095,-2.61813378334,0.0224866525904,0.0340226000137,6.94516468048,6.88354301453,6.95881056786,6.92917275429,0.0327425047258,3,0,frozen deterministic type router
3,context:8ba2d320c3b6827037459f01,VJGBJVIKLSPWJY,False,194,context:8ba2d320c3b6827037459f01|site:676d246ffdbf521568a43cf9,site:676d246ffdbf521568a43cf9,atom,context:8ba2d320c3b6827037459f01|site:fcc6a0e53f9499e65144af27,site:fcc6a0e53f9499e65144af27,atom,2.00708037561,2.00708037561,0,3.71959463755,3.71959463755,0.0667241676706,0.0667241676706,0,0,0,0,0,3,0,frozen deterministic type router
3,context:900e0ef528d122743759721d,KFTADSJYQHFUKZ,True,139,context:900e0ef528d122743759721d|site:709107f37e24cf63b56e4f2f,site:709107f37e24cf63b56e4f2f,atom,context:900e0ef528d122743759721d|site:402928a6f637ba9d1023693d,site:402928a6f637ba9d1023693d,atom_group,3.09732891162,-0.57026327134,3.66759218296,8.73655351003,-4.98138904572,0.0605940288344,0.106787269492,13.7096204758,13.6610569954,13.7831501961,13.7179425557,0.0501905049097,3,0,frozen deterministic type router
3,context:90b4f64e72ef28d9e9981436,ZOQOPXVJANRGJZ,True,89,context:90b4f64e72ef28d9e9981436|site:b4bfb215394238b4a4d58c94,site:b4bfb215394238b4a4d58c94,atom,context:90b4f64e72ef28d9e9981436|site:8b0b5cd409998a8525033a8d,site:8b0b5cd409998a8525033a8d,delocalized_region,3.16945065,-0.177359435845,3.34681008585,4.71333026886,-3.87188879649,0.0407591389257,0.0733444477814,8.63926339149,8.50659370422,8.60980010033,8.58521906535,0.0568828148659,3,0,frozen deterministic type router
3,context:91c341b607fd8bb66bfb35b4,PYQMBKPWEPUANG,True,198,context:91c341b607fd8bb66bfb35b4|site:f5c0699c1626c1087ce26089,site:f5c0699c1626c1087ce26089,bond,context:91c341b607fd8bb66bfb35b4|site:fe9987b1e4d3ce257c216950,site:fe9987b1e4d3ce257c216950,delocalized_region,3.06989197587,-0.415367856624,3.48525983249,6.61507145564,-6.0231218338,0.0253799837121,0.0255759773425,12.6150679588,12.6717553139,12.6277565956,12.6381932894,0.0242907045175,3,0,frozen deterministic type router
3,context:949b1c1beccdbbc6ac0e4e06,ZOQOPXVJANRGJZ,True,89,context:949b1c1beccdbbc6ac0e4e06|site:b4bfb215394238b4a4d58c94,site:b4bfb215394238b4a4d58c94,atom,context:949b1c1beccdbbc6ac0e4e06|site:8b0b5cd409998a8525033a8d,site:8b0b5cd409998a8525033a8d,delocalized_region,3.9434495821,-0.809631699874,4.75308128198,6.68883101145,-5.59692637126,0.0498093599473,0.0995560229614,12.3274769783,12.2040348053,12.3257603645,12.2857573827,0.0577908379992,3,0,frozen deterministic type router
3,context:94a61b16c071603466488247,IQKSLJOIKWOGIZ,True,220,context:94a61b16c071603466488247|site:e54aa6f57952d4ecd894c7c4,site:e54aa6f57952d4ecd894c7c4,atom,context:94a61b16c071603466488247|site:0f7b02c83fbaf25bb759f132,site:0f7b02c83fbaf25bb759f132,atom_group,3.44010885253,-0.823778885266,4.2638877378,6.70877059301,-6.7370168368,0.0598498164724,0.0359150408888,13.4742207527,13.4151444435,13.4479970932,13.4457874298,0.0241683613639,3,0,frozen deterministic type router
3,context:9577da62c06995023c463936,YXZRFWIVBXHTBE,True,158,context:9577da62c06995023c463936|site:52506122207bdd2a20b10c8d,site:52506122207bdd2a20b10c8d,bond,context:9577da62c06995023c463936|site:5976b815a6857d7ed94b6d2b,site:5976b815a6857d7ed94b6d2b,atom,2.27675428243,-0.0531073085027,2.32986159094,3.15338627497,-0.617900788784,0.00648131651662,0.0218813322653,3.78666341305,3.78807836771,3.73911941051,3.77128706376,0.0227532995488,3,0,frozen deterministic type router
3,context:96cc12243cb7308b7a7b879d,AAAQKTZKLRYKHR,True,224,context:96cc12243cb7308b7a7b879d|site:f06e7c41b6515f30af2970b7,site:f06e7c41b6515f30af2970b7,transferable_h_group,context:96cc12243cb7308b7a7b879d|site:459a7b9bc72a502cd91025ff,site:459a7b9bc72a502cd91025ff,delocalized_region,4.07882700341,-1.20939231362,5.28821931704,10.6529693604,-10.0175352097,0.0410786432913,0.0410670031646,20.6402540207,20.71900177,20.6522579193,20.67050457,0.0346410854554,3,0,frozen deterministic type router
3,context:982b6372a6e0963fa3349f82,YVDVSJFCKBIGDL,True,219,context:982b6372a6e0963fa3349f82|site:39fe57b8aaa001b4a25d4493,site:39fe57b8aaa001b4a25d4493,atom,context:982b6372a6e0963fa3349f82|site:17e02b44c76efa1516d1bd9f,site:17e02b44c76efa1516d1bd9f,atom,3.24536768032,2.12671239607,1.11865528425,4.50843715668,3.38978187243,0.0648421801113,0.0495342231712,1.11301851273,1.10135626793,1.14159107208,1.11865528425,0.0169024605939,3,0,frozen deterministic type router
3,context:9af11d59c9ea233c8010f6bb,BTCSSZJGUNDROE,True,52,context:9af11d59c9ea233c8010f6bb|site:d9759f03bdf75a6fcc91c968,site:d9759f03bdf75a6fcc91c968,atom,context:9af11d59c9ea233c8010f6bb|site:0e436f6a01d9564f9ae54001,site:0e436f6a01d9564f9ae54001,atom_group,2.47509329579,1.7197031666,0.755390129188,6.27022393545,-6.64965963364,0.0648811270363,0.138585364985,12.9586515427,12.8148121834,12.9861869812,12.9198835691,0.0751422968498,3,0,frozen deterministic type router
3,context:9d2c3139ea78de96abdbe5ad,RAXXELZNTBOGNW,True,40,context:9d2c3139ea78de96abdbe5ad|site:210d19546b60f136f69195c7,site:210d19546b60f136f69195c7,atom_group,context:9d2c3139ea78de96abdbe5ad|site:e51f0123af034c334febb4b4,site:e51f0123af034c334febb4b4,delocalized_region,3.83580692386,0.226763002605,3.60904392125,3.1845896244,-0.349337180456,0.093509075922,0.095871407106,3.57612413168,3.5182185173,3.5074377656,3.53392680486,0.0301608680781,3,0,frozen deterministic type router
3,context:a2b956996902a0c95279f30c,IAPQCQCJCOIPGG,True,102,context:a2b956996902a0c95279f30c|site:f372642529187e3322a0c1ec,site:f372642529187e3322a0c1ec,atom,context:a2b956996902a0c95279f30c|site:0ee668b804c5bda507297584,site:0ee668b804c5bda507297584,atom_group,3.23753080967,0.691737822189,2.54579298749,10.0097923279,-4.84484624863,0.057653795679,0.132220203295,14.9250178337,14.7187976837,14.9201002121,14.8546385765,0.0960749945491,3,0,frozen deterministic type router
3,context:a3e9db402d50367ae82f56f8,ULVUGRJTZCWZRN,True,91,context:a3e9db402d50367ae82f56f8|site:9b9c323ce6086017c0231135,site:9b9c323ce6086017c0231135,atom,context:a3e9db402d50367ae82f56f8|site:daf61d3ebe0c4e47e153ab81,site:daf61d3ebe0c4e47e153ab81,atom_group,3.68865011311,0.992622823234,2.69602728987,10.2051970164,-5.32863871257,0.0566233326957,0.129686179895,15.610054493,15.3877296448,15.6037230492,15.533835729,0.103344932702,3,0,frozen deterministic type router
3,context:a67192e244b884f7edaf5de7,PRPMBEZVXZKPOS,True,76,context:a67192e244b884f7edaf5de7|site:9a7e88c74a2f779e695756ac,site:9a7e88c74a2f779e695756ac,transferable_h_group,context:a67192e244b884f7edaf5de7|site:29685b387625c939698adad6,site:29685b387625c939698adad6,bond,3.48882485855,0.387424376953,3.1014004816,6.81952317556,0.166026343902,0.114387544301,0.070830048317,6.57172244787,6.88823083043,6.50053721666,6.65349683166,0.168506917606,3,0,frozen deterministic type router
3,context:a6ae47f323efa3e6a6ecd529,AZQJMOSEBVCAFB,True,192,context:a6ae47f323efa3e6a6ecd529|site:74f7cea0e16e108a5febf74d,site:74f7cea0e16e108a5febf74d,bond,context:a6ae47f323efa3e6a6ecd529|site:444e98b76c54883c378d3e68,site:444e98b76c54883c378d3e68,atom,4.22167584037,-0.293029157309,4.51470499768,7.80677191416,0.822249392668,0.016798575522,0.0397172398773,7.0077483654,6.94259297848,7.00322622061,6.9845225215,0.0297060867128,3,0,frozen deterministic type router
3,context:a6b771105ca338023cde458a,WVBWWBNJMBVGNG,True,194,context:a6b771105ca338023cde458a|site:6202bea7c0da61652269b9ab,site:6202bea7c0da61652269b9ab,bond,context:a6b771105ca338023cde458a|site:431cea9d4397bdabeea86216,site:431cea9d4397bdabeea86216,delocalized_region,4.33122897676,-0.655589869309,4.98681884607,9.23464425405,-1.50760690371,0.020667442903,0.0687060437298,10.7490622997,10.6559753418,10.8217158318,10.7422511578,0.0678344614691,3,0,frozen deterministic type router
3,context:a92d0aa3a11b4e464645e329,KAESVJOAVNADME,True,51,context:a92d0aa3a11b4e464645e329|site:3acc54d1755769d35e57342a,site:3acc54d1755769d35e57342a,delocalized_region,context:a92d0aa3a11b4e464645e329|site:85fbf202da84cd2afdba9c3d,site:85fbf202da84cd2afdba9c3d,transferable_h_group,1.65451067658,0.593479560729,1.06103111585,3.38020149867,-1.40571669737,0.105490821598,0.0993361807237,4.78915691376,4.79284405708,4.77575361729,4.78591819604,0.00734337581029,3,0,frozen deterministic type router
3,context:aad56734dc6233eba8f81f7d,BGCWDXXJMUHZHE,True,63,context:aad56734dc6233eba8f81f7d|site:2d7d18626cf8aba30442c79c,site:2d7d18626cf8aba30442c79c,bond,context:aad56734dc6233eba8f81f7d|site:aae792f0506c72db77bb98eb,site:aae792f0506c72db77bb98eb,delocalized_region,2.65937399814,-0.308454056196,2.96782805433,8.51088587443,-6.81254021327,0.0619251771971,0.129883979595,15.3392953873,15.2294335365,15.4015493393,15.3234260877,0.0711563461307,3,0,frozen deterministic type router
3,context:ab4f099cc387e071731b479d,LYINTWKRUWVLBA,True,117,context:ab4f099cc387e071731b479d|site:1a5e576e34890c678be13425,site:1a5e576e34890c678be13425,transferable_h_group,context:ab4f099cc387e071731b479d|site:930b41bf13bca231284e3a7b,site:930b41bf13bca231284e3a7b,atom,3.33351849226,-0.534281508909,3.86780000117,7.62096738815,-6.11624558767,0.0758542706453,0.0289941536167,13.6721758842,13.8397903442,13.699672699,13.7372129758,0.0733966669941,3,0,frozen deterministic type router
3,context:acdfdd2ff1742eb7efc5f7a8,ZMPUERSSNVHHJM,True,431,context:acdfdd2ff1742eb7efc5f7a8|site:795f2bd6710af50357d24a51,site:795f2bd6710af50357d24a51,bond,context:acdfdd2ff1742eb7efc5f7a8|site:619cdd15125808a267795bd2,site:619cdd15125808a267795bd2,atom,4.33314997306,0.0470468150724,4.28610315799,5.25984970729,-1.68350466092,0.0770042211109,0.0997666770531,6.94110167027,6.97337138653,6.91559004784,6.94335436821,0.0236428532017,3,0,frozen deterministic type router
3,context:ad9d3bb3f215a1bd183c99b2,XLYOFNOQVPJJNP,True,6,context:ad9d3bb3f215a1bd183c99b2|site:1aeb4d101f9b2ce5442da7f3,site:1aeb4d101f9b2ce5442da7f3,atom,context:ad9d3bb3f215a1bd183c99b2|site:9e7c24c4b79806e405fb837a,site:9e7c24c4b79806e405fb837a,transferable_h_group,2.14050287969,0.563138398875,1.57736448081,6.66488329569,-2.27875796954,0.0950325118882,0.114253712928,8.96436882019,8.91183900833,8.95471596718,8.94364126523,0.0228302730436,3,0,frozen deterministic type router
3,context:b341dc1bd2106af80f2da057,OWWIWYDDISJUMY,True,67,context:b341dc1bd2106af80f2da057|site:8eb1568e6b0a20528b3c79c4,site:8eb1568e6b0a20528b3c79c4,bond,context:b341dc1bd2106af80f2da057|site:b842f8b877b7e9eb921095c5,site:b842f8b877b7e9eb921095c5,delocalized_region,3.15044407244,-0.0445039873678,3.19494805981,6.76166788737,-3.94661037127,0.0162751694116,0.067393952512,10.7356450558,10.6077179909,10.7814717293,10.7082782586,0.0735268503842,3,0,frozen deterministic type router
3,context:b3a275786bb7f842b880c170,SIKJAQJRHWYJAI,True,108,context:b3a275786bb7f842b880c170|site:bab385ff7ee9a94434e2dac9,site:bab385ff7ee9a94434e2dac9,delocalized_region,context:b3a275786bb7f842b880c170|site:f44abc7e0ad430af7bb4a49a,site:f44abc7e0ad430af7bb4a49a,transferable_h_group,3.57324879131,-0.774153565477,4.34740235679,7.06634664536,-2.40160067876,0.0708779708163,0.130279444388,9.58923196793,9.35860276222,9.4560072422,9.46794732412,0.0945317646719,3,0,frozen deterministic type router
3,context:b44b93b78777b9b06d72907a,YAYTYCFOMPKBLT,True,25,context:b44b93b78777b9b06d72907a|site:05d8cb686f0eeb2439226c8c,site:05d8cb686f0eeb2439226c8c,atom,context:b44b93b78777b9b06d72907a|site:e9a509871b7798d6dc494c24,site:e9a509871b7798d6dc494c24,atom_group,2.90574613309,1.80379711745,1.10194901564,8.71337127686,-7.76495552063,0.112829908214,0.132394509915,16.4745659828,16.4549536705,16.5054607391,16.4783267975,0.0207902026721,3,0,frozen deterministic type router
3,context:b7e1139870fe9139d0577224,LRLGEWICBZWMKM,True,95,context:b7e1139870fe9139d0577224|site:d56b02e17c3d5019592a92aa,site:d56b02e17c3d5019592a92aa,atom,context:b7e1139870fe9139d0577224|site:c059c7f6357d7e47f495a80b,site:c059c7f6357d7e47f495a80b,delocalized_region,2.46494760551,0.256724794666,2.20822281085,4.46222448349,-1.17465913296,0.045612577154,0.10271476748,5.64631557465,5.56178021431,5.70255506039,5.63688361645,0.0578567812136,3,0,frozen deterministic type router
3,context:b840db4d6d4c6e3bf4370ca3,YGYSYVIYOVIODP,True,26,context:b840db4d6d4c6e3bf4370ca3|site:73f975857718cbfd3b527737,site:73f975857718cbfd3b527737,atom,context:b840db4d6d4c6e3bf4370ca3|site:075913da43a52dbf23a73291,site:075913da43a52dbf23a73291,atom_group,3.10922180585,1.41680921677,1.69241258908,3.24873034159,-10.5898259481,0.0506479221209,0.0669319000777,13.8338904381,13.8197426796,13.8620357513,13.8385562897,0.0175784642439,3,0,frozen deterministic type router
3,context:b8690ed83fcc1f63ec6a3192,AVAKHEUFLLONCE,True,184,context:b8690ed83fcc1f63ec6a3192|site:431b15fdf728076f0ad32b88,site:431b15fdf728076f0ad32b88,atom,context:b8690ed83fcc1f63ec6a3192|site:ca3643cece7f33a057ff5604,site:ca3643cece7f33a057ff5604,transferable_h_group,2.40006393146,-0.265486032028,2.66554996349,6.32658004761,-0.30046069622,0.0940827808558,0.105463304167,6.80171227455,6.34805062413,6.7313593328,6.62704074383,0.199355627408,3,0,frozen deterministic type router
3,context:b87ab519eed317de504f5e06,KTSWILXIWHVQLR,True,127,context:b87ab519eed317de504f5e06|site:b1a5b6bab30078eed4a72804,site:b1a5b6bab30078eed4a72804,transferable_h_group,context:b87ab519eed317de504f5e06|site:74a1c376a24353dd13747f08,site:74a1c376a24353dd13747f08,atom,3.42479182029,-0.389815801585,3.81460762188,6.97657855352,-6.31667788823,0.087743162968,0.0519920106315,13.2903881073,13.4374084473,13.1519727707,13.2932564418,0.116546276567,3,0,frozen deterministic type router
3,context:b88c67ca401e48fbfab5c039,OTLNPYWUJOZPPA,True,94,context:b88c67ca401e48fbfab5c039|site:625eaaa52414910dce0e1329,site:625eaaa52414910dce0e1329,atom_group,context:b88c67ca401e48fbfab5c039|site:5bb0c4475bc04690fa53b5f5,site:5bb0c4475bc04690fa53b5f5,atom,3.15412714325,0.523311540028,2.63081560322,5.51442972819,2.64980101585,0.130141762574,0.0521737793104,2.82707428932,2.97635674477,2.79045510292,2.86462871234,0.0804056636736,3,0,frozen deterministic type router
3,context:bd9bcdb175e11b897dabcd28,NJRFUIBZODLJFT,False,180,context:bd9bcdb175e11b897dabcd28|site:506e6069451cfbd39a789b27,site:506e6069451cfbd39a789b27,atom,context:bd9bcdb175e11b897dabcd28|site:487ba9845b3e4f07c87d06b8,site:487ba9845b3e4f07c87d06b8,atom,3.19517058068,2.55411753985,0.641053040822,8.16179529826,7.52074225744,0.139178779125,0.123681392295,0.676385879517,0.618560791016,0.628212451935,0.641053040822,0.0252928943549,3,0,frozen deterministic type router
3,context:bda4a8efd0a6071173148caf,MZRSAJZDYIISJW,True,309,context:bda4a8efd0a6071173148caf|site:4a68360f311f405614050903,site:4a68360f311f405614050903,atom,context:bda4a8efd0a6071173148caf|site:6fff2268190c90a1d8a19b86,site:6fff2268190c90a1d8a19b86,bond,2.59419833307,-0.0471626987135,2.64136103178,6.43090947469,-2.70374798775,0.0376044724786,0.032634188522,9.1351184845,9.12804532051,9.14080858231,9.13465746244,0.00522076743506,3,0,frozen deterministic type router
3,context:bf8585ddd47f6b23a6dfb659,YLQBMQCUIZJEEH,True,48,context:bf8585ddd47f6b23a6dfb659|site:f28c4228be731b42a1c42f49,site:f28c4228be731b42a1c42f49,delocalized_region,context:bf8585ddd47f6b23a6dfb659|site:f980b9398b754fba697ff4c9,site:f980b9398b754fba697ff4c9,transferable_h_group,2.00329298573,0.0519263497931,1.95136663594,4.71398639679,-5.77563762665,0.0752358345371,0.102662580711,10.5425419807,10.4464597702,10.4798703194,10.4896240234,0.0398271168337,3,0,frozen deterministic type router
3,context:c230f506962530139725d833,OISVCGZHLKNMSJ,True,83,context:c230f506962530139725d833|site:48145df20698a993fd1eb2bd,site:48145df20698a993fd1eb2bd,atom,context:c230f506962530139725d833|site:7022cdf650d37a7e936797f0,site:7022cdf650d37a7e936797f0,delocalized_region,2.82264908707,-0.344586673123,3.16723576019,9.47508271535,-7.95247936249,0.0327898285335,0.0750316008044,17.5241231918,17.2806816101,17.4778814316,17.4275620778,0.105561921635,3,0,frozen deterministic type router
3,context:c28e9784db55d15adb8563d0,RFCQDOVPMUSZMN,True,132,context:c28e9784db55d15adb8563d0|site:b3d4d4734f9ec99b57610c0f,site:b3d4d4734f9ec99b57610c0f,atom,context:c28e9784db55d15adb8563d0|site:cfc03eeff5ecea2c72bf03e0,site:cfc03eeff5ecea2c72bf03e0,atom_group,3.29653173767,0.440214492798,2.85631724487,5.34816821416,-6.89679098129,0.0769202164403,0.0708827207055,12.2859754562,12.2445907593,12.2043113708,12.2449591955,0.0333402411457,3,0,frozen deterministic type router
3,context:c39a3b2388910651eb46e771,CSFAVKFWVDJVAR,True,202,context:c39a3b2388910651eb46e771|site:8db2dc0df58bea765bec167e,site:8db2dc0df58bea765bec167e,bond,context:c39a3b2388910651eb46e771|site:edbb84c66fd1c60e03457909,site:edbb84c66fd1c60e03457909,delocalized_region,3.3124018175,-0.829802265299,4.1422040828,9.13530254364,-1.50470093886,0.0198647612609,0.0862110041463,10.6564799547,10.5398521423,10.7236783504,10.6400034825,0.0759457012171,3,0,frozen deterministic type router
3,context:c3a5cfbb7858313910f80629,CKPJWJGGZOJURQ,True,152,context:c3a5cfbb7858313910f80629|site:ab2ba80e08db826eca2f6bbc,site:ab2ba80e08db826eca2f6bbc,transferable_h_group,context:c3a5cfbb7858313910f80629|site:69bdfd5bed390b53581fd55e,site:69bdfd5bed390b53581fd55e,transferable_h_group,2.80793973632,2.24837609954,0.55956363678,5.35170459747,4.79214096069,0.0375637697387,0.0393940957944,0.564793586731,0.549761772156,0.564135551453,0.55956363678,0.00693616922072,3,0,frozen deterministic type router
3,context:c56d8e873d18427b4a6c2221,JITQYZIBZBYZSK,True,255,context:c56d8e873d18427b4a6c2221|site:1efe7f65101b03afd51f80ae,site:1efe7f65101b03afd51f80ae,atom,context:c56d8e873d18427b4a6c2221|site:17e35074bc5045a8ee453dc9,site:17e35074bc5045a8ee453dc9,atom_group,3.58669814472,-0.478257945319,4.06495609004,7.05491113663,-5.20833381017,0.0729543779097,0.0380230370344,12.3056735992,12.1247696877,12.3592915535,12.2632449468,0.100333674311,3,0,frozen deterministic type router
3,context:c5ab4fbff33ea1c23ed1a668,YAYTYCFOMPKBLT,True,25,context:c5ab4fbff33ea1c23ed1a668|site:05d8cb686f0eeb2439226c8c,site:05d8cb686f0eeb2439226c8c,atom,context:c5ab4fbff33ea1c23ed1a668|site:e9a509871b7798d6dc494c24,site:e9a509871b7798d6dc494c24,atom_group,3.33637522272,1.96941935845,1.36695586427,8.60133647919,-7.48988580704,0.111227880269,0.105688381242,16.0593357086,16.1078691483,16.1064620018,16.0912222862,0.0225545322698,3,0,frozen deterministic type router
3,context:c67fcfe4828561685a6b02aa,VHYFNPMBLIVWCW,False,89,context:c67fcfe4828561685a6b02aa|site:a43905c5f003e44eb3cc4f9f,site:a43905c5f003e44eb3cc4f9f,atom_group,context:c67fcfe4828561685a6b02aa|site:3e21458a922267b78bc0cd6e,site:3e21458a922267b78bc0cd6e,atom,1.76814738352,1.53607866118,0.232068722342,2.62020874023,5.96061213811,0.0848371350941,0.0173419354618,-3.3854637146,-3.22010159492,-3.41564488411,-3.34040339788,0.0859539357003,3,0,frozen deterministic type router
3,context:c6871fd1a2609465bc08b9ff,IUFWLBQYLXTUFY,True,99,context:c6871fd1a2609465bc08b9ff|site:e453bd9c004d4b2c717d97f4,site:e453bd9c004d4b2c717d97f4,bond,context:c6871fd1a2609465bc08b9ff|site:98d669e9826a80f502f0ecef,site:98d669e9826a80f502f0ecef,delocalized_region,3.58624947538,0.58902381416,2.99722566122,7.73880449931,2.09287850062,0.0244067827386,0.0680045695698,5.66851210594,5.57192659378,5.69733929634,5.64592599869,0.0536326124141,3,0,frozen deterministic type router
3,context:c717312c7fe3cd46f5294a98,GCHPDOOMYGOBOI,True,264,context:c717312c7fe3cd46f5294a98|site:ff88bd246042ebb80cbd6253,site:ff88bd246042ebb80cbd6253,bond,context:c717312c7fe3cd46f5294a98|site:fbbea41a81688d650b35819c,site:fbbea41a81688d650b35819c,atom,2.97345538756,-0.254653171472,3.22810855904,6.39135217667,-2.88538773855,0.11011461936,0.112900246322,9.2973086834,9.27247095108,9.26044011116,9.27673991521,0.0153512419852,3,0,frozen deterministic type router
3,context:c7d66d4e45144188209f398f,QGBMSFLTRRZTGI,True,49,context:c7d66d4e45144188209f398f|site:6d6436395f310f087d835582,site:6d6436395f310f087d835582,transferable_h_group,context:c7d66d4e45144188209f398f|site:f87c5bfb7dfedf41389e28a4,site:f87c5bfb7dfedf41389e28a4,atom_group,5.17938365941,-0.972450282491,6.1518339419,10.7658354441,-7.49177598953,0.135455431682,0.109907228173,18.2199211121,18.2977437973,18.2551693916,18.2576114337,0.0318178698378,3,0,frozen deterministic type router
3,context:c8f7eb26a0d2738c3301f876,RAXXELZNTBOGNW,True,40,context:c8f7eb26a0d2738c3301f876|site:210d19546b60f136f69195c7,site:210d19546b60f136f69195c7,atom_group,context:c8f7eb26a0d2738c3301f876|site:e51f0123af034c334febb4b4,site:e51f0123af034c334febb4b4,delocalized_region,4.21206901256,-0.0133780869566,4.22544709952,2.89809854825,-1.21713205179,0.131287509846,0.130706435587,4.13506054878,4.10976028442,4.10087096691,4.11523060004,0.0144839023707,3,0,frozen deterministic type router
3,context:c929963fdc06b138006e5312,LLAIMYGLOIRRGL,True,174,context:c929963fdc06b138006e5312|site:a8affd11e28b8113b1075f0c,site:a8affd11e28b8113b1075f0c,atom,context:c929963fdc06b138006e5312|site:3b7a548e733645c8256b1966,site:3b7a548e733645c8256b1966,transferable_h_group,2.24893773372,1.16249873392,1.08643899979,6.19505119324,-4.3781785965,0.036639425167,0.0647003452785,10.5965819359,10.5337557793,10.5893516541,10.5732297897,0.0280679814098,3,0,frozen deterministic type router
3,context:c92b1880a8e55736b899ad4d,NFHRNKANAAGQOH,True,220,context:c92b1880a8e55736b899ad4d|site:95cde3f651b0152ff0d69625,site:95cde3f651b0152ff0d69625,transferable_h_group,context:c92b1880a8e55736b899ad4d|site:f2be7cc92683a1d5f2aec64d,site:f2be7cc92683a1d5f2aec64d,atom,4.07634968842,0.622578846858,3.45377084157,9.8081185023,0.793015082677,0.0490730421988,0.0354475794033,8.98149746656,9.08288407326,8.98092871904,9.01510341962,0.0479287222439,3,0,frozen deterministic type router
3,context:cbf66445fe772b3b7820a6db,ASHGTJPOSUFTGB,True,85,context:cbf66445fe772b3b7820a6db|site:a2d14d0e603db0553384c725,site:a2d14d0e603db0553384c725,atom,context:cbf66445fe772b3b7820a6db|site:fd788e386c0ce8bdc21d28e2,site:fd788e386c0ce8bdc21d28e2,delocalized_region,2.06513948186,0.596362596841,1.46877688502,2.30060688655,-3.86039185524,0.021413527642,0.134600377156,6.21275019646,6.00016903877,6.27007699013,6.16099874179,0.11610694882,3,0,frozen deterministic type router
3,context:cc7462c586f1194519c806fa,IWDCLRJOBJJRNH,True,84,context:cc7462c586f1194519c806fa|site:61c67b3b1150859bb1addf44,site:61c67b3b1150859bb1addf44,atom,context:cc7462c586f1194519c806fa|site:1d4c669637302cef604d1b5f,site:1d4c669637302cef604d1b5f,atom_group,3.34114331382,0.217265801788,3.12387751203,4.83620707194,-6.82053550084,0.08277150464,0.106083663549,11.7076931,11.6133303642,11.6492042542,11.6567425728,0.0388904543588,3,0,frozen deterministic type router
3,context:d1bb2f25909a5e2048042b2d,VVJKKWFAADXIJK,True,34,context:d1bb2f25909a5e2048042b2d|site:d457c1e7410eb66da8bb786e,site:d457c1e7410eb66da8bb786e,atom,context:d1bb2f25909a5e2048042b2d|site:7bb6e09d10d300c908233ef5,site:7bb6e09d10d300c908233ef5,bond,0.952197079354,-0.265046294295,1.21724337365,5.99238284429,-7.01082960765,0.0848603960302,0.0470877947268,12.9937844276,13.0536470413,12.9622058868,13.0032124519,0.0379212949383,3,0,frozen deterministic type router
3,context:d1f97a98cb5a25be406a8195,XTPVMJZCDLGELL,True,63,context:d1f97a98cb5a25be406a8195|site:6f480c72e0a76c0ca6828e6e,site:6f480c72e0a76c0ca6828e6e,atom,context:d1f97a98cb5a25be406a8195|site:5f98430a9b7a17f114b7a225,site:5f98430a9b7a17f114b7a225,atom_group,2.82519943862,-0.374340756815,3.19954019544,9.80061308543,-6.34746583303,0.0824290416838,0.124639453607,16.1664195061,16.0894179344,16.1883993149,16.1480789185,0.0424390644348,3,0,frozen deterministic type router
3,context:d4152848c65b374210bdc5ef,GCNTZFIIOFTKIY,True,65,context:d4152848c65b374210bdc5ef|site:6e01985493351766f9575583,site:6e01985493351766f9575583,atom,context:d4152848c65b374210bdc5ef|site:b1b27a7f804e34e9bde73437,site:b1b27a7f804e34e9bde73437,atom_group,2.29781904285,1.88932272052,0.408496322332,4.98594601949,-3.00843818982,0.0638785519677,0.090764851698,8.03581428528,7.94667172432,8.00066661835,7.99438420931,0.0366624289158,3,0,frozen deterministic type router
3,context:d4780e321293e26a4a497619,MVUMJYQUKKUOHO,False,73,context:d4780e321293e26a4a497619|site:47c3a2796e099bf315815884,site:47c3a2796e099bf315815884,delocalized_region,context:d4780e321293e26a4a497619|site:cf0bfbbbabe73ca0b2bcbb19,site:cf0bfbbbabe73ca0b2bcbb19,bond,0.828871641905,0.815445439606,0.0134262022994,-3.57556653023,-4.07651726405,0.0728973641738,0.0262685377546,0.487153053284,0.569093704224,0.446605443954,0.500950733821,0.0509485064687,3,0,frozen deterministic type router
3,context:d4c2fab5287ea7098f4f0230,OISVCGZHLKNMSJ,True,83,context:d4c2fab5287ea7098f4f0230|site:48145df20698a993fd1eb2bd,site:48145df20698a993fd1eb2bd,atom,context:d4c2fab5287ea7098f4f0230|site:7022cdf650d37a7e936797f0,site:7022cdf650d37a7e936797f0,delocalized_region,2.51905078254,-0.352833572274,2.87188435481,9.09807650248,-10.8267339071,0.000564030077677,0.095975502584,20.0086736679,19.7900104523,19.9757471085,19.9248104095,0.09626114114,3,0,frozen deterministic type router
3,context:d5b20f0c1691f088a3ff765f,SWILASQDIICLLP,True,265,context:d5b20f0c1691f088a3ff765f|site:be439686b8fec88c2b62ea45,site:be439686b8fec88c2b62ea45,transferable_h_group,context:d5b20f0c1691f088a3ff765f|site:01ea5c69cc5ab1d7e6abd2be,site:01ea5c69cc5ab1d7e6abd2be,delocalized_region,3.70175412297,-0.92744549751,4.62919962048,7.52796236674,-11.4303852717,0.0465691068765,0.0312745073148,18.9223079681,19.0060491562,18.946685791,18.9583476384,0.0351676523539,3,0,frozen deterministic type router
3,context:d8803a83cbf2e897e4af9181,OXOBKZZXZVFOBB,True,213,context:d8803a83cbf2e897e4af9181|site:8729d39cb0c251582888a4fd,site:8729d39cb0c251582888a4fd,atom,context:d8803a83cbf2e897e4af9181|site:f261ca3f3c4737c0aa164b52,site:f261ca3f3c4737c0aa164b52,transferable_h_group,4.04612154717,-0.517532890408,4.56365443758,9.42680072784,-6.37680403392,0.012155408059,0.0941532739474,15.9005303383,15.6592264175,15.8510575294,15.8036047618,0.10406959022,3,0,frozen deterministic type router
3,context:d9562f42b5877daf1cc02d8d,BJMUOUXGBFNLSN,True,127,context:d9562f42b5877daf1cc02d8d|site:be55ba0c1f288b62d39e6bd0,site:be55ba0c1f288b62d39e6bd0,delocalized_region,context:d9562f42b5877daf1cc02d8d|site:0450a41e43b11a8e0c98c86b,site:0450a41e43b11a8e0c98c86b,bond,2.73281069255,-0.193317975331,2.92612866789,4.10772053401,-6.07891988754,0.0626405773741,0.037690468023,10.2299098969,10.1901130676,10.1398983002,10.1866404215,0.0368290314588,3,0,frozen deterministic type router
3,context:daf0907985231c6efeca64e8,UAIFZYSPVVBOPN,True,67,context:daf0907985231c6efeca64e8|site:cfadadf210c566cb565649a5,site:cfadadf210c566cb565649a5,bond,context:daf0907985231c6efeca64e8|site:2207a1edc98b1681203c6119,site:2207a1edc98b1681203c6119,delocalized_region,3.02505480729,0.663406880981,2.36164792631,3.76679738363,-1.66486620903,0.0223584289892,0.0779115634546,5.45775425434,5.33974575996,5.49749076366,5.43166359266,0.0669896186905,3,0,frozen deterministic type router
3,context:dbb2b7aa0524286e51014716,UBCOTVOUIYQRDQ,True,174,context:dbb2b7aa0524286e51014716|site:99a907e21c73e0fc05a6fd49,site:99a907e21c73e0fc05a6fd49,atom,context:dbb2b7aa0524286e51014716|site:ca68bccb7bf3aad99c263f9d,site:ca68bccb7bf3aad99c263f9d,bond,3.44075892465,-1.29795204697,4.73871097162,9.71919759115,-5.67955064774,0.0305031975633,0.036241787321,15.3876094818,15.3968925476,15.4117426872,15.3987482389,0.00993933577475,3,0,frozen deterministic type router
3,context:dc62c3a7eb79716791382b52,IUHHODLEEGNQCK,True,129,context:dc62c3a7eb79716791382b52|site:6986bcb1d61e3ff16a1a9c26,site:6986bcb1d61e3ff16a1a9c26,atom,context:dc62c3a7eb79716791382b52|site:72d454c58bba8154f26448ec,site:72d454c58bba8154f26448ec,atom_group,2.39384009907,-0.310354797476,2.70419489655,5.80000225703,-6.39764340719,0.0860707711795,0.0401572990045,12.1827807426,12.113492012,12.296664238,12.1976456642,0.0755148573021,3,0,frozen deterministic type router
3,context:dcec0d5191af8ca31753e7ff,RJARUKHEHLEIMS,True,147,context:dcec0d5191af8ca31753e7ff|site:9d63fdbbaa1923c93d5d458b,site:9d63fdbbaa1923c93d5d458b,atom,context:dcec0d5191af8ca31753e7ff|site:59ec92febbd5620694f1234f,site:59ec92febbd5620694f1234f,atom_group,3.49812931776,-0.488912970836,3.9870422886,6.86708482107,-7.77289772034,0.0680933476471,0.0867576712584,14.6002268791,14.6350798607,14.6846408844,14.6399825414,0.0346358030606,3,0,frozen deterministic type router
3,context:dda994161815a3495545a2e3,AFCAKJKUYFLYFK,True,162,context:dda994161815a3495545a2e3|site:488bf040178e002b1c91028e,site:488bf040178e002b1c91028e,transferable_h_group,context:dda994161815a3495545a2e3|site:d1fb0644a3e56b186fec1dcc,site:d1fb0644a3e56b186fec1dcc,delocalized_region,2.06648112413,1.06903348821,0.997447635915,-1.97926425934,-4.83364137014,0.0800966566792,0.082725244574,2.76196742058,2.9029507637,2.89821314812,2.8543771108,0.0653721367018,3,0,frozen deterministic type router
3,context:ddcdb6bd7f3df6e91f5d8652,ZFLFWZRPMDXJCW,True,127,context:ddcdb6bd7f3df6e91f5d8652|site:51c75f126cb07dd63d2fc223,site:51c75f126cb07dd63d2fc223,delocalized_region,context:ddcdb6bd7f3df6e91f5d8652|site:83074012126a9964e5180d28,site:83074012126a9964e5180d28,bond,3.82623688316,-0.776482498099,4.60271938126,7.22024663289,-4.9840520223,0.0934492412805,0.0649426709753,12.2271575928,12.2317910194,12.1539473534,12.2042986552,0.0356539605801,3,0,frozen deterministic type router
3,context:de3b2485e87e95ef76620c9a,MNLNQEMXGZMOEI,True,138,context:de3b2485e87e95ef76620c9a|site:4c476f0e4e98ba50dcf4fa60,site:4c476f0e4e98ba50dcf4fa60,atom,context:de3b2485e87e95ef76620c9a|site:7189303d80f6279ffd145c71,site:7189303d80f6279ffd145c71,atom_group,2.81525546673,0.070057757794,2.74519770894,9.86215686798,-2.4271633625,0.0742186560957,0.0559952457676,12.3533475399,12.1323702335,12.382242918,12.2893202305,0.111605590886,3,0,frozen deterministic type router
3,context:df10f25647cc5e1526092073,CHDOLVPDVFKCKP,True,119,context:df10f25647cc5e1526092073|site:1e1c9476a26c3286edd223a8,site:1e1c9476a26c3286edd223a8,bond,context:df10f25647cc5e1526092073|site:d1c14208b7180d56dd5e83ae,site:d1c14208b7180d56dd5e83ae,atom,4.42908091907,-0.570766727248,4.99984764632,6.36142810186,-3.70093552272,0.0364893777982,0.032120203353,10.0714309216,10.0609858036,10.0546741486,10.0623636246,0.00690995191819,3,0,frozen deterministic type router
3,context:df4a5feae3fda103be3d480a,IRCZONILFAZELT,True,96,context:df4a5feae3fda103be3d480a|site:a5d22d553949afbb31cef823,site:a5d22d553949afbb31cef823,atom,context:df4a5feae3fda103be3d480a|site:a45af8bb5a491c47c7dd37cf,site:a45af8bb5a491c47c7dd37cf,bond,2.90442799993,-0.245750994683,3.15017899462,8.30518054962,-5.3281879425,0.012331903646,0.0458140805182,13.5841341019,13.6979417801,13.6180295944,13.6333684921,0.0477109927425,3,0,frozen deterministic type router
3,context:dfc76f6e772b215b852beb3f,BWZVCCNYKMEVEX,True,92,context:dfc76f6e772b215b852beb3f|site:0c8c9d8464a3ed8988cca739,site:0c8c9d8464a3ed8988cca739,atom,context:dfc76f6e772b215b852beb3f|site:d1187d8b7fd29f1e7e4112bc,site:d1187d8b7fd29f1e7e4112bc,delocalized_region,2.3118608138,0.129199719838,2.18266109396,8.3389822642,-4.15817515055,0.0216359713253,0.103085443002,12.6013388634,12.3302383423,12.5598950386,12.4971574148,0.11923612489,3,0,frozen deterministic type router
3,context:e087b743f12113f78646f735,YERBBVNYIKLXDM,True,26,context:e087b743f12113f78646f735|site:11ce13c6395aebf576fb80c9,site:11ce13c6395aebf576fb80c9,atom,context:e087b743f12113f78646f735|site:caf07dbc04f4fddee4bd8e4b,site:caf07dbc04f4fddee4bd8e4b,atom_group,3.22526265763,1.47874235548,1.74652030216,5.28813266754,-5.36012172699,0.110051427711,0.125833297935,10.630487442,10.6316132545,10.682662487,10.6482543945,0.0243345363015,3,0,frozen deterministic type router
3,context:e24e4d7fd96d667c1d2deccf,ZDXPYRJPNDTMRX,True,69,context:e24e4d7fd96d667c1d2deccf|site:ee7258327442d3bcd2c14e35,site:ee7258327442d3bcd2c14e35,atom,context:e24e4d7fd96d667c1d2deccf|site:13688aa128589c481bda20fb,site:13688aa128589c481bda20fb,atom_group,2.96868234879,1.00699273035,1.96168961843,6.37597608566,-7.20045677821,0.044829225355,0.126868376701,13.624437809,13.4521136284,13.6527471542,13.5764328639,0.0886634422616,3,0,frozen deterministic type router
3,context:e2d071d237cecc852b1a0c6f,JMXPLMBSBMEJNB,True,111,context:e2d071d237cecc852b1a0c6f|site:170b404c791979cceeb2ff38,site:170b404c791979cceeb2ff38,atom,context:e2d071d237cecc852b1a0c6f|site:35c5aa17ff71cc508463e4a6,site:35c5aa17ff71cc508463e4a6,delocalized_region,3.26254965831,-0.263210970843,3.52576062915,8.17923990885,-1.32135045528,0.0961757056446,0.105966409669,9.5003169775,9.48781561852,9.5136384964,9.50059036414,0.0105439180176,3,0,frozen deterministic type router
3,context:e3e7cd05eef9b734b558fd7a,RRKDQZVVBXLBDC,True,127,context:e3e7cd05eef9b734b558fd7a|site:3b8735709d5f63575b7fa27a,site:3b8735709d5f63575b7fa27a,bond,context:e3e7cd05eef9b734b558fd7a|site:d5f1b8f845d2a0c84890079c,site:d5f1b8f845d2a0c84890079c,delocalized_region,2.73229230037,0.284528932577,2.4477633678,5.32312393188,-2.76419599851,0.0502935943794,0.0405935350678,8.11063194275,8.01421403885,8.13711380959,8.08731993039,0.052812093639,3,0,frozen deterministic type router
3,context:e4917630ae07ba3dcfae3ed7,CVHZOJJKTDOEJC,True,106,context:e4917630ae07ba3dcfae3ed7|site:4c0aba86605a84337ec46003,site:4c0aba86605a84337ec46003,atom,context:e4917630ae07ba3dcfae3ed7|site:dc8407d151d895795763d39b,site:dc8407d151d895795763d39b,atom_group,3.20633980543,0.708731832446,2.49760797298,5.38924662272,-2.24897408485,0.00734382883743,0.0494036509424,7.60024213791,7.61420488358,7.70021510124,7.63822070758,0.044205717588,3,0,frozen deterministic type router
3,context:e6ff6b0b2d0e3769c13a548c,QNLJVGMVNHDIKM,True,250,context:e6ff6b0b2d0e3769c13a548c|site:1b35740e3bdc084b33b61a32,site:1b35740e3bdc084b33b61a32,bond,context:e6ff6b0b2d0e3769c13a548c|site:9d04d37684a701cd42b2778e,site:9d04d37684a701cd42b2778e,transferable_h_group,2.99644092689,-0.436027115992,3.43246804288,4.55042235057,-7.36946757634,0.0832436861154,0.104498685485,12.0878520012,11.6821250916,11.989692688,11.9198899269,0.172834989497,3,0,frozen deterministic type router
3,context:e79fe3c23b9bd6857d93b8d3,FKNQCJSGGFJEIZ,True,78,context:e79fe3c23b9bd6857d93b8d3|site:235703ed43ba6c740fb1cbe3,site:235703ed43ba6c740fb1cbe3,atom,context:e79fe3c23b9bd6857d93b8d3|site:2022543f373be600a2e8b22f,site:2022543f373be600a2e8b22f,atom_group,3.66407047186,-1.14785592597,4.81192639783,12.1208992004,-7.42949120204,0.0242532574236,0.052346419006,19.6135859489,19.4654474258,19.5721378326,19.5503904025,0.0624017550277,3,0,frozen deterministic type router
3,context:ee79474ab6712126e20b8f97,MHAJPDPJQMAIIY,False,8,context:ee79474ab6712126e20b8f97|site:e8ed981339f3e57b90d8cfd6,site:e8ed981339f3e57b90d8cfd6,atom_group,context:ee79474ab6712126e20b8f97|site:41485a9ace2218d6ee14a5df,site:41485a9ace2218d6ee14a5df,atom,4.10461575866,1.95285666429,2.15175909437,-1.51645064354,3.8720296224,0.146627441856,0.121226873402,-5.41184020042,-5.34899544716,-5.40460515022,-5.38848026594,0.0280757864029,3,0,frozen deterministic type router
3,context:eef73f92f21983ff483b9239,VHYFNPMBLIVWCW,True,89,context:eef73f92f21983ff483b9239|site:3e21458a922267b78bc0cd6e,site:3e21458a922267b78bc0cd6e,atom,context:eef73f92f21983ff483b9239|site:a43905c5f003e44eb3cc4f9f,site:a43905c5f003e44eb3cc4f9f,atom_group,1.94881780084,1.45758457972,0.491233221125,9.36757532756,0.439398696025,0.0264295124795,0.0897318091979,8.98575231433,8.76615595818,9.03262162209,8.92817663153,0.116152792901,3,0,frozen deterministic type router
3,context:f28ec5da63392e1651687bce,NWSWKDROXITUOW,True,255,context:f28ec5da63392e1651687bce|site:bb9e8b321fb0a2ae0f697e04,site:bb9e8b321fb0a2ae0f697e04,atom,context:f28ec5da63392e1651687bce|site:f91fd598d02d1b03122309a1,site:f91fd598d02d1b03122309a1,delocalized_region,3.1253748204,-0.480469700352,3.60584452076,4.97355937958,-2.72987627983,0.0636706192957,0.0313648515732,7.6804060936,7.66178822517,7.76811265945,7.70343565941,0.0463608456016,3,0,frozen deterministic type router
3,context:f53eba96ba1e12264d2d7bc1,FKNQCJSGGFJEIZ,True,78,context:f53eba96ba1e12264d2d7bc1|site:235703ed43ba6c740fb1cbe3,site:235703ed43ba6c740fb1cbe3,atom,context:f53eba96ba1e12264d2d7bc1|site:2022543f373be600a2e8b22f,site:2022543f373be600a2e8b22f,atom_group,3.83975637987,-0.590218911335,4.4299752912,11.8183797201,-7.3801147143,0.0640442655602,0.111691660431,19.2545809746,19.1183075905,19.222594738,19.1984944344,0.0581849194674,3,0,frozen deterministic type router
3,context:f7029689fcad4f0347c63c73,XLYOFNOQVPJJNP,True,6,context:f7029689fcad4f0347c63c73|site:1aeb4d101f9b2ce5442da7f3,site:1aeb4d101f9b2ce5442da7f3,atom,context:f7029689fcad4f0347c63c73|site:9e7c24c4b79806e405fb837a,site:9e7c24c4b79806e405fb837a,transferable_h_group,1.76789081751,0.212165467066,1.55572535045,4.90553601583,-7.28730297089,0.0541626316635,0.0777866437895,12.214196682,12.1539354324,12.2103848457,12.1928389867,0.0275529481258,3,0,frozen deterministic type router
3,context:f79cbdea285f4ccacece2c07,QJWQYVJVCXMTJP,True,127,context:f79cbdea285f4ccacece2c07|site:4ef891e0dcfde499628b4be3,site:4ef891e0dcfde499628b4be3,atom,context:f79cbdea285f4ccacece2c07|site:bfb814c2d308b3922155b524,site:bfb814c2d308b3922155b524,atom_group,2.53743145468,0.908658199928,1.62877325475,8.80208174388,-0.437564035257,0.058419393304,0.0695585555601,9.29285690188,9.06627830863,9.35980212688,9.23964577913,0.125598900364,3,0,frozen deterministic type router
3,context:f8a9352cc568c9cf5cf6ccac,ISWSIDIOOBJBQZ,True,74,context:f8a9352cc568c9cf5cf6ccac|site:4984677451a87878f7ac858b,site:4984677451a87878f7ac858b,atom,context:f8a9352cc568c9cf5cf6ccac|site:9d297e1ca7907cfc61ea91cf,site:9d297e1ca7907cfc61ea91cf,atom_group,3.59018730845,0.180546224918,3.40964108353,5.04267851512,-8.04423507055,0.0889902149509,0.119997546781,13.1345214844,13.0358452797,13.0903739929,13.0869135857,0.0403586352294,3,0,frozen deterministic type router
3,context:fae015fae1f808d3fa919340,PEHJULPJEVIIFJ,True,89,context:fae015fae1f808d3fa919340|site:0be6d7041facc56dc7c619e6,site:0be6d7041facc56dc7c619e6,bond,context:fae015fae1f808d3fa919340|site:5bfd9bd00d2f24697c2d2667,site:5bfd9bd00d2f24697c2d2667,delocalized_region,3.81364080494,0.142883768224,3.67075703671,6.13055721919,-1.35945109526,0.0138083078861,0.0458818820808,7.48877072334,7.42672073841,7.5545334816,7.49000831445,0.052186671696,3,0,frozen deterministic type router
3,context:fb1a5b3581ec7dcfb5223458,PPBRXRYQALVLMV,True,88,context:fb1a5b3581ec7dcfb5223458|site:f301961446e1ab917c7e803f,site:f301961446e1ab917c7e803f,bond,context:fb1a5b3581ec7dcfb5223458|site:686ad9cab826400befb7ce06,site:686ad9cab826400befb7ce06,delocalized_region,2.66495288628,1.05452440171,1.61042848457,4.27449067434,1.72772149245,0.0446354873842,0.0521322931414,2.57064473629,2.43977403641,2.62988877296,2.54676918189,0.0794289403075,3,0,frozen deterministic type router
3,context:fb79cf9c01dfd62ac3953c15,CILSZJRLZHUMTE,False,60,context:fb79cf9c01dfd62ac3953c15|site:09c0360010a198ef56cdb91c,site:09c0360010a198ef56cdb91c,atom,context:fb79cf9c01dfd62ac3953c15|site:ae85c24a4d50016e1eae088b,site:ae85c24a4d50016e1eae088b,delocalized_region,1.62988665083,1.06864377221,0.561242878617,1.56839799881,-0.744413038095,0.0227971008526,0.0470600125631,2.28585630655,2.24872732162,2.40384948254,2.3128110369,0.0661344051546,3,0,frozen deterministic type router
3,context:fbcc78d2ed5637a53df454a7,WHUUTDBJXJRKMK,True,65,context:fbcc78d2ed5637a53df454a7|site:cb9b03076ac83fc78c494b49,site:cb9b03076ac83fc78c494b49,atom,context:fbcc78d2ed5637a53df454a7|site:b66ee4caf087ee0cc3a4edfa,site:b66ee4caf087ee0cc3a4edfa,atom_group,3.13633239423,0.467719455629,2.66861293861,3.29784854253,-10.9495728811,0.031140277239,0.102958517619,14.2950572968,14.1262869835,14.3209199905,14.2474214236,0.0863032798411,3,0,frozen deterministic type router
3,context:fbe1f2b3bf5c4b6656f50bd3,GMUGMDGQOFYHAX,True,181,context:fbe1f2b3bf5c4b6656f50bd3|site:abda3ede7ea241f55a1849d8,site:abda3ede7ea241f55a1849d8,atom,context:fbe1f2b3bf5c4b6656f50bd3|site:92a77103b90544f655fceafd,site:92a77103b90544f655fceafd,atom_group,2.07942774649,0.647875099285,1.43155264721,4.72757673264,-2.17813396454,0.0610669211056,0.0380925133179,6.95714831352,6.76781415939,6.99216961861,6.90571069717,0.0985502048075,3,0,frozen deterministic type router
3,context:fc1cc983665e145c5c3f5959,YNAVUWVOSKDBBP,True,64,context:fc1cc983665e145c5c3f5959|site:e0760ea7f9476c067b0ddf1c,site:e0760ea7f9476c067b0ddf1c,atom,context:fc1cc983665e145c5c3f5959|site:6c82b8b6c0faa08ceae873e6,site:6c82b8b6c0faa08ceae873e6,atom_group,2.56625569099,-0.1797699403,2.74602563129,4.9057281812,-13.2914066315,0.012591823812,0.133571038551,18.3305516243,17.9965815544,18.2642712593,18.1971348127,0.144371000654,3,0,frozen deterministic type router
3,context:fcd639b8c9b4cf22f976266b,FAIPQCJQEAURIB,True,87,context:fcd639b8c9b4cf22f976266b|site:348b396e4137b09b5665eae5,site:348b396e4137b09b5665eae5,atom_group,context:fcd639b8c9b4cf22f976266b|site:0dd088a14c49901ac9b16c8f,site:0dd088a14c49901ac9b16c8f,atom,5.33146931525,-0.669372210303,6.00084152556,9.01639652252,0.956131458282,0.098441216831,0.0509279835731,8.03767490387,8.12641012669,8.01671016216,8.06026506424,0.0475482706538,3,0,frozen deterministic type router
3,context:fd4292af88f1f87464f10b69,ISWSIDIOOBJBQZ,True,74,context:fd4292af88f1f87464f10b69|site:4984677451a87878f7ac858b,site:4984677451a87878f7ac858b,atom,context:fd4292af88f1f87464f10b69|site:9d297e1ca7907cfc61ea91cf,site:9d297e1ca7907cfc61ea91cf,atom_group,2.76462569505,0.590734780113,2.17389091494,2.33843286832,-5.00649738312,0.0677690169821,0.123921358575,7.40707349777,7.25883150101,7.36888575554,7.34493025144,0.062845429607,3,0,frozen deterministic type router
3,context:fd935620b0b1c06b2d5d5da4,VQLPKXVGNWNVFY,True,151,context:fd935620b0b1c06b2d5d5da4|site:496a8796dfcdae2b6e92bf4b,site:496a8796dfcdae2b6e92bf4b,atom,context:fd935620b0b1c06b2d5d5da4|site:f429a78df59a878d32346ac5,site:f429a78df59a878d32346ac5,atom_group,3.1694041459,-0.262845394519,3.43224954042,5.92569828033,-1.78528038661,0.0752909596937,0.041458145383,7.74853098392,7.59019327164,7.79421174526,7.71097866694,0.0874205039954,3,0,frozen deterministic type router
3,context:fdcac9dbfcf4bd78441f9690,LXYZBHWFQIWZLM,True,127,context:fdcac9dbfcf4bd78441f9690|site:956b69ee7a023a5ce41cd4f9,site:956b69ee7a023a5ce41cd4f9,bond,context:fdcac9dbfcf4bd78441f9690|site:a89e5110962b49d2ea9893bc,site:a89e5110962b49d2ea9893bc,atom,3.40148233415,-0.661533882927,4.06301621708,8.4559469223,-0.272261535128,0.0219748546546,0.0553775499107,8.76607340574,8.68433575332,8.73421621323,8.72820845743,0.0336385770914,3,0,frozen deterministic type router
3,context:ff0e6840c6876bdb13e2cc35,XFXPMWWXUTWYJX,False,4,context:ff0e6840c6876bdb13e2cc35|site:470c3a79d8b718ed0ce80d17,site:470c3a79d8b718ed0ce80d17,atom,context:ff0e6840c6876bdb13e2cc35|site:41914ea73252894fb218b445,site:41914ea73252894fb218b445,atom,2.4868219318,2.0082494837,0.478572448095,3.28647295634,2.80790050824,0.119852657516,0.134227197915,0.489455699921,0.457714080811,0.488547563553,0.478572448095,0.0147537518897,3,0,frozen deterministic type router
3,context:ff156dbe306c9fdc1fc5b061,DFPLUISJTGAKGA,True,256,context:ff156dbe306c9fdc1fc5b061|site:d5ab0bf7efce7cb34078f08b,site:d5ab0bf7efce7cb34078f08b,atom,context:ff156dbe306c9fdc1fc5b061|site:3580fd0a2f73cf7058b87fbf,site:3580fd0a2f73cf7058b87fbf,bond,1.94023226644,-0.387023851821,2.32725611826,6.67417589823,-4.87714179357,0.0162842316623,0.0241879000384,11.5536994934,11.5104227066,11.5898308754,11.5513176918,0.0324619680233,3,0,frozen deterministic type router
4,context:03b146b027b29d95f2c62601,AUKXFNABVHIUAC,True,77,context:03b146b027b29d95f2c62601|site:0ba9b118fe05a4ee5eee84e1,site:0ba9b118fe05a4ee5eee84e1,atom,context:03b146b027b29d95f2c62601|site:b3260151691a8875e8a5f6ea,site:b3260151691a8875e8a5f6ea,atom,3.43990430658,1.6255673709,1.81433693568,7.43478568395,5.62044874827,0.00430481822787,0.00943261890264,1.81152629852,1.8218832016,1.80960130692,1.81433693568,0.00539357612807,3,0,frozen deterministic type router
4,context:044c3fdae3c6e4b58c939351,WDUAYVHCYGZARQ,True,88,context:044c3fdae3c6e4b58c939351|site:14283d68606ec1483672a2ea,site:14283d68606ec1483672a2ea,bond,context:044c3fdae3c6e4b58c939351|site:47bf5571a7be559a88ba527f,site:47bf5571a7be559a88ba527f,atom_group,3.73986005946,-0.266173221725,4.00603328118,8.59760951996,-1.82502535979,0.0199041795108,0.0308069281443,10.4183108807,10.4105979204,10.4389958382,10.4226348797,0.0119898056469,3,0,frozen deterministic type router
4,context:07de06084c7bdeb904676ef7,MCTWTZJPVLRJOU,False,51,context:07de06084c7bdeb904676ef7|site:abd079de0c83e40cac144a56,site:abd079de0c83e40cac144a56,atom_group,context:07de06084c7bdeb904676ef7|site:46b166ace9c2d9d2ec3e47a9,site:46b166ace9c2d9d2ec3e47a9,atom,2.60151138538,1.35625868862,1.24525269676,3.51851081848,3.01343592008,0.0276468958642,0.00563682221455,0.539331197739,0.515626430511,0.460267066956,0.505074898402,0.0331288928934,3,0,frozen deterministic type router
4,context:09046fec8456871d3b429293,RMVRSNDYEFQCLF,True,74,context:09046fec8456871d3b429293|site:431bc882dcd0428f70699f74,site:431bc882dcd0428f70699f74,atom,context:09046fec8456871d3b429293|site:71cd65656afbeecb08f7012a,site:71cd65656afbeecb08f7012a,atom_group,3.56089083822,1.41044658007,2.15044425814,3.60366225243,-4.41335837046,0.02995087232,0.0381931835704,8.0083117485,8.01464700699,8.02810311317,8.01702062289,0.00825227516936,3,0,frozen deterministic type router
4,context:0cf9bfdf8a025b9f32ccd1b8,IIHPVYJPDKJYOU,True,256,context:0cf9bfdf8a025b9f32ccd1b8|site:5dfdd8befc19a0509cceb6a7,site:5dfdd8befc19a0509cceb6a7,atom,context:0cf9bfdf8a025b9f32ccd1b8|site:577d65f464f67505d35dd418,site:577d65f464f67505d35dd418,bond,2.5982321945,0.0219301995521,2.57630199495,5.82838471731,-0.430367251237,0.0138325149595,0.0118500197064,6.23350176215,6.26260119677,6.28015294671,6.25875196854,0.0192387746253,3,0,frozen deterministic type router
4,context:0e29d880a226d2484b344ebf,WBXRIHAXVFNDKL,True,125,context:0e29d880a226d2484b344ebf|site:15b66c46401ec2c755f76f72,site:15b66c46401ec2c755f76f72,bond,context:0e29d880a226d2484b344ebf|site:9a1e309a753f50386938e0f0,site:9a1e309a753f50386938e0f0,delocalized_region,3.06606615245,-0.404519424189,3.47058557664,7.58636935552,-0.602015912533,0.0111435285508,0.0363747585396,8.16312503815,8.17517703772,8.22685372829,8.18838526805,0.0276427145127,3,0,frozen deterministic type router
4,context:0f1a763a492b4ba04a7361c4,RBEROAUIKMEYDR,False,93,context:0f1a763a492b4ba04a7361c4|site:e755f79a6b39c3a3422f1aa0,site:e755f79a6b39c3a3422f1aa0,bond,context:0f1a763a492b4ba04a7361c4|site:a0d0337e4183d96817023cae,site:a0d0337e4183d96817023cae,transferable_h_group,1.95784585958,0.570490245394,1.38735561419,7.34259064992,1.39935453733,0.011750800197,0.0222376719683,5.93005371094,5.93835186958,5.96130275726,5.94323611259,0.0132165955377,3,0,frozen deterministic type router
4,context:107be5bb9f651335a161deed,RWRDLPDLKQPQOW,True,59,context:107be5bb9f651335a161deed|site:b4eb1a022a1025396786e52b,site:b4eb1a022a1025396786e52b,atom,context:107be5bb9f651335a161deed|site:e47acafc8f9f958f2d73597e,site:e47acafc8f9f958f2d73597e,atom_group,3.38487512914,0.264340394201,3.12053473494,9.84346326192,-10.898434639,0.0102291642528,0.0273239294719,20.7303056717,20.7289190292,20.7664690018,20.7418979009,0.0173836118768,3,0,frozen deterministic type router
4,context:1148cf278b4e49ad0ad7b099,JHLOOOWAEXGHGS,True,112,context:1148cf278b4e49ad0ad7b099|site:b296168f8e691e229f826513,site:b296168f8e691e229f826513,atom,context:1148cf278b4e49ad0ad7b099|site:8777b0900d1fbae15ebbc8b0,site:8777b0900d1fbae15ebbc8b0,delocalized_region,2.28919009213,0.563625831508,1.72556426062,5.57165114085,-6.84006404877,0.014974531489,0.0296996333431,12.3984332085,12.3893613815,12.4473509789,12.4117151896,0.0254690219261,3,0,frozen deterministic type router
4,context:116730390e688e83e8b0ead8,SWSBEBHRHKHUHH,True,139,context:116730390e688e83e8b0ead8|site:37e669bef223990c3083a37e,site:37e669bef223990c3083a37e,bond,context:116730390e688e83e8b0ead8|site:de404b9095b04c136ced518e,site:de404b9095b04c136ced518e,atom,3.9017600049,-0.770886348633,4.67264635353,9.62964216868,-0.319902936618,0.0160498673283,0.0170130759454,9.96543544531,9.93537807465,9.94782179594,9.9495451053,0.0123312267339,3,0,frozen deterministic type router
4,context:119199d1f38aa9ae820bce0b,ITLHXEGAYQFOHJ,True,161,context:119199d1f38aa9ae820bce0b|site:77c7ae3d4b66db83939f4006,site:77c7ae3d4b66db83939f4006,atom,context:119199d1f38aa9ae820bce0b|site:e7d8afdf4754000243960eb9,site:e7d8afdf4754000243960eb9,atom,2.8094931827,1.04385673861,1.76563644409,4.31765794754,2.55202150345,0.0114487615237,0.00704161236306,1.75754380226,1.77285504341,1.7665104866,1.76563644409,0.00628126787206,3,0,frozen deterministic type router
4,context:122046d347614b7c29be8580,WJRBRSLFGCUECM,True,46,context:122046d347614b7c29be8580|site:ce9b525b3ca314bd7423c831,site:ce9b525b3ca314bd7423c831,atom,context:122046d347614b7c29be8580|site:8f81ddc9dc63c5527778f580,site:8f81ddc9dc63c5527778f580,atom_group,3.18260421074,2.30107100118,0.881533209567,5.12253491084,-4.90336720149,0.00551479451523,0.0283498367311,9.99107122421,10.0239844322,10.0626506805,10.0259021123,0.0292536352708,3,0,frozen deterministic type router
4,context:155b7737490818b7ec7621e4,WWUVJRULCWHUSA,True,63,context:155b7737490818b7ec7621e4|site:e067a45cbef0cd109ebf3d91,site:e067a45cbef0cd109ebf3d91,bond,context:155b7737490818b7ec7621e4|site:6d124093d4d37f1ec5cda871,site:6d124093d4d37f1ec5cda871,delocalized_region,2.49640055043,0.0599450406648,2.43645550977,6.91312026978,-4.2643289566,0.00973598504047,0.0312838019293,11.1686830521,11.1565499306,11.2071146965,11.1774492264,0.021553549553,3,0,frozen deterministic type router
4,context:1669e9792fadd8c97a24da05,SBWCARQXLPGQNH,True,73,context:1669e9792fadd8c97a24da05|site:452a4104c1e8c9d2534d65e7,site:452a4104c1e8c9d2534d65e7,transferable_h_group,context:1669e9792fadd8c97a24da05|site:529095ee14b7badc6ab6c78b,site:529095ee14b7badc6ab6c78b,transferable_h_group,3.88689450108,0.127640303797,3.75925419728,3.38607724508,-0.373176952203,0.0112821708723,0.0175970579476,3.76888725162,3.75500836968,3.75386697054,3.75925419728,0.00682751784478,3,0,frozen deterministic type router
4,context:1743ca3c1727e01083cd3c83,FHGCQCXIJRSFGF,False,9,context:1743ca3c1727e01083cd3c83|site:633752bc21464fb7d6caedca,site:633752bc21464fb7d6caedca,atom,context:1743ca3c1727e01083cd3c83|site:abf895e33666cc9c212c9166,site:abf895e33666cc9c212c9166,atom,2.96554871468,2.94031544594,0.0252332687378,1.34924928347,1.32401601473,0.0162914398385,0.0175422697733,0.0163770914078,0.0334149599075,0.0259077548981,0.0252332687378,0.00697201259509,3,0,frozen deterministic type router
4,context:181eadcc084fe8c56dfb3e6b,MXYLLYBWXIUMIT,True,335,context:181eadcc084fe8c56dfb3e6b|site:9fb81d4e23cebc812d4fb154,site:9fb81d4e23cebc812d4fb154,bond,context:181eadcc084fe8c56dfb3e6b|site:4452de85ce0c0f96bfe253be,site:4452de85ce0c0f96bfe253be,delocalized_region,4.76270493804,-0.666009741797,5.42871467984,8.41423161825,-3.23151469231,0.00726777488639,0.0204936344336,11.6348006725,11.6375770569,11.6648612022,11.6457463106,0.0135637111614,3,0,frozen deterministic type router
4,context:1951c08c108b1fc6ff4c4a97,XUMYXWQECJOOTL,True,125,context:1951c08c108b1fc6ff4c4a97|site:6ffffe8227dbe7b20ace1786,site:6ffffe8227dbe7b20ace1786,atom,context:1951c08c108b1fc6ff4c4a97|site:814427627eec35f3a5d16d61,site:814427627eec35f3a5d16d61,atom_group,4.43058140448,-0.0161279889538,4.44670939343,11.2533171972,-4.97525151571,0.0102335478866,0.0351063222026,16.1910266876,16.226272583,16.268406868,16.2285687129,0.0316320221437,3,0,frozen deterministic type router
4,context:1956d5b680049141c56b22a0,ZBJDBFWPAOORHG,True,86,context:1956d5b680049141c56b22a0|site:8184c94d91385171c8b884d1,site:8184c94d91385171c8b884d1,atom,context:1956d5b680049141c56b22a0|site:b28c90415a7a609ca5aec5be,site:b28c90415a7a609ca5aec5be,atom_group,1.72543689518,0.123215520247,1.60222137493,7.23483896255,-4.0377907753,0.0129627649016,0.00955244624813,11.2433261871,11.2768797874,11.297683239,11.2726297379,0.0223937411283,3,0,frozen deterministic type router
4,context:1b004815eee4643cc1c5b4f0,COLNVLDHVKWLRT,True,110,context:1b004815eee4643cc1c5b4f0|site:4bd9638bbd830f23f4ae60e5,site:4bd9638bbd830f23f4ae60e5,atom,context:1b004815eee4643cc1c5b4f0|site:ebb00c07f8a5f445bdbe5fad,site:ebb00c07f8a5f445bdbe5fad,atom_group,3.1792835461,0.731159076062,2.44812447004,6.16207138697,-4.76894458135,0.00965676959888,0.0383367023256,10.896630764,10.9193286896,10.9770884514,10.9310159683,0.0338703826171,3,0,frozen deterministic type router
4,context:1b4611edb8b5ce18814f3b2a,NRKYWOKHZRQRJR,True,30,context:1b4611edb8b5ce18814f3b2a|site:e78f5094ebbe738ca0f8aa30,site:e78f5094ebbe738ca0f8aa30,atom,context:1b4611edb8b5ce18814f3b2a|site:f5bf47e3caf249584d25f180,site:f5bf47e3caf249584d25f180,atom_group,3.72738171,1.24145254212,2.48592916789,7.16750526428,-6.65181255341,0.0205261183337,0.0227631056847,13.790810585,13.8104929924,13.8566498756,13.8193178177,0.0275936128275,3,0,frozen deterministic type router
4,context:1be4ef156924130179fc849b,VQKFNUFAXTZWDK,True,58,context:1be4ef156924130179fc849b|site:edd874419bff02a39447784e,site:edd874419bff02a39447784e,delocalized_region,context:1be4ef156924130179fc849b|site:88a723ac8ea57231a72bd90f,site:88a723ac8ea57231a72bd90f,delocalized_region,1.83929100847,1.71607056474,0.123220443726,9.21483898163,9.0916185379,0.028989763143,0.0304693322287,0.12052822113,0.123991966248,0.125141143799,0.123220443726,0.0019606460054,3,0,frozen deterministic type router
4,context:2065e12e5f86c117a9969567,RZXMPPFPUUCRFN,True,89,context:2065e12e5f86c117a9969567|site:6af2704f0bfb24eb7114e2dc,site:6af2704f0bfb24eb7114e2dc,atom,context:2065e12e5f86c117a9969567|site:543d750005b7af79aa509d9e,site:543d750005b7af79aa509d9e,delocalized_region,2.33542197535,0.209126309311,2.12629566604,4.10559733709,-2.4277865092,0.00230762876022,0.0397847104166,6.49270176888,6.52310490608,6.58434486389,6.53338384628,0.0381126109907,3,0,frozen deterministic type router
4,context:2227e91f71b84c9827a2db9f,XDTNJCHVNRPULS,True,369,context:2227e91f71b84c9827a2db9f|site:59c15b97cbb0495d0881b27b,site:59c15b97cbb0495d0881b27b,bond,context:2227e91f71b84c9827a2db9f|site:662ef13548b93020d0de7a3f,site:662ef13548b93020d0de7a3f,atom,2.61101200415,0.763436757461,1.84757524669,8.36538060506,1.74129970868,0.0122379270203,0.0120599272704,6.64866387844,6.60792005062,6.61565876007,6.62408089638,0.0176675627697,3,0,frozen deterministic type router
4,context:225c2e58862e9a974965867f,KGANXKJXGWZHIT,True,213,context:225c2e58862e9a974965867f|site:0454be66ca6a7088b6ee0d9c,site:0454be66ca6a7088b6ee0d9c,atom,context:225c2e58862e9a974965867f|site:0f1b47d7114b5efe6892c917,site:0f1b47d7114b5efe6892c917,bond,3.10752941955,-0.697595222615,3.80512464216,8.9465265274,-0.484381546577,0.00918963721827,0.0270739506143,9.40660172701,9.43696221709,9.44916027784,9.43090807398,0.0178940781432,3,0,frozen deterministic type router
4,context:22ab4d7e6a8daad7c4923d83,BUDQDWGNQVEFAC,True,67,context:22ab4d7e6a8daad7c4923d83|site:55496eaa1155810d72169da8,site:55496eaa1155810d72169da8,bond,context:22ab4d7e6a8daad7c4923d83|site:443ca98c733e417c4e4c859d,site:443ca98c733e417c4e4c859d,atom,2.74352318052,-0.78166210943,3.52518528995,7.64365053177,1.05433515708,0.00994835153323,0.00926434807977,6.61610972881,6.57454562187,6.57729077339,6.58931537469,0.0189795859418,3,0,frozen deterministic type router
4,context:230cf6f4895a503eff45eb66,HDZGCSFEDULWCS,False,24,context:230cf6f4895a503eff45eb66|site:d83c60dbaebb9f18929bdd7b,site:d83c60dbaebb9f18929bdd7b,atom_group,context:230cf6f4895a503eff45eb66|site:31347c37b7895f4786f09712,site:31347c37b7895f4786f09712,atom,3.2224928151,1.3706140071,1.85187880801,4.40166330338,0.291554560264,0.033166707054,0.0108358444764,4.13844174147,4.1089656353,4.08291885257,4.11010874311,0.0226815316873,3,0,frozen deterministic type router
4,context:233a959a2c911e0011325237,CHVJITGCYZJHLR,True,88,context:233a959a2c911e0011325237|site:a61a4f5de27f1c07f5399d72,site:a61a4f5de27f1c07f5399d72,transferable_h_group,context:233a959a2c911e0011325237|site:75f4df87128faee6337551db,site:75f4df87128faee6337551db,delocalized_region,1.58648560039,0.504447848871,1.08203775152,-1.66719039281,-5.72437127431,0.0271384007294,0.0415625555188,4.0432959795,4.05099439621,4.07725226879,4.0571808815,0.0145364334415,3,0,frozen deterministic type router
4,context:23d73c4048189eec05ae404a,BAYGVMXZJBFEMB,True,91,context:23d73c4048189eec05ae404a|site:b1a5f095baa0c0acf0b34ee2,site:b1a5f095baa0c0acf0b34ee2,atom,context:23d73c4048189eec05ae404a|site:063be4e760b14a2b2c9f70be,site:063be4e760b14a2b2c9f70be,atom_group,3.7546971584,-0.0361647400535,3.79086189845,4.33684190114,-8.28090540568,0.00288618657366,0.032789256608,12.583676815,12.6058726311,12.6636924744,12.6177473068,0.0337281522148,3,0,frozen deterministic type router
4,context:241b2f4e6f4b8f02767793f0,VXWVFZFZYXOBTA,True,109,context:241b2f4e6f4b8f02767793f0|site:795b7e598437225881cfbce7,site:795b7e598437225881cfbce7,delocalized_region,context:241b2f4e6f4b8f02767793f0|site:ea665bfd5c3e6fcaebc6f06e,site:ea665bfd5c3e6fcaebc6f06e,atom,4.37900073159,-0.0856348717479,4.46463560334,4.46572224299,-3.87103970846,0.0463691850327,0.00339087784872,8.39594173431,8.33902049065,8.27532362938,8.33676195145,0.0492680258653,3,0,frozen deterministic type router
4,context:24b54ae6de2992d22011bc0b,RTZKZFJDLAIYFH,True,44,context:24b54ae6de2992d22011bc0b|site:aef50cd0dd86f1bf7a7d8409,site:aef50cd0dd86f1bf7a7d8409,transferable_h_group,context:24b54ae6de2992d22011bc0b|site:4d17441c741634bfef49be24,site:4d17441c741634bfef49be24,transferable_h_group,2.81769302953,1.87048700917,0.947206020355,3.04039327304,2.09318725268,0.0104155845422,0.0103067834322,0.947549104691,0.947063922882,0.947005033493,0.947206020355,0.000243785610589,3,0,frozen deterministic type router
4,context:27b053ef39c6db36c12fc10b,VDCSGNNYCFPWFK,True,153,context:27b053ef39c6db36c12fc10b|site:012eba0449cf9ab1d5b06950,site:012eba0449cf9ab1d5b06950,transferable_h_group,context:27b053ef39c6db36c12fc10b|site:3d63069bd488e5473c444a21,site:3d63069bd488e5473c444a21,atom,2.81633271558,0.534903111154,2.28142960443,3.84341533979,-6.4680946668,0.0202333529521,0.0185257401044,10.3000724316,10.3193030357,10.3151545525,10.3115100066,0.00826301277453,3,0,frozen deterministic type router
4,context:291acfb63dedd7ff4481b001,URBDFHBJUSYZIR,True,49,context:291acfb63dedd7ff4481b001|site:68fd21e95eac9d19577d818a,site:68fd21e95eac9d19577d818a,atom,context:291acfb63dedd7ff4481b001|site:49165093650b5b12135c1d95,site:49165093650b5b12135c1d95,atom_group,3.32465413816,0.703250777779,2.62140336038,6.56406259537,-5.95675214132,0.0109760912872,0.0331868116084,12.4734663963,12.5201501846,12.5688276291,12.5208147367,0.0389338961175,3,0,frozen deterministic type router
4,context:29aee7eff81b55c913860d35,IVJPPXLWFDRDRE,True,236,context:29aee7eff81b55c913860d35|site:f4886f260371ae6ce8f75f54,site:f4886f260371ae6ce8f75f54,atom,context:29aee7eff81b55c913860d35|site:e0addb634b7ff97dc5d00f77,site:e0addb634b7ff97dc5d00f77,atom_group,1.85683322,1.17261548221,0.684217737789,5.57421620687,-2.42121863365,0.00303109586083,0.035443548413,7.96137046814,7.98581719398,8.03911685944,7.99543484052,0.0324602288302,3,0,frozen deterministic type router
4,context:2a24eaa30d93662177b4bc12,CMLWFCUAXGSMBB,True,297,context:2a24eaa30d93662177b4bc12|site:6498f8946aab0897e643347a,site:6498f8946aab0897e643347a,atom,context:2a24eaa30d93662177b4bc12|site:c08188ab7b56f877d19aac8f,site:c08188ab7b56f877d19aac8f,delocalized_region,1.96194172837,0.494777671721,1.46716405665,-0.956920802593,-6.31599871318,0.0073432932099,0.0430417897178,5.32062625885,5.34937912226,5.40722835064,5.35907791058,0.0360141680157,3,0,frozen deterministic type router
4,context:2c364065df30f1f0d57b3c45,UBMYYGXGMPGCBO,True,101,context:2c364065df30f1f0d57b3c45|site:0d4c6218d529cd70208de78a,site:0d4c6218d529cd70208de78a,bond,context:2c364065df30f1f0d57b3c45|site:74f619a609b6cca3185d1f04,site:74f619a609b6cca3185d1f04,atom,4.13243469526,-0.909344713142,5.04177940841,10.5475715001,0.252457191547,0.0115407149978,0.0170750859611,10.3115406036,10.2858618796,10.2879404426,10.2951143086,0.0116461004236,3,0,frozen deterministic type router
4,context:2c7e3b33b386cff0291fffcf,NHQDETIJWKXCTC,True,88,context:2c7e3b33b386cff0291fffcf|site:28fceeb601ee069120f97b89,site:28fceeb601ee069120f97b89,atom,context:2c7e3b33b386cff0291fffcf|site:1b2e8e3d57d7350e4278cd47,site:1b2e8e3d57d7350e4278cd47,atom_group,4.35190278788,0.0994755341991,4.25242725368,10.3890962601,-8.74180444082,0.0207593204853,0.0425869998704,19.1082286835,19.1222200394,19.1622533798,19.1309007009,0.0228937017138,3,0,frozen deterministic type router
4,context:2d30b422fff296f981311fc8,ZCPWZUGSUPGMLC,True,151,context:2d30b422fff296f981311fc8|site:1a15e0672a9e20e431705f05,site:1a15e0672a9e20e431705f05,atom,context:2d30b422fff296f981311fc8|site:f2cc278726059f3790a45113,site:f2cc278726059f3790a45113,atom_group,2.70411399575,-0.336600332131,3.04071432788,6.62895647685,-7.28911304474,0.00694999179851,0.020421146242,13.9019327164,13.9165120125,13.9357638359,13.9180695216,0.0138553368357,3,0,frozen deterministic type router
4,context:2e5d770353ceaf58fad6fa91,QLXMOFWIKWAQBW,True,215,context:2e5d770353ceaf58fad6fa91|site:ece590035fa30bb5b9957809,site:ece590035fa30bb5b9957809,atom,context:2e5d770353ceaf58fad6fa91|site:2479c08c2bc23e15b5b61726,site:2479c08c2bc23e15b5b61726,bond,2.67408756755,-0.299161107114,2.97324867466,9.68201414744,-0.325754324595,0.0119670549859,0.0288715087157,9.98485633731,10.0131734908,10.025275588,10.007768472,0.0169379185637,3,0,frozen deterministic type router
4,context:2e785db4025d7ab418f31788,AWUJBJHPBXFVFC,True,133,context:2e785db4025d7ab418f31788|site:81b1fd176d06ad8bdde1bd72,site:81b1fd176d06ad8bdde1bd72,delocalized_region,context:2e785db4025d7ab418f31788|site:5e523ecf25064f4d08f2498a,site:5e523ecf25064f4d08f2498a,atom,3.4964046777,0.437322106608,3.0590825711,2.48031687737,-1.73351128896,0.031374246445,0.00909978173443,4.26220738888,4.20027196407,4.17900514603,4.21382816633,0.0352938263582,3,0,frozen deterministic type router
4,context:2ff1aec14e3bcdcafc645e22,MCTWTZJPVLRJOU,False,51,context:2ff1aec14e3bcdcafc645e22|site:abd079de0c83e40cac144a56,site:abd079de0c83e40cac144a56,atom_group,context:2ff1aec14e3bcdcafc645e22|site:46b166ace9c2d9d2ec3e47a9,site:46b166ace9c2d9d2ec3e47a9,atom,2.60020645702,0.629831762153,1.97037469487,3.60389828682,-3.07322867711,0.034761614793,0.00758537162198,6.71095776558,6.6760160923,6.64440703392,6.67712696393,0.0271805751463,3,0,frozen deterministic type router
4,context:3101f3fe5be1e24229df0064,JVZMNODVCGXDQK,True,250,context:3101f3fe5be1e24229df0064|site:6b9c56cd00d266f699efde9c,site:6b9c56cd00d266f699efde9c,atom,context:3101f3fe5be1e24229df0064|site:c30cd65e704bdacd8097d9ff,site:c30cd65e704bdacd8097d9ff,atom_group,3.50335306801,0.460209713716,3.04314335429,9.01896286011,-9.22302913666,0.0155406444302,0.0392602909325,18.2118215561,18.2443752289,18.2697792053,18.2419919968,0.0237210472308,3,0,frozen deterministic type router
4,context:32766dd4553fe1b598e4f37b,VPVXTYYXTKCTPM,True,97,context:32766dd4553fe1b598e4f37b|site:0ac4ff8b3b2c3abc027eb7f9,site:0ac4ff8b3b2c3abc027eb7f9,transferable_h_group,context:32766dd4553fe1b598e4f37b|site:9f25449e52f91c7590d0dac4,site:9f25449e52f91c7590d0dac4,transferable_h_group,3.82049815139,2.14446819107,1.67602996031,3.19488867124,1.51885871092,0.0173962443422,0.0174226079503,1.67633140087,1.6759198904,1.67583858967,1.67602996031,0.00021571935376,3,0,frozen deterministic type router
4,context:33d586a3dcda0fc4f356b3ab,BAYGVMXZJBFEMB,True,91,context:33d586a3dcda0fc4f356b3ab|site:b1a5f095baa0c0acf0b34ee2,site:b1a5f095baa0c0acf0b34ee2,atom,context:33d586a3dcda0fc4f356b3ab|site:20e905a8df7749ee5ab7fa31,site:20e905a8df7749ee5ab7fa31,atom_group,5.04217289173,-0.485299107712,5.52747199945,9.2853937149,-12.0887171427,0.0122837761338,0.035982574984,21.3369550705,21.3780183792,21.4073591232,21.3741108576,0.0288748356872,3,0,frozen deterministic type router
4,context:352fceabe8f2c132a0ddecf2,HDZGCSFEDULWCS,False,24,context:352fceabe8f2c132a0ddecf2|site:d83c60dbaebb9f18929bdd7b,site:d83c60dbaebb9f18929bdd7b,atom_group,context:352fceabe8f2c132a0ddecf2|site:31347c37b7895f4786f09712,site:31347c37b7895f4786f09712,atom,3.19929286862,1.53235347454,1.66693939408,3.65983859698,3.21531097094,0.0303244595485,0.0025508842092,0.47691822052,0.448687553406,0.407977104187,0.444527626038,0.0282983877879,3,0,frozen deterministic type router
4,context:380178bb314da3f2fe5e0c0d,HPNMFZURTQLUMO,True,47,context:380178bb314da3f2fe5e0c0d|site:d4a02f1c2c1395c91c2b5682,site:d4a02f1c2c1395c91c2b5682,atom,context:380178bb314da3f2fe5e0c0d|site:3b7583d5918c779832e33f50,site:3b7583d5918c779832e33f50,atom_group,3.46947938576,-0.11647031973,3.58594970549,9.45452817281,-10.8034219742,0.00202175451244,0.030312109383,20.2365751266,20.2386369705,20.2986383438,20.257950147,0.0287832106185,3,0,frozen deterministic type router
4,context:39653e600f34144a92f6b452,TWPRBLNPCZWJLZ,True,228,context:39653e600f34144a92f6b452|site:e5ad0e9631908646ac3e4c4b,site:e5ad0e9631908646ac3e4c4b,bond,context:39653e600f34144a92f6b452|site:7d0bf3bf5d406692cb42b73b,site:7d0bf3bf5d406692cb42b73b,atom,2.48576407439,-0.0426582349513,2.52842230934,1.33156224092,3.39169096947,0.0205767741161,0.00358973192108,-2.03311491013,-2.06389057636,-2.08338069916,-2.06012872855,0.0206926075525,3,0,frozen deterministic type router
4,context:39bc8cdc8df528adf3a48ea6,PAYRUJLWNCNPSJ,True,79,context:39bc8cdc8df528adf3a48ea6|site:d55cea1fd94e19a364724f88,site:d55cea1fd94e19a364724f88,atom,context:39bc8cdc8df528adf3a48ea6|site:b9a2c4da3a80be87a65b5fd6,site:b9a2c4da3a80be87a65b5fd6,delocalized_region,2.52995868707,0.386435650703,2.14352303637,3.23947159449,-0.960728645325,0.00700957140474,0.0390579753461,4.16661143303,4.1890386343,4.24495065212,4.20020023982,0.03294130528,3,0,frozen deterministic type router
4,context:3b4c151085be17c6e5d0fe4a,IQBIARKBWBZCBC,True,46,context:3b4c151085be17c6e5d0fe4a|site:7e37960b02a8c1688d152d1e,site:7e37960b02a8c1688d152d1e,atom,context:3b4c151085be17c6e5d0fe4a|site:18e9c16851194cba9a40a81f,site:18e9c16851194cba9a40a81f,atom_group,2.77180001887,0.788386465707,1.98341355316,4.47299544017,-4.77764050166,0.011583112252,0.033280702168,9.21979665756,9.2347073555,9.29740381241,9.25063594182,0.0336254617569,3,0,frozen deterministic type router
4,context:3c30a3c353f8018c29a59cc1,GETQZCLCWQTVFV,True,37,context:3c30a3c353f8018c29a59cc1|site:48c3d447a4423cfc3f3da953,site:48c3d447a4423cfc3f3da953,atom,context:3c30a3c353f8018c29a59cc1|site:878cd9dd49022efbef57c575,site:878cd9dd49022efbef57c575,atom_group,3.35704957634,0.217584913891,3.13946466245,8.99869569143,-11.9598703384,0.0124443094195,0.0300659473673,20.936296463,20.9495744705,20.9898271561,20.9585660299,0.0227599045008,3,0,frozen deterministic type router
4,context:3c66a16770b2cb1b94a7ebae,AJZBTMWQSPSMEQ,True,156,context:3c66a16770b2cb1b94a7ebae|site:ddcebf421c6ea938041c4822,site:ddcebf421c6ea938041c4822,atom,context:3c66a16770b2cb1b94a7ebae|site:8982230067da06939cb5e806,site:8982230067da06939cb5e806,bond,3.23522609884,-0.519407166135,3.75463326497,9.89733028412,-1.66849982738,0.00950836062119,0.0291446666751,11.5390714407,11.5727436543,11.5856752396,11.5658301115,0.0196439358273,3,0,frozen deterministic type router
4,context:3cd21e191ae616c74ec11aaf,VDWAQPIHXBRGGA,True,200,context:3cd21e191ae616c74ec11aaf|site:50027bf2d93546f9e92d4f4c,site:50027bf2d93546f9e92d4f4c,transferable_h_group,context:3cd21e191ae616c74ec11aaf|site:c282810ee815bd50058d805f,site:c282810ee815bd50058d805f,atom,1.66036515397,1.24305060596,0.417314548013,-0.773568073908,-4.73228947322,0.0216920179232,0.0132062640261,3.96984040737,3.97098177671,3.93534201384,3.95872139931,0.0165382874921,3,0,frozen deterministic type router
4,context:3d5311a77de02a2f06aa7389,HYZJCKYKOHLVJF,True,98,context:3d5311a77de02a2f06aa7389|site:fc63abe622e33d26da8dd409,site:fc63abe622e33d26da8dd409,atom_group,context:3d5311a77de02a2f06aa7389|site:6dc891f38a3df5ed3e251199,site:6dc891f38a3df5ed3e251199,atom,5.28323747199,-0.0442494947423,5.32748696673,6.76678133011,2.69006450971,0.0284224579293,0.00691564470733,4.11401462555,4.06542253494,4.0507133007,4.0767168204,0.0270485377884,3,0,frozen deterministic type router
4,context:3db36efd12f185c1e1b9c3cf,FMXOEQQPVONPBU,True,17,context:3db36efd12f185c1e1b9c3cf|site:2f343cb7b6e8883a09b06a45,site:2f343cb7b6e8883a09b06a45,atom,context:3db36efd12f185c1e1b9c3cf|site:2016961d052a30b883d4f814,site:2016961d052a30b883d4f814,atom_group,3.3108681558,2.10204032877,1.20882782703,1.85989129543,-6.35293563207,0.0204380514587,0.0333596848346,8.1990929842,8.20897388458,8.23041391373,8.2128269275,0.0130737551714,3,0,frozen deterministic type router
4,context:3e0d248cdfa07d800f514dcf,WZSFKEHHXXHHIV,True,171,context:3e0d248cdfa07d800f514dcf|site:ebe31a27d466d1e1c4a7d38e,site:ebe31a27d466d1e1c4a7d38e,bond,context:3e0d248cdfa07d800f514dcf|site:419af923590795ebcbd89860,site:419af923590795ebcbd89860,delocalized_region,3.83882049551,-0.742177007645,4.58099750316,8.23404280345,-3.25279609362,0.00915423391763,0.0286839475256,11.4720394611,11.4722514153,11.5162258148,11.4868388971,0.0207798689805,3,0,frozen deterministic type router
4,context:3e6014902806a45c5f89b141,DKGAVHZHDRPRBM,True,51,context:3e6014902806a45c5f89b141|site:b3ca11056c3ce0e869504bb5,site:b3ca11056c3ce0e869504bb5,atom,context:3e6014902806a45c5f89b141|site:628941fc6f146a941888a065,site:628941fc6f146a941888a065,transferable_h_group,2.18589863057,0.646121915411,1.53977671516,3.54209884008,-4.55311075846,0.00498177032804,0.00983193905838,8.08495616913,8.08932113647,8.11135149002,8.09520959854,0.0115523080056,3,0,frozen deterministic type router
4,context:41d81a623832f7867e2ed775,QYZLKGVUSQXAMU,True,50,context:41d81a623832f7867e2ed775|site:93d13e54fc1ea7eec8574a93,site:93d13e54fc1ea7eec8574a93,transferable_h_group,context:41d81a623832f7867e2ed775|site:b518af9e2821029b4782670f,site:b518af9e2821029b4782670f,delocalized_region,2.16472370622,0.869602338344,1.29512136788,1.36876738071,-5.88173500697,0.0138358736759,0.0353624685382,7.24454069138,7.22731804848,7.27964842319,7.25050238768,0.0217757264963,3,0,frozen deterministic type router
4,context:42f9a8c6b65e77322276a21c,AFYRKIAHDASULF,True,101,context:42f9a8c6b65e77322276a21c|site:968b932b81ab385ef0e2a2f6,site:968b932b81ab385ef0e2a2f6,atom,context:42f9a8c6b65e77322276a21c|site:a3bc48979abdab68acaf6195,site:a3bc48979abdab68acaf6195,atom_group,4.21188607174,0.136018040905,4.07586803083,10.2463115056,-8.23936335246,0.0224791029077,0.0426695738296,18.4651689529,18.4746494293,18.517206192,18.4856748581,0.0226294590057,3,0,frozen deterministic type router
4,context:43e3fd4ee0ee6d83c6b00ada,BHAAPTBBJKJZER,True,91,context:43e3fd4ee0ee6d83c6b00ada|site:71ba984ceb1272f517a05061,site:71ba984ceb1272f517a05061,atom,context:43e3fd4ee0ee6d83c6b00ada|site:9c0dd7ec88cf66a4191db245,site:9c0dd7ec88cf66a4191db245,delocalized_region,2.92341904329,0.271595553237,2.65182349006,2.79292448362,-2.91286381086,0.0061077802827,0.0451182688123,5.64829540253,5.69694900513,5.77212047577,5.70578829447,0.0509363129668,3,0,frozen deterministic type router
4,context:43e721076339639daff45cef,XZBIXDPGRMLSTC,True,23,context:43e721076339639daff45cef|site:4d8e2c35b60db7da9fc347a9,site:4d8e2c35b60db7da9fc347a9,atom,context:43e721076339639daff45cef|site:90c8cc48ebad3da4d67fcb33,site:90c8cc48ebad3da4d67fcb33,atom_group,2.49256231448,1.62815442945,0.864407885032,4.564300855,-2.96097119649,0.0102150028055,0.0285133009325,7.48813009262,7.50900745392,7.57867860794,7.52527205149,0.0387140048506,3,0,frozen deterministic type router
4,context:44214978ea544d1e7e3dd18f,NCTNEXWAKFHINX,True,48,context:44214978ea544d1e7e3dd18f|site:39c91bd2f37fa2146611e0b1,site:39c91bd2f37fa2146611e0b1,atom,context:44214978ea544d1e7e3dd18f|site:9a0afc226ff3367edcdc47ac,site:9a0afc226ff3367edcdc47ac,atom_group,3.214540403,-0.560337867655,3.77487827066,8.35200405121,-7.29151026408,0.00790805516631,0.0363404148297,15.6085410118,15.6355938911,15.6864080429,15.6435143153,0.0322786665559,3,0,frozen deterministic type router
4,context:4451a262025356e75838f9eb,YULMNMJFAZWLLN,True,91,context:4451a262025356e75838f9eb|site:47c6674f8ffdab5f3d41f44c,site:47c6674f8ffdab5f3d41f44c,bond,context:4451a262025356e75838f9eb|site:9db80b3d7b63e47049581857,site:9db80b3d7b63e47049581857,atom,2.31831446738,-0.391673654109,2.70998812148,8.42673301697,-0.957816243172,0.00994914662601,0.0148516062169,9.39564305544,9.3748369813,9.38316774368,9.38454926014,0.00855003396076,3,0,frozen deterministic type router
4,context:454b04023bcf2bec6706f660,LEOBAJICZUMTJB,True,96,context:454b04023bcf2bec6706f660|site:7092147edcd5536cd3229d3e,site:7092147edcd5536cd3229d3e,atom,context:454b04023bcf2bec6706f660|site:cd3c6f72b71f8a9944688e17,site:cd3c6f72b71f8a9944688e17,atom_group,3.45155930594,0.801630803289,2.64992850266,6.84876441956,-2.9788895448,0.0226539127902,0.0384201083613,9.80078935623,9.83570384979,9.84646868706,9.82765396436,0.0194978769404,3,0,frozen deterministic type router
4,context:463b173fc9313129608e533a,NWKBSEBOBPHMKL,True,22,context:463b173fc9313129608e533a|site:5e4e690b74a0d0ddceb27c43,site:5e4e690b74a0d0ddceb27c43,transferable_h_group,context:463b173fc9313129608e533a|site:d0b0b2934d0b3ba721708166,site:d0b0b2934d0b3ba721708166,atom_group,3.94116729942,0.187168530212,3.7539987692,1.48199248314,-6.3053428332,0.00522821295557,0.0167933186918,7.79271292686,7.77108919621,7.79820382595,7.78733531634,0.0117044096469,3,0,frozen deterministic type router
4,context:4697c5f89a74267da9c12326,UOADRGAJWNJVGC,True,87,context:4697c5f89a74267da9c12326|site:db11fb6990e00f09a3c4f253,site:db11fb6990e00f09a3c4f253,atom,context:4697c5f89a74267da9c12326|site:8369c0362c915234aa79aa02,site:8369c0362c915234aa79aa02,transferable_h_group,4.48274297214,-1.07291250773,5.55565547987,9.41474501292,-7.24359083176,0.00405171196753,0.0225543907682,16.6366639137,16.6444306374,16.6939129829,16.6583358447,0.0253558681484,3,0,frozen deterministic type router
4,context:4699714a5eb4d444399b5b6e,IPPUNPCBOKIQJE,True,59,context:4699714a5eb4d444399b5b6e|site:84dc50aae7ef17998bfdae34,site:84dc50aae7ef17998bfdae34,atom,context:4699714a5eb4d444399b5b6e|site:111b94954976cd7fe790140e,site:111b94954976cd7fe790140e,atom_group,2.79211154716,0.236985179504,2.55512636766,7.57301632563,-5.98840856552,0.00752353726977,0.0327152695215,13.5267982483,13.5569248199,13.6005516052,13.5614248912,0.0302773556243,3,0,frozen deterministic type router
4,context:478bd7b56ed64fd0b513e7f7,KTZNVZJECQAMBV,True,137,context:478bd7b56ed64fd0b513e7f7|site:3bca71932202b05905c7acbd,site:3bca71932202b05905c7acbd,bond,context:478bd7b56ed64fd0b513e7f7|site:df7be657bc4e4cbc4c740c02,site:df7be657bc4e4cbc4c740c02,atom,3.65522934567,-0.490207428884,4.14543677456,6.13958438238,-0.166125615438,0.0206443668233,0.0140379645329,6.32543581724,6.29051542282,6.30117875338,6.30570999781,0.0146118130003,3,0,frozen deterministic type router
4,context:484dc70326857d7848a8e738,XSAZHMLGFSHHAR,True,314,context:484dc70326857d7848a8e738|site:594d456d7a4e75344e1720e7,site:594d456d7a4e75344e1720e7,atom,context:484dc70326857d7848a8e738|site:b3167ab1d8a41425b864acea,site:b3167ab1d8a41425b864acea,atom_group,3.91920926473,-0.570147077905,4.48935634264,8.12281068166,-7.83964014053,0.00649691481789,0.0212006923204,15.9404358864,15.9535546303,15.9933619499,15.9624508222,0.0225040547952,3,0,frozen deterministic type router
4,context:48cad362d7932d969ad0e47e,QRLBICHXRCOJDU,True,89,context:48cad362d7932d969ad0e47e|site:039fd3f65a36c1e8655be8ff,site:039fd3f65a36c1e8655be8ff,transferable_h_group,context:48cad362d7932d969ad0e47e|site:44a3eef6a5b3a108b3a2c351,site:44a3eef6a5b3a108b3a2c351,delocalized_region,2.88656935693,-0.0671721772613,2.95374153419,7.10396035512,-11.0414002736,0.0190884352052,0.0319642884322,18.129878521,18.1381912231,18.1680121422,18.1453606288,0.0163726102472,3,0,frozen deterministic type router
4,context:49fd347bedbd1edbeb240e3f,JSDUOUVZQRZOOY,True,78,context:49fd347bedbd1edbeb240e3f|site:54483047ffd773f9e1b8a6d5,site:54483047ffd773f9e1b8a6d5,transferable_h_group,context:49fd347bedbd1edbeb240e3f|site:fdd18033e992eb5f85ee6af3,site:fdd18033e992eb5f85ee6af3,atom_group,3.99583499872,-1.05814339229,5.05397839101,11.9228722254,-8.25245889028,0.0148449340758,0.0136420064644,20.1781225204,20.1766262054,20.1712446213,20.1753311157,0.00295345191127,3,0,frozen deterministic type router
4,context:4f32203cd53bb30273bb0421,GMAZSOXPZUDWTB,True,90,context:4f32203cd53bb30273bb0421|site:810b27cec02526d7a6270604,site:810b27cec02526d7a6270604,atom,context:4f32203cd53bb30273bb0421|site:c47d5243aa78d012e022637a,site:c47d5243aa78d012e022637a,atom_group,3.98602800867,0.85104905092,3.13497895775,10.2778832118,-7.34832684199,0.0197464971734,0.0412490948692,17.6034312248,17.6180253029,17.6571736336,17.6262100538,0.0226907357717,3,0,frozen deterministic type router
4,context:50161f39a923507aee20a59a,LLPWGHLVUPBSLP,True,142,context:50161f39a923507aee20a59a|site:e277107e72eda234aaf8a558,site:e277107e72eda234aaf8a558,bond,context:50161f39a923507aee20a59a|site:baab1bb6f98b6d608763753d,site:baab1bb6f98b6d608763753d,atom,1.7897293835,0.237599567771,1.55212981573,-0.327914714813,1.72765612602,0.00214443346675,0.0158945784002,-2.03789716959,-2.05629459023,-2.07252076268,-2.05557084084,0.0141442841116,3,0,frozen deterministic type router
4,context:53cf2d82f66429c019f0bd40,CXHHBNMLPJOKQD,True,26,context:53cf2d82f66429c019f0bd40|site:1eaea8bb023502e2898153d9,site:1eaea8bb023502e2898153d9,atom_group,context:53cf2d82f66429c019f0bd40|site:43a60bcd183a903a050df645,site:43a60bcd183a903a050df645,atom,2.48940367117,1.97433427906,0.515069392106,-0.115545451641,2.4859872659,0.0311035103641,0.0146846935088,-2.5570781678,-2.59746567905,-2.65005430579,-2.60153271755,0.0380661368388,3,0,frozen deterministic type router
4,context:551320761ba7b156705d660e,QMMFVYPAHWMCMS,True,24,context:551320761ba7b156705d660e|site:a0a8029f4fbc66facf3d0aa5,site:a0a8029f4fbc66facf3d0aa5,atom,context:551320761ba7b156705d660e|site:8bf3b0795cc8f8607a88d1d6,site:8bf3b0795cc8f8607a88d1d6,atom_group,2.06835749497,0.992464983944,1.07589251103,3.24977231026,-10.1434138616,0.00603363332303,0.038198521247,13.3754429817,13.3606524467,13.4434630871,13.3931861718,0.0360602841102,3,0,frozen deterministic type router
4,context:568fb4fdb90b44d677b0cb6a,MRHSGZMVLDOZCK,True,38,context:568fb4fdb90b44d677b0cb6a|site:9d932287f8a7db0d8335363f,site:9d932287f8a7db0d8335363f,atom,context:568fb4fdb90b44d677b0cb6a|site:ccf6e7b981e0977537503dc9,site:ccf6e7b981e0977537503dc9,atom_group,3.02642926431,2.82905980056,0.197369463747,7.73928117752,-2.41652409236,0.0162829378244,0.040130206544,10.1065297127,10.1703646183,10.1905214787,10.1558052699,0.0358016308553,3,0,frozen deterministic type router
4,context:5797e898876334cc21fbbe54,JJIGRMWSNCMAIW,True,101,context:5797e898876334cc21fbbe54|site:cacf05c4d0084684bb102667,site:cacf05c4d0084684bb102667,atom,context:5797e898876334cc21fbbe54|site:41ca4db155903f0e64d31b1f,site:41ca4db155903f0e64d31b1f,atom_group,3.71235449445,0.465819359402,3.24653513504,9.52391020457,-4.9452436765,0.0061253041704,0.0356128912072,14.4331064224,14.4689335823,14.5054216385,14.4691538811,0.0295229742999,3,0,frozen deterministic type router
4,context:57d430266759dccda05b8737,ARIDPRZCOYMNQD,False,73,context:57d430266759dccda05b8737|site:0fc38cae5cfe2d863c11a756,site:0fc38cae5cfe2d863c11a756,atom_group,context:57d430266759dccda05b8737|site:a302c7eff36fb128cbeedd49,site:a302c7eff36fb128cbeedd49,atom,1.94429964978,1.92208698226,0.02221266752,-2.68005951246,6.42893362045,0.0210969630166,0.0100527370472,-9.08795118332,-9.08776879311,-9.1512594223,-9.10899313291,0.0298868726015,3,0,frozen deterministic type router
4,context:5ece031e8c879cfb428322ee,MXYLLYBWXIUMIT,True,335,context:5ece031e8c879cfb428322ee|site:fe016bb0c5e54d86bba3816a,site:fe016bb0c5e54d86bba3816a,bond,context:5ece031e8c879cfb428322ee|site:1c4642b66657464f3f8b547a,site:1c4642b66657464f3f8b547a,delocalized_region,4.64143153786,-0.716074939353,5.35750647721,7.23585796356,-4.55280176799,0.00685530893674,0.0200648619234,11.7781972885,11.7798547745,11.8079271317,11.7886597315,0.0136409028307,3,0,frozen deterministic type router
4,context:5f0596e78b008723e499aa6b,NQRYJNQNLNOLGT,True,76,context:5f0596e78b008723e499aa6b|site:3988bd5fb36413580faa9fba,site:3988bd5fb36413580faa9fba,atom,context:5f0596e78b008723e499aa6b|site:fe00ae2c43ede7cb1ecf0342,site:fe00ae2c43ede7cb1ecf0342,atom_group,3.53878714946,0.0184097718345,3.52037737762,10.4242935181,-11.0350961685,0.00955875311002,0.0283350908636,21.4454278946,21.4464321136,21.4863090515,21.4593896866,0.0190392799255,3,0,frozen deterministic type router
4,context:60260ac532ca2aa5c288544a,SNOAYWWTVMKALE,True,152,context:60260ac532ca2aa5c288544a|site:6c3d30f89840930152297d9d,site:6c3d30f89840930152297d9d,atom,context:60260ac532ca2aa5c288544a|site:dc6976357299c8215fc16d41,site:dc6976357299c8215fc16d41,atom_group,2.94110451421,0.35601391643,2.58509059778,7.59227784475,-6.76195398966,0.00131070015314,0.0211405163544,14.3359556198,14.3410754204,14.385664463,14.3542318344,0.0223242871701,3,0,frozen deterministic type router
4,context:6091bd2301516003910d6e51,NGKOCETVOBCCII,True,78,context:6091bd2301516003910d6e51|site:11aa006c0f034d534f67e749,site:11aa006c0f034d534f67e749,atom,context:6091bd2301516003910d6e51|site:7f5b8b5b598df07b68a2cdaa,site:7f5b8b5b598df07b68a2cdaa,atom_group,2.85018473109,1.13676004926,1.71342468183,5.42449410756,-7.36588128408,0.00154496565435,0.0159123435757,12.7786030769,12.7777452469,12.8147778511,12.7903753916,0.0172586980768,3,0,frozen deterministic type router
4,context:629276fce561f2fef1ddf3b6,FUHMXNCIWUEEOS,True,101,context:629276fce561f2fef1ddf3b6|site:f3dae5dd9c7938d119cb4e01,site:f3dae5dd9c7938d119cb4e01,atom,context:629276fce561f2fef1ddf3b6|site:793e936f6adf60f5e784e9d6,site:793e936f6adf60f5e784e9d6,atom_group,4.12836181635,-0.321597794076,4.44995961042,9.49917984009,-8.5590877533,0.023639889672,0.0408840128946,18.0383377075,18.0559158325,18.0805492401,18.0582675934,0.0173128363809,3,0,frozen deterministic type router
4,context:6568b26e7ebabffeefabce67,PAFMWEOWHZKACA,True,164,context:6568b26e7ebabffeefabce67|site:a4c9e8a35f67299630cedb8a,site:a4c9e8a35f67299630cedb8a,bond,context:6568b26e7ebabffeefabce67|site:3dac55cf54e6ecae1ccb1056,site:3dac55cf54e6ecae1ccb1056,atom,3.5662726461,-0.398053481657,3.96432612776,9.37180201213,1.0012028416,0.0208447803872,0.0130818976035,8.39421510696,8.35365450382,8.36392790079,8.37059917053,0.0172176268537,3,0,frozen deterministic type router
4,context:674e3b5c51984c48d6abbf37,VDWAQPIHXBRGGA,False,200,context:674e3b5c51984c48d6abbf37|site:c282810ee815bd50058d805f,site:c282810ee815bd50058d805f,atom,context:674e3b5c51984c48d6abbf37|site:50027bf2d93546f9e92d4f4c,site:50027bf2d93546f9e92d4f4c,transferable_h_group,1.70865713241,1.26199542035,0.446661712061,-5.54793802897,-2.30968650182,0.00806016169736,0.0253587000841,-3.26478600502,-3.2444164753,-3.20555210114,-3.23825152715,0.0245719186822,3,0,frozen deterministic type router
4,context:6775d99ad3c1b351c8c6867f,IZXIZTKNFFYFOF,True,42,context:6775d99ad3c1b351c8c6867f|site:8bf1beb4d7cfae3aa21574f4,site:8bf1beb4d7cfae3aa21574f4,atom,context:6775d99ad3c1b351c8c6867f|site:1b36e5a1a8eef8f2d75ca38c,site:1b36e5a1a8eef8f2d75ca38c,atom_group,3.97627589284,1.31439504486,2.66188084799,5.76090049744,-7.84630584717,0.00932743456184,0.0380067980043,13.5732822418,13.6011338234,13.6472029686,13.6072063446,0.0304819629416,3,0,frozen deterministic type router
4,context:6793ca5ce0c163b8e4c1887f,FULSRCPEOUATID,True,162,context:6793ca5ce0c163b8e4c1887f|site:e877e1382d7f7d661a6990a8,site:e877e1382d7f7d661a6990a8,transferable_h_group,context:6793ca5ce0c163b8e4c1887f|site:172ddb57fb3e3e8239c7395a,site:172ddb57fb3e3e8239c7395a,atom,3.82379029001,-0.579144347425,4.40293463743,5.61662689845,-9.2515335083,0.0188459898203,0.0176714598817,14.8688673973,14.8691997528,14.8664140701,14.8681604067,0.00124227848053,3,0,frozen deterministic type router
4,context:67a77a88e7d690bd1deb7c15,NCTNEXWAKFHINX,True,48,context:67a77a88e7d690bd1deb7c15|site:39c91bd2f37fa2146611e0b1,site:39c91bd2f37fa2146611e0b1,atom,context:67a77a88e7d690bd1deb7c15|site:09e811fcbf6be53e935d426a,site:09e811fcbf6be53e935d426a,atom_group,3.13572678451,-0.96773476306,4.10346154757,8.44234021505,-9.0586865743,0.00642094813492,0.0417861966215,17.4627056122,17.4916057587,17.5487689972,17.5010267893,0.0357611840235,3,0,frozen deterministic type router
4,context:67d69a6a20e197ae30cd76a6,JJIGRMWSNCMAIW,True,101,context:67d69a6a20e197ae30cd76a6|site:cacf05c4d0084684bb102667,site:cacf05c4d0084684bb102667,atom,context:67d69a6a20e197ae30cd76a6|site:b0d02cc01b8e1e10557a299a,site:b0d02cc01b8e1e10557a299a,atom_group,3.44920599706,-0.22332997817,3.67253597523,9.44960371653,-7.86540285746,0.015019495688,0.0369819245802,17.2837719917,17.3159747124,17.3452730179,17.315006574,0.0251170197731,3,0,frozen deterministic type router
4,context:67ed750647d1b6e29959fb35,BPRJSWGFGAQRNA,True,345,context:67ed750647d1b6e29959fb35|site:1bfe4a09ccb01c82440abe3b,site:1bfe4a09ccb01c82440abe3b,bond,context:67ed750647d1b6e29959fb35|site:ac199ebe950f2b4bd70a39e6,site:ac199ebe950f2b4bd70a39e6,delocalized_region,4.28516092156,-0.823892567326,5.10905348889,7.45014778773,-3.93650364876,0.00676584670385,0.0229155980678,11.3681309223,11.3809373379,11.4108860493,11.3866514365,0.0179162572805,3,0,frozen deterministic type router
4,context:686f9958559bc847496b37e5,SPIUPAOJDZNUJH,True,44,context:686f9958559bc847496b37e5|site:a1c146e45ab29f8ffa055706,site:a1c146e45ab29f8ffa055706,transferable_h_group,context:686f9958559bc847496b37e5|site:971fa6c79a0fb16a216d3972,site:971fa6c79a0fb16a216d3972,atom_group,1.71190719608,1.64631078007,0.0655964160107,-2.77676296234,-3.73904530207,0.0221586270266,0.0258040241344,0.982167482376,0.938616514206,0.966063022614,0.962282339732,0.0179794675381,3,0,frozen deterministic type router
4,context:6876e1c0c3fd72c364f0ed74,UVRHPCHNWMQZLQ,True,109,context:6876e1c0c3fd72c364f0ed74|site:5e79b083527bf1ec71065835,site:5e79b083527bf1ec71065835,transferable_h_group,context:6876e1c0c3fd72c364f0ed74|site:10c849e25fb72554101566fd,site:10c849e25fb72554101566fd,delocalized_region,3.14366833593,0.285558120946,2.85811021498,5.88517332077,-4.61646652222,0.0186528530799,0.0311046559378,10.4837679863,10.4975633621,10.5235881805,10.501639843,0.0165101027576,3,0,frozen deterministic type router
4,context:69d076f569c3d235014d2001,BSKHPKMHTQYZBB,True,73,context:69d076f569c3d235014d2001|site:2f1afe7219af33e9966ed0d1,site:2f1afe7219af33e9966ed0d1,atom,context:69d076f569c3d235014d2001|site:5d881a263c3c856b6ba119b7,site:5d881a263c3c856b6ba119b7,delocalized_region,3.58745997719,-0.790998199332,4.37845817653,10.1604655584,-8.89390595754,0.0101865945629,0.0361558353489,19.0083627701,19.0513410568,19.1034107208,19.0543715159,0.0388622867477,3,0,frozen deterministic type router
4,context:6a348b33b3cd78784267830f,XISYFRGVGQIFHM,True,84,context:6a348b33b3cd78784267830f|site:2ddf7124036ad93ded137a37,site:2ddf7124036ad93ded137a37,transferable_h_group,context:6a348b33b3cd78784267830f|site:f8c4015531f06994d7b31677,site:f8c4015531f06994d7b31677,atom,4.00457065408,-0.65030561283,4.65487626691,8.19068018595,-4.78641637166,0.0182490278537,0.0198254254462,12.9762392044,12.9753947258,12.9796557426,12.9770965576,0.00184216485608,3,0,frozen deterministic type router
4,context:6a55096855f9d314610762f9,FMXOEQQPVONPBU,True,17,context:6a55096855f9d314610762f9|site:2f343cb7b6e8883a09b06a45,site:2f343cb7b6e8883a09b06a45,atom,context:6a55096855f9d314610762f9|site:2016961d052a30b883d4f814,site:2016961d052a30b883d4f814,atom_group,3.23905411239,2.79435947657,0.444694635816,-0.729330619176,-4.57791725794,0.0166185752621,0.0391343949709,3.82248353958,3.84075605869,3.88252031803,3.84858663877,0.0251275702487,3,0,frozen deterministic type router
4,context:6b3a4fe7dab8125f230c7fbe,KHVMRHHPMYLEGH,True,163,context:6b3a4fe7dab8125f230c7fbe|site:d21b672221763f56493fb4fe,site:d21b672221763f56493fb4fe,bond,context:6b3a4fe7dab8125f230c7fbe|site:12fa1a6403dda996e526564a,site:12fa1a6403dda996e526564a,atom,2.97004328628,0.243606441609,2.72643684467,6.95889250437,3.50190552076,0.0189156810793,0.00621296842576,3.47749614716,3.44577884674,3.44768595695,3.45698698362,0.0145230531485,3,0,frozen deterministic type router
4,context:6ca58b21e5db9904eb708a76,HXKKHQJGJAFBHI,True,43,context:6ca58b21e5db9904eb708a76|site:aafdb46028aa544c8352f946,site:aafdb46028aa544c8352f946,atom,context:6ca58b21e5db9904eb708a76|site:9bb91b567f439619211ff6a9,site:9bb91b567f439619211ff6a9,atom_group,3.45009700666,0.0886841131504,3.36141289351,6.87385940552,-6.68362299601,0.0135053849313,0.0258353444259,13.5313782692,13.5319676399,13.6091012955,13.5574824015,0.0365008629875,3,0,frozen deterministic type router
4,context:6d775d437805f563af1369c0,CHVJITGCYZJHLR,True,88,context:6d775d437805f563af1369c0|site:a61a4f5de27f1c07f5399d72,site:a61a4f5de27f1c07f5399d72,transferable_h_group,context:6d775d437805f563af1369c0|site:42c28b68572c3f2914b9f056,site:42c28b68572c3f2914b9f056,atom_group,1.87133099785,0.0844603110586,1.78687068679,-0.353133330743,-6.29188664754,0.0242780727788,0.028787250402,5.94258952141,5.9312005043,5.94246992469,5.9387533168,0.00534086811314,3,0,frozen deterministic type router
4,context:6e6a401dc25bcdce382c3515,PTTODLHIQLXZIF,True,394,context:6e6a401dc25bcdce382c3515|site:d52eebf63113428bf053e346,site:d52eebf63113428bf053e346,atom,context:6e6a401dc25bcdce382c3515|site:ac3f86fc4c6bb2f5c6f25a66,site:ac3f86fc4c6bb2f5c6f25a66,atom,3.76946833662,-0.813740780632,4.58320911725,8.48619683584,3.90298771858,0.00274315752276,0.00376110771339,4.57545757294,4.59125876427,4.58291101456,4.58320911725,0.00645425238505,3,0,frozen deterministic type router
4,context:72e318a245b638a2d745748e,UFAZHCVBGMSJHS,True,64,context:72e318a245b638a2d745748e|site:e1804ae2fe862623eb03633d,site:e1804ae2fe862623eb03633d,atom,context:72e318a245b638a2d745748e|site:217c521f981a6b3c57723e46,site:217c521f981a6b3c57723e46,atom_group,2.53069771406,0.632837239429,1.89786047464,3.87174812953,-4.95383644104,0.0174447919311,0.0108856607283,8.80806255341,8.81842875481,8.85026240349,8.82558457057,0.0179557068206,3,0,frozen deterministic type router
4,context:7468e5d62052f9d36a9ab056,OMRRIKKMQMYXLQ,True,307,context:7468e5d62052f9d36a9ab056|site:8a19b679238dfac9b9fa06b7,site:8a19b679238dfac9b9fa06b7,transferable_h_group,context:7468e5d62052f9d36a9ab056|site:a474b4c1ed155ace9f3629c9,site:a474b4c1ed155ace9f3629c9,delocalized_region,3.36495566269,-0.0249009910319,3.38985665372,3.29503750801,-6.4593963623,0.0147161726198,0.0261197773017,9.73530721664,9.75774645805,9.77024793625,9.75443387032,0.0144555271958,3,0,frozen deterministic type router
4,context:75e95e2e33934b2c5f7b131e,PZJPNKKRMNFDQJ,True,117,context:75e95e2e33934b2c5f7b131e|site:5c04e3092f1b3e31370b380f,site:5c04e3092f1b3e31370b380f,bond,context:75e95e2e33934b2c5f7b131e|site:ae49c6129038712f777f5cf1,site:ae49c6129038712f777f5cf1,delocalized_region,2.47367813439,-0.017767684725,2.49144581911,4.52049525579,-0.0976845473051,0.00358321357436,0.0187722790233,4.59899790585,4.61775480211,4.63778670132,4.61817980309,0.0158383107876,3,0,frozen deterministic type router
4,context:76540b6c6f40cc9b064b707d,HTTSVXZDXSLAOJ,False,140,context:76540b6c6f40cc9b064b707d|site:01b5fafcb5d64ea04646ecdd,site:01b5fafcb5d64ea04646ecdd,atom,context:76540b6c6f40cc9b064b707d|site:2a8324ac5652d24249fcd935,site:2a8324ac5652d24249fcd935,bond,1.82651872477,0.956369040008,0.870149684764,0.0019319113344,-2.36114939054,0.0239412786386,0.0197492679074,2.3128612116,2.36376485229,2.41261784174,2.36308130187,0.0407283418516,3,0,frozen deterministic type router
4,context:78219337fa07aa51b725f02c,CWERGRDVMFNCDR,True,23,context:78219337fa07aa51b725f02c|site:e4b6fa3fdc5ccf9afc52925f,site:e4b6fa3fdc5ccf9afc52925f,atom,context:78219337fa07aa51b725f02c|site:e9e561946b09f2c52288ec55,site:e9e561946b09f2c52288ec55,atom_group,3.34813070017,2.83948512644,0.508645573729,2.78028972944,-7.04157702128,0.0160229834521,0.0386001826344,9.78584623337,9.83850383759,9.8412501812,9.82186675072,0.0254950172045,3,0,frozen deterministic type router
4,context:7a9730d488a266fa2217671e,LEZZSPMYYQOQRD,True,28,context:7a9730d488a266fa2217671e|site:066133858a27e5db26527eea,site:066133858a27e5db26527eea,atom,context:7a9730d488a266fa2217671e|site:bb0805d77dd982a6c8e812f7,site:bb0805d77dd982a6c8e812f7,atom_group,3.17682375533,1.28335091122,1.89347284411,2.03547732035,-10.1012366613,0.0147224789642,0.0232109701663,12.1140139103,12.1282172203,12.1679108143,12.1367139816,0.0228088474018,3,0,frozen deterministic type router
4,context:7d79978fb66a1b279b0e0da7,DFNYGALUNNFWKJ,True,23,context:7d79978fb66a1b279b0e0da7|site:0e63bb094ec3df340de208e2,site:0e63bb094ec3df340de208e2,atom,context:7d79978fb66a1b279b0e0da7|site:f46f082687bdf5cd6ec465ce,site:f46f082687bdf5cd6ec465ce,atom_group,3.56507444338,-0.188923616942,3.75399806032,9.32153352102,-12.6234076818,0.0095277128487,0.0324685233026,21.9203977585,21.9173431396,21.9970827103,21.9449412028,0.0368906968826,3,0,frozen deterministic type router
4,context:7f17f9435e107035f3a86421,VYWYYJYRVSBHJQ,True,104,context:7f17f9435e107035f3a86421|site:2519ba39f7eee9063bbf95c1,site:2519ba39f7eee9063bbf95c1,atom_group,context:7f17f9435e107035f3a86421|site:040d45c132e618c45d8c8a82,site:040d45c132e618c45d8c8a82,atom,3.52964410946,0.328231046453,3.20141306301,3.15370766322,-1.47742505868,0.0327536111862,0.00991610166156,4.66119837761,4.62656748295,4.60563230515,4.6311327219,0.0229132880994,3,0,frozen deterministic type router
4,context:809d1fb2dc1b4da75a2807ec,XLSZMDLNRCVEIJ,True,52,context:809d1fb2dc1b4da75a2807ec|site:af0b53acda71df44f1d7d55d,site:af0b53acda71df44f1d7d55d,atom_group,context:809d1fb2dc1b4da75a2807ec|site:ad5581299799f02d130089dc,site:ad5581299799f02d130089dc,atom_group,2.82052236969,0.911652258785,1.90887011091,2.22945594788,0.320585836967,0.0243698053912,0.0270791419,1.90617594123,1.90779626369,1.9126381278,1.90887011091,0.00274527772878,3,0,frozen deterministic type router
4,context:80c62a65950944463324a6e4,APISVOVOJVZIBA,True,233,context:80c62a65950944463324a6e4|site:88a656497075c395235d953d,site:88a656497075c395235d953d,atom,context:80c62a65950944463324a6e4|site:5cc5901d20de6f22bf54bf2d,site:5cc5901d20de6f22bf54bf2d,delocalized_region,2.52094434304,-0.204083139022,2.72502748206,6.65816020966,-6.0948565801,0.0101634090791,0.0342174472736,12.7161364555,12.7448925972,12.7980213165,12.7530167898,0.033919360189,3,0,frozen deterministic type router
4,context:8107203de6a98dc10d30d0bb,RPFGCUFAJAQNLJ,True,158,context:8107203de6a98dc10d30d0bb|site:0a84a74174c31006ed555229,site:0a84a74174c31006ed555229,atom,context:8107203de6a98dc10d30d0bb|site:41eb5886091e0f853d7ba5cb,site:41eb5886091e0f853d7ba5cb,bond,3.30960423628,-0.476896253627,3.78650048991,7.47595135371,-2.76007914543,0.0138748240269,0.0116885937597,10.2106568813,10.2365071774,10.2609274387,10.2360304991,0.0205256368477,3,0,frozen deterministic type router
4,context:83fe2f12e40d758f4bbca968,WPNCPIASBHXNGM,True,239,context:83fe2f12e40d758f4bbca968|site:fe955d5455915cddaccc7bbd,site:fe955d5455915cddaccc7bbd,atom,context:83fe2f12e40d758f4bbca968|site:260a1ef813a2d277fbd2cccb,site:260a1ef813a2d277fbd2cccb,transferable_h_group,3.19752919138,-0.666410519226,3.8639397106,8.0936870575,-4.17900927862,0.00353219501607,0.0362051353336,12.234395504,12.2656989098,12.3179945946,12.2726963361,0.0344859871827,3,0,frozen deterministic type router
4,context:843c178340fd63ad343a3c47,CUJRVFIICFDLGR,True,54,context:843c178340fd63ad343a3c47|site:00d5d6bf17b2eb4d399e3ffe,site:00d5d6bf17b2eb4d399e3ffe,atom,context:843c178340fd63ad343a3c47|site:3af86c1ec543bea19f4173b0,site:3af86c1ec543bea19f4173b0,atom_group,2.47759483174,-0.451143452242,2.92873828399,7.94593254725,-8.41082636515,0.0133986408588,0.030164269399,16.3356604576,16.3516306877,16.3829855919,16.3567589124,0.0196577567379,3,0,frozen deterministic type router
4,context:84854e1188e887abf0e72d4b,ARIDPRZCOYMNQD,False,73,context:84854e1188e887abf0e72d4b|site:0fc38cae5cfe2d863c11a756,site:0fc38cae5cfe2d863c11a756,atom_group,context:84854e1188e887abf0e72d4b|site:a302c7eff36fb128cbeedd49,site:a302c7eff36fb128cbeedd49,atom,2.52899623864,2.05278973251,0.476206506125,1.37981526057,4.92165231705,0.0121181218612,0.00833358293217,-3.52642166615,-3.53137874603,-3.56771075726,-3.54183705648,0.0184070539776,3,0,frozen deterministic type router
4,context:865f5a7635708883246d8bf1,WDUAYVHCYGZARQ,True,88,context:865f5a7635708883246d8bf1|site:f9a4b9a7015e27c49af94de7,site:f9a4b9a7015e27c49af94de7,bond,context:865f5a7635708883246d8bf1|site:e134eef2046fad0925e2bf7b,site:e134eef2046fad0925e2bf7b,atom_group,3.86773371443,-0.23738620647,4.1051199209,10.4983129501,-0.556560635567,0.0194014579911,0.0297668229696,11.048892796,11.0453888178,11.0703391433,11.0548735857,0.0110289639656,3,0,frozen deterministic type router
4,context:872dfd150b2fd5afb606c011,ZDYBRMAFPIENJI,True,175,context:872dfd150b2fd5afb606c011|site:cbe3356bff19c8aff65aa8d9,site:cbe3356bff19c8aff65aa8d9,atom,context:872dfd150b2fd5afb606c011|site:60b032bcc182c6980c66a2bf,site:60b032bcc182c6980c66a2bf,transferable_h_group,2.54266261068,1.24822815733,1.29443445334,6.41030327479,-3.20034233729,0.0139809507643,0.0296713928043,9.55828881264,9.60960888863,9.66403913498,9.61064561208,0.0431786117231,3,0,frozen deterministic type router
4,context:886d6621bfc25690eb20c6e0,CTSZPNIMMLSKDV,True,65,context:886d6621bfc25690eb20c6e0|site:4fde432fa67728a5a663bbbe,site:4fde432fa67728a5a663bbbe,atom,context:886d6621bfc25690eb20c6e0|site:b1636c6be9a7112de8251cc1,site:b1636c6be9a7112de8251cc1,transferable_h_group,2.2344505441,0.736503188199,1.4979473559,6.43640152613,1.10313153267,0.00866189066164,0.018954220603,5.31922984123,5.31426155567,5.36631858349,5.33326999346,0.0234567395049,3,0,frozen deterministic type router
4,context:8a8bd635725f8c3997f9265b,MGBSQSNUNMDOOF,True,329,context:8a8bd635725f8c3997f9265b|site:518c62283fa0c7b6c777e1c3,site:518c62283fa0c7b6c777e1c3,atom,context:8a8bd635725f8c3997f9265b|site:c7d11cd6e8e1de495e197125,site:c7d11cd6e8e1de495e197125,atom_group,2.56122762385,0.128936385138,2.43229123871,1.54830475648,-5.90223439535,0.0125905843306,0.0274348075062,7.43557286263,7.4440741539,7.47197043896,7.45053915183,0.0155465545886,3,0,frozen deterministic type router
4,context:8baf7fbf7f5e8af64f3161f7,SHALBPKEGDBVKK,False,87,context:8baf7fbf7f5e8af64f3161f7|site:fcda703047246955952538cd,site:fcda703047246955952538cd,bond,context:8baf7fbf7f5e8af64f3161f7|site:b5a4e7c2861d9e5aa19da741,site:b5a4e7c2861d9e5aa19da741,bond,2.21570974359,1.91871521641,0.296994527181,8.91688378652,8.61988925934,0.00366962396443,0.00282891193088,0.300846099854,0.293866157532,0.296271324158,0.296994527181,0.0028950723265,3,0,frozen deterministic type router
4,context:8ce8c05e600f200167d9ea98,BHAAPTBBJKJZER,True,91,context:8ce8c05e600f200167d9ea98|site:71ba984ceb1272f517a05061,site:71ba984ceb1272f517a05061,atom,context:8ce8c05e600f200167d9ea98|site:9c0dd7ec88cf66a4191db245,site:9c0dd7ec88cf66a4191db245,delocalized_region,2.42167616874,0.391709666762,2.02996650198,3.81390682856,-1.87742539247,0.00513514529475,0.0379794183666,5.64937901497,5.68362307549,5.74099457264,5.69133222103,0.0377970527564,3,0,frozen deterministic type router
4,context:8d85ac1c9ae4ec0c4892e261,LXBGSDVWAMZHDD,True,49,context:8d85ac1c9ae4ec0c4892e261|site:3853ff755b19cac2a818b15c,site:3853ff755b19cac2a818b15c,atom_group,context:8d85ac1c9ae4ec0c4892e261|site:0f60b31a742db2eb1adc292d,site:0f60b31a742db2eb1adc292d,delocalized_region,3.0639561309,1.10832146302,1.95563466788,1.79430246353,0.649244447549,0.0288400562997,0.0336364937851,1.1397356987,1.1438627243,1.15157562494,1.14505801598,0.004906968175,3,0,frozen deterministic type router
4,context:908222a6672bc8229b37a507,MRHSGZMVLDOZCK,True,38,context:908222a6672bc8229b37a507|site:9d932287f8a7db0d8335363f,site:9d932287f8a7db0d8335363f,atom,context:908222a6672bc8229b37a507|site:ccf6e7b981e0977537503dc9,site:ccf6e7b981e0977537503dc9,atom_group,2.7494949669,2.18498971678,0.564505250121,6.95158751806,-5.16481653849,0.0236107815274,0.0366012039833,12.0797195435,12.1361413002,12.133351326,12.1164040565,0.0259648623416,3,0,frozen deterministic type router
4,context:944072cce1db1a5f567633e3,MNGYXDOGPIDUNU,True,98,context:944072cce1db1a5f567633e3|site:591f9f4e4e875944b80891de,site:591f9f4e4e875944b80891de,atom,context:944072cce1db1a5f567633e3|site:fec41885ca269d38aa4715be,site:fec41885ca269d38aa4715be,atom_group,1.15342105264,0.914945658342,0.238475394299,2.64440011978,-1.95937907696,0.0109766886466,0.0215537938689,4.5736464262,4.59730935097,4.64038181305,4.60377919674,0.0276260401637,3,0,frozen deterministic type router
4,context:95701497ccbde9e4e0263ccd,ONIBWKKTOPOVIA,True,72,context:95701497ccbde9e4e0263ccd|site:4dfeff2a39cbc5ba3689766c,site:4dfeff2a39cbc5ba3689766c,atom,context:95701497ccbde9e4e0263ccd|site:901a7052aad6e82cbc86e9ae,site:901a7052aad6e82cbc86e9ae,atom_group,3.50883619914,1.29607598617,2.21276021298,7.37670326233,-4.6960384051,0.00794976796176,0.0379242488559,12.037416935,12.0680441856,12.1127638817,12.0727416674,0.0309390836565,3,0,frozen deterministic type router
4,context:96ccd7f55a254fd1f432b7a3,DOCWIYKENOSTCZ,True,171,context:96ccd7f55a254fd1f432b7a3|site:672f8a1bbc1b67e7ea2c7ce0,site:672f8a1bbc1b67e7ea2c7ce0,transferable_h_group,context:96ccd7f55a254fd1f432b7a3|site:4bf50d7a9fcbab434880778a,site:4bf50d7a9fcbab434880778a,atom,3.90803850496,0.242909579222,3.66512892573,9.35264619191,-3.82387312253,0.0176516845501,0.0188818259269,13.18495965,13.1714034081,13.1731948853,13.1765193144,0.00601286378343,3,0,frozen deterministic type router
4,context:973c0a0f35594e2e6e8ca13a,YMAWOPBAYDPSLA,True,52,context:973c0a0f35594e2e6e8ca13a|site:2cd5d2dff7b838bc5549a170,site:2cd5d2dff7b838bc5549a170,atom,context:973c0a0f35594e2e6e8ca13a|site:00c9443d9c91f2da18797016,site:00c9443d9c91f2da18797016,atom_group,3.10629747588,1.36146453042,1.74483294546,5.75217151642,-4.71519390742,0.0142652898571,0.0370159931353,10.429432869,10.4544277191,10.5182356834,10.4673654238,0.0373900442869,3,0,frozen deterministic type router
4,context:987ce259e39ed9ec685429ef,CAUIWDWUUCGKBV,True,173,context:987ce259e39ed9ec685429ef|site:a4bf70d56526e05c821b20f5,site:a4bf70d56526e05c821b20f5,bond,context:987ce259e39ed9ec685429ef|site:2b039f59832a57097c4bd8a9,site:2b039f59832a57097c4bd8a9,delocalized_region,3.97813151141,-0.422502227044,4.40063373846,7.83226950963,-2.66599639257,0.0160675699654,0.0359448350061,10.4800755978,10.4877552986,10.5269668102,10.4982659022,0.0205353523205,3,0,frozen deterministic type router
4,context:99503aec35fe0d809c2139ba,BKCCAYLNRIRKDJ,True,118,context:99503aec35fe0d809c2139ba|site:5319e6254c564e84336ec804,site:5319e6254c564e84336ec804,atom,context:99503aec35fe0d809c2139ba|site:ba405882e25f9b4d2f8b46fd,site:ba405882e25f9b4d2f8b46fd,atom_group,2.62673811679,0.247901765713,2.37883635107,6.10636965434,-5.91157166163,0.00146304396726,0.0218586500163,11.9974741936,12.0063853264,12.0499644279,12.017941316,0.0229341353681,3,0,frozen deterministic type router
4,context:9af3a95a5611635d99920a65,VIOQQUSQVGNIQC,True,172,context:9af3a95a5611635d99920a65|site:8051514f39c02a92f7318437,site:8051514f39c02a92f7318437,delocalized_region,context:9af3a95a5611635d99920a65|site:459d6d25fdc71009c5c4b90c,site:459d6d25fdc71009c5c4b90c,atom,1.84326269129,0.330686509065,1.51257618222,-2.39459013939,3.12348651886,0.048533355469,0.00597690056908,-5.46522021294,-5.51806712151,-5.5709426403,-5.51807665825,0.0431610007635,3,0,frozen deterministic type router
4,context:9b612ce389b8d5d9e5d7961e,KQVSXUGMDCAISO,True,47,context:9b612ce389b8d5d9e5d7961e|site:bf5e36d63c9728aceefa0e7b,site:bf5e36d63c9728aceefa0e7b,transferable_h_group,context:9b612ce389b8d5d9e5d7961e|site:c9f15913836cfadace60fb55,site:c9f15913836cfadace60fb55,atom,5.03488596309,-1.0139242863,6.0488102494,7.59931262334,-6.91051785151,0.0174375133115,0.0114770458151,14.5306158066,14.4966130257,14.5022625923,14.5098304749,0.0148773185769,3,0,frozen deterministic type router
4,context:9c19cee5d8f60f804f9c5b91,FTXCTXYJXIABGR,True,104,context:9c19cee5d8f60f804f9c5b91|site:073de391ad34f68adced4765,site:073de391ad34f68adced4765,bond,context:9c19cee5d8f60f804f9c5b91|site:44b978b95bb3255af33de15e,site:44b978b95bb3255af33de15e,atom,3.83989138198,-1.07372226116,4.91361364315,10.1749283473,0.11460703363,0.00825968446136,0.0148625905459,10.086981371,10.0397022069,10.054280363,10.0603213136,0.0197686562519,3,0,frozen deterministic type router
4,context:9c997554fdf4fad80265fdf8,ZASBNSNNQWRELF,True,173,context:9c997554fdf4fad80265fdf8|site:27592af4b3681437081a168c,site:27592af4b3681437081a168c,bond,context:9c997554fdf4fad80265fdf8|site:34b5d23cfd010121660d0c70,site:34b5d23cfd010121660d0c70,delocalized_region,3.09254730837,-0.144374993847,3.23692230222,6.40010388692,-7.65810028712,0.00953438928748,0.0308895542169,14.0420742035,14.0438070297,14.0887312889,14.058204174,0.021597518813,3,0,frozen deterministic type router
4,context:9d1b05e8231f1bee5f3876b4,HIAZFYQNGXRLTF,True,127,context:9d1b05e8231f1bee5f3876b4|site:925ea83c1179dd1a65eb472c,site:925ea83c1179dd1a65eb472c,transferable_h_group,context:9d1b05e8231f1bee5f3876b4|site:3a7002bd1b9e5b7b307fb83b,site:3a7002bd1b9e5b7b307fb83b,atom,4.54820802225,-0.768535742302,5.31674376456,9.55874347687,-7.77917702993,0.0170884016293,0.0166142676912,17.3465709686,17.3332219124,17.3339686394,17.3379205068,0.00612439209165,3,0,frozen deterministic type router
4,context:9d45e885ddcf1d82c61d0bee,PAYRUJLWNCNPSJ,True,79,context:9d45e885ddcf1d82c61d0bee|site:d55cea1fd94e19a364724f88,site:d55cea1fd94e19a364724f88,atom,context:9d45e885ddcf1d82c61d0bee|site:b9a2c4da3a80be87a65b5fd6,site:b9a2c4da3a80be87a65b5fd6,delocalized_region,3.20392316457,-0.197026199593,3.40094936416,3.72479510307,-4.63979880015,0.00265143776459,0.0446796923798,8.31223225594,8.35663175583,8.42491769791,8.36459390322,0.046346873691,3,0,frozen deterministic type router
4,context:9dc1eeeb0b20d8056a03e03e,UEXCJVNBTNXOEH,False,83,context:9dc1eeeb0b20d8056a03e03e|site:66ee431eb4f32170cdf648de,site:66ee431eb4f32170cdf648de,atom,context:9dc1eeeb0b20d8056a03e03e|site:a22c8c286397df78c12b24be,site:a22c8c286397df78c12b24be,delocalized_region,0.722614376401,0.357258844543,0.365355531858,0.762965917587,-5.90976778666,0.0184368420524,0.0415269351011,6.63523840904,6.66755998135,6.71540272236,6.67273370425,0.0329307843704,3,0,frozen deterministic type router
4,context:9e7cf3336b86869f1bc12272,LSMWOQFDLBIYPM,True,246,context:9e7cf3336b86869f1bc12272|site:8f4bf0add03814d565638633,site:8f4bf0add03814d565638633,atom,context:9e7cf3336b86869f1bc12272|site:0f6f53e5a0ea0438d91378c2,site:0f6f53e5a0ea0438d91378c2,delocalized_region,2.40695383542,-0.267154496625,2.67410833204,6.98341910044,-6.80004866918,0.00236750711351,0.0285236320765,13.7564630508,13.7749500275,13.8189902306,13.7834677696,0.0262275427679,3,0,frozen deterministic type router
4,context:9eb082db3f538552ebb9b0d2,YYDUKBHWKGEMLM,True,111,context:9eb082db3f538552ebb9b0d2|site:c3d938c9392945a50734e1ea,site:c3d938c9392945a50734e1ea,transferable_h_group,context:9eb082db3f538552ebb9b0d2|site:7e09ef79612ae005da3a0743,site:7e09ef79612ae005da3a0743,atom_group,1.80746340049,0.0317298240608,1.77573357643,9.12243588765,-0.153523514668,0.0173620101873,0.023170934244,9.28007365763,9.26611083746,9.28169371188,9.27595940232,0.00699532302508,3,0,frozen deterministic type router
4,context:a0d8ab51c24522f926dec6ce,QMMFVYPAHWMCMS,True,24,context:a0d8ab51c24522f926dec6ce|site:a0a8029f4fbc66facf3d0aa5,site:a0a8029f4fbc66facf3d0aa5,atom,context:a0d8ab51c24522f926dec6ce|site:8bf3b0795cc8f8607a88d1d6,site:8bf3b0795cc8f8607a88d1d6,atom_group,1.73530943712,0.967862974527,0.767446462597,2.62091954549,-8.49241987864,0.00654859177111,0.0341505944053,11.1070899963,11.0795230865,11.1534051895,11.1133394241,0.0304842341275,3,0,frozen deterministic type router
4,context:a17600b0c70e7081853de6b3,RZXMPPFPUUCRFN,True,89,context:a17600b0c70e7081853de6b3|site:6af2704f0bfb24eb7114e2dc,site:6af2704f0bfb24eb7114e2dc,atom,context:a17600b0c70e7081853de6b3|site:543d750005b7af79aa509d9e,site:543d750005b7af79aa509d9e,delocalized_region,2.81358472821,-0.0784783418772,2.89206307009,3.6140824159,-3.73492447535,0.00471001312543,0.0457274953032,7.29294776917,7.34136533737,7.41270756721,7.34900689125,0.049189411574,3,0,frozen deterministic type router
4,context:a385e2b2be87e902ae9cefaf,MSARUAFFWZCZHC,True,147,context:a385e2b2be87e902ae9cefaf|site:9625976cfedf2880d7c9fd8a,site:9625976cfedf2880d7c9fd8a,atom,context:a385e2b2be87e902ae9cefaf|site:35309ed1d2b74bc73d7532b6,site:35309ed1d2b74bc73d7532b6,atom_group,3.0737378223,-0.390497874225,3.46423569653,3.86378383636,-4.61701107025,0.0105212372341,0.00254741586961,8.46917152405,8.47421836853,8.49899482727,8.48079490662,0.0130331754553,3,0,frozen deterministic type router
4,context:a4b8e257361a99613adba8ca,FBWBURVAZWBHPX,True,100,context:a4b8e257361a99613adba8ca|site:96655a43b1c16d37dd80e901,site:96655a43b1c16d37dd80e901,atom,context:a4b8e257361a99613adba8ca|site:1bb346bdf3b774f5cb2ed242,site:1bb346bdf3b774f5cb2ed242,atom_group,3.28583196986,-0.550015195986,3.83584716585,7.45286528269,-7.31582736969,0.00447373845443,0.0277961500314,14.7321739197,14.7644934654,14.8094105721,14.7686926524,0.031671227698,3,0,frozen deterministic type router
4,context:abb67462906e5598eb88ace3,XFNJVJPLKCPIBV,True,48,context:abb67462906e5598eb88ace3|site:6a41405d02902080f41e6720,site:6a41405d02902080f41e6720,atom_group,context:abb67462906e5598eb88ace3|site:67215f6f975ecc2c8fef1621,site:67215f6f975ecc2c8fef1621,transferable_h_group,3.83495544602,0.504771041723,3.3301844043,5.94492435455,-1.71821391582,0.0276275998503,0.0214789797095,7.67145824432,7.6618257761,7.65613079071,7.66313827038,0.00632585643683,3,0,frozen deterministic type router
4,context:acf2c5905677cf2f89a96d34,KZENFXVDPUMQOE,True,265,context:acf2c5905677cf2f89a96d34|site:e80d696d4b70fdb313f7b6e0,site:e80d696d4b70fdb313f7b6e0,atom,context:acf2c5905677cf2f89a96d34|site:7d86cce3c3bc3521d2d41d9c,site:7d86cce3c3bc3521d2d41d9c,delocalized_region,1.84781838678,-0.0758956156371,1.92371400242,2.23456335068,-9.1017891566,0.0173652121083,0.0282493649528,11.2940952778,11.3312389851,11.383723259,11.3363525073,0.0367686898953,3,0,frozen deterministic type router
4,context:adf56c725e7b708269f14236,ARIDPRZCOYMNQD,True,73,context:adf56c725e7b708269f14236|site:a302c7eff36fb128cbeedd49,site:a302c7eff36fb128cbeedd49,atom,context:adf56c725e7b708269f14236|site:0fc38cae5cfe2d863c11a756,site:0fc38cae5cfe2d863c11a756,atom_group,2.24661839926,1.31651313081,0.930105268453,7.5295009613,-4.12872775396,0.012513720189,0.0158320962297,11.6459488869,11.6433539391,11.6853833199,11.6582287153,0.0192304073718,3,0,frozen deterministic type router
4,context:aeec3cbd5d8c089748b94f1d,OJOFMLDBXPDXLQ,True,126,context:aeec3cbd5d8c089748b94f1d|site:2f5ff71c97b2feb2c58d677f,site:2f5ff71c97b2feb2c58d677f,atom,context:aeec3cbd5d8c089748b94f1d|site:43403326839f7d00850e821e,site:43403326839f7d00850e821e,atom_group,4.8222938487,-0.127086918302,4.949380767,9.16885534922,-8.48689905802,0.0107243734144,0.0374756507303,17.6215686798,17.6588077545,17.6868867874,17.6557544072,0.0267532676189,3,0,frozen deterministic type router
4,context:b18b61bf4f28669b2647f937,YMXWEGBWDPMVRJ,True,101,context:b18b61bf4f28669b2647f937|site:6378bfba8e3d9fbfe2499eb6,site:6378bfba8e3d9fbfe2499eb6,bond,context:b18b61bf4f28669b2647f937|site:48054429c98cee9e90147abd,site:48054429c98cee9e90147abd,atom,3.80448978113,-0.397483009693,4.20197279082,9.58201948802,4.02482461929,0.0156342311101,0.00640419295266,5.58518218994,5.55123376846,5.53516864777,5.55719486872,0.0208484953488,3,0,frozen deterministic type router
4,context:b1ba2b5af1083e7042ca2111,ONIBWKKTOPOVIA,True,72,context:b1ba2b5af1083e7042ca2111|site:0f3e3f930fbfc4fe567898c0,site:0f3e3f930fbfc4fe567898c0,atom,context:b1ba2b5af1083e7042ca2111|site:3ec2f04d8c56708ffb641166,site:3ec2f04d8c56708ffb641166,atom_group,2.7077573809,2.34336263149,0.364394749409,6.8077712059,1.50819389025,0.00963883883376,0.0343006233062,5.26964175701,5.28096115589,5.34812903404,5.29957731565,0.0346408642791,3,0,frozen deterministic type router
4,context:b218b48bac376a82bba40669,QGZKDVFQNNGYKY,True,8,context:b218b48bac376a82bba40669|site:b55091652899db3be07a05f4,site:b55091652899db3be07a05f4,atom,context:b218b48bac376a82bba40669|site:c9a44a223f0abcfbb1ae7b83,site:c9a44a223f0abcfbb1ae7b83,transferable_h_group,2.45364428016,0.0699471122348,2.38369716792,3.21446339289,-8.8097782135,0.00864582888855,0.01395690664,12.0244212151,12.0167956352,12.0315079689,12.0242416064,0.00600762765301,3,0,frozen deterministic type router
4,context:b4379192a81a451b2c8bb420,CPQCSJYYDADLCZ,True,21,context:b4379192a81a451b2c8bb420|site:8c27434a2d2a5a39ea967794,site:8c27434a2d2a5a39ea967794,atom,context:b4379192a81a451b2c8bb420|site:4569245da8f832f3349c4760,site:4569245da8f832f3349c4760,transferable_h_group,3.48798028127,-0.292849671608,3.78082995287,7.80795303981,-7.11553319295,0.00281545167305,0.012842088451,14.9147605896,14.9138531685,14.9418449402,14.9234862328,0.0129868512244,3,0,frozen deterministic type router
4,context:b45d7c3cdcec0b5fc988f966,SABMKDWVEYTWLO,True,83,context:b45d7c3cdcec0b5fc988f966|site:88cb7ffe32d85b07c3db8fc3,site:88cb7ffe32d85b07c3db8fc3,transferable_h_group,context:b45d7c3cdcec0b5fc988f966|site:5254314123286eec6b9738ca,site:5254314123286eec6b9738ca,atom,4.23908411584,-0.115537706548,4.35462182239,9.46294498444,-3.93263530731,0.0201379765062,0.0225387262813,13.3975515366,13.3919503689,13.3972389698,13.3955802917,0.00256991303468,3,0,frozen deterministic type router
4,context:b584b746a569e09329873f46,CUJRVFIICFDLGR,True,54,context:b584b746a569e09329873f46|site:00d5d6bf17b2eb4d399e3ffe,site:00d5d6bf17b2eb4d399e3ffe,atom,context:b584b746a569e09329873f46|site:c66eb994ae3f2a3fe7dead83,site:c66eb994ae3f2a3fe7dead83,atom_group,2.98160903243,0.489323656968,2.49228537546,8.1318248113,-4.74752553304,0.0049166430247,0.0295435781501,12.8528037071,12.8730988503,12.9121484756,12.8793503443,0.024627373274,3,0,frozen deterministic type router
4,context:b5db293c21a91cc32f86f377,ZBJDBFWPAOORHG,True,86,context:b5db293c21a91cc32f86f377|site:8184c94d91385171c8b884d1,site:8184c94d91385171c8b884d1,atom,context:b5db293c21a91cc32f86f377|site:9ee8f1264c684a0ccbfa1615,site:9ee8f1264c684a0ccbfa1615,transferable_h_group,1.34021286639,0.29588078371,1.04433208268,5.3843925794,-1.36211355527,0.0159794837903,0.0276283177422,6.69287252426,6.75344872475,6.793197155,6.74650613467,0.0412505155595,3,0,frozen deterministic type router
4,context:b6e33b06cd63c4a07b1be388,UBMYYGXGMPGCBO,True,101,context:b6e33b06cd63c4a07b1be388|site:0d4c6218d529cd70208de78a,site:0d4c6218d529cd70208de78a,bond,context:b6e33b06cd63c4a07b1be388|site:74f619a609b6cca3185d1f04,site:74f619a609b6cca3185d1f04,atom,3.90198975765,-0.812985277843,4.71497503549,10.0947481791,1.06805686156,0.0130438469235,0.0173758298548,9.05787444115,9.00433945656,9.01786005497,9.02669131756,0.0227301861395,3,0,frozen deterministic type router
4,context:b79fc98802357f840cb557bc,PJWQVCOHIKOJPW,True,275,context:b79fc98802357f840cb557bc|site:506e049dd54e65bed95aaa38,site:506e049dd54e65bed95aaa38,bond,context:b79fc98802357f840cb557bc|site:99ac732774fa30d710a0cf59,site:99ac732774fa30d710a0cf59,transferable_h_group,3.69673067421,-0.656007351939,4.35273802615,6.91367864609,-2.54001347224,0.00398761683401,0.0226765798838,9.46672034264,9.42381095886,9.47054505348,9.45369211833,0.021186786314,3,0,frozen deterministic type router
4,context:b8914b82fb3d63949114f7fb,JNOGVQJEBGEKMG,True,83,context:b8914b82fb3d63949114f7fb|site:25f4cc13d82dca985561a5a6,site:25f4cc13d82dca985561a5a6,bond,context:b8914b82fb3d63949114f7fb|site:25d681f7d016af11a265bafa,site:25d681f7d016af11a265bafa,atom,2.46057158069,0.054110486524,2.40646109416,3.94497895241,-4.715183417,0.00763199077331,0.0215655013201,8.68880414963,8.64021039009,8.65147256851,8.66016236941,0.0207681301713,3,0,frozen deterministic type router
4,context:b9f5421b4ee01b9e354e20dc,BAYGVMXZJBFEMB,True,91,context:b9f5421b4ee01b9e354e20dc|site:b1a5f095baa0c0acf0b34ee2,site:b1a5f095baa0c0acf0b34ee2,atom,context:b9f5421b4ee01b9e354e20dc|site:20e905a8df7749ee5ab7fa31,site:20e905a8df7749ee5ab7fa31,atom_group,4.87170242058,-0.143351833064,5.01505425365,9.11813386281,-8.92393143972,0.00259997113244,0.0344046149756,17.9944438934,18.0494089127,18.0823431015,18.0420653025,0.0362584624795,3,0,frozen deterministic type router
4,context:bac1aae4e954997e59a5f190,GQYCDHQAMSGQOC,True,275,context:bac1aae4e954997e59a5f190|site:d7f4dd546874533b701e235f,site:d7f4dd546874533b701e235f,atom,context:bac1aae4e954997e59a5f190|site:9856d09251fa39d3d0b50313,site:9856d09251fa39d3d0b50313,atom_group,4.45441583874,-0.977692466031,5.43210830477,8.79237778982,-6.12837855021,0.0081962936575,0.0156456477213,14.9026942253,14.9086780548,14.95089674,14.92075634,0.0214520291962,3,0,frozen deterministic type router
4,context:bc6157f25f73177fcbe68171,KOFSFYBXUYHNJL,True,122,context:bc6157f25f73177fcbe68171|site:b1dd90aa8a0cfd5a3dfb7067,site:b1dd90aa8a0cfd5a3dfb7067,bond,context:bc6157f25f73177fcbe68171|site:82d36bac54963db1d415787e,site:82d36bac54963db1d415787e,atom_group,3.83710713639,-0.904547411534,4.74165454793,8.86710007985,-2.82930421829,0.0159526786505,0.0277362622738,11.6875898838,11.6884951591,11.7131278515,11.6964042981,0.0118311117564,3,0,frozen deterministic type router
4,context:bec25d849c425f9edd17cdc7,YKRGGPCEWFPOIC,True,206,context:bec25d849c425f9edd17cdc7|site:e77a1d09b940ea2fd1124639,site:e77a1d09b940ea2fd1124639,delocalized_region,context:bec25d849c425f9edd17cdc7|site:5e1c009022218523302ad8ce,site:5e1c009022218523302ad8ce,atom,2.98094221478,0.620886660862,2.36005555392,2.3792608579,3.1157383124,0.0450361501534,0.00221137039784,-0.678972482681,-0.73996758461,-0.790492296219,-0.736477454503,0.045594611955,3,0,frozen deterministic type router
4,context:c046aec29642eb4f4703d435,JCBPETKZIGVZRE,True,55,context:c046aec29642eb4f4703d435|site:eda3c584802e6dc2e7bc25b7,site:eda3c584802e6dc2e7bc25b7,atom,context:c046aec29642eb4f4703d435|site:a8e12eaf04386582be8f6590,site:a8e12eaf04386582be8f6590,atom_group,4.0015113807,-0.684580049941,4.68609143064,7.59754689535,-8.39899571737,0.0132060765592,0.0248445965698,15.9729413986,15.9704933167,16.0461931229,15.9965426127,0.035122434854,3,0,frozen deterministic type router
4,context:c0fc125e885800c5f3a7b9a1,FVRPGFDQHUQCSW,True,145,context:c0fc125e885800c5f3a7b9a1|site:102d722ab9731c48f05b1122,site:102d722ab9731c48f05b1122,bond,context:c0fc125e885800c5f3a7b9a1|site:a8d9b3ec502b2a45a6c33b30,site:a8d9b3ec502b2a45a6c33b30,transferable_h_group,1.79160022445,-0.0794303552358,1.87103057969,1.40033658346,-9.12548605601,0.0125603307401,0.0288377950481,10.5335912704,10.5029423237,10.5409343243,10.5258226395,0.016454214202,3,0,frozen deterministic type router
4,context:c0fcc07973d61a6e6f0740f8,PNLQPWWBHXMFCA,True,28,context:c0fcc07973d61a6e6f0740f8|site:3304e2a5ebb736098b799653,site:3304e2a5ebb736098b799653,bond,context:c0fcc07973d61a6e6f0740f8|site:34d126cc6772227149bd5c2a,site:34d126cc6772227149bd5c2a,delocalized_region,2.27018650038,-0.463631648459,2.73381814884,2.80299480756,-7.24872032801,0.0126209706305,0.0328324471548,10.044262886,10.0293960571,10.0814864635,10.0517151356,0.0219089727046,3,0,frozen deterministic type router
4,context:c2d7f9687a3f8e3aa909f476,IERLOSGMYPXIOS,True,175,context:c2d7f9687a3f8e3aa909f476|site:a1797df464f6d1a055d6c85b,site:a1797df464f6d1a055d6c85b,atom,context:c2d7f9687a3f8e3aa909f476|site:0b266f7540f8114b80985573,site:0b266f7540f8114b80985573,delocalized_region,2.63416703545,-0.17735592089,2.81152295634,5.71448898315,-8.0676317215,0.0140467260978,0.0328090561946,13.7439632416,13.7698349953,13.8325638771,13.7821207047,0.0371996607983,3,0,frozen deterministic type router
4,context:c43b5fb8cb4c6fc563244cc9,FTXCTXYJXIABGR,True,104,context:c43b5fb8cb4c6fc563244cc9|site:073de391ad34f68adced4765,site:073de391ad34f68adced4765,bond,context:c43b5fb8cb4c6fc563244cc9|site:819e956be4242e1150401458,site:819e956be4242e1150401458,transferable_h_group,3.57939278655,-0.758628907722,4.33802169428,8.57903130849,-3.43549021085,0.00603112536646,0.0223642489729,12.0127015114,11.9944727421,12.0363903046,12.0145215193,0.0171610961751,3,0,frozen deterministic type router
4,context:c5c558df1d0d922fe7d079a1,GNETVOUSGGAEDK,True,288,context:c5c558df1d0d922fe7d079a1|site:619228b4d5a70221d58cf554,site:619228b4d5a70221d58cf554,atom,context:c5c558df1d0d922fe7d079a1|site:c385c798b4805fcaf1751447,site:c385c798b4805fcaf1751447,transferable_h_group,1.81429755236,1.24785887449,0.566438677876,2.30805850029,-1.39316689968,0.0161738191532,0.0218357950529,3.69735467434,3.6961710453,3.71015048027,3.70122539997,0.00632945696388,3,0,frozen deterministic type router
4,context:c5cb9e9944be6742a3a267eb,PFLHSEQQKXYSOI,True,178,context:c5cb9e9944be6742a3a267eb|site:12432ee1e113b0c782f7b23f,site:12432ee1e113b0c782f7b23f,atom,context:c5cb9e9944be6742a3a267eb|site:6cb163a6eba372acbf225cf2,site:6cb163a6eba372acbf225cf2,atom_group,3.83730845934,-0.766877212907,4.60418567225,9.21339893341,-9.04818884532,0.0194851555521,0.0359227933811,18.2429714203,18.2518138885,18.2899780273,18.2615877787,0.0203969274422,3,0,frozen deterministic type router
4,context:c8ba9a3ee4afcc8aced4f7b9,XPUANKANCPMJFC,True,123,context:c8ba9a3ee4afcc8aced4f7b9|site:3eb6c66af1566de1422daf09,site:3eb6c66af1566de1422daf09,atom,context:c8ba9a3ee4afcc8aced4f7b9|site:f60e474b4a5affc4abb4f2a9,site:f60e474b4a5affc4abb4f2a9,atom_group,3.67817869315,0.572396134271,3.10578255887,8.72593402863,-0.530720541875,0.0136196250852,0.0387250756178,9.22349044681,9.25974172354,9.28673154116,9.2566545705,0.0259101896182,3,0,frozen deterministic type router
4,context:c91c523da9ce43462aa28d5f,IIHPVYJPDKJYOU,True,256,context:c91c523da9ce43462aa28d5f|site:5dfdd8befc19a0509cceb6a7,site:5dfdd8befc19a0509cceb6a7,atom,context:c91c523da9ce43462aa28d5f|site:577d65f464f67505d35dd418,site:577d65f464f67505d35dd418,bond,3.18219667116,-0.774506246706,3.95670291787,9.11648368835,-1.38412920634,0.00527509394543,0.0240586072868,10.4735748768,10.498311758,10.5299520493,10.5006128947,0.0230733297171,3,0,frozen deterministic type router
4,context:cbfa42a0dd135d2db93ede6d,MUDSDYNRBDKLGK,True,130,context:cbfa42a0dd135d2db93ede6d|site:7c364b6ff78547ff34889509,site:7c364b6ff78547ff34889509,atom,context:cbfa42a0dd135d2db93ede6d|site:2fe77e6629c8049b0c351af3,site:2fe77e6629c8049b0c351af3,atom_group,2.5498739186,0.303912251088,2.24596166751,6.33946704865,-8.94655100505,0.00190634347338,0.0337796152005,15.2625083923,15.2622313499,15.3333144188,15.2860180537,0.0334437717373,3,0,frozen deterministic type router
4,context:cfd64c531578685a542110cc,RWRDLPDLKQPQOW,True,59,context:cfd64c531578685a542110cc|site:b4eb1a022a1025396786e52b,site:b4eb1a022a1025396786e52b,atom,context:cfd64c531578685a542110cc|site:e47acafc8f9f958f2d73597e,site:e47acafc8f9f958f2d73597e,atom_group,3.31891418992,-0.101708610396,3.42062280032,10.1696812312,-12.5243717829,0.00236719490125,0.0263742446968,22.6820964813,22.6724596024,22.7276029587,22.6940530141,0.0240474037965,3,0,frozen deterministic type router
4,context:d001a7f6f2ba3b7fe779ed1e,JNOGVQJEBGEKMG,True,83,context:d001a7f6f2ba3b7fe779ed1e|site:25f4cc13d82dca985561a5a6,site:25f4cc13d82dca985561a5a6,bond,context:d001a7f6f2ba3b7fe779ed1e|site:25d681f7d016af11a265bafa,site:25d681f7d016af11a265bafa,atom,2.9197341118,-0.64336846321,3.56310257501,5.1853017807,-4.5257768631,0.0132456893584,0.0169362011599,9.74456357956,9.68784189224,9.70083045959,9.7110786438,0.0242639157685,3,0,frozen deterministic type router
4,context:d4d54c98a2f232eccd3663c1,YBTFTZSRVCNOLA,True,99,context:d4d54c98a2f232eccd3663c1|site:9b2df8e099533062afd757b5,site:9b2df8e099533062afd757b5,atom,context:d4d54c98a2f232eccd3663c1|site:3a16076da781aa21f479f443,site:3a16076da781aa21f479f443,atom_group,3.75411216429,-0.165836519501,3.91994868379,7.68716637293,-10.3711687724,0.0133275306164,0.0385374414706,18.0303215981,18.0529251099,18.091758728,18.0583351453,0.0253716586971,3,0,frozen deterministic type router
4,context:d59c0e317cb68d0521e2bcc9,UZJGVXSQDRSSHU,True,179,context:d59c0e317cb68d0521e2bcc9|site:a85b3c83ff94aa9d09b21593,site:a85b3c83ff94aa9d09b21593,atom,context:d59c0e317cb68d0521e2bcc9|site:74aa621e32fb2ef2aa78f9af,site:74aa621e32fb2ef2aa78f9af,atom_group,3.55546650922,-0.183063945035,3.73853045426,3.04838546117,-9.0554933548,0.0218932316535,0.0421885623242,12.0840375423,12.0898361206,12.137762785,12.103878816,0.0240762454618,3,0,frozen deterministic type router
4,context:d82a09d9de3348fe96fd1937,DBGVGMSCBYYSLD,True,127,context:d82a09d9de3348fe96fd1937|site:a1690facfe2fb2e46fffbe28,site:a1690facfe2fb2e46fffbe28,transferable_h_group,context:d82a09d9de3348fe96fd1937|site:48cc3350f4111db1252360f1,site:48cc3350f4111db1252360f1,atom,3.49656791177,-0.451431098983,3.94799901076,8.70454756419,-6.00329987208,0.0208401658457,0.0170511469893,14.7096276283,14.7120776176,14.7018370628,14.7078474363,0.00436608547195,3,0,frozen deterministic type router
4,context:d8b33b35a827ed3c41fe3b89,ZPJPPTSCBDTYDP,True,131,context:d8b33b35a827ed3c41fe3b89|site:cd5f4f8aa5d94618f09acbd5,site:cd5f4f8aa5d94618f09acbd5,transferable_h_group,context:d8b33b35a827ed3c41fe3b89|site:1d89e4835bfbf296c450d541,site:1d89e4835bfbf296c450d541,delocalized_region,3.89243748594,0.322811136995,3.56962634895,6.84706338247,-8.57032394409,0.00867085550479,0.0287572580352,15.4024591446,15.403409481,15.446293354,15.4173873266,0.0204433298523,3,0,frozen deterministic type router
4,context:d91fe4f25e81a2532ad2ae39,HPNMFZURTQLUMO,True,47,context:d91fe4f25e81a2532ad2ae39|site:d4a02f1c2c1395c91c2b5682,site:d4a02f1c2c1395c91c2b5682,atom,context:d91fe4f25e81a2532ad2ae39|site:3b7583d5918c779832e33f50,site:3b7583d5918c779832e33f50,atom_group,3.41452039101,-0.380740511281,3.79526090229,10.0268592834,-12.1190795898,0.00657598396528,0.029636906597,22.1268367767,22.1153030396,22.1956768036,22.1459388733,0.0354838278289,3,0,frozen deterministic type router
4,context:d95541c3f285ddb05b7f07f3,BSKHPKMHTQYZBB,True,73,context:d95541c3f285ddb05b7f07f3|site:2f1afe7219af33e9966ed0d1,site:2f1afe7219af33e9966ed0d1,atom,context:d95541c3f285ddb05b7f07f3|site:5d881a263c3c856b6ba119b7,site:5d881a263c3c856b6ba119b7,delocalized_region,3.12016283941,-0.496512702624,3.61667554203,9.85643291473,-5.54682938258,0.013049736523,0.031452352639,15.36714077,15.394452095,15.4481940269,15.4032622973,0.0336711782319,3,0,frozen deterministic type router
4,context:da77c8114e29099ce8827b44,INQUAPASCFTPLI,True,113,context:da77c8114e29099ce8827b44|site:57b0b49157b33b84d1ee6a3e,site:57b0b49157b33b84d1ee6a3e,bond,context:da77c8114e29099ce8827b44|site:da75627f797a80026a2009fe,site:da75627f797a80026a2009fe,atom,3.08176529815,-0.495902138781,3.57766743693,5.65320301056,-1.55722057819,0.00765260308558,0.0103795233165,7.23388683796,7.19892323017,7.19846069813,7.21042358875,0.0165920971443,3,0,frozen deterministic type router
4,context:dac2ab4cb8fda42bdfc9a46a,XUMYXWQECJOOTL,True,125,context:dac2ab4cb8fda42bdfc9a46a|site:6ffffe8227dbe7b20ace1786,site:6ffffe8227dbe7b20ace1786,atom,context:dac2ab4cb8fda42bdfc9a46a|site:814427627eec35f3a5d16d61,site:814427627eec35f3a5d16d61,atom_group,3.84737761056,-0.240475026396,4.08785263696,7.65074173609,-7.34251228968,0.00267479556793,0.0355368446278,14.9514975548,14.9854946136,15.0427699089,14.9932540258,0.0376635722715,3,0,frozen deterministic type router
4,context:db14416ca1ec037acaef952d,DAVVYCRMXOFZQG,False,156,context:db14416ca1ec037acaef952d|site:8a77d6fc89df71321f9a20f8,site:8a77d6fc89df71321f9a20f8,delocalized_region,context:db14416ca1ec037acaef952d|site:906e5ca71949263a8397be29,site:906e5ca71949263a8397be29,bond,3.51402137894,-0.306904191588,3.82092557052,2.69014159838,-6.02055724462,0.0269493551197,0.0162953810469,8.73313474655,8.70287299156,8.69608879089,8.710698843,0.0161045267079,3,0,frozen deterministic type router
4,context:dbe33314b002ea972dcda0e4,YGCWPCVAVSIFLO,True,207,context:dbe33314b002ea972dcda0e4|site:dc5bad1835f5c3b83c07974c,site:dc5bad1835f5c3b83c07974c,atom,context:dbe33314b002ea972dcda0e4|site:3e9e7c689c024dc2a1740887,site:3e9e7c689c024dc2a1740887,atom_group,3.86469718303,-0.698179371599,4.56287655463,7.92091719309,-8.65277290344,0.00500072909128,0.0213921269093,16.5516433716,16.5658555031,16.6035714149,16.5736900965,0.021911428721,3,0,frozen deterministic type router
4,context:dca79eefc8f81b75eff0c327,DUYAAUVXQSMXQP,True,20,context:dca79eefc8f81b75eff0c327|site:40f32eb1a3b8b1293546ec5d,site:40f32eb1a3b8b1293546ec5d,atom,context:dca79eefc8f81b75eff0c327|site:2915834fd4d32e7cee04c9c2,site:2915834fd4d32e7cee04c9c2,atom_group,2.53420981348,2.51542824533,0.0187815681461,2.48131012917,-5.54314740499,0.0134212940317,0.0426100450308,7.98451423645,8.02301216125,8.06584620476,8.02445753415,0.0332193627704,3,0,frozen deterministic type router
4,context:dd7825d578bf8596421050e5,VCJDCAYCIMKALC,False,171,context:dd7825d578bf8596421050e5|site:5741d5e5bfee4c61ee2bd34e,site:5741d5e5bfee4c61ee2bd34e,delocalized_region,context:dd7825d578bf8596421050e5|site:3eb189c88f63635c7bbe879f,site:3eb189c88f63635c7bbe879f,atom,1.06188050822,0.920604104824,0.141276403398,-3.24119146665,1.2124350071,0.0484143833208,0.0037618173187,-4.39905881882,-4.45191419125,-4.50990641117,-4.45362647374,0.0452695343925,3,0,frozen deterministic type router
4,context:dd981811c0768ce657835381,ATQUFXWBVZUTKO,True,79,context:dd981811c0768ce657835381|site:28f7bca5bebb5a5dedda191e,site:28f7bca5bebb5a5dedda191e,bond,context:dd981811c0768ce657835381|site:34aa474d2ad3b15ddd84c67e,site:34aa474d2ad3b15ddd84c67e,transferable_h_group,3.06817958165,-0.189239903176,3.25741948483,7.8751244545,-2.20014071465,0.0159701598316,0.0241049823793,10.0746171474,10.0655193329,10.0856590271,10.0752651691,0.00823475439212,3,0,frozen deterministic type router
4,context:de96bb5bdc1d1711e0fc5ac3,NQRYJNQNLNOLGT,True,76,context:de96bb5bdc1d1711e0fc5ac3|site:3988bd5fb36413580faa9fba,site:3988bd5fb36413580faa9fba,atom,context:de96bb5bdc1d1711e0fc5ac3|site:fe00ae2c43ede7cb1ecf0342,site:fe00ae2c43ede7cb1ecf0342,atom_group,3.43681594003,-0.305085085972,3.741901026,10.13869826,-12.6656827927,0.00199380471387,0.0266388133064,22.7901058197,22.7835292816,22.8395080566,22.8043810527,0.0249832279761,3,0,frozen deterministic type router
4,context:ded762dfaf5b4df434d4fd08,GVYQJELFAHQBFX,True,115,context:ded762dfaf5b4df434d4fd08|site:a77ad1eb64e10c341390012f,site:a77ad1eb64e10c341390012f,bond,context:ded762dfaf5b4df434d4fd08|site:36699fece37211a32a3bdaff,site:36699fece37211a32a3bdaff,atom,2.7922564843,0.107149455116,2.68510702918,2.23379874229,-7.47125514348,0.0105790202189,0.0161107423132,9.71549344063,9.69686102867,9.70280718803,9.70505388578,0.00777077567538,3,0,frozen deterministic type router
4,context:df4c03f7509df1dc68aa5120,LXBGSDVWAMZHDD,True,49,context:df4c03f7509df1dc68aa5120|site:3853ff755b19cac2a818b15c,site:3853ff755b19cac2a818b15c,atom_group,context:df4c03f7509df1dc68aa5120|site:0f60b31a742db2eb1adc292d,site:0f60b31a742db2eb1adc292d,delocalized_region,3.35211766063,0.755600931352,2.59651672928,1.03861872355,-0.695808788141,0.0231489058365,0.0380277353238,1.71147876978,1.74222010374,1.74958366156,1.73442751169,0.0165033140604,3,0,frozen deterministic type router
4,context:e09e46e5393542fa5dfdff12,PQDJYEQOELDLCP,True,40,context:e09e46e5393542fa5dfdff12|site:1a9442e7d541036d8ca78f22,site:1a9442e7d541036d8ca78f22,transferable_h_group,context:e09e46e5393542fa5dfdff12|site:66117b6fd8b7aa7d7f47239c,site:66117b6fd8b7aa7d7f47239c,atom,5.54788205332,-1.05458763461,6.60246968793,8.83453782399,-8.36274528503,0.0198121031835,0.0292559360136,17.2052297592,17.1828699112,17.2037496567,17.197283109,0.0102095667476,3,0,frozen deterministic type router
4,context:e181530fe10a27253254a124,ZPJURDXVHOYDGB,True,179,context:e181530fe10a27253254a124|site:b94fb235fef6994e082e6d9e,site:b94fb235fef6994e082e6d9e,bond,context:e181530fe10a27253254a124|site:a60b580858b7c871879f4224,site:a60b580858b7c871879f4224,atom,1.99332910798,0.878642577889,1.11468653009,2.49051610629,1.46983969212,0.0200523607169,0.00623294628229,1.04256415367,1.01275122166,1.00671386719,1.02067641417,0.0156719976932,3,0,frozen deterministic type router
4,context:e199d687c7fe46a2ecca4707,OSIGJGFTADMDOB,True,93,context:e199d687c7fe46a2ecca4707|site:cc62857a107cb411ef6f8b1b,site:cc62857a107cb411ef6f8b1b,delocalized_region,context:e199d687c7fe46a2ecca4707|site:e8eeb9d905e2bea4ac2e38f5,site:e8eeb9d905e2bea4ac2e38f5,delocalized_region,3.45391070833,-0.0690227549214,3.52293346326,3.7676773866,0.244743923346,0.0307091822809,0.0302010809026,3.52189826965,3.52480879426,3.52209332585,3.52293346326,0.00132844809521,3,0,frozen deterministic type router
4,context:e254324853d787b062c88c43,OJPMLDITIICIDN,True,124,context:e254324853d787b062c88c43|site:cc52260a356cb20a5b46bc0d,site:cc52260a356cb20a5b46bc0d,transferable_h_group,context:e254324853d787b062c88c43|site:cb5a57e1cca911da18588ca8,site:cb5a57e1cca911da18588ca8,atom,4.01041661176,-0.683158828622,4.69357544038,6.7578163147,-7.32459894816,0.0118323802965,0.00697363023403,14.0958747864,14.0803284645,14.0710425377,14.0824152629,0.0102445494203,3,0,frozen deterministic type router
4,context:e49e5d2ccd38e9f6f7a6a8df,KTZNVZJECQAMBV,True,137,context:e49e5d2ccd38e9f6f7a6a8df|site:3bca71932202b05905c7acbd,site:3bca71932202b05905c7acbd,bond,context:e49e5d2ccd38e9f6f7a6a8df|site:df7be657bc4e4cbc4c740c02,site:df7be657bc4e4cbc4c740c02,atom,4.00082562671,-0.830819368415,4.83164499512,9.25456301371,-0.761329909166,0.0158600156698,0.0176301428695,10.0303729773,10.0020665526,10.0152392387,10.0158929229,0.0115652899049,3,0,frozen deterministic type router
4,context:e4af45d8a7b4022cbd54a18e,NXHORDQDUDIXOS,True,220,context:e4af45d8a7b4022cbd54a18e|site:2adc8e9a48e65631aaa12ca0,site:2adc8e9a48e65631aaa12ca0,transferable_h_group,context:e4af45d8a7b4022cbd54a18e|site:b96015767201955648fb0669,site:b96015767201955648fb0669,atom,2.31614631434,1.25878871361,1.05735760072,4.35487874349,-3.83661190669,0.022020014587,0.0221788852837,8.18772006035,8.19341135025,8.19334053993,8.19149065018,0.00266636634971,3,0,frozen deterministic type router
4,context:e53fa77227dd1761e4f8ed3c,YQHLDYVWEZKEOX,True,106,context:e53fa77227dd1761e4f8ed3c|site:a7edd6e26cdc4dea1f6bf2b6,site:a7edd6e26cdc4dea1f6bf2b6,atom,context:e53fa77227dd1761e4f8ed3c|site:89bc83cbd873d5febc410220,site:89bc83cbd873d5febc410220,atom_group,2.50463488446,0.902739664329,1.60189522013,2.16649897893,-6.94345140457,0.0148060681449,0.0403948104679,9.08525943756,9.09554743767,9.14904427528,9.1099503835,0.0279608061091,3,0,frozen deterministic type router
4,context:e5eb19962a8a55ef03c7b7d8,XDHRVAHAGMMFMC,True,280,context:e5eb19962a8a55ef03c7b7d8|site:521402d82c7a745103b7f52f,site:521402d82c7a745103b7f52f,atom,context:e5eb19962a8a55ef03c7b7d8|site:44b2c020c570b4ce10520955,site:44b2c020c570b4ce10520955,transferable_h_group,1.9831644073,-0.143798184604,2.12696259191,0.214204107722,-10.3202845256,0.00971230926012,0.0290770313309,10.5368615985,10.509091869,10.5575124323,10.5344886333,0.019838698907,3,0,frozen deterministic type router
4,context:e60b90af462633dddd34c1d4,QGZKDVFQNNGYKY,True,8,context:e60b90af462633dddd34c1d4|site:b55091652899db3be07a05f4,site:b55091652899db3be07a05f4,atom,context:e60b90af462633dddd34c1d4|site:c9a44a223f0abcfbb1ae7b83,site:c9a44a223f0abcfbb1ae7b83,transferable_h_group,2.65685908136,-0.433868986806,3.09072806817,6.31260172526,-9.66724618276,0.00754120796699,0.0139854782707,15.9725461006,15.9759259224,15.991071701,15.979847908,0.00805547210672,3,0,frozen deterministic type router
4,context:e824ba4a74679873d051dd90,KGZLNGOGFMKIHQ,True,92,context:e824ba4a74679873d051dd90|site:f338f638f71f5e50b93a896d,site:f338f638f71f5e50b93a896d,atom,context:e824ba4a74679873d051dd90|site:f16fb81c9478145c484d6b79,site:f16fb81c9478145c484d6b79,atom_group,4.14481848987,-0.228488355698,4.37330684557,8.79834270477,-8.04949601491,0.0233633453521,0.0392362057067,16.8320846558,16.8403263092,16.8711051941,16.8478387197,0.0167924156755,3,0,frozen deterministic type router
4,context:e96681537f2d76f2646151d5,CTFWDLWPAQNEKJ,True,115,context:e96681537f2d76f2646151d5|site:742c13b146b73a3eb8b00935,site:742c13b146b73a3eb8b00935,atom,context:e96681537f2d76f2646151d5|site:a47990e3b16e6eb321d53805,site:a47990e3b16e6eb321d53805,atom_group,3.18335783512,-0.605393842499,3.78875167762,7.5904917717,-6.72141997019,0.00292912464253,0.0289425533234,14.2772426605,14.3081541061,14.350338459,14.3119117419,0.0299592924833,3,0,frozen deterministic type router
4,context:ee123d410dcb7c1ee11cbe37,CMOFCAVYKAYXSN,True,113,context:ee123d410dcb7c1ee11cbe37|site:1754c305e18906fb292230be,site:1754c305e18906fb292230be,bond,context:ee123d410dcb7c1ee11cbe37|site:64ea5ce319d9533c9217d3e8,site:64ea5ce319d9533c9217d3e8,atom_group,2.86405750041,0.192954993863,2.67110250654,5.91217740377,-3.7809472084,0.00434560020554,0.016678457448,9.68779802322,9.68056631088,9.71100950241,9.69312461217,0.0129865671619,3,0,frozen deterministic type router
4,context:f07122c3895ece21a62cb886,IWHOTBXJHCGHRY,True,157,context:f07122c3895ece21a62cb886|site:9971d67e5bca4a907fbbacc0,site:9971d67e5bca4a907fbbacc0,atom,context:f07122c3895ece21a62cb886|site:b41aa05097bad1080e5b2e01,site:b41aa05097bad1080e5b2e01,atom_group,2.83618918722,-0.600448123587,3.43663731081,9.93140061696,-4.55589660009,0.00845379756356,0.0346256150332,14.4585671425,14.4813652039,14.5219593048,14.4872972171,0.0262174642353,3,0,frozen deterministic type router
4,context:f16502fe669b00585b111b28,YBTFTZSRVCNOLA,True,99,context:f16502fe669b00585b111b28|site:9b2df8e099533062afd757b5,site:9b2df8e099533062afd757b5,atom,context:f16502fe669b00585b111b28|site:3622cb2f660896aab281c308,site:3622cb2f660896aab281c308,atom_group,4.21847304124,0.150664665497,4.06780837575,8.12510172526,-8.34319909414,0.0125370533528,0.0381183351497,16.4374303818,16.4663763046,16.5010957718,16.4683008194,0.0260268872419,3,0,frozen deterministic type router
4,context:f363e7e84dfe18ed94ae5ba5,JGJLWPGRMCADHB,True,4,context:f363e7e84dfe18ed94ae5ba5|site:4a0f13cdb5680f037cec1e2a,site:4a0f13cdb5680f037cec1e2a,atom,context:f363e7e84dfe18ed94ae5ba5|site:78cc51f7779602ae559dfa7e,site:78cc51f7779602ae559dfa7e,atom,4.00762425814,-0.671985000829,4.67960925897,6.03162542979,1.35201617082,0.0293781001999,0.0260826556223,4.69082856178,4.67325437069,4.67474484444,4.67960925897,0.00795654634913,3,0,frozen deterministic type router
4,context:f37f0f3a3d724c1c3c845129,RKDAPIXTZRTFKL,True,102,context:f37f0f3a3d724c1c3c845129|site:72c73024179e8fa46dc25481,site:72c73024179e8fa46dc25481,bond,context:f37f0f3a3d724c1c3c845129|site:687d2899d6d52831260f05fc,site:687d2899d6d52831260f05fc,atom,4.20739357246,-0.568965129005,4.77635870146,8.69369697571,-0.140859395266,0.00908239698336,0.0126745499341,8.86150217056,8.81517769396,8.82698924839,8.83455637097,0.0196542665622,3,0,frozen deterministic type router
4,context:f54b2cd3f4e98770428a2481,CMLWFCUAXGSMBB,True,297,context:f54b2cd3f4e98770428a2481|site:6498f8946aab0897e643347a,site:6498f8946aab0897e643347a,atom,context:f54b2cd3f4e98770428a2481|site:c08188ab7b56f877d19aac8f,site:c08188ab7b56f877d19aac8f,delocalized_region,1.7176516687,0.132557524356,1.58509414434,-0.656513551871,-8.21560955048,0.00555045204598,0.0331231401474,7.52653664351,7.55491036177,7.59584099054,7.55909599861,0.0284477626116,3,0,frozen deterministic type router
4,context:f61020482fc860402cac5638,OXHNLMTVIGZXSG,True,62,context:f61020482fc860402cac5638|site:9a766e7cd22657dd74fd5e14,site:9a766e7cd22657dd74fd5e14,delocalized_region,context:f61020482fc860402cac5638|site:8f364341c9948eebb1167e01,site:8f364341c9948eebb1167e01,atom_group,1.4983620631,0.918994255559,0.579367807544,-0.269297937552,-1.5317261219,0.0257088507991,0.022088440559,1.27299904823,1.2570399642,1.25724554062,1.26242818435,0.00747520068119,3,0,frozen deterministic type router
4,context:f76c66586786c9c40af4aa6d,WDITXRGBBBKEET,True,76,context:f76c66586786c9c40af4aa6d|site:be933462bdd9531b18554ad7,site:be933462bdd9531b18554ad7,transferable_h_group,context:f76c66586786c9c40af4aa6d|site:0d56cfa6e834724582470c06,site:0d56cfa6e834724582470c06,delocalized_region,2.41433506738,0.407795486609,2.00653958078,2.96649336815,-5.6745411555,0.0140352229179,0.0258130682116,8.62473702431,8.64204311371,8.65632343292,8.64103452365,0.0129148039793,3,0,frozen deterministic type router
4,context:f834ccfc524a8a8c486af933,VYWYYJYRVSBHJQ,True,104,context:f834ccfc524a8a8c486af933|site:2519ba39f7eee9063bbf95c1,site:2519ba39f7eee9063bbf95c1,atom_group,context:f834ccfc524a8a8c486af933|site:b5507ca50a4063e6b2d153fb,site:b5507ca50a4063e6b2d153fb,atom_group,3.71238904004,-0.282950909885,3.99533994993,5.59674517314,1.60140522321,0.0205066321785,0.0182674250646,3.99917399883,3.98992741108,3.99691843987,3.99533994993,0.00393645941902,3,0,frozen deterministic type router
4,context:f8746b4cdeac8697636af298,NQRYJNQNLNOLGT,True,76,context:f8746b4cdeac8697636af298|site:3988bd5fb36413580faa9fba,site:3988bd5fb36413580faa9fba,atom,context:f8746b4cdeac8697636af298|site:fe00ae2c43ede7cb1ecf0342,site:fe00ae2c43ede7cb1ecf0342,atom_group,3.5419285493,0.344833343561,3.19709520574,10.5786542892,-8.29442977905,0.00600230619199,0.0259110364849,18.8578119278,18.8535118103,18.9079284668,18.8730840683,0.0247011718029,3,0,frozen deterministic type router
4,context:f9a974833521bf198d328e3f,WNAGIMQWCVOKKX,True,122,context:f9a974833521bf198d328e3f|site:71e6882385f9c3dc23fb6e0b,site:71e6882385f9c3dc23fb6e0b,bond,context:f9a974833521bf198d328e3f|site:82ddef19faa127e14a9bd023,site:82ddef19faa127e14a9bd023,delocalized_region,2.61029288245,-0.00887686931327,2.61916975176,3.33992099762,-5.7211488088,0.0137247831265,0.0319261168016,9.0464630127,9.04922890663,9.08751749992,9.06106980642,0.0187354016271,3,0,frozen deterministic type router
4,context:fae1d3a003beffe9260989b1,QROGIFZRVHSFLM,True,99,context:fae1d3a003beffe9260989b1|site:a48d7ed397337f943c55bb50,site:a48d7ed397337f943c55bb50,bond,context:fae1d3a003beffe9260989b1|site:a8fe626e14b2ae64fbcbdc4a,site:a8fe626e14b2ae64fbcbdc4a,delocalized_region,2.22958136186,0.3075081033,1.92207325856,2.39455318451,-4.56483952204,0.0175718174056,0.0364678541207,6.9479906559,6.94413805008,6.98604941368,6.95939270655,0.0189146445746,3,0,frozen deterministic type router
4,context:fb4e8049cfcb553f6ef1e21c,IBZKBSXREAQDTO,True,76,context:fb4e8049cfcb553f6ef1e21c|site:e9c5a3e13dc840d095257a33,site:e9c5a3e13dc840d095257a33,atom,context:fb4e8049cfcb553f6ef1e21c|site:467d599631de7ec34a9a05c1,site:467d599631de7ec34a9a05c1,atom_group,3.06425558436,0.0754540698332,2.98880151453,6.85807196299,-10.2094853719,0.0141990797291,0.0228847339777,17.050163269,17.0436387062,17.1088700294,17.0675573349,0.0293336726676,3,0,frozen deterministic type router
4,context:fed51cb2bca59714b2194f5c,SHMULLBJFZQILL,True,96,context:fed51cb2bca59714b2194f5c|site:93843d308c8faf8fa66f5fc4,site:93843d308c8faf8fa66f5fc4,atom,context:fed51cb2bca59714b2194f5c|site:82ca456b738ee3e85fb9a679,site:82ca456b738ee3e85fb9a679,atom_group,3.47193252397,-0.564139492557,4.03607201653,9.12204996745,-7.99895270665,0.0101074039532,0.0329749860218,17.0975041389,17.1094360352,17.1560678482,17.1210026741,0.0252687865813,3,0,frozen deterministic type router
