subgroup_family,family_order,subgroup,subgroup_order,placement,below_main_text_threshold,context_count,connectivity_count,subgroup_r2,outer_fold,context_id,connectivity_id,N_true,automatic_n_prediction,automatic_n_error,site_top1_correct
nucleophile class,0,C nucleophiles,0,main text,False,469,427,0.957590432143,0,context:001aff9d192ba5bb00ea7813,NDOMXVXCNMTXDL,14.46,16.1835187276,1.72351872762,True
nucleophile class,0,C nucleophiles,0,main text,False,469,427,0.957590432143,0,context:03f78f46086cefb733d5d11b,DNJLFZHMJDSJFN,4.59,5.58917792638,0.999177926381,True
nucleophile class,0,C nucleophiles,0,main text,False,469,427,0.957590432143,0,context:090dbc083620bee62ad32180,FUDLPTUMHBESOS,16.27,16.0781294505,-0.19187054952,True
nucleophile class,0,C nucleophiles,0,main text,False,469,427,0.957590432143,0,context:0a30d5946ad9e79a6f3d44a3,YJSCYFWNFZXUDZ,16.03,16.7267386119,0.696738611857,True
nucleophile class,0,C nucleophiles,0,main text,False,469,427,0.957590432143,0,context:0b6c95348653b6f10c426164,DCFOWKDNANGCTA,12.03,11.6634550095,-0.36654499054,True
nucleophile class,0,C nucleophiles,0,main text,False,469,427,0.957590432143,0,context:0e13cec0808376ddbfdd7085,BWJAFKSLQWCVOB,13.78,13.8331972758,0.0531972757975,True
nucleophile class,0,C nucleophiles,0,main text,False,469,427,0.957590432143,0,context:14d010006c37274be2241233,JSINEXDALPWUTH,27.62,26.5736420949,-1.04635790507,True
nucleophile class,0,C nucleophiles,0,main text,False,469,427,0.957590432143,0,context:1aa45c306021fc9c59c6bc28,DRLPQHUSIRTYBM,10.3,11.3890873591,1.08908735911,True
nucleophile class,0,C nucleophiles,0,main text,False,469,427,0.957590432143,0,context:1d7f74611726de1d3e40ba2c,VTGIVYVOVVQLRL,9.81,10.8676592509,1.0576592509,True
nucleophile class,0,C nucleophiles,0,main text,False,469,427,0.957590432143,0,context:1dfd7188ae714564d2989a31,NZNTUXSPRYJURO,31.92,30.4564997355,-1.46350026449,True
nucleophile class,0,C nucleophiles,0,main text,False,469,427,0.957590432143,0,context:206208777f16c1a993720f92,HJTMLKUQGRHHBV,3.17,5.03501462936,1.86501462936,True
nucleophile class,0,C nucleophiles,0,main text,False,469,427,0.957590432143,0,context:2673b2e6f4836612040b8d76,PSINDLUNOGABJV,-0.35,-0.443183581034,-0.0931835810343,True
nucleophile class,0,C nucleophiles,0,main text,False,469,427,0.957590432143,0,context:28c4c7e6ec32ffa11083abac,UTWQHEUIFBZBTR,5.61,2.56765333811,-3.04234666189,True
nucleophile class,0,C nucleophiles,0,main text,False,469,427,0.957590432143,0,context:2a71df212f4b05ff5d632060,OZTFXWYJHCTJDS,20.63,20.0123577118,-0.617642288208,True
nucleophile class,0,C nucleophiles,0,main text,False,469,427,0.957590432143,0,context:2bc2210e23222f2ca1056fea,AFFPCIMDERUIST,6.22,5.24630212784,-0.973697872162,True
nucleophile class,0,C nucleophiles,0,main text,False,469,427,0.957590432143,0,context:2bfa69960aef26811d418f7d,KKFHAJHLJHVUDM,5.02,2.16033045451,-2.85966954549,False
nucleophile class,0,C nucleophiles,0,main text,False,469,427,0.957590432143,0,context:30af75f1241104415ea92d87,GKIYSZCDLDAYKO,19.84,16.6986529032,-3.14134709676,True
nucleophile class,0,C nucleophiles,0,main text,False,469,427,0.957590432143,0,context:32244f821b4c117bc6bb69c4,RREAVEQOCKXSHQ,23.8533333333,27.4756482442,3.62231491089,False
nucleophile class,0,C nucleophiles,0,main text,False,469,427,0.957590432143,0,context:3430fb24e13c01a1c2b1f374,OMRYFORMTXHEKG,12.26,11.7426687876,-0.517331212362,True
nucleophile class,0,C nucleophiles,0,main text,False,469,427,0.957590432143,0,context:39cbfe1b30a616c36be79b3c,DIXNHFYWIDAWDL,8.87,8.8203496933,-0.0496503067017,True
nucleophile class,0,C nucleophiles,0,main text,False,469,427,0.957590432143,0,context:3ad3fc5ff9838c1f0d5de912,CWFHQXFFTAMVMB,19.67,20.4364941915,0.766494191488,True
nucleophile class,0,C nucleophiles,0,main text,False,469,427,0.957590432143,0,context:3b811e197d9b46329ab92cad,BQCIUPMFLJNBIZ,7.79,6.87450297674,-0.915497023265,True
nucleophile class,0,C nucleophiles,0,main text,False,469,427,0.957590432143,0,context:3dc4d6df096ef54ef2814e4b,RXSPZPXAAMOOOX,22.8,24.5889027913,1.78890279134,True
nucleophile class,0,C nucleophiles,0,main text,False,469,427,0.957590432143,0,context:3ea3a9a7593a86fbafa8a68c,RNELPITXEMRBAL,18.11,18.7110176086,0.601017608643,True
nucleophile class,0,C nucleophiles,0,main text,False,469,427,0.957590432143,0,context:3f291e98cdee9b74b828c413,SUGDTIRKYVZSJV,0.61,0.289595286051,-0.320404713949,True
nucleophile class,0,C nucleophiles,0,main text,False,469,427,0.957590432143,0,context:4025c01c926785d20b4da857,OMRYFORMTXHEKG,13.87,12.9652630488,-0.904736951192,True
nucleophile class,0,C nucleophiles,0,main text,False,469,427,0.957590432143,0,context:4089f8c411fff3f28ae1ebd4,JYCRDKIYCUUZJK,25.77,25.2290910085,-0.540908991496,True
nucleophile class,0,C nucleophiles,0,main text,False,469,427,0.957590432143,0,context:42149965af3f589a07e54719,MTGZTDPLQGHQDR,14.9,17.1131528219,2.21315282186,True
nucleophile class,0,C nucleophiles,0,main text,False,469,427,0.957590432143,0,context:475f15baece4965001ba7174,JCYWCSGERIELPG,21.72,21.8777211507,0.157721150716,True
nucleophile class,0,C nucleophiles,0,main text,False,469,427,0.957590432143,0,context:4b655358583f89db3e0df328,OTMWKVKLWVNOIR,-0.26,-0.320624669393,-0.0606246693929,True
nucleophile class,0,C nucleophiles,0,main text,False,469,427,0.957590432143,0,context:4c8c59af0bb4cf7ab98bba4a,GYAWYTAKUGNDPZ,25.35,26.6584332784,1.3084332784,True
nucleophile class,0,C nucleophiles,0,main text,False,469,427,0.957590432143,0,context:4f94c0d1686cedd9704e545b,WMEWVEGNFHLPSE,11.99,10.7682971954,-1.22170280457,True
nucleophile class,0,C nucleophiles,0,main text,False,469,427,0.957590432143,0,context:501b7e461778b4b921582278,RSEUOMWVYSLIKM,10.04,11.2247794469,1.18477944692,True
nucleophile class,0,C nucleophiles,0,main text,False,469,427,0.957590432143,0,context:5265d6cc2ccfe8e825df9705,XDQPJHFZMRLQML,16.54,18.5630187988,2.02301879883,True
nucleophile class,0,C nucleophiles,0,main text,False,469,427,0.957590432143,0,context:540416c0c3d81c0c8b862336,YKXTUAGSORHHEC,0.9,3.95656792323,3.05656792323,False
nucleophile class,0,C nucleophiles,0,main text,False,469,427,0.957590432143,0,context:562e2fcda1751362366111d2,NVVNLCKXNCYPQH,0.4,2.30397891998,1.90397891998,True
nucleophile class,0,C nucleophiles,0,main text,False,469,427,0.957590432143,0,context:5d0fb36cab7bd0e930227806,ZCNQIKXAMNBENN,5.18,4.65237188339,-0.527628116608,True
nucleophile class,0,C nucleophiles,0,main text,False,469,427,0.957590432143,0,context:627ab01c8a54d15a19c60183,YEQVLORJYBRUCD,19.35,18.2616990407,-1.08830095927,True
nucleophile class,0,C nucleophiles,0,main text,False,469,427,0.957590432143,0,context:630dea893af48e2ceff430cd,XQQBUAPQHNYYRS,1.35,2.12483406067,0.774834060669,True
nucleophile class,0,C nucleophiles,0,main text,False,469,427,0.957590432143,0,context:63b73b1f6264f63166a91179,VSWGLJOQFUMFOQ,7.26,6.72997204463,-0.530027955373,True
nucleophile class,0,C nucleophiles,0,main text,False,469,427,0.957590432143,0,context:650ea309010a457d79e885ff,XXUWAAJQVTXRAO,8.13,8.96006457011,0.830064570109,True
nucleophile class,0,C nucleophiles,0,main text,False,469,427,0.957590432143,0,context:67770d8629fea2fbc751003a,SIRKLJAAYVUMHD,3.44,2.56705792745,-0.87294207255,True
nucleophile class,0,C nucleophiles,0,main text,False,469,427,0.957590432143,0,context:688a91d83a46070bb1ebae42,RFSKGCVUDQRZSD,3.06,4.52642917633,1.46642917633,True
nucleophile class,0,C nucleophiles,0,main text,False,469,427,0.957590432143,0,context:6d39068728338474cb8b12a7,PDELBHCVXBSVPJ,0.68,0.467419306437,-0.212580693563,False
nucleophile class,0,C nucleophiles,0,main text,False,469,427,0.957590432143,0,context:6ec86f203c2a42a29b194cf2,YQJCJUHORLSWRJ,30.82,28.7283236186,-2.09167638143,True
nucleophile class,0,C nucleophiles,0,main text,False,469,427,0.957590432143,0,context:6fc996e25232cfba497818fe,UVUCNSNMTAWNQM,7.99,6.97157684962,-1.01842315038,True
nucleophile class,0,C nucleophiles,0,main text,False,469,427,0.957590432143,0,context:79674fa65e3e769efbe4cd21,MDRTVDMOEOENKV,18.38,18.1711476644,-0.208852335612,True
nucleophile class,0,C nucleophiles,0,main text,False,469,427,0.957590432143,0,context:807c37d0f04d431d98aa438d,ZEBBLOXDLGIMEG,11.63,7.11059125264,-4.51940874736,True
nucleophile class,0,C nucleophiles,0,main text,False,469,427,0.957590432143,0,context:813e0334086da86a5e1fe9a5,JFIRJUGAIIXIKT,7.72,7.79430294037,0.0743029403687,True
nucleophile class,0,C nucleophiles,0,main text,False,469,427,0.957590432143,0,context:82b5459ad16032d7dd4f7b44,UETCMNDFHMOYSP,4.84,7.31258710225,2.47258710225,False
nucleophile class,0,C nucleophiles,0,main text,False,469,427,0.957590432143,0,context:85a1d71610adfe7ee596a8f6,UANFUHHPWZFXOZ,16.73,16.6555608114,-0.0744391886393,True
nucleophile class,0,C nucleophiles,0,main text,False,469,427,0.957590432143,0,context:88bf258341de5dac70c4e8f3,WGBRKOIQXMBFOG,18.42,16.8816064199,-1.53839358012,True
nucleophile class,0,C nucleophiles,0,main text,False,469,427,0.957590432143,0,context:8931b4baf65a6cb3b8f5cb7c,BKOOMYPCSUNDGP,0.65,0.417743682861,-0.232256317139,True
nucleophile class,0,C nucleophiles,0,main text,False,469,427,0.957590432143,0,context:8bc75ff1d2268de55951ac84,KLCCPWRSRHUOJD,11.23,8.44094530741,-2.78905469259,True
nucleophile class,0,C nucleophiles,0,main text,False,469,427,0.957590432143,0,context:8d17e62f030f0bbad706b170,BBNCFUDDDLKWIF,16.26,16.3479881287,0.0879881286621,True
nucleophile class,0,C nucleophiles,0,main text,False,469,427,0.957590432143,0,context:911265bcff5e0e286db9cf17,FIONWRDVKJFHRC,-0.43,0.793171564738,1.22317156474,True
nucleophile class,0,C nucleophiles,0,main text,False,469,427,0.957590432143,0,context:918105f4116a019fb5d63ae2,YVPJCJLMRRTDMQ,4.91,5.20346943537,0.293469435374,True
nucleophile class,0,C nucleophiles,0,main text,False,469,427,0.957590432143,0,context:91b0731e743a60365754f31e,UVUCNSNMTAWNQM,8.3,7.51149749756,-0.788502502441,True
nucleophile class,0,C nucleophiles,0,main text,False,469,427,0.957590432143,0,context:9228967bc4510f8f659f36c5,YMHIEPNFCBNQQU,-0.64,-1.61735979716,-0.97735979716,True
nucleophile class,0,C nucleophiles,0,main text,False,469,427,0.957590432143,0,context:9293f1dc8268b7ed7c3fdadb,HPKILAUQVUIYJX,18.57,19.925505956,1.35550595601,True
nucleophile class,0,C nucleophiles,0,main text,False,469,427,0.957590432143,0,context:95f520a6ed9373a0c9caca8b,URHVULHWITWMRL,21.61,23.2857074738,1.67570747375,True
nucleophile class,0,C nucleophiles,0,main text,False,469,427,0.957590432143,0,context:9600838b498c7561747ba82c,VKEKEVSKCQVRNL,26.71,23.8540026347,-2.85599736532,True
nucleophile class,0,C nucleophiles,0,main text,False,469,427,0.957590432143,0,context:9a08a861eafd7d0c42f91eaa,FSXRUCROJQTPJL,15.02,13.9519996643,-1.06800033569,True
nucleophile class,0,C nucleophiles,0,main text,False,469,427,0.957590432143,0,context:9bff423585c537984a6c5398,CQYSBAHQDYWVKQ,26.95,28.3938077291,1.44380772909,True
nucleophile class,0,C nucleophiles,0,main text,False,469,427,0.957590432143,0,context:9c8acdbe5f9d8998619de1b4,AXYRIKDCPCRBHJ,23.55,24.7955404917,1.24554049174,True
nucleophile class,0,C nucleophiles,0,main text,False,469,427,0.957590432143,0,context:a0c15b9089c1328d45fb68cf,MFFMQGGZCLEMCI,10.67,7.19316387177,-3.47683612823,True
nucleophile class,0,C nucleophiles,0,main text,False,469,427,0.957590432143,0,context:a5d757b84e8b38f6375513cd,MDRTVDMOEOENKV,14.33,13.6768213908,-0.653178609212,True
nucleophile class,0,C nucleophiles,0,main text,False,469,427,0.957590432143,0,context:a8372a452070c6c0b566016b,PVGJVPSTRUYNOE,19.28,19.6833845774,0.403384577433,True
nucleophile class,0,C nucleophiles,0,main text,False,469,427,0.957590432143,0,context:a96e6a9e6f2d3bb121fe73df,ACKMJXPGBWTWGC,11.28,10.5799166361,-0.700083363851,True
nucleophile class,0,C nucleophiles,0,main text,False,469,427,0.957590432143,0,context:ac982fe97657c8af530f50fb,CVLCYQFQIMSIHJ,5.5,5.05731312434,-0.442686875661,True
nucleophile class,0,C nucleophiles,0,main text,False,469,427,0.957590432143,0,context:aef17422fa857ca9671d2a62,QCRZUFHWDDXSHW,2.72,5.51984039942,2.79984039942,True
nucleophile class,0,C nucleophiles,0,main text,False,469,427,0.957590432143,0,context:b36b9cf224d502b6bd3f1005,RIWNFZUWWRVGEU,4.9,6.0996371905,1.1996371905,True
nucleophile class,0,C nucleophiles,0,main text,False,469,427,0.957590432143,0,context:b62c4999dd33fa8482f4293b,OUQXBIMQCUSOGP,-0.65,-0.582483291626,0.067516708374,True
nucleophile class,0,C nucleophiles,0,main text,False,469,427,0.957590432143,0,context:b86c2e9af6334b2d9670036e,LMIQERWZRIFWNZ,6.44,5.68623272578,-0.753767274221,True
nucleophile class,0,C nucleophiles,0,main text,False,469,427,0.957590432143,0,context:b939e721a54f89915f85cea8,VMGFHPGLWRZORG,5.07,6.79408868154,1.72408868154,True
nucleophile class,0,C nucleophiles,0,main text,False,469,427,0.957590432143,0,context:ba9ea8effc624601730e8dc8,DXJZZRSMGLGFPW,-0.13,0.924028396606,1.05402839661,True
nucleophile class,0,C nucleophiles,0,main text,False,469,427,0.957590432143,0,context:bcd9f64b994e9544afb0108e,IRIFPBQOVIDMFC,19.61,20.3462359111,0.736235911051,True
nucleophile class,0,C nucleophiles,0,main text,False,469,427,0.957590432143,0,context:c1e0e264126b914e151029f3,WQLOIPJBHZUMDQ,5.38,4.76100158691,-0.618998413086,True
nucleophile class,0,C nucleophiles,0,main text,False,469,427,0.957590432143,0,context:c24763e636662121ff0af679,HEVPNXRKMVHCNL,4.8,5.54936059316,0.74936059316,True
nucleophile class,0,C nucleophiles,0,main text,False,469,427,0.957590432143,0,context:c24a2b229e975fe2db33546a,DWEYZWRAPWVVAR,6.77,7.56184116999,0.791841169993,True
nucleophile class,0,C nucleophiles,0,main text,False,469,427,0.957590432143,0,context:c409a03707b7ee5cf1ac28c6,LTWOWNFQZPMVEV,20.76,21.0648721059,0.304872105916,True
nucleophile class,0,C nucleophiles,0,main text,False,469,427,0.957590432143,0,context:cd6c7f2e9e50d298d669a067,DRLPQHUSIRTYBM,9.96,10.3982922236,0.438292223612,True
nucleophile class,0,C nucleophiles,0,main text,False,469,427,0.957590432143,0,context:d3bb48ee3c413555e8abe563,CWFHQXFFTAMVMB,20.1,21.7278340658,1.62783406576,True
nucleophile class,0,C nucleophiles,0,main text,False,469,427,0.957590432143,0,context:e326875611e1cbdd7aac724a,GWDGKETUJGWYQO,19.53,19.1885693868,-0.3414306132,True
nucleophile class,0,C nucleophiles,0,main text,False,469,427,0.957590432143,0,context:e380ffdc89b71236fc23b9a4,ZSFFNMWHQIKTAO,4.36,2.99338944753,-1.36661055247,True
nucleophile class,0,C nucleophiles,0,main text,False,469,427,0.957590432143,0,context:e570da68634a7dae810334ea,JFNLZVQOOSMTJK,-0.25,-1.55041631063,-1.30041631063,True
nucleophile class,0,C nucleophiles,0,main text,False,469,427,0.957590432143,0,context:e734109216fa2a439f33ed9b,YXHKONLOYHBTNS,10.48,8.71073532104,-1.76926467896,True
nucleophile class,0,C nucleophiles,0,main text,False,469,427,0.957590432143,0,context:e79ec175558e0bc952859bea,YPDIZBUWKWIELE,17.68,15.4150807063,-2.26491929372,True
nucleophile class,0,C nucleophiles,0,main text,False,469,427,0.957590432143,0,context:f1325b18e7f94b2c1cdb3414,CBDRKLYGOJXLKK,19.2,18.430949529,-0.769050470988,True
nucleophile class,0,C nucleophiles,0,main text,False,469,427,0.957590432143,0,context:f18c376da10bde2ffc18a9cc,IXRNQIKIVWWFBH,5.73,6.01616938909,0.286169389089,True
nucleophile class,0,C nucleophiles,0,main text,False,469,427,0.957590432143,0,context:f2cc18433a144f07b39a3396,XFECHWDUMFDDIF,15.92,14.9206641515,-0.99933584849,True
nucleophile class,0,C nucleophiles,0,main text,False,469,427,0.957590432143,0,context:f48319850a2bb2ec228c58a9,YPDIZBUWKWIELE,21.13,22.2074337006,1.07743370056,True
nucleophile class,0,C nucleophiles,0,main text,False,469,427,0.957590432143,0,context:f895ec2ac94bd10eb738b767,BWJAFKSLQWCVOB,11.95,12.3105494181,0.360549418132,True
nucleophile class,0,C nucleophiles,0,main text,False,469,427,0.957590432143,0,context:fb90d5b0a9b4b463d2b2fafe,RAMNFTKKGHOHPJ,12.9,11.8206570943,-1.07934290568,True
nucleophile class,0,C nucleophiles,0,main text,False,469,427,0.957590432143,0,context:fe5846df70dc46310419f4c9,FUDLPTUMHBESOS,11.77,14.531373024,2.76137302399,True
nucleophile class,0,C nucleophiles,0,main text,False,469,427,0.957590432143,1,context:013d10528d577ad23343fe24,DVUMGIDOTXJYIW,5.6,6.04932816823,0.449328168233,True
nucleophile class,0,C nucleophiles,0,main text,False,469,427,0.957590432143,1,context:04095404de33edb25a6698ab,YYKAFPWEQRAEAQ,18.69,19.0870564779,0.397056477865,True
nucleophile class,0,C nucleophiles,0,main text,False,469,427,0.957590432143,1,context:05a1836bf03e7d9800b7833c,AZIXWBRHGNBNNF,20.51,19.739185969,-0.770814030965,True
nucleophile class,0,C nucleophiles,0,main text,False,469,427,0.957590432143,1,context:10b63c4b91785257dcc53543,AGBOAUNKIUIEGH,16.15,16.6788457235,0.52884572347,True
nucleophile class,0,C nucleophiles,0,main text,False,469,427,0.957590432143,1,context:11c3c240451cfb805aeeb0f7,QNBOHFPDAYXLCC,9.55,11.3588968913,1.80889689128,True
nucleophile class,0,C nucleophiles,0,main text,False,469,427,0.957590432143,1,context:131d6c46f6c14c0cd20d1dd1,VQTUBCCKSQIDNK,1.11,0.527196884155,-0.582803115845,True
nucleophile class,0,C nucleophiles,0,main text,False,469,427,0.957590432143,1,context:15e6e8b9d92c865fb032ba8a,WPZQENSANSNYSI,4.01,3.97558387121,-0.0344161287944,True
nucleophile class,0,C nucleophiles,0,main text,False,469,427,0.957590432143,1,context:15f619a19572113953d2b8d6,BDZGAPNZRQNDAK,3.51,3.37256511052,-0.137434889476,True
nucleophile class,0,C nucleophiles,0,main text,False,469,427,0.957590432143,1,context:195064f7a53aab9469bd6e71,JKTCBAGSMQIFNL,4.37,3.24444611867,-1.12555388133,True
nucleophile class,0,C nucleophiles,0,main text,False,469,427,0.957590432143,1,context:1e317e343456e6afbce995e0,MJVQTBDTLNENNZ,20.78,23.121799469,2.34179946899,True
nucleophile class,0,C nucleophiles,0,main text,False,469,427,0.957590432143,1,context:206b78dae8b3648108a62d42,YAXSHOYVZVGDND,4.17,3.86393562953,-0.306064370473,True
nucleophile class,0,C nucleophiles,0,main text,False,469,427,0.957590432143,1,context:225d83664fdeb392a8139654,PAKGNZCTBNXXBR,15.62,16.4843772252,0.86437722524,True
nucleophile class,0,C nucleophiles,0,main text,False,469,427,0.957590432143,1,context:244ce1f3736a92f31366b4e5,BKSCHYJRFHICHN,15.85,15.9020862579,0.0520862579346,True
nucleophile class,0,C nucleophiles,0,main text,False,469,427,0.957590432143,1,context:2598383d39d2588da12e755f,NSVNNAPWCRPQDR,6.63,9.16727956136,2.53727956136,True
nucleophile class,0,C nucleophiles,0,main text,False,469,427,0.957590432143,1,context:26d333ffbc3818edd23dc525,PQGUROUGKBASIY,14.48,14.2519591649,-0.228040835063,True
nucleophile class,0,C nucleophiles,0,main text,False,469,427,0.957590432143,1,context:2b79bd08eb9e0df4cee1d714,JJPYHMCTZLBOEO,20.24,22.7979596456,2.55795964559,True
nucleophile class,0,C nucleophiles,0,main text,False,469,427,0.957590432143,1,context:2cabe2dd19cc048d8fa2d37e,YLGRTLMDMVAFNI,5.46,3.99392811457,-1.46607188543,True
nucleophile class,0,C nucleophiles,0,main text,False,469,427,0.957590432143,1,context:2de6d8532d5c94a5c86a8659,FDPMPHQWCLVHND,13.95,13.6397822698,-0.310217730204,True
nucleophile class,0,C nucleophiles,0,main text,False,469,427,0.957590432143,1,context:304b88cc370966d95b9b1d06,NOFJNSNJJMUDAO,23.27,26.5905939738,3.3205939738,True
nucleophile class,0,C nucleophiles,0,main text,False,469,427,0.957590432143,1,context:31dcbf10a16aae1a128c3b39,CFOAUYCPAUGDFF,3.5,2.92508983612,-0.574910163879,True
nucleophile class,0,C nucleophiles,0,main text,False,469,427,0.957590432143,1,context:332c2a8ba46c6b8a97773027,MASFLDCFDIPNAL,7.1,6.22297382355,-0.877026176453,True
nucleophile class,0,C nucleophiles,0,main text,False,469,427,0.957590432143,1,context:346a96217133a4296dd83d49,ZCBIFHNDZBSCEP,7.22,8.85615603129,1.63615603129,True
nucleophile class,0,C nucleophiles,0,main text,False,469,427,0.957590432143,1,context:369606617ef5a3bb9b2c9dc5,PAPNRQCYSFBWDI,8.01,8.88130633036,0.871306330363,True
nucleophile class,0,C nucleophiles,0,main text,False,469,427,0.957590432143,1,context:36a60dcacd689271d3d18d4e,KPVMGWQGPJULFL,14.02,15.4701989492,1.45019894918,True
nucleophile class,0,C nucleophiles,0,main text,False,469,427,0.957590432143,1,context:3bf53d42bc26a56f293ee427,HVJNWTXBDFYTDI,11.54,13.2081950506,1.66819505056,True
nucleophile class,0,C nucleophiles,0,main text,False,469,427,0.957590432143,1,context:3c25c591fe9606f9b246cf25,NDUYAGLANMHJHF,3.09,2.70809110006,-0.381908899943,True
nucleophile class,0,C nucleophiles,0,main text,False,469,427,0.957590432143,1,context:3f12c489ef0d5e693bd9a660,LLKCNMZUGYSUDD,29.5,26.7981033325,-2.70189666748,True
nucleophile class,0,C nucleophiles,0,main text,False,469,427,0.957590432143,1,context:404bf59c32cf699e6796c3be,UXQDCOOBHOHTCR,7.79,8.65107663472,0.861076634725,True
nucleophile class,0,C nucleophiles,0,main text,False,469,427,0.957590432143,1,context:415e9fdbe62273d85b5a09bd,GVJPCYQNQCNEAO,3.85,3.71702734629,-0.132972653707,True
nucleophile class,0,C nucleophiles,0,main text,False,469,427,0.957590432143,1,context:480cc48a62b8ee4deaba74c9,KTAVPKXGIGJSCD,12.05,13.0796305339,1.02963053385,True
nucleophile class,0,C nucleophiles,0,main text,False,469,427,0.957590432143,1,context:4f07c0ff41ea145ef262cbec,WXACXMWYHXOSIX,3.93,5.1444773674,1.2144773674,True
nucleophile class,0,C nucleophiles,0,main text,False,469,427,0.957590432143,1,context:5023bb904c12bf330c3a0084,DZEWJULWIYVMKR,23.15,22.5409889221,-0.609011077881,True
nucleophile class,0,C nucleophiles,0,main text,False,469,427,0.957590432143,1,context:5690bc18731d2660ae80342c,WNQGOBRMTGELHB,18.19,20.2337061564,2.04370615641,True
nucleophile class,0,C nucleophiles,0,main text,False,469,427,0.957590432143,1,context:56d2bbd0c00b76f288366c4e,PAQMOJBNTFYAFL,6.04,5.59014765422,-0.449852345785,True
nucleophile class,0,C nucleophiles,0,main text,False,469,427,0.957590432143,1,context:57f9b1144ec7d9800b73c776,QIXNINALAYEKKB,0.58,1.78686491648,1.20686491648,True
nucleophile class,0,C nucleophiles,0,main text,False,469,427,0.957590432143,1,context:581f6f950209e5a3e18937e3,XVQDTXHCRHPVKU,7.06,5.7890103658,-1.2709896342,True
nucleophile class,0,C nucleophiles,0,main text,False,469,427,0.957590432143,1,context:5e738909ab5514ce2b2ba129,SDDKBWPIFZJMDW,16.29,15.8160184224,-0.473981577555,True
nucleophile class,0,C nucleophiles,0,main text,False,469,427,0.957590432143,1,context:60a070cb9cf3f7e2e170d20a,GNROSMHJEUZVFQ,10.73,11.8036343257,1.07363432566,True
nucleophile class,0,C nucleophiles,0,main text,False,469,427,0.957590432143,1,context:63c3757522bc10ed47945f05,IIAIGCWRMDEUDI,20.41,21.3564109802,0.946410980225,True
nucleophile class,0,C nucleophiles,0,main text,False,469,427,0.957590432143,1,context:685b918ba0fd154e2d79d44b,OLANGBUYTLNYCP,-2.94,-2.67202218374,0.267977816264,True
nucleophile class,0,C nucleophiles,0,main text,False,469,427,0.957590432143,1,context:686d1a7b6b72e1ebd72d0011,IVSZLXZYQVIEFR,-3.57,-2.83673063914,0.73326936086,True
nucleophile class,0,C nucleophiles,0,main text,False,469,427,0.957590432143,1,context:700b5605f54719742def0fe1,SQESPNLCTGRVCP,20.61,21.3856455485,0.775645548503,True
nucleophile class,0,C nucleophiles,0,main text,False,469,427,0.957590432143,1,context:727f472f92d8d55448af4fc0,CTMHWPIWNRWQEG,0.08,1.37007427216,1.29007427216,True
nucleophile class,0,C nucleophiles,0,main text,False,469,427,0.957590432143,1,context:7343fbc9f96a2ea1dd784f66,UZKWTJUDCOPSNM,3.76,4.58752791087,0.827527910868,True
nucleophile class,0,C nucleophiles,0,main text,False,469,427,0.957590432143,1,context:81ff8abfa8d8f3151e68657e,NZXHRHATECOPAO,17.46,15.546801885,-1.91319811503,True
nucleophile class,0,C nucleophiles,0,main text,False,469,427,0.957590432143,1,context:84108be1ef50af538cada275,ZEZQXYUIJPURCG,27.28,26.2747065226,-1.00529347738,True
nucleophile class,0,C nucleophiles,0,main text,False,469,427,0.957590432143,1,context:896b243f7362a3f08efd6c43,WEOLAPIPKPOLGJ,4.4,4.0347495079,-0.365250492096,True
nucleophile class,0,C nucleophiles,0,main text,False,469,427,0.957590432143,1,context:8dc46ba7a36754c53960139f,JDJUBLMJMMUVJJ,27.45,27.7678286235,0.317828623454,True
nucleophile class,0,C nucleophiles,0,main text,False,469,427,0.957590432143,1,context:8f3508be14914b6fbfc56c87,DTPVDESHBDFTSE,5.99,5.56625890732,-0.423741092682,False
nucleophile class,0,C nucleophiles,0,main text,False,469,427,0.957590432143,1,context:905f0a9619309210604754dc,GPNUBZPACCOTQD,3.44,3.52680762609,0.0868076260885,True
nucleophile class,0,C nucleophiles,0,main text,False,469,427,0.957590432143,1,context:9189fdf2970ca0fe9ea2f01e,KPVMGWQGPJULFL,13.36,14.0021944046,0.642194404602,True
nucleophile class,0,C nucleophiles,0,main text,False,469,427,0.957590432143,1,context:98fd3cc1dcf4cddb5df85326,HYWCXWRMUZYRPH,1.68,-0.224093437195,-1.90409343719,True
nucleophile class,0,C nucleophiles,0,main text,False,469,427,0.957590432143,1,context:9ab1b75cbe10925200705d2b,OLIUEZHTWQEOOZ,15.68,15.343691508,-0.336308492025,True
nucleophile class,0,C nucleophiles,0,main text,False,469,427,0.957590432143,1,context:9b05c76729472c049ad82e1d,KTAVPKXGIGJSCD,18.29,18.2468407949,-0.0431592051188,True
nucleophile class,0,C nucleophiles,0,main text,False,469,427,0.957590432143,1,context:9ed26fa745888933574a2ce5,IIWSLXWOGWUDPL,-1.46,-2.20394229889,-0.743942298889,True
nucleophile class,0,C nucleophiles,0,main text,False,469,427,0.957590432143,1,context:a0c6674b0d4136f31f57f03a,AQWNKDATHZVQIK,9.49,8.5207824707,-0.969217529297,False
nucleophile class,0,C nucleophiles,0,main text,False,469,427,0.957590432143,1,context:a425baa54b98f0de9b55f7ff,FXNDIJDIPNCZQJ,0.79,-0.126125653585,-0.916125653585,True
nucleophile class,0,C nucleophiles,0,main text,False,469,427,0.957590432143,1,context:ae487d836c621d7d2afedbb8,MIVRMHJOEYRXQB,4.68,4.47552204132,-0.204477958679,True
nucleophile class,0,C nucleophiles,0,main text,False,469,427,0.957590432143,1,context:b26630fba92aa5e105ad4ee3,DCVICHWBECIALB,6.82,3.42552804947,-3.39447195053,True
nucleophile class,0,C nucleophiles,0,main text,False,469,427,0.957590432143,1,context:b3aeef7d31405707f4da89df,FJWLWQRPZMZRQI,28.27,26.5342769623,-1.73572303772,True
nucleophile class,0,C nucleophiles,0,main text,False,469,427,0.957590432143,1,context:b5117e6dd52e5f5a64381fbc,RHAFPDMTJCXVAM,11.66,11.1338342031,-0.526165796916,True
nucleophile class,0,C nucleophiles,0,main text,False,469,427,0.957590432143,1,context:b58abecd293f8e63e352f4b2,HAHWYZKXGPCZPC,11.5,12.3978198369,0.897819836934,True
nucleophile class,0,C nucleophiles,0,main text,False,469,427,0.957590432143,1,context:b66dc3e2fb4cd6970a1aff62,FJWLWQRPZMZRQI,26.64,26.9628435771,0.322843577067,True
nucleophile class,0,C nucleophiles,0,main text,False,469,427,0.957590432143,1,context:bb9df2fcb337367b3208b6c6,CIROOWQVERYDSK,3.57,3.51443545024,-0.055564549764,True
nucleophile class,0,C nucleophiles,0,main text,False,469,427,0.957590432143,1,context:bc68b10d8833e0b746c07daf,DKWOHBPRFZIUQL,21.29,18.4977506002,-2.79224939982,True
nucleophile class,0,C nucleophiles,0,main text,False,469,427,0.957590432143,1,context:c1f6f4623c50422d657d7bc4,DQWVAAWANRXNEG,5.29,9.41040770213,4.12040770213,False
nucleophile class,0,C nucleophiles,0,main text,False,469,427,0.957590432143,1,context:c4df683517b2f84482f76d2a,VHIICGGVDHJCCG,6.24,6.29849322637,0.0584932263692,True
nucleophile class,0,C nucleophiles,0,main text,False,469,427,0.957590432143,1,context:c5421dedf982838445627f8f,XGWTWUYLCLABRB,19.6,23.0788472493,3.47884724935,True
nucleophile class,0,C nucleophiles,0,main text,False,469,427,0.957590432143,1,context:c55aa7cf9f244ace1d08bf32,SDDKBWPIFZJMDW,13.58,12.7535498937,-0.826450106303,True
nucleophile class,0,C nucleophiles,0,main text,False,469,427,0.957590432143,1,context:c709e99ccf7c6c92d81e1bb7,JLBJTVDPSNHSKJ,1.7,0.76216729482,-0.93783270518,True
nucleophile class,0,C nucleophiles,0,main text,False,469,427,0.957590432143,1,context:ca178de80ef60355af81a87a,CYIUFVYZGOCGEV,7.48,7.02500581741,-0.454994182587,True
nucleophile class,0,C nucleophiles,0,main text,False,469,427,0.957590432143,1,context:cac4e4e0278c62ba340a89ee,UYHVGSLAEZDHER,5.76,4.60069322586,-1.15930677414,True
nucleophile class,0,C nucleophiles,0,main text,False,469,427,0.957590432143,1,context:cb24e39f8a43fc8073cf0a9f,PAKGNZCTBNXXBR,16.28,17.0390275319,0.759027531942,True
nucleophile class,0,C nucleophiles,0,main text,False,469,427,0.957590432143,1,context:cc114cb0d86fffc7e25bfda0,RRFOVNOYWOAPHE,8.77,11.3841260274,2.61412602743,True
nucleophile class,0,C nucleophiles,0,main text,False,469,427,0.957590432143,1,context:d1b4f6982964363eba7fa7fb,XVFWSVOQGGAMGB,3.84,5.13281774521,1.29281774521,True
nucleophile class,0,C nucleophiles,0,main text,False,469,427,0.957590432143,1,context:d6295089975eb421aafc81d7,KZVPFSJPLBOVLO,3.94,3.15648873647,-0.783511263529,True
nucleophile class,0,C nucleophiles,0,main text,False,469,427,0.957590432143,1,context:da03cd30c10dd2d6bead6fe6,MVXVYAKCVDQRLW,3.87,4.01118977865,0.141189778646,True
nucleophile class,0,C nucleophiles,0,main text,False,469,427,0.957590432143,1,context:dc68d4a9d93a8f79e915cbd6,QDWMQWWQPMMBBG,13.83,14.3320973714,0.502097371419,True
nucleophile class,0,C nucleophiles,0,main text,False,469,427,0.957590432143,1,context:e370fc8473ce87286731d551,AGBOAUNKIUIEGH,20.22,19.8004906972,-0.419509302775,True
nucleophile class,0,C nucleophiles,0,main text,False,469,427,0.957590432143,1,context:e460046fcc304b9d0143276b,MNEWPTXCYUMJKC,24.99,26.6578496297,1.66784962972,True
nucleophile class,0,C nucleophiles,0,main text,False,469,427,0.957590432143,1,context:eb725e72322d6034a2214834,VVBLMPAHLKEJIS,12.35,13.7472314835,1.39723148346,True
nucleophile class,0,C nucleophiles,0,main text,False,469,427,0.957590432143,1,context:ec1313ad61a1a2a268460821,JKTCBAGSMQIFNL,5.02,2.88531335195,-2.13468664805,True
nucleophile class,0,C nucleophiles,0,main text,False,469,427,0.957590432143,1,context:f32315dce16d627c79b595b5,HREIFDWKNPVPMP,4.67,5.35096788406,0.680967884064,True
nucleophile class,0,C nucleophiles,0,main text,False,469,427,0.957590432143,1,context:f73defab43cfe37427a6f08e,YUKGJHBJVJSQMU,19.58,19.4175256093,-0.162474390666,True
nucleophile class,0,C nucleophiles,0,main text,False,469,427,0.957590432143,1,context:f905592f9996443173300183,ZYERMUSVJRTOLH,27.77,27.3115196228,-0.458480377197,True
nucleophile class,0,C nucleophiles,0,main text,False,469,427,0.957590432143,1,context:f9a42587545e4f14501b5250,CROPDUGHHVHJOA,25.94,23.4552987417,-2.48470125834,True
nucleophile class,0,C nucleophiles,0,main text,False,469,427,0.957590432143,1,context:fa4f7643ccb394753d09b249,LIKMAJRDDDTEIG,-2.77,-1.97175852458,0.798241475423,False
nucleophile class,0,C nucleophiles,0,main text,False,469,427,0.957590432143,2,context:08000475f3d07bd0d2ed13c6,BLRHMMGNCXNXJL,5.75,5.85833676656,0.108336766561,True
nucleophile class,0,C nucleophiles,0,main text,False,469,427,0.957590432143,2,context:09b3ae1e126b41012e248cf8,VISBKZYDQCHZRG,11.29,6.92339642843,-4.36660357157,True
nucleophile class,0,C nucleophiles,0,main text,False,469,427,0.957590432143,2,context:0ab8765197e529e9cdbe5c4a,SKQFWLMZKFEKRZ,14.09,13.9949795405,-0.095020459493,True
nucleophile class,0,C nucleophiles,0,main text,False,469,427,0.957590432143,2,context:0e605707546ed7048b41f516,PKYCXNVLSSGOFD,18.68,18.5621700287,-0.117829971313,True
nucleophile class,0,C nucleophiles,0,main text,False,469,427,0.957590432143,2,context:10eb87177546527bc43e1ef8,XWLLGMTXHZNRDQ,11.66,12.5312856038,0.871285603841,True
nucleophile class,0,C nucleophiles,0,main text,False,469,427,0.957590432143,2,context:14c173cebd6c777a417cc2b5,BUJZXAPKHBWNII,18.5,19.6807530721,1.1807530721,True
nucleophile class,0,C nucleophiles,0,main text,False,469,427,0.957590432143,2,context:1995a20c597d88c0e700d8c6,IVUSHBHIOWRDAM,19.41,19.274500529,-0.135499471029,True
nucleophile class,0,C nucleophiles,0,main text,False,469,427,0.957590432143,2,context:1b857dd0ac32063532e9f8b5,CCTCRLPORAQCQS,5.39,4.64794810613,-0.74205189387,True
nucleophile class,0,C nucleophiles,0,main text,False,469,427,0.957590432143,2,context:222215f383f7930f46670801,SUYJEMFJSAFJBG,20.08,21.661640803,1.58164080302,True
nucleophile class,0,C nucleophiles,0,main text,False,469,427,0.957590432143,2,context:23e15683143e8a56167f25e8,SPBRYLXACBPZLU,7.24,7.4835117658,0.243511765798,True
nucleophile class,0,C nucleophiles,0,main text,False,469,427,0.957590432143,2,context:27be502f8f8eb586c54ced8c,VEKDDHYCIOYPHJ,5.47,4.48041566213,-0.98958433787,True
nucleophile class,0,C nucleophiles,0,main text,False,469,427,0.957590432143,2,context:29ced4b0c513df1372b98c37,TZHIYVWDNYEFOA,17,17.102215449,0.102215449015,True
nucleophile class,0,C nucleophiles,0,main text,False,469,427,0.957590432143,2,context:2f6621f5e9bb44a721f8d73a,VWUHPHHTAVCBMR,1.47,2.86514123281,1.39514123281,True
nucleophile class,0,C nucleophiles,0,main text,False,469,427,0.957590432143,2,context:311c6dfd6c44c173849d6627,JJRADMCAQVSRQP,1.38,2.09680366516,0.716803665161,True
nucleophile class,0,C nucleophiles,0,main text,False,469,427,0.957590432143,2,context:33aef67643cbd72249c53a0d,BHNHHSOHWZKFOX,6.91,6.27284447352,-0.637155526479,True
nucleophile class,0,C nucleophiles,0,main text,False,469,427,0.957590432143,2,context:35394cdbf7533a7546930816,QFDUNXOXVCHBBF,7.46,7.18416961034,-0.275830389659,True
nucleophile class,0,C nucleophiles,0,main text,False,469,427,0.957590432143,2,context:3a5ca9cc4d3e968d0c310c49,VSFUTDSKGMGVSY,21.16,20.9552815755,-0.204718424479,True
nucleophile class,0,C nucleophiles,0,main text,False,469,427,0.957590432143,2,context:3ad7f5145082dd7c8f297e26,WSMPLUKWVPUMKQ,6.57,5.89194154739,-0.678058452606,True
nucleophile class,0,C nucleophiles,0,main text,False,469,427,0.957590432143,2,context:3b99e960c731fc7f0838d70c,OWVJMAKUWHECNI,4.41,3.19787756602,-1.21212243398,True
nucleophile class,0,C nucleophiles,0,main text,False,469,427,0.957590432143,2,context:3e7afe37372fff3f4fdc3bbb,IUPFPUMBFYRTHX,10.13,7.79735740026,-2.33264259974,True
nucleophile class,0,C nucleophiles,0,main text,False,469,427,0.957590432143,2,context:41b2ed804c01a7f92413a2cf,MMWSWKQEVOOIRK,27.57,26.3358478546,-1.23415214539,True
nucleophile class,0,C nucleophiles,0,main text,False,469,427,0.957590432143,2,context:42db5869004d81c1a52ebad7,XOQLIZBCINYJGM,9.23,9.14604759216,-0.0839524078369,True
nucleophile class,0,C nucleophiles,0,main text,False,469,427,0.957590432143,2,context:446e53c033990c82fcf7b976,AKTKDBVPMGVMEK,24.88,23.274307251,-1.60569274902,True
nucleophile class,0,C nucleophiles,0,main text,False,469,427,0.957590432143,2,context:48e9f5e974e428105d041719,MXZJWRWAEWKOIG,8.16,7.74939362208,-0.41060637792,True
nucleophile class,0,C nucleophiles,0,main text,False,469,427,0.957590432143,2,context:4d439533be11244cce3da968,WXVYOQGMPQQMIS,25.11,25.9747193654,0.864719365438,True
nucleophile class,0,C nucleophiles,0,main text,False,469,427,0.957590432143,2,context:50f0d6c871823b11bf78cfc2,BUJZXAPKHBWNII,19.9,18.0830993652,-1.81690063477,True
nucleophile class,0,C nucleophiles,0,main text,False,469,427,0.957590432143,2,context:5112f19c001d379698831625,CREBLIJIJKVBCB,3.96,3.51898670197,-0.441013298035,True
nucleophile class,0,C nucleophiles,0,main text,False,469,427,0.957590432143,2,context:51ea177825c49838904574d5,RVZZHMNHTWPCMU,14.99,16.3584734599,1.36847345988,True
nucleophile class,0,C nucleophiles,0,main text,False,469,427,0.957590432143,2,context:53797c1b7d71c07044448b9f,USZHELOKTTXIFV,18.81,17.7629311879,-1.04706881205,True
nucleophile class,0,C nucleophiles,0,main text,False,469,427,0.957590432143,2,context:54dd02aef1f52b94c2714920,UVGXNNJEGDSWFX,15.13,13.8162558873,-1.31374411265,True
nucleophile class,0,C nucleophiles,0,main text,False,469,427,0.957590432143,2,context:565487b1f7094b38c035d545,ASDHTSDNZLOXGY,14.48,18.4581241608,3.97812416077,False
nucleophile class,0,C nucleophiles,0,main text,False,469,427,0.957590432143,2,context:5af2252e4939252705a72bb2,QZHWOLKBXYORRO,14.07,13.5642887751,-0.505711224874,False
nucleophile class,0,C nucleophiles,0,main text,False,469,427,0.957590432143,2,context:5b8050265262069ad5270813,REJRONNJIQDQFN,5.38,3.04504172007,-2.33495827993,True
nucleophile class,0,C nucleophiles,0,main text,False,469,427,0.957590432143,2,context:5f4e649522c90e67881cc116,NFJPEKRRHIYYES,2.82,1.47408803304,-1.34591196696,True
nucleophile class,0,C nucleophiles,0,main text,False,469,427,0.957590432143,2,context:64939953b621c7c7cb393169,NUDSQBDHIMXRNA,13.63,14.138680776,0.50868077596,True
nucleophile class,0,C nucleophiles,0,main text,False,469,427,0.957590432143,2,context:64e28da22b1e435a51210097,SLGXUCXFODJWTG,25.39,22.9827391307,-2.40726086934,True
nucleophile class,0,C nucleophiles,0,main text,False,469,427,0.957590432143,2,context:679bc78b6b32212bb23f3c78,YPKBCLZFIYBSHK,6,5.72570912043,-0.274290879567,True
nucleophile class,0,C nucleophiles,0,main text,False,469,427,0.957590432143,2,context:68f6a3b8d2c8fa3e8b41c727,HSNZIGNSOMUKKC,10.97,7.83079338074,-3.13920661926,True
nucleophile class,0,C nucleophiles,0,main text,False,469,427,0.957590432143,2,context:6a34b6a2be7dfe10c15c9386,DWAQDRSOVMLGRQ,6.22,5.83879454931,-0.381205450694,True
nucleophile class,0,C nucleophiles,0,main text,False,469,427,0.957590432143,2,context:6e71df640e2f8adedc31a8f5,VNVFJBSQHSVSKZ,18.1,15.6194241842,-2.48057581584,True
nucleophile class,0,C nucleophiles,0,main text,False,469,427,0.957590432143,2,context:6fe48fbf9373793908993fab,FAGLEPBREOXSAC,5.47,14.0859899521,8.61598995209,False
nucleophile class,0,C nucleophiles,0,main text,False,469,427,0.957590432143,2,context:70955d9e7684f93163c1e983,RHIAGXPBZHFBGN,16.23,17.3472029368,1.11720293681,True
nucleophile class,0,C nucleophiles,0,main text,False,469,427,0.957590432143,2,context:70b4dc28810952dcec3faac5,KAANTNXREIRLCT,10.27,13.2895043691,3.0195043691,True
nucleophile class,0,C nucleophiles,0,main text,False,469,427,0.957590432143,2,context:71e02da28f2bec61b6ac756c,IDFJWCBXDQMLQC,7.32,6.81042289734,-0.509577102661,False
nucleophile class,0,C nucleophiles,0,main text,False,469,427,0.957590432143,2,context:72136ab184cd419687f617cd,MHIFCLKKYRCSOC,8.78,10.7560005188,1.9760005188,True
nucleophile class,0,C nucleophiles,0,main text,False,469,427,0.957590432143,2,context:746020d0fbfb9bb13b216cd6,QFPCZAFYDVWWCG,13.23,12.7359383901,-0.494061609904,True
nucleophile class,0,C nucleophiles,0,main text,False,469,427,0.957590432143,2,context:76a7d9329ee6f8156026d4e0,XOORIUBOZNFYHJ,13.91,14.1957832972,0.285783297221,True
nucleophile class,0,C nucleophiles,0,main text,False,469,427,0.957590432143,2,context:7803c048bdfd005702bba1bc,DZTFOBJTWGCIFC,8.52,9.14780934652,0.627809346517,True
nucleophile class,0,C nucleophiles,0,main text,False,469,427,0.957590432143,2,context:7842f6fbf83282e616295e55,YLHGVZFDDSZKPT,4.76,4.64006153742,-0.119938462575,True
nucleophile class,0,C nucleophiles,0,main text,False,469,427,0.957590432143,2,context:78c61474cb4dff81233ca673,CWFXWJSSDWTGBX,23,21.8076165517,-1.19238344828,True
nucleophile class,0,C nucleophiles,0,main text,False,469,427,0.957590432143,2,context:810fcac004a57fcba6af11b8,OWPIFQXNMLDXKW,1.68,3.2485888799,1.5685888799,True
nucleophile class,0,C nucleophiles,0,main text,False,469,427,0.957590432143,2,context:85f4ed8f65d424a893cc9782,FIXQBRDVPNLSGD,6.72,6.08257039388,-0.63742960612,True
nucleophile class,0,C nucleophiles,0,main text,False,469,427,0.957590432143,2,context:86556b9674232b242b1927ed,BHPRLMYARNVDRJ,14.4,15.681350708,1.28135070801,True
nucleophile class,0,C nucleophiles,0,main text,False,469,427,0.957590432143,2,context:86af89000ccd26647736ae7b,YDNZMDGXIHCQTN,5.44,5.59621016184,0.156210161845,True
nucleophile class,0,C nucleophiles,0,main text,False,469,427,0.957590432143,2,context:8ce88e5365ac7ac650375e0f,SBEMOANGDSSPJY,5.21,6.00973701477,0.799737014771,True
nucleophile class,0,C nucleophiles,0,main text,False,469,427,0.957590432143,2,context:8cf29dc6292198c59786653c,CRGRWBQSZSQVIE,9.35,8.25990152359,-1.09009847641,True
nucleophile class,0,C nucleophiles,0,main text,False,469,427,0.957590432143,2,context:8ff9e94d2964ca35be40c676,UOWLSDCDSBWIKH,20,19.611626943,-0.388373057048,True
nucleophile class,0,C nucleophiles,0,main text,False,469,427,0.957590432143,2,context:948c5b38641c55f67bed3337,MBLICBJGZXMESX,14.94,13.6934229533,-1.24657704671,True
nucleophile class,0,C nucleophiles,0,main text,False,469,427,0.957590432143,2,context:987ef593e9e5690bc3996291,AUYRUAVCWOAHQN,0.06,-0.433954874674,-0.493954874674,True
nucleophile class,0,C nucleophiles,0,main text,False,469,427,0.957590432143,2,context:98fe1640c509d2c4b261775b,TZEOAFPSARGQNA,23,20.1931056976,-2.80689430237,True
nucleophile class,0,C nucleophiles,0,main text,False,469,427,0.957590432143,2,context:9bb2f5c1c4490b310186e3de,MYTGFBZJLDLWQG,4.42,4.54626592,0.126265920003,True
nucleophile class,0,C nucleophiles,0,main text,False,469,427,0.957590432143,2,context:9f785c562aae8f92e0de3fa1,XWLLGMTXHZNRDQ,10.76,11.8446235657,1.08462356567,True
nucleophile class,0,C nucleophiles,0,main text,False,469,427,0.957590432143,2,context:9fefed71fdd0f52974ed70b8,NWBWEIOJMVYRIC,4.23,4.11591355006,-0.114086449941,True
nucleophile class,0,C nucleophiles,0,main text,False,469,427,0.957590432143,2,context:a1c76225b2c9bca7b1322eda,NKXWEDVASURZRA,11.77,11.86800162,0.0980016199748,True
nucleophile class,0,C nucleophiles,0,main text,False,469,427,0.957590432143,2,context:a1d5ce1cec0fd06dee016218,JUCGZPLNAFWVGZ,3.1,2.68014558156,-0.419854418437,True
nucleophile class,0,C nucleophiles,0,main text,False,469,427,0.957590432143,2,context:a536fb8677a55fd034074879,BTAXCDFJMGWYEI,6.19,5.41732549667,-0.772674503326,True
nucleophile class,0,C nucleophiles,0,main text,False,469,427,0.957590432143,2,context:a984d5aa9d24bdb86db5eb53,YHBRWJNSOXJBPT,15.58,17.6967919668,2.11679196676,True
nucleophile class,0,C nucleophiles,0,main text,False,469,427,0.957590432143,2,context:addf24db111a0821e907290d,CQCAYWAIRTVXIY,9.09,7.57886648178,-1.51113351822,False
nucleophile class,0,C nucleophiles,0,main text,False,469,427,0.957590432143,2,context:ae7b911a996c124cac8b7844,HCAPRCHZTKBBOP,6.21,5.46640968323,-0.743590316772,True
nucleophile class,0,C nucleophiles,0,main text,False,469,427,0.957590432143,2,context:aef16221caf7f7bf1a0301df,YZHDCNWZYODVJZ,17.46,17.1302318573,-0.3297681427,True
nucleophile class,0,C nucleophiles,0,main text,False,469,427,0.957590432143,2,context:b0cfba79726c8d599d23e382,SVTYLQPDIOFSTM,21.07,22.7340571086,1.66405710856,True
nucleophile class,0,C nucleophiles,0,main text,False,469,427,0.957590432143,2,context:b1328b5d36f5c3be2e5db37c,LRDAFFPMQTZPCG,6.46,7.19919331868,0.739193318685,True
nucleophile class,0,C nucleophiles,0,main text,False,469,427,0.957590432143,2,context:b1b67bef9b2f7e6fd34ba78a,YXBWPNOSJRJIKB,29.02,29.0494721731,0.029472173055,True
nucleophile class,0,C nucleophiles,0,main text,False,469,427,0.957590432143,2,context:b67d11ba358da98110502c9f,FMXIGEXRLSNRMR,1.97,1.5119228363,-0.458077163696,True
nucleophile class,0,C nucleophiles,0,main text,False,469,427,0.957590432143,2,context:bf5663cc95ff03d5452aa635,BHPRLMYARNVDRJ,15.33,15.2474323908,-0.0825676091512,True
nucleophile class,0,C nucleophiles,0,main text,False,469,427,0.957590432143,2,context:c39448a395855de821fcd261,XFTYGCGYGZSRHZ,5.35,4.98362938563,-0.36637061437,True
nucleophile class,0,C nucleophiles,0,main text,False,469,427,0.957590432143,2,context:c8287d3c54ac6549178c1236,LUNOXNMCFPFPMO,5.41,6.51680533091,1.10680533091,True
nucleophile class,0,C nucleophiles,0,main text,False,469,427,0.957590432143,2,context:cd049503ec5505139525a8b2,HYCVUSVTXXYRDT,7.92,8.6911611557,0.771161155701,True
nucleophile class,0,C nucleophiles,0,main text,False,469,427,0.957590432143,2,context:d4eb852c1bcd5b9137d6f6e8,PXUCISHGVVQCJJ,4.67,4.06908448537,-0.600915514628,True
nucleophile class,0,C nucleophiles,0,main text,False,469,427,0.957590432143,2,context:d5c0a0463e4c1077962b2cbe,RRHGJUQNOFWUDK,1.1,1.05369472504,-0.0463052749634,False
nucleophile class,0,C nucleophiles,0,main text,False,469,427,0.957590432143,2,context:d61c30493a2e6bc9b688b38c,PAQKPEIXPUQANL,17.52,17.7156035105,0.195603510539,True
nucleophile class,0,C nucleophiles,0,main text,False,469,427,0.957590432143,2,context:d6cf4e9145fd6bfe5337b41d,GVLZYMDNTPNTLV,15.59,14.7742033005,-0.815796699524,True
nucleophile class,0,C nucleophiles,0,main text,False,469,427,0.957590432143,2,context:d8b53025b889eeb4c93c7fcc,IPAFDBBZLFLLBK,7.98,4.18352444967,-3.79647555033,True
nucleophile class,0,C nucleophiles,0,main text,False,469,427,0.957590432143,2,context:dac66a4ec7be679abcde1df9,JXRIJOKAIPTVJM,18.74,19.0603116353,0.320311635335,True
nucleophile class,0,C nucleophiles,0,main text,False,469,427,0.957590432143,2,context:de5dc22f0de657af741a9a46,AGGWMMREWZMVCV,19.36,17.9952004751,-1.36479952494,True
nucleophile class,0,C nucleophiles,0,main text,False,469,427,0.957590432143,2,context:e3aeee7747d9e0b8098d1be7,QJAMTKNSLVOXAF,14.49,15.3381881714,0.848188171387,True
nucleophile class,0,C nucleophiles,0,main text,False,469,427,0.957590432143,2,context:e594f98f70ebe845b776bbaf,YRABRACUKBOTKB,8.69,8.92675940196,0.236759401957,True
nucleophile class,0,C nucleophiles,0,main text,False,469,427,0.957590432143,2,context:eb4610042d7de2f119b4ea1e,OZBUYKMVICLROK,12.51,13.2782147725,0.768214772542,True
nucleophile class,0,C nucleophiles,0,main text,False,469,427,0.957590432143,2,context:ec130964c1d513d7bc7eed85,VYZGUDWMCNUVCU,3.16,10.2156035105,7.05560351054,False
nucleophile class,0,C nucleophiles,0,main text,False,469,427,0.957590432143,2,context:ed98b693f762083339eea336,YHYLDEVWYOFIJK,2.83,4.50809192657,1.67809192657,True
nucleophile class,0,C nucleophiles,0,main text,False,469,427,0.957590432143,2,context:f30e230f60072bfee504d1de,DOSUFOHMKYVOEX,7.15,7.77301708857,0.623017088572,True
nucleophile class,0,C nucleophiles,0,main text,False,469,427,0.957590432143,2,context:f321c3aa8a60b34231f3f831,XGWUPYJCHCOOMU,4.06,7.21841287613,3.15841287613,False
nucleophile class,0,C nucleophiles,0,main text,False,469,427,0.957590432143,2,context:f567361183388faaac3df689,KCBNBKKOFYQYKM,19.15,20.7657845815,1.6157845815,True
nucleophile class,0,C nucleophiles,0,main text,False,469,427,0.957590432143,2,context:fbcca05b36a0f0897f6b9618,CAUJWSPJKGGYDW,4.57,4.05583413442,-0.51416586558,True
nucleophile class,0,C nucleophiles,0,main text,False,469,427,0.957590432143,2,context:fd81e382acc48c2942093435,QFPCZAFYDVWWCG,16.96,17.0124104818,0.0524104817708,True
nucleophile class,0,C nucleophiles,0,main text,False,469,427,0.957590432143,3,context:00c1006666a6ee0580579003,KMVZWUQHMJAWSY,-0.57,0.905666987101,1.4756669871,True
nucleophile class,0,C nucleophiles,0,main text,False,469,427,0.957590432143,3,context:06e417c082fcf3b3a8457721,IIQFBBQJYPGOHJ,11.4,13.2254021962,1.82540219625,True
nucleophile class,0,C nucleophiles,0,main text,False,469,427,0.957590432143,3,context:0a24a04e9009b2f0a36f3ab2,VAPOFMGACKUWCI,13.41,14.1306470235,0.720647023519,True
nucleophile class,0,C nucleophiles,0,main text,False,469,427,0.957590432143,3,context:0a6218a0296b67837b6b9a1b,PRLWTCJLCYVORV,1.95,6.45135052999,4.50135052999,True
nucleophile class,0,C nucleophiles,0,main text,False,469,427,0.957590432143,3,context:0ab42d91f53ee6c83637eb61,MNQRNWDJCMKRJG,21.36,21.2932122548,-0.0667877451579,True
nucleophile class,0,C nucleophiles,0,main text,False,469,427,0.957590432143,3,context:0dbeb1ab2afe14a28401bd4a,ZRRVZQSGSIASQR,6.98,7.20630741119,0.226307411194,True
nucleophile class,0,C nucleophiles,0,main text,False,469,427,0.957590432143,3,context:12a747e3f94e5635a344ed7f,FRVMBCZVEPYCTA,19.23,19.8555577596,0.625557759603,True
nucleophile class,0,C nucleophiles,0,main text,False,469,427,0.957590432143,3,context:13a61c03d54b5ce8cd100d5d,LRLGEWICBZWMKM,19.69,17.3618799845,-2.32812001546,True
nucleophile class,0,C nucleophiles,0,main text,False,469,427,0.957590432143,3,context:15c870458dfc37c9dbfe424f,DTGNHQQWMBBUMN,9.94,10.5725755692,0.632575569153,True
nucleophile class,0,C nucleophiles,0,main text,False,469,427,0.957590432143,3,context:1a398883d0e1913280db6274,QPGRQOPOFHBWCT,4.63,7.86776129405,3.23776129405,True
nucleophile class,0,C nucleophiles,0,main text,False,469,427,0.957590432143,3,context:1a973174cc5853b1716a3d34,AKBVCJHFENPJAC,7.1,7.40595181783,0.30595181783,True
nucleophile class,0,C nucleophiles,0,main text,False,469,427,0.957590432143,3,context:1e8484b529709735e9a3a718,CUFNKYGDVFVPHO,6.66,6.56295824051,-0.097041759491,False
nucleophile class,0,C nucleophiles,0,main text,False,469,427,0.957590432143,3,context:204f52ee8fcdd4d29b0a1f62,IENZCGNHSIMFJE,3.97,3.33344491323,-0.636555086772,True
nucleophile class,0,C nucleophiles,0,main text,False,469,427,0.957590432143,3,context:23a0d9198dfa8cc8d477f985,ARKOCDVCEWZODQ,7.68,7.21107451121,-0.46892548879,True
nucleophile class,0,C nucleophiles,0,main text,False,469,427,0.957590432143,3,context:26559375cf94c91a04ba6dc5,ONDSBJMLAHVLMI,8.97,7.61969566345,-1.35030433655,True
nucleophile class,0,C nucleophiles,0,main text,False,469,427,0.957590432143,3,context:27709a8218cae0b06af021a4,AZQJMOSEBVCAFB,7.06,7.72714487712,0.667144877116,True
nucleophile class,0,C nucleophiles,0,main text,False,469,427,0.957590432143,3,context:298de7c90e2b5d3ebda60b7b,DPZNOMCNRMUKPS,2.48,2.45399665833,-0.0260033416748,True
nucleophile class,0,C nucleophiles,0,main text,False,469,427,0.957590432143,3,context:2bb2d87993fd2f6b131da5a4,BINFMIKPPPUPAO,24.86,26.4601993561,1.60019935608,True
nucleophile class,0,C nucleophiles,0,main text,False,469,427,0.957590432143,3,context:2f31279786c48aca2b251ab3,FBQURXLBJJNDBX,3.12,4.96036815643,1.84036815643,True
nucleophile class,0,C nucleophiles,0,main text,False,469,427,0.957590432143,3,context:319b681f1f3f0e45bed545f1,ROCZJWMPGISRQB,12.34,11.11804835,-1.22195164998,True
nucleophile class,0,C nucleophiles,0,main text,False,469,427,0.957590432143,3,context:327cf6803eadfa6ebca46695,ROCZJWMPGISRQB,12.56,11.1975498199,-1.36245018005,True
nucleophile class,0,C nucleophiles,0,main text,False,469,427,0.957590432143,3,context:338c8cf49fa5ef512ef88209,SBLRFBKQSSXEII,19.92,20.4769026438,0.55690264384,True
nucleophile class,0,C nucleophiles,0,main text,False,469,427,0.957590432143,3,context:33f8963636f15518878e4814,BPFJZNDCLIJVHI,22.6,22.5809415181,-0.0190584818522,True
nucleophile class,0,C nucleophiles,0,main text,False,469,427,0.957590432143,3,context:34479984a05c7593b128b575,YRPAQTVBOLAERV,6.3,6.85386451085,0.553864510854,True
nucleophile class,0,C nucleophiles,0,main text,False,469,427,0.957590432143,3,context:3bba208775a42cc144b1edbc,LWCASYBTPPNMOQ,4.61,4.18278519313,-0.427214806875,True
nucleophile class,0,C nucleophiles,0,main text,False,469,427,0.957590432143,3,context:3ce05d23e14b436283744601,XJXQQBZHPCSDER,8.92,7.96635230382,-0.953647696177,True
nucleophile class,0,C nucleophiles,0,main text,False,469,427,0.957590432143,3,context:3eaf9e4413ace510fb7f9c8a,CGJVMOPWJILVLF,14.24,15.3382342656,1.09823426565,True
nucleophile class,0,C nucleophiles,0,main text,False,469,427,0.957590432143,3,context:3f01be5be1d0186e2fea0e8f,HIHAXAWWHPHLKU,2.81,4.30995750427,1.49995750427,True
nucleophile class,0,C nucleophiles,0,main text,False,469,427,0.957590432143,3,context:406afa70a50991af07988d54,GUCCFDCVUOWKND,4.23,3.07558790843,-1.15441209157,True
nucleophile class,0,C nucleophiles,0,main text,False,469,427,0.957590432143,3,context:500613401f28b4b0952c000d,VKCPVXCYHWANEC,17.29,17.2631759644,-0.0268240356445,True
nucleophile class,0,C nucleophiles,0,main text,False,469,427,0.957590432143,3,context:510c63b2ddfe45b4192e31c1,BWWCSQTYPABWBT,15.33,14.6205005646,-0.709499435425,True
nucleophile class,0,C nucleophiles,0,main text,False,469,427,0.957590432143,3,context:5442b0e9024093d2c98c3080,DSPAGGVPWBWMBP,18.67,18.827554067,0.157554066976,True
nucleophile class,0,C nucleophiles,0,main text,False,469,427,0.957590432143,3,context:578b91828446432b17d2d32f,WUVWAXJXPRYUME,6.08,5.62330961227,-0.456690387726,True
nucleophile class,0,C nucleophiles,0,main text,False,469,427,0.957590432143,3,context:63317bca6cd5cae44a1d622b,SNBCZNABMJUYMS,19.23,18.6890017192,-0.540998280843,True
nucleophile class,0,C nucleophiles,0,main text,False,469,427,0.957590432143,3,context:63768c6bb77df83e92226c73,HSRPLROZBPXWIY,30.25,28.6686471303,-1.58135286967,True
nucleophile class,0,C nucleophiles,0,main text,False,469,427,0.957590432143,3,context:65c08bb1e80a3627646c0ced,IANGWLHLGYIGEL,10.63,10.9633000692,0.333300069173,True
nucleophile class,0,C nucleophiles,0,main text,False,469,427,0.957590432143,3,context:660926094fbfaa917710f4d4,XWVMHHKVOZLYQQ,23.64,24.8226178487,1.18261784871,True
nucleophile class,0,C nucleophiles,0,main text,False,469,427,0.957590432143,3,context:66a203c41d748f0dbb9884b3,SYFJKBMUTRSQMS,17.46,15.1840858459,-2.27591415405,True
nucleophile class,0,C nucleophiles,0,main text,False,469,427,0.957590432143,3,context:6ca49dd3e58cf3ece1828586,RTAVABBUANOMOB,6.49,7.46541150411,0.97541150411,True
nucleophile class,0,C nucleophiles,0,main text,False,469,427,0.957590432143,3,context:6f179f777671ea16f97d3411,JAECFOXREFJWIQ,26.9,27.8745708466,0.974570846558,True
nucleophile class,0,C nucleophiles,0,main text,False,469,427,0.957590432143,3,context:72f1954993f4e7c8534b029c,HOKIBTXDUCLZQR,15.85,16.098338445,0.248338445028,True
nucleophile class,0,C nucleophiles,0,main text,False,469,427,0.957590432143,3,context:73feb99f4e6b4ddbd88ec1a7,YKHWTRUFZHTBMJ,24.3,23.1734555562,-1.12654444377,True
nucleophile class,0,C nucleophiles,0,main text,False,469,427,0.957590432143,3,context:747e9b73428e74177ffb857a,XTPVMJZCDLGELL,15.99,14.9010429382,-1.08895706177,True
nucleophile class,0,C nucleophiles,0,main text,False,469,427,0.957590432143,3,context:7570ecd2c3bbd68836b63493,GWWFMBNBRVZBPC,6.68,1.99508635203,-4.68491364797,False
nucleophile class,0,C nucleophiles,0,main text,False,469,427,0.957590432143,3,context:75b4fd93c019deb5a01c69a9,IAQRGUVFOMOMEM,-2.44,-0.604225476583,1.83577452342,True
nucleophile class,0,C nucleophiles,0,main text,False,469,427,0.957590432143,3,context:75c98a4330ae1af2e4b9d3f8,LDWDMHUVQVGZOX,5.16,3.02172470093,-2.13827529907,True
nucleophile class,0,C nucleophiles,0,main text,False,469,427,0.957590432143,3,context:7dcccb2e6906ee18d7b7a0bf,YXFVVABEGXRONW,-4.36,-2.63242212931,1.72757787069,False
nucleophile class,0,C nucleophiles,0,main text,False,469,427,0.957590432143,3,context:7e668643a74ae47e7d41748f,OHYUGAGDOHRBPX,15.97,15.5629240672,-0.407075932821,True
nucleophile class,0,C nucleophiles,0,main text,False,469,427,0.957590432143,3,context:8091521933b80d1d2bcb055b,DJBNGARJVCYIMQ,6.5,8.86623255412,2.36623255412,False
nucleophile class,0,C nucleophiles,0,main text,False,469,427,0.957590432143,3,context:84078208c008c047b25acf64,YERBBVNYIKLXDM,11.25,11.2072512309,-0.0427487691243,True
nucleophile class,0,C nucleophiles,0,main text,False,469,427,0.957590432143,3,context:8714bd2dca42ece385720228,WVBWWBNJMBVGNG,8.13,7.85044733683,-0.279552663167,True
nucleophile class,0,C nucleophiles,0,main text,False,469,427,0.957590432143,3,context:87908d0dc6a3a19f1ab7b04a,YERBBVNYIKLXDM,22.21,18.6106115977,-3.5993884023,True
nucleophile class,0,C nucleophiles,0,main text,False,469,427,0.957590432143,3,context:8a7ef30a23323e8945cc9794,QVOVAPDFMDEZJZ,10.21,9.87249056498,-0.337509435018,True
nucleophile class,0,C nucleophiles,0,main text,False,469,427,0.957590432143,3,context:8ba2d320c3b6827037459f01,VJGBJVIKLSPWJY,7.67,7.17176580429,-0.498234195709,False
nucleophile class,0,C nucleophiles,0,main text,False,469,427,0.957590432143,3,context:900e0ef528d122743759721d,KFTADSJYQHFUKZ,20.02,21.0969708761,1.07697087606,True
nucleophile class,0,C nucleophiles,0,main text,False,469,427,0.957590432143,3,context:91c341b607fd8bb66bfb35b4,PYQMBKPWEPUANG,3,4.05270735423,1.05270735423,True
nucleophile class,0,C nucleophiles,0,main text,False,469,427,0.957590432143,3,context:9577da62c06995023c463936,YXZRFWIVBXHTBE,7.32,5.45527839661,-1.86472160339,True
nucleophile class,0,C nucleophiles,0,main text,False,469,427,0.957590432143,3,context:982b6372a6e0963fa3349f82,YVDVSJFCKBIGDL,11.85,8.48259385427,-3.36740614573,True
nucleophile class,0,C nucleophiles,0,main text,False,469,427,0.957590432143,3,context:a6ae47f323efa3e6a6ecd529,AZQJMOSEBVCAFB,7.74,7.96181329091,0.221813290914,True
nucleophile class,0,C nucleophiles,0,main text,False,469,427,0.957590432143,3,context:a6b771105ca338023cde458a,WVBWWBNJMBVGNG,8.12,8.02758566538,-0.0924143346151,True
nucleophile class,0,C nucleophiles,0,main text,False,469,427,0.957590432143,3,context:a92d0aa3a11b4e464645e329,KAESVJOAVNADME,4.63,5.61727666855,0.987276668549,True
nucleophile class,0,C nucleophiles,0,main text,False,469,427,0.957590432143,3,context:aad56734dc6233eba8f81f7d,BGCWDXXJMUHZHE,7.65,6.04488627116,-1.60511372884,True
nucleophile class,0,C nucleophiles,0,main text,False,469,427,0.957590432143,3,context:acdfdd2ff1742eb7efc5f7a8,ZMPUERSSNVHHJM,4.01,4.07931693395,0.0693169339498,True
nucleophile class,0,C nucleophiles,0,main text,False,469,427,0.957590432143,3,context:b341dc1bd2106af80f2da057,OWWIWYDDISJUMY,0.65,-0.0198599497477,-0.669859949748,True
nucleophile class,0,C nucleophiles,0,main text,False,469,427,0.957590432143,3,context:b3a275786bb7f842b880c170,SIKJAQJRHWYJAI,5.55,4.58699766795,-0.963002332052,True
nucleophile class,0,C nucleophiles,0,main text,False,469,427,0.957590432143,3,context:b44b93b78777b9b06d72907a,YAYTYCFOMPKBLT,19.5,12.9146881104,-6.58531188965,True
nucleophile class,0,C nucleophiles,0,main text,False,469,427,0.957590432143,3,context:b7e1139870fe9139d0577224,LRLGEWICBZWMKM,19.91,20.6079953512,0.697995351156,True
nucleophile class,0,C nucleophiles,0,main text,False,469,427,0.957590432143,3,context:bda4a8efd0a6071173148caf,MZRSAJZDYIISJW,9.54,10.5016638438,0.961663843791,True
nucleophile class,0,C nucleophiles,0,main text,False,469,427,0.957590432143,3,context:bf8585ddd47f6b23a6dfb659,YLQBMQCUIZJEEH,1.33,0.938037236532,-0.391962763468,True
nucleophile class,0,C nucleophiles,0,main text,False,469,427,0.957590432143,3,context:c39a3b2388910651eb46e771,CSFAVKFWVDJVAR,9.64,9.10244083405,-0.537559165955,True
nucleophile class,0,C nucleophiles,0,main text,False,469,427,0.957590432143,3,context:c5ab4fbff33ea1c23ed1a668,YAYTYCFOMPKBLT,19.36,18.3006928762,-1.05930712382,True
nucleophile class,0,C nucleophiles,0,main text,False,469,427,0.957590432143,3,context:c6871fd1a2609465bc08b9ff,IUFWLBQYLXTUFY,10.38,8.84001572927,-1.53998427073,True
nucleophile class,0,C nucleophiles,0,main text,False,469,427,0.957590432143,3,context:c717312c7fe3cd46f5294a98,GCHPDOOMYGOBOI,1.85,2.29420757294,0.444207572937,True
nucleophile class,0,C nucleophiles,0,main text,False,469,427,0.957590432143,3,context:c929963fdc06b138006e5312,LLAIMYGLOIRRGL,12.02,14.1306196849,2.11061968486,True
nucleophile class,0,C nucleophiles,0,main text,False,469,427,0.957590432143,3,context:d1f97a98cb5a25be406a8195,XTPVMJZCDLGELL,18.82,18.4842650096,-0.335734990438,True
nucleophile class,0,C nucleophiles,0,main text,False,469,427,0.957590432143,3,context:d4780e321293e26a4a497619,MVUMJYQUKKUOHO,9.43,9.45534420013,0.0253442001343,False
nucleophile class,0,C nucleophiles,0,main text,False,469,427,0.957590432143,3,context:d9562f42b5877daf1cc02d8d,BJMUOUXGBFNLSN,6.54,6.8552330335,0.315233033498,True
nucleophile class,0,C nucleophiles,0,main text,False,469,427,0.957590432143,3,context:daf0907985231c6efeca64e8,UAIFZYSPVVBOPN,5.41,5.12601915995,-0.283980840047,True
nucleophile class,0,C nucleophiles,0,main text,False,469,427,0.957590432143,3,context:dbb2b7aa0524286e51014716,UBCOTVOUIYQRDQ,17.19,16.2728830973,-0.917116902669,True
nucleophile class,0,C nucleophiles,0,main text,False,469,427,0.957590432143,3,context:dc62c3a7eb79716791382b52,IUHHODLEEGNQCK,0.16,0.0974626541138,-0.0625373458862,True
nucleophile class,0,C nucleophiles,0,main text,False,469,427,0.957590432143,3,context:dcec0d5191af8ca31753e7ff,RJARUKHEHLEIMS,15.93,16.3516419729,0.42164197286,True
nucleophile class,0,C nucleophiles,0,main text,False,469,427,0.957590432143,3,context:ddcdb6bd7f3df6e91f5d8652,ZFLFWZRPMDXJCW,7.22,6.96190373103,-0.258096268972,True
nucleophile class,0,C nucleophiles,0,main text,False,469,427,0.957590432143,3,context:df10f25647cc5e1526092073,CHDOLVPDVFKCKP,10.32,10.2630726496,-0.0569273503621,True
nucleophile class,0,C nucleophiles,0,main text,False,469,427,0.957590432143,3,context:df4a5feae3fda103be3d480a,IRCZONILFAZELT,7.66,8.41655572255,0.756555722555,True
nucleophile class,0,C nucleophiles,0,main text,False,469,427,0.957590432143,3,context:e087b743f12113f78646f735,YERBBVNYIKLXDM,21.54,19.9788118998,-1.56118810018,True
nucleophile class,0,C nucleophiles,0,main text,False,469,427,0.957590432143,3,context:e2d071d237cecc852b1a0c6f,JMXPLMBSBMEJNB,27.54,27.1524537404,-0.387546259562,True
nucleophile class,0,C nucleophiles,0,main text,False,469,427,0.957590432143,3,context:e3e7cd05eef9b734b558fd7a,RRKDQZVVBXLBDC,8.23,7.74735879898,-0.482641201019,True
nucleophile class,0,C nucleophiles,0,main text,False,469,427,0.957590432143,3,context:e6ff6b0b2d0e3769c13a548c,QNLJVGMVNHDIKM,2.04,2.20329380035,0.163293800354,True
nucleophile class,0,C nucleophiles,0,main text,False,469,427,0.957590432143,3,context:f28ec5da63392e1651687bce,NWSWKDROXITUOW,8.56,9.62179629008,1.06179629008,True
nucleophile class,0,C nucleophiles,0,main text,False,469,427,0.957590432143,3,context:fae015fae1f808d3fa919340,PEHJULPJEVIIFJ,3.78,3.54644552867,-0.233554471334,True
nucleophile class,0,C nucleophiles,0,main text,False,469,427,0.957590432143,3,context:fb1a5b3581ec7dcfb5223458,PPBRXRYQALVLMV,0.78,0.801873842875,0.0218738428752,True
nucleophile class,0,C nucleophiles,0,main text,False,469,427,0.957590432143,3,context:fb79cf9c01dfd62ac3953c15,CILSZJRLZHUMTE,6.83,6.16106065114,-0.668939348857,False
nucleophile class,0,C nucleophiles,0,main text,False,469,427,0.957590432143,3,context:fdcac9dbfcf4bd78441f9690,LXYZBHWFQIWZLM,9.25,9.72943814596,0.479438145955,True
nucleophile class,0,C nucleophiles,0,main text,False,469,427,0.957590432143,3,context:ff0e6840c6876bdb13e2cc35,XFXPMWWXUTWYJX,16.27,18.3662166595,2.09621665955,False
nucleophile class,0,C nucleophiles,0,main text,False,469,427,0.957590432143,3,context:ff156dbe306c9fdc1fc5b061,DFPLUISJTGAKGA,17.8,20.6801586151,2.88015861511,True
nucleophile class,0,C nucleophiles,0,main text,False,469,427,0.957590432143,4,context:044c3fdae3c6e4b58c939351,WDUAYVHCYGZARQ,12.26,9.51287587484,-2.74712412516,True
nucleophile class,0,C nucleophiles,0,main text,False,469,427,0.957590432143,4,context:0cf9bfdf8a025b9f32ccd1b8,IIHPVYJPDKJYOU,12.79,11.1853024165,-1.60469758352,True
nucleophile class,0,C nucleophiles,0,main text,False,469,427,0.957590432143,4,context:0e29d880a226d2484b344ebf,WBXRIHAXVFNDKL,7.06,6.54484971364,-0.515150286357,True
nucleophile class,0,C nucleophiles,0,main text,False,469,427,0.957590432143,4,context:116730390e688e83e8b0ead8,SWSBEBHRHKHUHH,15.06,13.4966306686,-1.56336933136,True
nucleophile class,0,C nucleophiles,0,main text,False,469,427,0.957590432143,4,context:119199d1f38aa9ae820bce0b,ITLHXEGAYQFOHJ,5.29,7.09977499644,1.80977499644,True
nucleophile class,0,C nucleophiles,0,main text,False,469,427,0.957590432143,4,context:155b7737490818b7ec7621e4,WWUVJRULCWHUSA,0.84,0.876082102458,0.0360821024577,True
nucleophile class,0,C nucleophiles,0,main text,False,469,427,0.957590432143,4,context:181eadcc084fe8c56dfb3e6b,MXYLLYBWXIUMIT,1.89,2.05902989705,0.169029897054,True
nucleophile class,0,C nucleophiles,0,main text,False,469,427,0.957590432143,4,context:1951c08c108b1fc6ff4c4a97,XUMYXWQECJOOTL,17.33,17.1325009664,-0.19749903361,True
nucleophile class,0,C nucleophiles,0,main text,False,469,427,0.957590432143,4,context:1956d5b680049141c56b22a0,ZBJDBFWPAOORHG,13.91,15.7834424973,1.87344249725,True
nucleophile class,0,C nucleophiles,0,main text,False,469,427,0.957590432143,4,context:1be4ef156924130179fc849b,VQKFNUFAXTZWDK,3.61,2.71033573151,-0.899664268494,True
nucleophile class,0,C nucleophiles,0,main text,False,469,427,0.957590432143,4,context:2227e91f71b84c9827a2db9f,XDTNJCHVNRPULS,10.19,10.6776660283,0.487666028341,True
nucleophile class,0,C nucleophiles,0,main text,False,469,427,0.957590432143,4,context:225c2e58862e9a974965867f,KGANXKJXGWZHIT,19.38,17.9903303782,-1.38966962179,True
nucleophile class,0,C nucleophiles,0,main text,False,469,427,0.957590432143,4,context:22ab4d7e6a8daad7c4923d83,BUDQDWGNQVEFAC,2.98,4.814412117,1.834412117,True
nucleophile class,0,C nucleophiles,0,main text,False,469,427,0.957590432143,4,context:241b2f4e6f4b8f02767793f0,VXWVFZFZYXOBTA,4.38,4.90787792206,0.527877922058,True
nucleophile class,0,C nucleophiles,0,main text,False,469,427,0.957590432143,4,context:291acfb63dedd7ff4481b001,URBDFHBJUSYZIR,15.24,15.9703725179,0.730372517904,True
nucleophile class,0,C nucleophiles,0,main text,False,469,427,0.957590432143,4,context:29aee7eff81b55c913860d35,IVJPPXLWFDRDRE,5.53,7.15042066574,1.62042066574,True
nucleophile class,0,C nucleophiles,0,main text,False,469,427,0.957590432143,4,context:2c364065df30f1f0d57b3c45,UBMYYGXGMPGCBO,6.57,5.45990101496,-1.11009898504,True
nucleophile class,0,C nucleophiles,0,main text,False,469,427,0.957590432143,4,context:2d30b422fff296f981311fc8,ZCPWZUGSUPGMLC,21.5,21.4663016001,-0.0336983998617,True
nucleophile class,0,C nucleophiles,0,main text,False,469,427,0.957590432143,4,context:2e5d770353ceaf58fad6fa91,QLXMOFWIKWAQBW,20.08,18.7394860586,-1.34051394145,True
nucleophile class,0,C nucleophiles,0,main text,False,469,427,0.957590432143,4,context:2e785db4025d7ab418f31788,AWUJBJHPBXFVFC,15.6,17.8337885539,2.23378855387,True
nucleophile class,0,C nucleophiles,0,main text,False,469,427,0.957590432143,4,context:3101f3fe5be1e24229df0064,JVZMNODVCGXDQK,15.07,15.69267718,0.622677179972,True
nucleophile class,0,C nucleophiles,0,main text,False,469,427,0.957590432143,4,context:39653e600f34144a92f6b452,TWPRBLNPCZWJLZ,10.42,9.09074370066,-1.32925629934,True
nucleophile class,0,C nucleophiles,0,main text,False,469,427,0.957590432143,4,context:3c66a16770b2cb1b94a7ebae,AJZBTMWQSPSMEQ,17.98,19.1188519796,1.13885197957,True
nucleophile class,0,C nucleophiles,0,main text,False,469,427,0.957590432143,4,context:3db36efd12f185c1e1b9c3cf,FMXOEQQPVONPBU,12.06,12.3883330027,0.328333002726,True
nucleophile class,0,C nucleophiles,0,main text,False,469,427,0.957590432143,4,context:3e0d248cdfa07d800f514dcf,WZSFKEHHXXHHIV,2.87,2.01779270172,-0.852207298279,True
nucleophile class,0,C nucleophiles,0,main text,False,469,427,0.957590432143,4,context:44214978ea544d1e7e3dd18f,NCTNEXWAKFHINX,19.62,20.0419750214,0.421975021362,True
nucleophile class,0,C nucleophiles,0,main text,False,469,427,0.957590432143,4,context:4451a262025356e75838f9eb,YULMNMJFAZWLLN,1.16,2.39258003235,1.23258003235,True
nucleophile class,0,C nucleophiles,0,main text,False,469,427,0.957590432143,4,context:454b04023bcf2bec6706f660,LEOBAJICZUMTJB,28.95,28.0994885763,-0.850511423747,True
nucleophile class,0,C nucleophiles,0,main text,False,469,427,0.957590432143,4,context:4699714a5eb4d444399b5b6e,IPPUNPCBOKIQJE,18,18.9757563273,0.975756327311,True
nucleophile class,0,C nucleophiles,0,main text,False,469,427,0.957590432143,4,context:478bd7b56ed64fd0b513e7f7,KTZNVZJECQAMBV,16.42,14.4667043686,-1.95329563141,True
nucleophile class,0,C nucleophiles,0,main text,False,469,427,0.957590432143,4,context:50161f39a923507aee20a59a,LLPWGHLVUPBSLP,1.72,1.46721394857,-0.252786051432,True
nucleophile class,0,C nucleophiles,0,main text,False,469,427,0.957590432143,4,context:568fb4fdb90b44d677b0cb6a,MRHSGZMVLDOZCK,20.61,24.0672887166,3.45728871663,True
nucleophile class,0,C nucleophiles,0,main text,False,469,427,0.957590432143,4,context:5797e898876334cc21fbbe54,JJIGRMWSNCMAIW,18.31,18.6023604075,0.292360407511,True
nucleophile class,0,C nucleophiles,0,main text,False,469,427,0.957590432143,4,context:5ece031e8c879cfb428322ee,MXYLLYBWXIUMIT,1.75,1.77707004547,0.0270700454712,True
nucleophile class,0,C nucleophiles,0,main text,False,469,427,0.957590432143,4,context:629276fce561f2fef1ddf3b6,FUHMXNCIWUEEOS,25.59,26.5092080434,0.919208043416,True
nucleophile class,0,C nucleophiles,0,main text,False,469,427,0.957590432143,4,context:6568b26e7ebabffeefabce67,PAFMWEOWHZKACA,13.84,13.045033137,-0.794966862996,True
nucleophile class,0,C nucleophiles,0,main text,False,469,427,0.957590432143,4,context:67a77a88e7d690bd1deb7c15,NCTNEXWAKFHINX,15.57,17.757575353,2.18757535299,True
nucleophile class,0,C nucleophiles,0,main text,False,469,427,0.957590432143,4,context:67d69a6a20e197ae30cd76a6,JJIGRMWSNCMAIW,13.09,12.535033226,-0.554966773987,True
nucleophile class,0,C nucleophiles,0,main text,False,469,427,0.957590432143,4,context:67ed750647d1b6e29959fb35,BPRJSWGFGAQRNA,4.98,4.71654081345,-0.263459186554,True
nucleophile class,0,C nucleophiles,0,main text,False,469,427,0.957590432143,4,context:6a55096855f9d314610762f9,FMXOEQQPVONPBU,20.71,19.8489875793,-0.861012420654,True
nucleophile class,0,C nucleophiles,0,main text,False,469,427,0.957590432143,4,context:6b3a4fe7dab8125f230c7fbe,KHVMRHHPMYLEGH,11.6,10.9456427892,-0.654357210795,True
nucleophile class,0,C nucleophiles,0,main text,False,469,427,0.957590432143,4,context:6e6a401dc25bcdce382c3515,PTTODLHIQLXZIF,22.3,22.2331473033,-0.0668526967367,True
nucleophile class,0,C nucleophiles,0,main text,False,469,427,0.957590432143,4,context:72e318a245b638a2d745748e,UFAZHCVBGMSJHS,-1.24,-0.145904223124,1.09409577688,True
nucleophile class,0,C nucleophiles,0,main text,False,469,427,0.957590432143,4,context:75e95e2e33934b2c5f7b131e,PZJPNKKRMNFDQJ,1.53,2.84693050385,1.31693050385,True
nucleophile class,0,C nucleophiles,0,main text,False,469,427,0.957590432143,4,context:76540b6c6f40cc9b064b707d,HTTSVXZDXSLAOJ,3.12,6.57186222076,3.45186222076,False
nucleophile class,0,C nucleophiles,0,main text,False,469,427,0.957590432143,4,context:80c62a65950944463324a6e4,APISVOVOJVZIBA,12.29,11.5420916875,-0.74790831248,True
nucleophile class,0,C nucleophiles,0,main text,False,469,427,0.957590432143,4,context:83fe2f12e40d758f4bbca968,WPNCPIASBHXNGM,20.6,19.0747337341,-1.52526626587,True
nucleophile class,0,C nucleophiles,0,main text,False,469,427,0.957590432143,4,context:843c178340fd63ad343a3c47,CUJRVFIICFDLGR,13.73,13.764805158,0.0348051579793,True
nucleophile class,0,C nucleophiles,0,main text,False,469,427,0.957590432143,4,context:865f5a7635708883246d8bf1,WDUAYVHCYGZARQ,12.06,11.0034939448,-1.0565060552,True
nucleophile class,0,C nucleophiles,0,main text,False,469,427,0.957590432143,4,context:872dfd150b2fd5afb606c011,ZDYBRMAFPIENJI,13.79,13.7512820562,-0.0387179438273,True
nucleophile class,0,C nucleophiles,0,main text,False,469,427,0.957590432143,4,context:8baf7fbf7f5e8af64f3161f7,SHALBPKEGDBVKK,8.57,3.78405300776,-4.78594699224,False
nucleophile class,0,C nucleophiles,0,main text,False,469,427,0.957590432143,4,context:908222a6672bc8229b37a507,MRHSGZMVLDOZCK,10.69,14.2897326152,3.59973261515,True
nucleophile class,0,C nucleophiles,0,main text,False,469,427,0.957590432143,4,context:944072cce1db1a5f567633e3,MNGYXDOGPIDUNU,7.17,6.49540599187,-0.674594008128,True
nucleophile class,0,C nucleophiles,0,main text,False,469,427,0.957590432143,4,context:987ce259e39ed9ec685429ef,CAUIWDWUUCGKBV,5.06,7.08118136724,2.02118136724,True
nucleophile class,0,C nucleophiles,0,main text,False,469,427,0.957590432143,4,context:9af3a95a5611635d99920a65,VIOQQUSQVGNIQC,11.2,9.31604957581,-1.88395042419,True
nucleophile class,0,C nucleophiles,0,main text,False,469,427,0.957590432143,4,context:9c19cee5d8f60f804f9c5b91,FTXCTXYJXIABGR,10.52,11.9347254435,1.41472544352,True
nucleophile class,0,C nucleophiles,0,main text,False,469,427,0.957590432143,4,context:9c997554fdf4fad80265fdf8,ZASBNSNNQWRELF,5.17,4.47228988012,-0.697710119883,True
nucleophile class,0,C nucleophiles,0,main text,False,469,427,0.957590432143,4,context:9dc1eeeb0b20d8056a03e03e,UEXCJVNBTNXOEH,-0.04,4.68994140625,4.72994140625,False
nucleophile class,0,C nucleophiles,0,main text,False,469,427,0.957590432143,4,context:9e7cf3336b86869f1bc12272,LSMWOQFDLBIYPM,23.35,17.7914600372,-5.55853996277,True
nucleophile class,0,C nucleophiles,0,main text,False,469,427,0.957590432143,4,context:a4b8e257361a99613adba8ca,FBWBURVAZWBHPX,18.63,18.1510982513,-0.478901748657,True
nucleophile class,0,C nucleophiles,0,main text,False,469,427,0.957590432143,4,context:acf2c5905677cf2f89a96d34,KZENFXVDPUMQOE,13.09,12.1203123728,-0.969687627157,True
nucleophile class,0,C nucleophiles,0,main text,False,469,427,0.957590432143,4,context:b18b61bf4f28669b2647f937,YMXWEGBWDPMVRJ,2.87,4.21820751826,1.34820751826,True
nucleophile class,0,C nucleophiles,0,main text,False,469,427,0.957590432143,4,context:b584b746a569e09329873f46,CUJRVFIICFDLGR,17.64,17.2393779755,-0.400622024536,True
nucleophile class,0,C nucleophiles,0,main text,False,469,427,0.957590432143,4,context:b5db293c21a91cc32f86f377,ZBJDBFWPAOORHG,12.06,11.4195419947,-0.640458005269,True
nucleophile class,0,C nucleophiles,0,main text,False,469,427,0.957590432143,4,context:b6e33b06cd63c4a07b1be388,UBMYYGXGMPGCBO,6.43,5.48199892044,-0.948001079559,True
nucleophile class,0,C nucleophiles,0,main text,False,469,427,0.957590432143,4,context:b79fc98802357f840cb557bc,PJWQVCOHIKOJPW,1.94,1.52512931824,-0.414870681763,True
nucleophile class,0,C nucleophiles,0,main text,False,469,427,0.957590432143,4,context:b8914b82fb3d63949114f7fb,JNOGVQJEBGEKMG,9,9.53699938456,0.536999384562,True
nucleophile class,0,C nucleophiles,0,main text,False,469,427,0.957590432143,4,context:bc6157f25f73177fcbe68171,KOFSFYBXUYHNJL,15.91,13.6027641296,-2.30723587036,True
nucleophile class,0,C nucleophiles,0,main text,False,469,427,0.957590432143,4,context:bec25d849c425f9edd17cdc7,YKRGGPCEWFPOIC,8.71,8.20076433818,-0.509235661825,True
nucleophile class,0,C nucleophiles,0,main text,False,469,427,0.957590432143,4,context:c0fc125e885800c5f3a7b9a1,FVRPGFDQHUQCSW,-0.31,0.282251040141,0.592251040141,True
nucleophile class,0,C nucleophiles,0,main text,False,469,427,0.957590432143,4,context:c0fcc07973d61a6e6f0740f8,PNLQPWWBHXMFCA,-3.65,0.891663233439,4.54166323344,True
nucleophile class,0,C nucleophiles,0,main text,False,469,427,0.957590432143,4,context:c2d7f9687a3f8e3aa909f476,IERLOSGMYPXIOS,6.18,4.99942366282,-1.18057633718,True
nucleophile class,0,C nucleophiles,0,main text,False,469,427,0.957590432143,4,context:c43b5fb8cb4c6fc563244cc9,FTXCTXYJXIABGR,10.61,12.0408843358,1.43088433584,True
nucleophile class,0,C nucleophiles,0,main text,False,469,427,0.957590432143,4,context:c5cb9e9944be6742a3a267eb,PFLHSEQQKXYSOI,15.68,17.8212038676,2.14120386759,True
nucleophile class,0,C nucleophiles,0,main text,False,469,427,0.957590432143,4,context:c8ba9a3ee4afcc8aced4f7b9,XPUANKANCPMJFC,29.1,29.1997356415,0.0997356414795,True
nucleophile class,0,C nucleophiles,0,main text,False,469,427,0.957590432143,4,context:c91c523da9ce43462aa28d5f,IIHPVYJPDKJYOU,12.21,13.9283587138,1.71835871379,True
nucleophile class,0,C nucleophiles,0,main text,False,469,427,0.957590432143,4,context:d001a7f6f2ba3b7fe779ed1e,JNOGVQJEBGEKMG,9.11,9.33649222056,0.226492220561,True
nucleophile class,0,C nucleophiles,0,main text,False,469,427,0.957590432143,4,context:d4d54c98a2f232eccd3663c1,YBTFTZSRVCNOLA,14.25,15.7983640035,1.5483640035,True
nucleophile class,0,C nucleophiles,0,main text,False,469,427,0.957590432143,4,context:da77c8114e29099ce8827b44,INQUAPASCFTPLI,6.08,5.55669816335,-0.52330183665,True
nucleophile class,0,C nucleophiles,0,main text,False,469,427,0.957590432143,4,context:dac2ab4cb8fda42bdfc9a46a,XUMYXWQECJOOTL,16.15,16.082291921,-0.0677080790202,True
nucleophile class,0,C nucleophiles,0,main text,False,469,427,0.957590432143,4,context:db14416ca1ec037acaef952d,DAVVYCRMXOFZQG,-0.1,4.4614961942,4.5614961942,False
nucleophile class,0,C nucleophiles,0,main text,False,469,427,0.957590432143,4,context:dd7825d578bf8596421050e5,VCJDCAYCIMKALC,11,9.10752550761,-1.89247449239,False
nucleophile class,0,C nucleophiles,0,main text,False,469,427,0.957590432143,4,context:dd981811c0768ce657835381,ATQUFXWBVZUTKO,1.18,0.17311223348,-1.00688776652,True
nucleophile class,0,C nucleophiles,0,main text,False,469,427,0.957590432143,4,context:ded762dfaf5b4df434d4fd08,GVYQJELFAHQBFX,-3.52,-3.46560160319,0.0543983968099,True
nucleophile class,0,C nucleophiles,0,main text,False,469,427,0.957590432143,4,context:e181530fe10a27253254a124,ZPJURDXVHOYDGB,15.27,14.2416162491,-1.02838375092,True
nucleophile class,0,C nucleophiles,0,main text,False,469,427,0.957590432143,4,context:e199d687c7fe46a2ecca4707,OSIGJGFTADMDOB,0.13,0.254744211833,0.124744211833,True
nucleophile class,0,C nucleophiles,0,main text,False,469,427,0.957590432143,4,context:e49e5d2ccd38e9f6f7a6a8df,KTZNVZJECQAMBV,14.91,13.4565982819,-1.45340171814,True
nucleophile class,0,C nucleophiles,0,main text,False,469,427,0.957590432143,4,context:e824ba4a74679873d051dd90,KGZLNGOGFMKIHQ,23.9,27.3302415212,3.4302415212,True
nucleophile class,0,C nucleophiles,0,main text,False,469,427,0.957590432143,4,context:e96681537f2d76f2646151d5,CTFWDLWPAQNEKJ,18.32,19.0734882355,0.753488235474,True
nucleophile class,0,C nucleophiles,0,main text,False,469,427,0.957590432143,4,context:ee123d410dcb7c1ee11cbe37,CMOFCAVYKAYXSN,4.13,4.43786907196,0.30786907196,True
nucleophile class,0,C nucleophiles,0,main text,False,469,427,0.957590432143,4,context:f07122c3895ece21a62cb886,IWHOTBXJHCGHRY,19.46,19.805727005,0.345727005005,True
nucleophile class,0,C nucleophiles,0,main text,False,469,427,0.957590432143,4,context:f16502fe669b00585b111b28,YBTFTZSRVCNOLA,18.06,18.18846639,0.128466389974,True
nucleophile class,0,C nucleophiles,0,main text,False,469,427,0.957590432143,4,context:f37f0f3a3d724c1c3c845129,RKDAPIXTZRTFKL,5.64,6.70954465866,1.06954465866,True
nucleophile class,0,C nucleophiles,0,main text,False,469,427,0.957590432143,4,context:f61020482fc860402cac5638,OXHNLMTVIGZXSG,5.85,4.20512708028,-1.64487291972,True
nucleophile class,0,C nucleophiles,0,main text,False,469,427,0.957590432143,4,context:f9a974833521bf198d328e3f,WNAGIMQWCVOKKX,-1.13,-0.925040880839,0.204959119161,True
nucleophile class,0,C nucleophiles,0,main text,False,469,427,0.957590432143,4,context:fae1d3a003beffe9260989b1,QROGIFZRVHSFLM,-0.49,0.355696678162,0.845696678162,True
nucleophile class,0,C nucleophiles,0,main text,False,469,427,0.957590432143,4,context:fed51cb2bca59714b2194f5c,SHMULLBJFZQILL,16.55,17.5968596141,1.04685961405,True
nucleophile class,0,N nucleophiles,1,main text,False,291,222,0.738539501735,0,context:06e6d7dec0af50fa72831e57,IVRMZWNICZWHMI,20.5,15.6168518066,-4.88314819336,False
nucleophile class,0,N nucleophiles,1,main text,False,291,222,0.738539501735,0,context:12d9b5d2f11b21943d18ad53,AVFZOVWCLRSYKC,20.59,19.1275959015,-1.46240409851,True
nucleophile class,0,N nucleophiles,1,main text,False,291,222,0.738539501735,0,context:13a3b87f352eeb4562f06016,MIYKHJXFICMPOJ,7.9,8.93349806468,1.03349806468,True
nucleophile class,0,N nucleophiles,1,main text,False,291,222,0.738539501735,0,context:1650dd1b8b569bb4f72e3821,COKQMTJWXMERBR,13.43,15.0083370209,1.57833702087,True
nucleophile class,0,N nucleophiles,1,main text,False,291,222,0.738539501735,0,context:16b1e73b7ed6334a3dae379c,IQIMPHPFMHVWBZ,7.39,3.65661557515,-3.73338442485,False
nucleophile class,0,N nucleophiles,1,main text,False,291,222,0.738539501735,0,context:18ff98d098dbd02ed5f75395,HXTGGPKOEKKUQO,8.6,10.1507320404,1.55073204041,True
nucleophile class,0,N nucleophiles,1,main text,False,291,222,0.738539501735,0,context:1e09b044d95fdd440ea85ec5,ZSBDPRIWBYHIAF,16.05,16.0537344615,0.00373446146647,True
nucleophile class,0,N nucleophiles,1,main text,False,291,222,0.738539501735,0,context:20d8a2eaf05b9af6bc9e3953,JJWLVOIRVHMVIS,12,12.100481987,0.100481987,True
nucleophile class,0,N nucleophiles,1,main text,False,291,222,0.738539501735,0,context:214dd31c19747d5f9196b372,ULGQYSSQBVDCSA,14.97,17.5275719961,2.55757199605,True
nucleophile class,0,N nucleophiles,1,main text,False,291,222,0.738539501735,0,context:22ab8ea7871358274033ad6b,CLLOFODTUXGHHT,15.99,16.8643143972,0.874314397176,True
nucleophile class,0,N nucleophiles,1,main text,False,291,222,0.738539501735,0,context:2bcaae8f6c47902e047369e7,XKUKSGPZAADMRA,12.26,12.746720314,0.486720314026,True
nucleophile class,0,N nucleophiles,1,main text,False,291,222,0.738539501735,0,context:2c8b623afe89567861089788,LJUQGASMPRMWIW,11.08,10.9542706807,-0.125729319255,True
nucleophile class,0,N nucleophiles,1,main text,False,291,222,0.738539501735,0,context:35a3e1527a4cd1317f5c5416,UZXKWLDYUXFLFO,14.45,14.2889709473,-0.161029052734,True
nucleophile class,0,N nucleophiles,1,main text,False,291,222,0.738539501735,0,context:4313160ed0b65a3bb70fc2d1,SGIJBHQBXMMPRH,17.41,17.3262786865,-0.0837213134766,True
nucleophile class,0,N nucleophiles,1,main text,False,291,222,0.738539501735,0,context:43dfd007875e9355ac0b09fb,OAKJQQAXSVQMHS,16.45,14.6616945267,-1.78830547333,True
nucleophile class,0,N nucleophiles,1,main text,False,291,222,0.738539501735,0,context:48cc80b27c2a4a4513d904a0,VINAMCOZNJHNIH,11.34,10.8565975825,-0.483402417501,True
nucleophile class,0,N nucleophiles,1,main text,False,291,222,0.738539501735,0,context:57a61b4108bbe829656084aa,UQSOGZXHDSPWFD,14.1,14.7334569295,0.633456929525,True
nucleophile class,0,N nucleophiles,1,main text,False,291,222,0.738539501735,0,context:61c409edafbb65211c953435,RGHPCLZJAFCTIK,16.78,16.8371334076,0.0571334075928,True
nucleophile class,0,N nucleophiles,1,main text,False,291,222,0.738539501735,0,context:67ee3741a939c576944199f8,HQABUPZFAYXKJW,15.27,14.4119917552,-0.858008244832,True
nucleophile class,0,N nucleophiles,1,main text,False,291,222,0.738539501735,0,context:685e870ff662803e7026f805,ALDROZNLTAZHKM,21.03,20.8560117086,-0.173988291423,True
nucleophile class,0,N nucleophiles,1,main text,False,291,222,0.738539501735,0,context:69a88882c4e79c18ebac1184,IOVCWXUNBOPUCH,17.2,14.1532793045,-3.0467206955,False
nucleophile class,0,N nucleophiles,1,main text,False,291,222,0.738539501735,0,context:69c70eb06837fbce6263e31a,GIDBRWGOCCCTPC,13.46,12.9698165258,-0.490183474223,True
nucleophile class,0,N nucleophiles,1,main text,False,291,222,0.738539501735,0,context:6abaff92fb45b01155e3050e,XUJNEKJLAYXESH,23.43,21.3153661092,-2.11463389079,True
nucleophile class,0,N nucleophiles,1,main text,False,291,222,0.738539501735,0,context:7c0fef815e96a583c571606a,PVVRRUUMHFWFQV,13.5,13.7637090683,0.263709068298,True
nucleophile class,0,N nucleophiles,1,main text,False,291,222,0.738539501735,0,context:80fb90c0b3fe5cf48d23fd77,YLBWRMSQRFEIEB,18.33,17.4840183258,-0.845981674194,True
nucleophile class,0,N nucleophiles,1,main text,False,291,222,0.738539501735,0,context:85a689ce13f3268050252c35,OAKJQQAXSVQMHS,13.46,14.8402287165,1.38022871653,True
nucleophile class,0,N nucleophiles,1,main text,False,291,222,0.738539501735,0,context:980037e2453100b757ab25e4,JJWLVOIRVHMVIS,13.77,12.8183403015,-0.951659698486,True
nucleophile class,0,N nucleophiles,1,main text,False,291,222,0.738539501735,0,context:9bcd71656118ba26a7ecec32,ATHRJHFIJWCLFV,15.16,15.2523361842,0.0923361841838,True
nucleophile class,0,N nucleophiles,1,main text,False,291,222,0.738539501735,0,context:a1b67c476d324ea2fad83d07,JQNVVACBXZAFHF,12.95,15.6958223979,2.74582239787,True
nucleophile class,0,N nucleophiles,1,main text,False,291,222,0.738539501735,0,context:a6a5de240902d4b9945e4bbc,XPEIPGVWERPKHJ,11.07,13.0636733373,1.9936733373,True
nucleophile class,0,N nucleophiles,1,main text,False,291,222,0.738539501735,0,context:a9ff9fb8921e13fcc83283ce,JKANAVGODYYCQF,12.29,12.7932570775,0.503257077535,True
nucleophile class,0,N nucleophiles,1,main text,False,291,222,0.738539501735,0,context:ad4393e7f48289c26ed4fcd4,MNRBVTDLMUNVLD,11.11,11.0161600113,-0.0938399887085,True
nucleophile class,0,N nucleophiles,1,main text,False,291,222,0.738539501735,0,context:bdd587d65b838137bfc608fb,GRGKYWJIDJKXGA,15.3,15.0105527242,-0.289447275798,True
nucleophile class,0,N nucleophiles,1,main text,False,291,222,0.738539501735,0,context:be285c68daff9e4004fcdcd7,XZZSHPQZTUOUIJ,14.62,14.7650194168,0.145019416809,True
nucleophile class,0,N nucleophiles,1,main text,False,291,222,0.738539501735,0,context:bf17f3fe9e1f0c2c950ac549,KQSSATDQUYCRGS,12.08,12.0559314092,-0.0240685908,True
nucleophile class,0,N nucleophiles,1,main text,False,291,222,0.738539501735,0,context:c0e5200ef121c85e7a9c0930,SBYHFKPVCBCYGV,20.54,17.7059110006,-2.83408899943,True
nucleophile class,0,N nucleophiles,1,main text,False,291,222,0.738539501735,0,context:c1c03ef0cebadcc552cbed39,CHPRFKYDQRKRRK,16.5,16.6573683421,0.157368342082,True
nucleophile class,0,N nucleophiles,1,main text,False,291,222,0.738539501735,0,context:c95a4aa1bca0a6615515617b,BHHGXPLMPWCGHP,13.4,13.3345190684,-0.0654809315999,True
nucleophile class,0,N nucleophiles,1,main text,False,291,222,0.738539501735,0,context:c97e0cd1c67c67eb918aa3fb,RWXZXCZBMQPOBF,10.69,10.7394282023,0.0494282023112,True
nucleophile class,0,N nucleophiles,1,main text,False,291,222,0.738539501735,0,context:dac035816071942828a97715,KZSNJWFQEVHDMF,13.65,13.3283920288,-0.321607971191,True
nucleophile class,0,N nucleophiles,1,main text,False,291,222,0.738539501735,0,context:dc520fd0d2f296368d2b143d,AVFZOVWCLRSYKC,20.6,18.5603065491,-2.03969345093,True
nucleophile class,0,N nucleophiles,1,main text,False,291,222,0.738539501735,0,context:e1a895f5d8198b8056159ad7,VWSLLSXLURJCDF,12.92,13.7440255483,0.824025548299,True
nucleophile class,0,N nucleophiles,1,main text,False,291,222,0.738539501735,0,context:e601b6e7192fe44a75d7d093,IQIMPHPFMHVWBZ,8.76,6.5626745224,-2.1973254776,True
nucleophile class,0,N nucleophiles,1,main text,False,291,222,0.738539501735,0,context:e67c7c7106b68d3c998d5d95,YBRBMKDOPFTVDT,10.48,11.2682511012,0.788251101176,True
nucleophile class,0,N nucleophiles,1,main text,False,291,222,0.738539501735,0,context:e92c84b09c6eeae677a0946d,QNAYBMKLOCPYGJ,13.01,13.2381029129,0.228102912903,True
nucleophile class,0,N nucleophiles,1,main text,False,291,222,0.738539501735,0,context:ecb297174bed3707aadaa462,HUDALTOSJROBFH,14.27,14.0067192713,-0.263280728658,True
nucleophile class,0,N nucleophiles,1,main text,False,291,222,0.738539501735,0,context:efbe15f5d33e6bb8743efcec,OTZYLKUZVWKKHG,13.86,14.0545066198,0.194506619771,True
nucleophile class,0,N nucleophiles,1,main text,False,291,222,0.738539501735,0,context:fd0048508dd47031cbbf4049,YBRBMKDOPFTVDT,12.35,11.3439925512,-1.00600744883,True
nucleophile class,0,N nucleophiles,1,main text,False,291,222,0.738539501735,0,context:ff14485f155d2826eedc3461,PMDMVQFNTPLNPX,10.03,10.4959726334,0.465972633362,True
nucleophile class,0,N nucleophiles,1,main text,False,291,222,0.738539501735,1,context:01312c5e36069481a232d7fa,KIPSRYDSZQRPEA,10.13,11.2599849701,1.12998497009,True
nucleophile class,0,N nucleophiles,1,main text,False,291,222,0.738539501735,1,context:017f7ba29a7550dbfbd917e1,WEVYAHXRMPXWCK,2.23,-0.762613932292,-2.99261393229,False
nucleophile class,0,N nucleophiles,1,main text,False,291,222,0.738539501735,1,context:05cd838cbc65c359c7a472e8,DCXYFEDJOCDNAF,13.03,12.9556544622,-0.0743455378215,True
nucleophile class,0,N nucleophiles,1,main text,False,291,222,0.738539501735,1,context:089677f122968cf0d5bdb68f,IBZOSHDHPFXJFD,14.49,13.7868102392,-0.703189760844,True
nucleophile class,0,N nucleophiles,1,main text,False,291,222,0.738539501735,1,context:0a6b2588e4678c622f6b61fa,AUNRNFJMNRQWOE,13.15,14.0503603617,0.900360361735,True
nucleophile class,0,N nucleophiles,1,main text,False,291,222,0.738539501735,1,context:1a065821ea356358c9a90e1e,AVXURJPOCDRRFD,11.41,10.3085950216,-1.10140497843,True
nucleophile class,0,N nucleophiles,1,main text,False,291,222,0.738539501735,1,context:1d1b32db7b6231cdfbf81c0a,XKJCHHZQLQNZHY,15.52,14.5424509048,-0.977549095154,True
nucleophile class,0,N nucleophiles,1,main text,False,291,222,0.738539501735,1,context:2342a64135a1f8a923b559ff,JUJWROOIHBZHMG,11.05,10.8659454981,-0.184054501851,True
nucleophile class,0,N nucleophiles,1,main text,False,291,222,0.738539501735,1,context:23a2be1f8e5f7b9a4f245658,RGUKYNXWOWSRET,15.9,15.6314535141,-0.268546485901,True
nucleophile class,0,N nucleophiles,1,main text,False,291,222,0.738539501735,1,context:28aee48fcc1d87b84eaf52e1,CKLJMWTZIZZHCS,13.81,13.8374156952,0.0274156951904,True
nucleophile class,0,N nucleophiles,1,main text,False,291,222,0.738539501735,1,context:331a1c6820892ac9e1d6acb3,JBFYUZGYRGXSFL,21.09,20.9051233927,-0.184876607259,True
nucleophile class,0,N nucleophiles,1,main text,False,291,222,0.738539501735,1,context:33ab0bdafdc3aff6e946353e,YUJCWMGBRDBPDL,17.52,15.9767783483,-1.54322165171,True
nucleophile class,0,N nucleophiles,1,main text,False,291,222,0.738539501735,1,context:48d65bdc173df2d680ba82d1,ITQTTZVARXURQS,10.9,11.9495207469,1.04952074687,True
nucleophile class,0,N nucleophiles,1,main text,False,291,222,0.738539501735,1,context:4d748e33beda0753a3070e3f,URUWNYQVXHOQAM,11.13,9.06393909454,-2.06606090546,True
nucleophile class,0,N nucleophiles,1,main text,False,291,222,0.738539501735,1,context:50b3562f04a3566c156fabf3,RSUHWMSTWSSNOW,12.03,11.9339590073,-0.0960409927368,True
nucleophile class,0,N nucleophiles,1,main text,False,291,222,0.738539501735,1,context:522b697d439ecba8c047c940,SNICXCGAKADSCV,10.4,16.776942571,6.376942571,False
nucleophile class,0,N nucleophiles,1,main text,False,291,222,0.738539501735,1,context:5303c45ffb390bd5ce52bb9c,UUGUIYYFRQUCGK,14,12.990784963,-1.00921503703,True
nucleophile class,0,N nucleophiles,1,main text,False,291,222,0.738539501735,1,context:597d6b0f08b5e4d413c1c970,HWJMXFOOQWFOCE,13.42,12.5976177851,-0.822382214864,True
nucleophile class,0,N nucleophiles,1,main text,False,291,222,0.738539501735,1,context:5fcfcdf24720a7657dd70d15,VLNMFRPPGPXJHP,15.55,16.9646040599,1.41460405986,True
nucleophile class,0,N nucleophiles,1,main text,False,291,222,0.738539501735,1,context:631cd960257204ed955203e6,SNICXCGAKADSCV,11.6,16.8713302612,5.27133026123,False
nucleophile class,0,N nucleophiles,1,main text,False,291,222,0.738539501735,1,context:6357d4600e10f9c43e8a6505,VNMXERKOFPWFRR,15.39,13.1958449682,-2.19415503184,True
nucleophile class,0,N nucleophiles,1,main text,False,291,222,0.738539501735,1,context:669bd480197f953b4a7216c2,RPBRMANNSNGNFS,14.96,14.2828302383,-0.677169761658,True
nucleophile class,0,N nucleophiles,1,main text,False,291,222,0.738539501735,1,context:66c3ec77a9936c080285f4e2,OMEGOEHZPKDZLL,14.57,15.1152165731,0.545216573079,True
nucleophile class,0,N nucleophiles,1,main text,False,291,222,0.738539501735,1,context:6bd634dfeee8401fed0c887c,RGUKYNXWOWSRET,14.99,15.6009667714,0.610966771444,True
nucleophile class,0,N nucleophiles,1,main text,False,291,222,0.738539501735,1,context:6c51346254185e2c11f803b4,PEEHTFAAVSWFBL,14.87,14.9482199351,0.0782199350993,True
nucleophile class,0,N nucleophiles,1,main text,False,291,222,0.738539501735,1,context:6f626de24a2f246db2586247,RGUKYNXWOWSRET,12.39,13.6259009043,1.23590090434,True
nucleophile class,0,N nucleophiles,1,main text,False,291,222,0.738539501735,1,context:6fe40c98d34f921a9c02d6a6,ZMANZCXQSJIPKH,17.3,16.0762173335,-1.22378266652,True
nucleophile class,0,N nucleophiles,1,main text,False,291,222,0.738539501735,1,context:757786a42d4a0ad96624d68a,BAVYZALUXZFZLV,13.85,12.8385105133,-1.01148948669,True
nucleophile class,0,N nucleophiles,1,main text,False,291,222,0.738539501735,1,context:808fcfbd46dc610859394598,JUIQOABNSLTJSW,10.2,12.4244101842,2.22441018422,True
nucleophile class,0,N nucleophiles,1,main text,False,291,222,0.738539501735,1,context:86cdeaa157fc2526515f3b82,PVMNPAUTCMBOMO,10.5,10.5364093781,0.0364093780518,True
nucleophile class,0,N nucleophiles,1,main text,False,291,222,0.738539501735,1,context:8cc4929818499ee0eff4545e,QSNSCYSYFYORTR,12.92,12.7676410675,-0.152358932495,True
nucleophile class,0,N nucleophiles,1,main text,False,291,222,0.738539501735,1,context:943ac9d646b550866524cfe3,XQABVLBGNWBWIV,13.7,13.1456689835,-0.554331016541,True
nucleophile class,0,N nucleophiles,1,main text,False,291,222,0.738539501735,1,context:947bb7122c611f033f5dceb4,FPSWXPXRLCSGIV,12.96,13.6946458817,0.734645881653,True
nucleophile class,0,N nucleophiles,1,main text,False,291,222,0.738539501735,1,context:98ec2019ab24eee7a4d2b6e6,BAVYZALUXZFZLV,15.19,15.1114273071,-0.0785726928711,True
nucleophile class,0,N nucleophiles,1,main text,False,291,222,0.738539501735,1,context:99a537817fc315be5ec46c72,JUJWROOIHBZHMG,13.6,12.4318415324,-1.16815846761,True
nucleophile class,0,N nucleophiles,1,main text,False,291,222,0.738539501735,1,context:9a9fa31bdd530397bc30311e,SJRJJKPEHAURKC,16.8,19.6125984192,2.81259841919,True
nucleophile class,0,N nucleophiles,1,main text,False,291,222,0.738539501735,1,context:9b2ebe0470707b049a7dc5e3,ODKSFYDXXFIFQN,12.96,12.9065761566,-0.0534238433838,True
nucleophile class,0,N nucleophiles,1,main text,False,291,222,0.738539501735,1,context:a10d576e08a625bd90a13a7d,PVMNPAUTCMBOMO,11.7,11.8367598852,0.136759885152,True
nucleophile class,0,N nucleophiles,1,main text,False,291,222,0.738539501735,1,context:a2f8205ea7b0854b6b1093db,NJJVRWBREKHQFA,17.14,18.190984726,1.05098472595,True
nucleophile class,0,N nucleophiles,1,main text,False,291,222,0.738539501735,1,context:a43d8e14be31f8d9e1f49fd8,IOIAGUSMWXRQRZ,14.62,15.4128812154,0.792881215413,True
nucleophile class,0,N nucleophiles,1,main text,False,291,222,0.738539501735,1,context:a6eb258ade9435d61731aa5a,ZMANZCXQSJIPKH,17.1,16.2777487437,-0.822251256307,True
nucleophile class,0,N nucleophiles,1,main text,False,291,222,0.738539501735,1,context:a947b45394b5923f34d82c46,LOUPRKONTZGTKE,10.46,16.8134740194,6.35347401937,False
nucleophile class,0,N nucleophiles,1,main text,False,291,222,0.738539501735,1,context:a9cdd2e740102748514f601f,BYJIRDDQRLFSFF,14.95,14.6005277634,-0.349472236633,True
nucleophile class,0,N nucleophiles,1,main text,False,291,222,0.738539501735,1,context:aa268d7396c95ae41bf59376,PZIRTPFQQUHSJY,15.66,16.9830080668,1.32300806681,True
nucleophile class,0,N nucleophiles,1,main text,False,291,222,0.738539501735,1,context:aaa8d845e04644d6f2246a0a,YEYCASGOSICVMZ,9.53,8.55252806346,-0.977471936544,True
nucleophile class,0,N nucleophiles,1,main text,False,291,222,0.738539501735,1,context:ac4357a43be859389ef1f64d,LOUPRKONTZGTKE,10.54,16.7643928528,6.22439285278,False
nucleophile class,0,N nucleophiles,1,main text,False,291,222,0.738539501735,1,context:b29b7f73a22c874968d92e01,UACYWOJLWBDSHG,6.04,6.88135703405,0.841357034047,True
nucleophile class,0,N nucleophiles,1,main text,False,291,222,0.738539501735,1,context:b2e9e0beda26597d147ed3b3,SJRJJKPEHAURKC,16.5,18.8763173421,2.37631734212,True
nucleophile class,0,N nucleophiles,1,main text,False,291,222,0.738539501735,1,context:be9fcc77e1f75b3402db1d54,XQABVLBGNWBWIV,11.44,11.0478423436,-0.392157656352,True
nucleophile class,0,N nucleophiles,1,main text,False,291,222,0.738539501735,1,context:bf463949bb8f99fca6876a12,BIJAWQUBRNHZGE,13.24,12.7060559591,-0.533944040934,True
nucleophile class,0,N nucleophiles,1,main text,False,291,222,0.738539501735,1,context:c1ecde0a54f348974e48eb60,ZSIQJIWKELUFRJ,18.29,17.6939093272,-0.596090672811,True
nucleophile class,0,N nucleophiles,1,main text,False,291,222,0.738539501735,1,context:c704da356f8294514718f0fb,ITPBGPDKSKEXEA,15.2,16.8549410502,1.65494105021,True
nucleophile class,0,N nucleophiles,1,main text,False,291,222,0.738539501735,1,context:cccab85177b969269a7524c7,ITQTTZVARXURQS,11.5,11.5998245875,0.0998245875041,True
nucleophile class,0,N nucleophiles,1,main text,False,291,222,0.738539501735,1,context:cd28f232bd76fdde447beca7,XECZPMLUVPEPKQ,13.11,13.0454641978,-0.0645358022054,True
nucleophile class,0,N nucleophiles,1,main text,False,291,222,0.738539501735,1,context:dd44c8cc42c94692b481d5dc,WARCRYXKINZHGQ,12.49,11.1421979268,-1.34780207316,True
nucleophile class,0,N nucleophiles,1,main text,False,291,222,0.738539501735,1,context:de65154542a141228a281893,BLWYXBNNBYXPPL,14.75,16.3935349782,1.64353497823,True
nucleophile class,0,N nucleophiles,1,main text,False,291,222,0.738539501735,1,context:e21eb29452a3ae52a6555386,RYDKCSZCFDOYMM,14.19,13.1449111303,-1.04508886973,True
nucleophile class,0,N nucleophiles,1,main text,False,291,222,0.738539501735,1,context:eb6cd37a112f67ec8c3ea3e7,YKFRUJSEPGHZFJ,11.43,12.2454471588,0.815447158813,True
nucleophile class,0,N nucleophiles,1,main text,False,291,222,0.738539501735,1,context:ed937310be7a8650581bfc70,WGIBLLKNPFCFIK,10.83,10.9721151988,0.142115198771,True
nucleophile class,0,N nucleophiles,1,main text,False,291,222,0.738539501735,1,context:f580bc599b447e28cf0b139b,JUJWROOIHBZHMG,12.9,12.5223045349,-0.377695465088,True
nucleophile class,0,N nucleophiles,1,main text,False,291,222,0.738539501735,1,context:f6fb2cdc92ca70d0dd7d1c85,ALTGURJQVWBILJ,15.69,19.4837118785,3.79371187846,True
nucleophile class,0,N nucleophiles,1,main text,False,291,222,0.738539501735,1,context:fb6bfee9fb6a01db5e250560,KIPSRYDSZQRPEA,12.15,13.0671784083,0.917178408305,True
nucleophile class,0,N nucleophiles,1,main text,False,291,222,0.738539501735,1,context:fce495275a5d9fcbb2523575,AVXURJPOCDRRFD,12.8,11.7795743942,-1.02042560577,True
nucleophile class,0,N nucleophiles,1,main text,False,291,222,0.738539501735,2,context:028a91f64fb736abbafc87f3,CZLRSLOXHJWOFV,14.42,14.9729601542,0.552960154215,True
nucleophile class,0,N nucleophiles,1,main text,False,291,222,0.738539501735,2,context:030e83aab7f135e0133aa41f,HZAXFHJVJLSVMW,14.11,13.6964524587,-0.4135475413,True
nucleophile class,0,N nucleophiles,1,main text,False,291,222,0.738539501735,2,context:09f0dbd8b24d4b90404054b4,WGQKYBSKWIADBV,13.44,12.7834418615,-0.656558138529,True
nucleophile class,0,N nucleophiles,1,main text,False,291,222,0.738539501735,2,context:0c366168070cc5dfed893203,IURHAHGTFVRCIT,16.5133333333,18.2001654307,1.68683209737,True
nucleophile class,0,N nucleophiles,1,main text,False,291,222,0.738539501735,2,context:1bda57e961f67673722a35ff,BEBCJVAWIBVWNZ,12.29,11.8393259048,-0.450674095154,True
nucleophile class,0,N nucleophiles,1,main text,False,291,222,0.738539501735,2,context:1e3add533f640317d55dab2f,ZIPLUEXSCPLCEI,20.33,19.7586243947,-0.571375605265,True
nucleophile class,0,N nucleophiles,1,main text,False,291,222,0.738539501735,2,context:2c42ed243e7dd33ce08283de,ZBCBWPMODOFKDW,15.51,15.2381372452,-0.271862754822,True
nucleophile class,0,N nucleophiles,1,main text,False,291,222,0.738539501735,2,context:2f0c0d845c48ac47fa56fd88,ZVNDTFFBORBYMW,15.9,14.9824946721,-0.917505327861,True
nucleophile class,0,N nucleophiles,1,main text,False,291,222,0.738539501735,2,context:3b6aeb55af353fadb24526a4,VARHFUNXFXTFII,15.6,15.3374951681,-0.26250483195,True
nucleophile class,0,N nucleophiles,1,main text,False,291,222,0.738539501735,2,context:40cdfe7515fe5656ecf58253,IQNHBUQSOSYAJU,15.7,16.6795934041,0.979593404134,True
nucleophile class,0,N nucleophiles,1,main text,False,291,222,0.738539501735,2,context:472b8a09f33f138e48509424,ROSDSFDQCJNGOL,17.96,18.0687796275,0.108779627482,True
nucleophile class,0,N nucleophiles,1,main text,False,291,222,0.738539501735,2,context:4de6c4aedcda1c2c0b34cb43,MLLMAIJXIZOSFS,17.61,14.7148609161,-2.89513908386,True
nucleophile class,0,N nucleophiles,1,main text,False,291,222,0.738539501735,2,context:50011306bc226d72addc1535,QUSNBJAOOMFDIB,12.87,12.9876937866,0.117693786621,True
nucleophile class,0,N nucleophiles,1,main text,False,291,222,0.738539501735,2,context:5551fc7a996f25ee3468c3ef,UEUIGOQXYNBPIH,16.63,15.4758386612,-1.15416133881,True
nucleophile class,0,N nucleophiles,1,main text,False,291,222,0.738539501735,2,context:566a164372083def7ffbcbef,DHMQDGOQFOQNFH,13.51,12.7589537303,-0.751046269735,False
nucleophile class,0,N nucleophiles,1,main text,False,291,222,0.738539501735,2,context:5c7b0b199059fc9cff3ee624,FXTWICLWDHLSCD,14.62,14.5600961049,-0.0599038950602,True
nucleophile class,0,N nucleophiles,1,main text,False,291,222,0.738539501735,2,context:65870c17fa6fac13970b89e0,IURHAHGTFVRCIT,17.88,18.6118227641,0.731822764079,True
nucleophile class,0,N nucleophiles,1,main text,False,291,222,0.738539501735,2,context:67bd24b988225ba3c38b8196,KYVBNYUBXIEUFW,13.58,14.4040495555,0.824049555461,False
nucleophile class,0,N nucleophiles,1,main text,False,291,222,0.738539501735,2,context:67be13a6d6ff89f3647cf642,YVVDJFDQAXGXAU,16.81,17.3899078369,0.579907836914,True
nucleophile class,0,N nucleophiles,1,main text,False,291,222,0.738539501735,2,context:6db7b2b38401a5853d8c8585,DKACXUFSLUYRFU,11.4,10.8205938339,-0.579406166077,True
nucleophile class,0,N nucleophiles,1,main text,False,291,222,0.738539501735,2,context:6f66ae742c982c78338add24,PIICEJLVQHRZGT,13.28,13.2023216883,-0.0776783116659,True
nucleophile class,0,N nucleophiles,1,main text,False,291,222,0.738539501735,2,context:7ecce7518114ac6466e58e2b,NUKYPUAOHBNCPY,15.2,14.2008838654,-0.999116134644,True
nucleophile class,0,N nucleophiles,1,main text,False,291,222,0.738539501735,2,context:82029b97a28c2c3679e01060,HWBQWDNOLPTEBU,14.76,14.412132899,-0.347867101034,True
nucleophile class,0,N nucleophiles,1,main text,False,291,222,0.738539501735,2,context:85d1276fc581c600b89aeeae,HNDVDQJCIGZPNO,13.83,13.4355745316,-0.394425468445,True
nucleophile class,0,N nucleophiles,1,main text,False,291,222,0.738539501735,2,context:8bbd998690b73e50016a3036,KLTWGRFNJPLFDA,19.13,19.2761866252,0.146186625163,True
nucleophile class,0,N nucleophiles,1,main text,False,291,222,0.738539501735,2,context:8c5bc1a3403209459800001a,JJYDGWGMEIHTBU,14,15.7671848933,1.76718489329,True
nucleophile class,0,N nucleophiles,1,main text,False,291,222,0.738539501735,2,context:95c59207696bce98a773a3f1,GLUUGHFHXGJENI,17.22,16.40858078,-0.811419219971,True
nucleophile class,0,N nucleophiles,1,main text,False,291,222,0.738539501735,2,context:9b3643a74f46c617603d67fe,GUXJXWKCUUWCLX,9.81,10.6014506022,0.791450602214,True
nucleophile class,0,N nucleophiles,1,main text,False,291,222,0.738539501735,2,context:9e2d0a452a489d8149544e71,HZAXFHJVJLSVMW,16.07,14.9221989314,-1.14780106862,True
nucleophile class,0,N nucleophiles,1,main text,False,291,222,0.738539501735,2,context:a18bfc9ac646a8c824acc6ba,UCMIRNVEIXFBKS,13.26,13.8865652084,0.626565208435,True
nucleophile class,0,N nucleophiles,1,main text,False,291,222,0.738539501735,2,context:a2d9500db6e502545bc036a3,UBQKCCHYAOITMY,19.91,18.2825857798,-1.62741422017,True
nucleophile class,0,N nucleophiles,1,main text,False,291,222,0.738539501735,2,context:a59ee1589f0a38611bd9dae1,NUKYPUAOHBNCPY,12.19,12.2370179494,0.0470179494222,True
nucleophile class,0,N nucleophiles,1,main text,False,291,222,0.738539501735,2,context:a6d12cf8435e0457e932521e,LDZYRENCLPUXAX,10.02,11.1785078049,1.15850780487,True
nucleophile class,0,N nucleophiles,1,main text,False,291,222,0.738539501735,2,context:a771a6598170e50e5c45620b,WGQKYBSKWIADBV,14.29,13.7709929148,-0.519007085164,True
nucleophile class,0,N nucleophiles,1,main text,False,291,222,0.738539501735,2,context:a834fe0a7ccc31c86173bdfe,UBQKCCHYAOITMY,12.47,13.2210493088,0.751049308777,True
nucleophile class,0,N nucleophiles,1,main text,False,291,222,0.738539501735,2,context:ac1dcab282b5396d81a9e9ec,JHNAIVKYDKSQEA,9.16,12.7988843918,3.63888439178,True
nucleophile class,0,N nucleophiles,1,main text,False,291,222,0.738539501735,2,context:b032aaacdf33e020e79ecd78,CXGFWRCEONCYDO,17.5,15.1528746287,-2.3471253713,True
nucleophile class,0,N nucleophiles,1,main text,False,291,222,0.738539501735,2,context:b5a41b474b46d7ffba8aac96,HVVNJUAVDAZWCB,16.74,16.1874567668,-0.552543233236,True
nucleophile class,0,N nucleophiles,1,main text,False,291,222,0.738539501735,2,context:b5e99f3fe899c9a8e41b01fc,HZAXFHJVJLSVMW,12.61,12.5221443176,-0.087855682373,True
nucleophile class,0,N nucleophiles,1,main text,False,291,222,0.738539501735,2,context:b888170ad9a340b4cefe718a,UBQKCCHYAOITMY,20.11,17.6527277629,-2.45727223714,True
nucleophile class,0,N nucleophiles,1,main text,False,291,222,0.738539501735,2,context:c5327dd92eaa5ebcbd953264,WEHWNAOGRSTTBQ,14.51,15.5445229212,1.03452292124,True
nucleophile class,0,N nucleophiles,1,main text,False,291,222,0.738539501735,2,context:c5cbd36122fb5f6311ef9242,SEULWJSKCVACTH,11.31,10.6080395381,-0.701960461934,True
nucleophile class,0,N nucleophiles,1,main text,False,291,222,0.738539501735,2,context:d982a83b8075804de3c150e0,AYFVYJQAPQTCCC,12.69,13.0319550832,0.341955083211,True
nucleophile class,0,N nucleophiles,1,main text,False,291,222,0.738539501735,2,context:dd5620774dff76a6e3477952,WGQKYBSKWIADBV,15.28,14.7491219838,-0.530878016154,True
nucleophile class,0,N nucleophiles,1,main text,False,291,222,0.738539501735,2,context:ebb7dbcdc48e89b7419814e6,RUJFIXHHAWJMRM,16.8,16.935517629,0.135517628988,True
nucleophile class,0,N nucleophiles,1,main text,False,291,222,0.738539501735,2,context:ebcba9672d2a5200364d8aac,ROSDSFDQCJNGOL,17.12,16.2912336985,-0.828766301473,True
nucleophile class,0,N nucleophiles,1,main text,False,291,222,0.738539501735,2,context:eee81696a56003b19f4d122c,RUJFIXHHAWJMRM,15.7,17.6036535899,1.90365358988,True
nucleophile class,0,N nucleophiles,1,main text,False,291,222,0.738539501735,2,context:f30df2cdaeac4367c6ebbd7f,UXRWKUANJXGBFO,13.49,14.289132754,0.799132754008,True
nucleophile class,0,N nucleophiles,1,main text,False,291,222,0.738539501735,2,context:f9fde469fff501434f45fc13,PHODFIDDEBEGCS,13.96,14.9434394836,0.983439483643,True
nucleophile class,0,N nucleophiles,1,main text,False,291,222,0.738539501735,2,context:fcc341c4876b02b97c02be17,ZBCBWPMODOFKDW,13,13.3370189667,0.337018966675,True
nucleophile class,0,N nucleophiles,1,main text,False,291,222,0.738539501735,2,context:fe8033b706fa1f29525414df,DIIIISSCIXVANO,16.15,17.1867624919,1.03676249186,True
nucleophile class,0,N nucleophiles,1,main text,False,291,222,0.738539501735,2,context:fecf0f7efcea1fb6443c631e,OGCGXUGBDJGFFY,16.18,11.8969217936,-4.28307820638,True
nucleophile class,0,N nucleophiles,1,main text,False,291,222,0.738539501735,2,context:fed76c98c34cff45b358c41c,NKHMSOXIXROFRU,17.43,15.783097585,-1.64690241496,True
nucleophile class,0,N nucleophiles,1,main text,False,291,222,0.738539501735,3,context:020277730fcd8aca28ecbb4a,FTOQQKWSIFEMPP,17.19,17.1264616648,-0.0635383351644,True
nucleophile class,0,N nucleophiles,1,main text,False,291,222,0.738539501735,3,context:05eb12c16f72868bf1b5be56,SKHPYKHVYFTIOI,5.44,8.03473377228,2.59473377228,True
nucleophile class,0,N nucleophiles,1,main text,False,291,222,0.738539501735,3,context:09ce772c3d342961a7abfaec,GQHTUMJGOHRCHB,16.12,16.7873395284,0.667339528402,True
nucleophile class,0,N nucleophiles,1,main text,False,291,222,0.738539501735,3,context:0c9f69df75dc3386282b8e08,GCNTZFIIOFTKIY,20.22,13.131017367,-7.08898263295,False
nucleophile class,0,N nucleophiles,1,main text,False,291,222,0.738539501735,3,context:1056e4659739711fbabe1eef,XRQSRQMPWGQSPN,9.9,15.3808873494,5.48088734945,True
nucleophile class,0,N nucleophiles,1,main text,False,291,222,0.738539501735,3,context:1185c6f0e7272fd74a1c6c15,KSESOTWVQYBRLJ,12.46,13.7949059804,1.33490598043,True
nucleophile class,0,N nucleophiles,1,main text,False,291,222,0.738539501735,3,context:1cd0769ca99d12077e38f773,LALQVQUNUJNEST,15.43,16.9788087209,1.54880872091,True
nucleophile class,0,N nucleophiles,1,main text,False,291,222,0.738539501735,3,context:21e256d7c18c11cf1be01ff2,JRMQJLMBSMCLHJ,19.63,18.0201047262,-1.60989527384,True
nucleophile class,0,N nucleophiles,1,main text,False,291,222,0.738539501735,3,context:239c209644a459769d7a4e4e,VHYFNPMBLIVWCW,15.9,15.9949541092,0.0949541091919,True
nucleophile class,0,N nucleophiles,1,main text,False,291,222,0.738539501735,3,context:247d7f9786c0a311bc0f8cd9,QTCAPCHXGMZXKA,15.7,14.7298663457,-0.970133654277,True
nucleophile class,0,N nucleophiles,1,main text,False,291,222,0.738539501735,3,context:262a59d32ff72e5330833bea,FFEARJCKVFRZRR,13.16,13.7650108337,0.60501083374,True
nucleophile class,0,N nucleophiles,1,main text,False,291,222,0.738539501735,3,context:2a2dd4d4890b9dfb695cd858,WGYKZJWCGVVSQN,13.33,13.5617233912,0.231723391215,True
nucleophile class,0,N nucleophiles,1,main text,False,291,222,0.738539501735,3,context:2acf2a596cb7c974b99ea781,QJWQYVJVCXMTJP,14.59,14.5375254949,-0.0524745051066,True
nucleophile class,0,N nucleophiles,1,main text,False,291,222,0.738539501735,3,context:2f7cdee9df16a9b429f0d03f,RAXXELZNTBOGNW,11.47,11.5625559489,0.0925559488932,True
nucleophile class,0,N nucleophiles,1,main text,False,291,222,0.738539501735,3,context:318187d727d24e368da91703,VHYFNPMBLIVWCW,13.19,12.4348243078,-0.75517569224,True
nucleophile class,0,N nucleophiles,1,main text,False,291,222,0.738539501735,3,context:31f2a5d0db6891f7ac305768,FGYADSCZTQOAFK,10.37,10.6558059057,0.28580590566,False
nucleophile class,0,N nucleophiles,1,main text,False,291,222,0.738539501735,3,context:32e3c70e30850099ce1f3cc3,HLFSDGLLUJUHTE,13.86,14.1040811539,0.24408115387,True
nucleophile class,0,N nucleophiles,1,main text,False,291,222,0.738539501735,3,context:36df988fcdcad8da09b9f7f7,MTCFGRXMJLQNBG,13.16,13.0462751389,-0.113724861145,True
nucleophile class,0,N nucleophiles,1,main text,False,291,222,0.738539501735,3,context:39011775062c98f99d3f9dd2,JRMQJLMBSMCLHJ,17.28,17.1338113149,-0.146188685099,True
nucleophile class,0,N nucleophiles,1,main text,False,291,222,0.738539501735,3,context:3a05e6f0731c3f1187679506,BEGMZNUWQMNYNI,19.51,17.5469926198,-1.96300738017,True
nucleophile class,0,N nucleophiles,1,main text,False,291,222,0.738539501735,3,context:3d2cf933e45dc7bffd4132d6,SGUVLZREKBPKCE,15.5,15.1143805186,-0.385619481405,True
nucleophile class,0,N nucleophiles,1,main text,False,291,222,0.738539501735,3,context:3f4ec58f6362c3872c00d9e2,PAMIQIKDUOTOBW,18.72,21.2080281576,2.48802815755,True
nucleophile class,0,N nucleophiles,1,main text,False,291,222,0.738539501735,3,context:4294b044cb7fe306bdf9dd79,VVJKKWFAADXIJK,14.37,14.5445165634,0.174516563416,True
nucleophile class,0,N nucleophiles,1,main text,False,291,222,0.738539501735,3,context:42a41f0c4e875713e98ef0f3,ROHFNLRQFUQHCH,14.01,14.0269171397,0.0169171396891,True
nucleophile class,0,N nucleophiles,1,main text,False,291,222,0.738539501735,3,context:4763316f5212da925626508e,VHYFNPMBLIVWCW,14.9,14.9191026688,0.0191026687622,True
nucleophile class,0,N nucleophiles,1,main text,False,291,222,0.738539501735,3,context:47defb7794effd0e905a598d,NTNZTEQNFHNYBC,14.3,14.6534468333,0.353446833293,True
nucleophile class,0,N nucleophiles,1,main text,False,291,222,0.738539501735,3,context:4979b625f1bbda84667651f1,JITQYZIBZBYZSK,16.11,15.4496161143,-0.660383885701,True
nucleophile class,0,N nucleophiles,1,main text,False,291,222,0.738539501735,3,context:4c3726f47ed8add05475ce67,BWZVCCNYKMEVEX,9.39,10.8455282847,1.45552828471,True
nucleophile class,0,N nucleophiles,1,main text,False,291,222,0.738539501735,3,context:4c9a0598e72a9490163db0f2,JITQYZIBZBYZSK,14.19,17.0342388153,2.84423881531,True
nucleophile class,0,N nucleophiles,1,main text,False,291,222,0.738539501735,3,context:4e357959f54147dda5ff9abe,PAMIQIKDUOTOBW,18.9,20.2140127818,1.31401278178,True
nucleophile class,0,N nucleophiles,1,main text,False,291,222,0.738539501735,3,context:4e84d21933f6eccc0c980be5,IVHJSNNMKJWPFW,10.86,10.8373394012,-0.0226605987549,True
nucleophile class,0,N nucleophiles,1,main text,False,291,222,0.738539501735,3,context:50a98aa417f41bcc68a40747,WGYKZJWCGVVSQN,15.11,14.6928551992,-0.417144800822,True
nucleophile class,0,N nucleophiles,1,main text,False,291,222,0.738539501735,3,context:544689f1ecc9ed21c3473dea,YNAVUWVOSKDBBP,15.62,15.6391146978,0.0191146977743,True
nucleophile class,0,N nucleophiles,1,main text,False,291,222,0.738539501735,3,context:5ba4085f03ddb86555b51cdc,VHYFNPMBLIVWCW,15.8,15.1216602325,-0.678339767456,True
nucleophile class,0,N nucleophiles,1,main text,False,291,222,0.738539501735,3,context:6e4a57174d6946a6f98a2810,WBTCPVUCKKBWBS,16.03,17.0368836721,1.00688367208,True
nucleophile class,0,N nucleophiles,1,main text,False,291,222,0.738539501735,3,context:6e77ad84c6fe1778bede0d24,GCNTZFIIOFTKIY,14.76,14.1768379211,-0.583162078857,True
nucleophile class,0,N nucleophiles,1,main text,False,291,222,0.738539501735,3,context:6f78921165095c04644f69b0,YNAVUWVOSKDBBP,16.96,16.0753421783,-0.884657821655,True
nucleophile class,0,N nucleophiles,1,main text,False,291,222,0.738539501735,3,context:79c65256b559d6d381320fb6,GQHTUMJGOHRCHB,15.29,15.5288356145,0.238835614522,True
nucleophile class,0,N nucleophiles,1,main text,False,291,222,0.738539501735,3,context:7afc77936697482adb7a1f43,UYPHGAMYOHOZJK,16.63,15.6143334707,-1.01566652934,True
nucleophile class,0,N nucleophiles,1,main text,False,291,222,0.738539501735,3,context:802efb563294ee44870311da,IMNIMPAHZVJRPE,18.8,17.5307102203,-1.26928977966,True
nucleophile class,0,N nucleophiles,1,main text,False,291,222,0.738539501735,3,context:811ae9efcd0193872121497e,WGYKZJWCGVVSQN,15.7,16.0694157283,0.369415728251,True
nucleophile class,0,N nucleophiles,1,main text,False,291,222,0.738539501735,3,context:83d89f504c32f936af35d07c,OAJHUPAFXARZGF,13,14.3249702454,1.32497024536,True
nucleophile class,0,N nucleophiles,1,main text,False,291,222,0.738539501735,3,context:88dc2fb2a8fa785ece10e5c8,SGUVLZREKBPKCE,16.28,15.4359105428,-0.844089457194,True
nucleophile class,0,N nucleophiles,1,main text,False,291,222,0.738539501735,3,context:8a5b36b60b7cfcb57c3ad503,ZMYZJAQMQBHNLH,13.45,14.096432368,0.646432367961,True
nucleophile class,0,N nucleophiles,1,main text,False,291,222,0.738539501735,3,context:9af11d59c9ea233c8010f6bb,BTCSSZJGUNDROE,13.55,13.6179240545,0.0679240544637,True
nucleophile class,0,N nucleophiles,1,main text,False,291,222,0.738539501735,3,context:9d2c3139ea78de96abdbe5ad,RAXXELZNTBOGNW,11.58,11.6625375748,0.0825375747681,True
nucleophile class,0,N nucleophiles,1,main text,False,291,222,0.738539501735,3,context:b840db4d6d4c6e3bf4370ca3,YGYSYVIYOVIODP,18.61,17.0681902568,-1.54180974325,True
nucleophile class,0,N nucleophiles,1,main text,False,291,222,0.738539501735,3,context:b8690ed83fcc1f63ec6a3192,AVAKHEUFLLONCE,16.5,14.3055712382,-2.1944287618,True
nucleophile class,0,N nucleophiles,1,main text,False,291,222,0.738539501735,3,context:bd9bcdb175e11b897dabcd28,NJRFUIBZODLJFT,15.32,13.2148065567,-2.1051934433,False
nucleophile class,0,N nucleophiles,1,main text,False,291,222,0.738539501735,3,context:c230f506962530139725d833,OISVCGZHLKNMSJ,9.87,9.38837941488,-0.481620585124,True
nucleophile class,0,N nucleophiles,1,main text,False,291,222,0.738539501735,3,context:c56d8e873d18427b4a6c2221,JITQYZIBZBYZSK,15.84,15.5627498627,-0.277250137329,True
nucleophile class,0,N nucleophiles,1,main text,False,291,222,0.738539501735,3,context:c67fcfe4828561685a6b02aa,VHYFNPMBLIVWCW,14.8,15.2668704987,0.466870498657,False
nucleophile class,0,N nucleophiles,1,main text,False,291,222,0.738539501735,3,context:c8f7eb26a0d2738c3301f876,RAXXELZNTBOGNW,9.63,9.28025372823,-0.349746271769,True
nucleophile class,0,N nucleophiles,1,main text,False,291,222,0.738539501735,3,context:d1bb2f25909a5e2048042b2d,VVJKKWFAADXIJK,13.21,13.5044720968,0.294472096761,True
nucleophile class,0,N nucleophiles,1,main text,False,291,222,0.738539501735,3,context:d4152848c65b374210bdc5ef,GCNTZFIIOFTKIY,18.97,20.1553592682,1.18535926819,True
nucleophile class,0,N nucleophiles,1,main text,False,291,222,0.738539501735,3,context:d4c2fab5287ea7098f4f0230,OISVCGZHLKNMSJ,9.11,9.60928408305,0.499284083049,True
nucleophile class,0,N nucleophiles,1,main text,False,291,222,0.738539501735,3,context:d8803a83cbf2e897e4af9181,OXOBKZZXZVFOBB,16.61,16.1802304586,-0.429769541423,True
nucleophile class,0,N nucleophiles,1,main text,False,291,222,0.738539501735,3,context:de3b2485e87e95ef76620c9a,MNLNQEMXGZMOEI,14.62,13.3964090347,-1.22359096527,True
nucleophile class,0,N nucleophiles,1,main text,False,291,222,0.738539501735,3,context:dfc76f6e772b215b852beb3f,BWZVCCNYKMEVEX,9.34,10.8586209615,1.51862096151,True
nucleophile class,0,N nucleophiles,1,main text,False,291,222,0.738539501735,3,context:e24e4d7fd96d667c1d2deccf,ZDXPYRJPNDTMRX,13.45,13.5456034342,0.0956034342448,True
nucleophile class,0,N nucleophiles,1,main text,False,291,222,0.738539501735,3,context:e4917630ae07ba3dcfae3ed7,CVHZOJJKTDOEJC,10.78,11.8889401754,1.10894017537,True
nucleophile class,0,N nucleophiles,1,main text,False,291,222,0.738539501735,3,context:e79fe3c23b9bd6857d93b8d3,FKNQCJSGGFJEIZ,13.7,13.8918031057,0.191803105672,True
nucleophile class,0,N nucleophiles,1,main text,False,291,222,0.738539501735,3,context:eef73f92f21983ff483b9239,VHYFNPMBLIVWCW,15.51,14.7914301554,-0.718569844564,True
nucleophile class,0,N nucleophiles,1,main text,False,291,222,0.738539501735,3,context:f53eba96ba1e12264d2d7bc1,FKNQCJSGGFJEIZ,11.1,11.8385572433,0.738557243347,True
nucleophile class,0,N nucleophiles,1,main text,False,291,222,0.738539501735,3,context:f79cbdea285f4ccacece2c07,QJWQYVJVCXMTJP,14.8,14.3200743993,-0.479925600688,True
nucleophile class,0,N nucleophiles,1,main text,False,291,222,0.738539501735,3,context:fbcc78d2ed5637a53df454a7,WHUUTDBJXJRKMK,13.96,13.564458847,-0.395541152954,True
nucleophile class,0,N nucleophiles,1,main text,False,291,222,0.738539501735,3,context:fbe1f2b3bf5c4b6656f50bd3,GMUGMDGQOFYHAX,16.65,17.3025391897,0.652539189657,True
nucleophile class,0,N nucleophiles,1,main text,False,291,222,0.738539501735,3,context:fc1cc983665e145c5c3f5959,YNAVUWVOSKDBBP,15.65,15.72118028,0.0711802800496,True
nucleophile class,0,N nucleophiles,1,main text,False,291,222,0.738539501735,3,context:fd935620b0b1c06b2d5d5da4,VQLPKXVGNWNVFY,13.31,13.632089297,0.322089296977,True
nucleophile class,0,N nucleophiles,1,main text,False,291,222,0.738539501735,4,context:03b146b027b29d95f2c62601,AUKXFNABVHIUAC,17.24,17.1479225159,-0.0920774841309,True
nucleophile class,0,N nucleophiles,1,main text,False,291,222,0.738539501735,4,context:07de06084c7bdeb904676ef7,MCTWTZJPVLRJOU,11.9,11.5682738622,-0.331726137797,False
nucleophile class,0,N nucleophiles,1,main text,False,291,222,0.738539501735,4,context:107be5bb9f651335a161deed,RWRDLPDLKQPQOW,17.21,17.3970247904,0.187024790446,True
nucleophile class,0,N nucleophiles,1,main text,False,291,222,0.738539501735,4,context:122046d347614b7c29be8580,WJRBRSLFGCUECM,17.52,17.8053538005,0.285353800456,True
nucleophile class,0,N nucleophiles,1,main text,False,291,222,0.738539501735,4,context:1b004815eee4643cc1c5b4f0,COLNVLDHVKWLRT,14.12,13.4204594294,-0.699540570577,True
nucleophile class,0,N nucleophiles,1,main text,False,291,222,0.738539501735,4,context:1b4611edb8b5ce18814f3b2a,NRKYWOKHZRQRJR,15.81,16.1246306101,0.314630610148,True
nucleophile class,0,N nucleophiles,1,main text,False,291,222,0.738539501735,4,context:2065e12e5f86c117a9969567,RZXMPPFPUUCRFN,13,12.1439530055,-0.856046994527,True
nucleophile class,0,N nucleophiles,1,main text,False,291,222,0.738539501735,4,context:230cf6f4895a503eff45eb66,HDZGCSFEDULWCS,17.23,13.1118672689,-4.11813273112,False
nucleophile class,0,N nucleophiles,1,main text,False,291,222,0.738539501735,4,context:2ff1aec14e3bcdcafc645e22,MCTWTZJPVLRJOU,9.91,9.94557952881,0.0355795288086,False
nucleophile class,0,N nucleophiles,1,main text,False,291,222,0.738539501735,4,context:352fceabe8f2c132a0ddecf2,HDZGCSFEDULWCS,17.73,15.5446058909,-2.18539410909,False
nucleophile class,0,N nucleophiles,1,main text,False,291,222,0.738539501735,4,context:380178bb314da3f2fe5e0c0d,HPNMFZURTQLUMO,14.68,14.7269624074,0.04696240743,True
nucleophile class,0,N nucleophiles,1,main text,False,291,222,0.738539501735,4,context:39bc8cdc8df528adf3a48ea6,PAYRUJLWNCNPSJ,12.99,12.1128393809,-0.8771606191,True
nucleophile class,0,N nucleophiles,1,main text,False,291,222,0.738539501735,4,context:3c30a3c353f8018c29a59cc1,GETQZCLCWQTVFV,23.05,18.5923220317,-4.45767796834,True
nucleophile class,0,N nucleophiles,1,main text,False,291,222,0.738539501735,4,context:3d5311a77de02a2f06aa7389,HYZJCKYKOHLVJF,10.5,10.376209259,-0.123790740967,True
nucleophile class,0,N nucleophiles,1,main text,False,291,222,0.738539501735,4,context:43e3fd4ee0ee6d83c6b00ada,BHAAPTBBJKJZER,13.42,14.2528572083,0.832857208252,True
nucleophile class,0,N nucleophiles,1,main text,False,291,222,0.738539501735,4,context:43e721076339639daff45cef,XZBIXDPGRMLSTC,10.35,12.9618879954,2.6118879954,True
nucleophile class,0,N nucleophiles,1,main text,False,291,222,0.738539501735,4,context:4697c5f89a74267da9c12326,UOADRGAJWNJVGC,16.44,16.8600800832,0.420080083211,True
nucleophile class,0,N nucleophiles,1,main text,False,291,222,0.738539501735,4,context:484dc70326857d7848a8e738,XSAZHMLGFSHHAR,14.47,14.4910831451,0.0210831451416,True
nucleophile class,0,N nucleophiles,1,main text,False,291,222,0.738539501735,4,context:57d430266759dccda05b8737,ARIDPRZCOYMNQD,14.43,14.650299708,0.220299708049,False
nucleophile class,0,N nucleophiles,1,main text,False,291,222,0.738539501735,4,context:5f0596e78b008723e499aa6b,NQRYJNQNLNOLGT,18.13,17.6279404958,-0.502059504191,True
nucleophile class,0,N nucleophiles,1,main text,False,291,222,0.738539501735,4,context:60260ac532ca2aa5c288544a,SNOAYWWTVMKALE,15.26,14.2353547414,-1.02464525859,True
nucleophile class,0,N nucleophiles,1,main text,False,291,222,0.738539501735,4,context:6091bd2301516003910d6e51,NGKOCETVOBCCII,12.98,13.0449581146,0.064958114624,True
nucleophile class,0,N nucleophiles,1,main text,False,291,222,0.738539501735,4,context:6775d99ad3c1b351c8c6867f,IZXIZTKNFFYFOF,22.4,19.1230036418,-3.27699635824,True
nucleophile class,0,N nucleophiles,1,main text,False,291,222,0.738539501735,4,context:69d076f569c3d235014d2001,BSKHPKMHTQYZBB,10.98,11.6095158259,0.629515825907,True
nucleophile class,0,N nucleophiles,1,main text,False,291,222,0.738539501735,4,context:6ca58b21e5db9904eb708a76,HXKKHQJGJAFBHI,15.47,14.9217300415,-0.548269958496,True
nucleophile class,0,N nucleophiles,1,main text,False,291,222,0.738539501735,4,context:7d79978fb66a1b279b0e0da7,DFNYGALUNNFWKJ,10.8,11.6429239909,0.842923990885,True
nucleophile class,0,N nucleophiles,1,main text,False,291,222,0.738539501735,4,context:809d1fb2dc1b4da75a2807ec,XLSZMDLNRCVEIJ,11.79,11.1928450267,-0.597154973348,True
nucleophile class,0,N nucleophiles,1,main text,False,291,222,0.738539501735,4,context:8107203de6a98dc10d30d0bb,RPFGCUFAJAQNLJ,8.8,10.5198119481,1.71981194814,True
nucleophile class,0,N nucleophiles,1,main text,False,291,222,0.738539501735,4,context:84854e1188e887abf0e72d4b,ARIDPRZCOYMNQD,14.58,14.8228610357,0.242861035665,False
nucleophile class,0,N nucleophiles,1,main text,False,291,222,0.738539501735,4,context:886d6621bfc25690eb20c6e0,CTSZPNIMMLSKDV,13.12,9.96818510691,-3.15181489309,True
nucleophile class,0,N nucleophiles,1,main text,False,291,222,0.738539501735,4,context:8a8bd635725f8c3997f9265b,MGBSQSNUNMDOOF,17.69,16.5495452881,-1.14045471191,True
nucleophile class,0,N nucleophiles,1,main text,False,291,222,0.738539501735,4,context:8ce8c05e600f200167d9ea98,BHAAPTBBJKJZER,14.28,12.7593377431,-1.52066225688,True
nucleophile class,0,N nucleophiles,1,main text,False,291,222,0.738539501735,4,context:8d85ac1c9ae4ec0c4892e261,LXBGSDVWAMZHDD,9.45,9.23422431946,-0.215775680542,True
nucleophile class,0,N nucleophiles,1,main text,False,291,222,0.738539501735,4,context:95701497ccbde9e4e0263ccd,ONIBWKKTOPOVIA,18.08,14.9906740189,-3.08932598114,True
nucleophile class,0,N nucleophiles,1,main text,False,291,222,0.738539501735,4,context:973c0a0f35594e2e6e8ca13a,YMAWOPBAYDPSLA,12.91,12.5902363459,-0.319763654073,True
nucleophile class,0,N nucleophiles,1,main text,False,291,222,0.738539501735,4,context:99503aec35fe0d809c2139ba,BKCCAYLNRIRKDJ,12.31,13.5160039266,1.2060039266,True
nucleophile class,0,N nucleophiles,1,main text,False,291,222,0.738539501735,4,context:9d45e885ddcf1d82c61d0bee,PAYRUJLWNCNPSJ,12.64,13.689546903,1.04954690297,True
nucleophile class,0,N nucleophiles,1,main text,False,291,222,0.738539501735,4,context:a17600b0c70e7081853de6b3,RZXMPPFPUUCRFN,13.19,13.6415774028,0.451577402751,True
nucleophile class,0,N nucleophiles,1,main text,False,291,222,0.738539501735,4,context:a385e2b2be87e902ae9cefaf,MSARUAFFWZCZHC,13.57,16.4822572072,2.91225720723,True
nucleophile class,0,N nucleophiles,1,main text,False,291,222,0.738539501735,4,context:abb67462906e5598eb88ace3,XFNJVJPLKCPIBV,14.02,13.6237691243,-0.396230875651,True
nucleophile class,0,N nucleophiles,1,main text,False,291,222,0.738539501735,4,context:adf56c725e7b708269f14236,ARIDPRZCOYMNQD,15.21,14.0279038747,-1.18209612528,True
nucleophile class,0,N nucleophiles,1,main text,False,291,222,0.738539501735,4,context:aeec3cbd5d8c089748b94f1d,OJOFMLDBXPDXLQ,22.67,19.3630530039,-3.30694699605,True
nucleophile class,0,N nucleophiles,1,main text,False,291,222,0.738539501735,4,context:b1ba2b5af1083e7042ca2111,ONIBWKKTOPOVIA,19.95,18.122030894,-1.82796910604,True
nucleophile class,0,N nucleophiles,1,main text,False,291,222,0.738539501735,4,context:b218b48bac376a82bba40669,QGZKDVFQNNGYKY,9.48,9.86650276184,0.386502761841,True
nucleophile class,0,N nucleophiles,1,main text,False,291,222,0.738539501735,4,context:b4379192a81a451b2c8bb420,CPQCSJYYDADLCZ,14.1,14.7049160004,0.604916000366,True
nucleophile class,0,N nucleophiles,1,main text,False,291,222,0.738539501735,4,context:bac1aae4e954997e59a5f190,GQYCDHQAMSGQOC,12.52,13.5561583837,1.03615838369,True
nucleophile class,0,N nucleophiles,1,main text,False,291,222,0.738539501735,4,context:c046aec29642eb4f4703d435,JCBPETKZIGVZRE,14.39,14.6206347148,0.230634714762,True
nucleophile class,0,N nucleophiles,1,main text,False,291,222,0.738539501735,4,context:cbfa42a0dd135d2db93ede6d,MUDSDYNRBDKLGK,11.6,10.6742509206,-0.925749079386,True
nucleophile class,0,N nucleophiles,1,main text,False,291,222,0.738539501735,4,context:cfd64c531578685a542110cc,RWRDLPDLKQPQOW,18.58,18.3574504852,-0.222549514771,True
nucleophile class,0,N nucleophiles,1,main text,False,291,222,0.738539501735,4,context:d91fe4f25e81a2532ad2ae39,HPNMFZURTQLUMO,15.1,15.5101591746,0.410159174601,True
nucleophile class,0,N nucleophiles,1,main text,False,291,222,0.738539501735,4,context:d95541c3f285ddb05b7f07f3,BSKHPKMHTQYZBB,10.52,11.5191825231,0.999182523092,True
nucleophile class,0,N nucleophiles,1,main text,False,291,222,0.738539501735,4,context:dbe33314b002ea972dcda0e4,YGCWPCVAVSIFLO,13.06,13.3688062032,0.308806203206,True
nucleophile class,0,N nucleophiles,1,main text,False,291,222,0.738539501735,4,context:de96bb5bdc1d1711e0fc5ac3,NQRYJNQNLNOLGT,17.35,18.4896653493,1.13966534932,True
nucleophile class,0,N nucleophiles,1,main text,False,291,222,0.738539501735,4,context:df4c03f7509df1dc68aa5120,LXBGSDVWAMZHDD,11.74,10.8329877853,-0.907012214661,True
nucleophile class,0,N nucleophiles,1,main text,False,291,222,0.738539501735,4,context:e60b90af462633dddd34c1d4,QGZKDVFQNNGYKY,11.39,12.0034770966,0.613477096558,True
nucleophile class,0,N nucleophiles,1,main text,False,291,222,0.738539501735,4,context:f8746b4cdeac8697636af298,NQRYJNQNLNOLGT,17.19,19.7898578644,2.59985786438,True
nucleophile class,0,N nucleophiles,1,main text,False,291,222,0.738539501735,4,context:fb4e8049cfcb553f6ef1e21c,IBZKBSXREAQDTO,13.24,14.1183684667,0.878368466695,True
nucleophile class,0,H nucleophiles,2,main text,False,137,130,0.868601487829,0,context:046650b42d9338282244a2d8,WNGRAVYBVJNTMT,-1.2,-0.286630312602,0.913369687398,False
nucleophile class,0,H nucleophiles,2,main text,False,137,130,0.868601487829,0,context:0b7cf750d726379289cdc1df,JIABXJQBVOUBOD,-4.8,-3.155474027,1.644525973,True
nucleophile class,0,H nucleophiles,2,main text,False,137,130,0.868601487829,0,context:288cc6beb66cb328095d548c,FUPIVZHYVSCYLX,-2.5,-0.707476615906,1.79252338409,True
nucleophile class,0,H nucleophiles,2,main text,False,137,130,0.868601487829,0,context:29e5bbce5254d2dac1ffbd22,BHLKIZCNPYDMOY,0.8,3.01926898956,2.21926898956,True
nucleophile class,0,H nucleophiles,2,main text,False,137,130,0.868601487829,0,context:2c1a5d14a43c365e85d4804a,ZACFZWVWCJFOCW,6.53,4.28319152196,-2.24680847804,True
nucleophile class,0,H nucleophiles,2,main text,False,137,130,0.868601487829,0,context:2c808b13daaa61e2f6d4753c,ZISUALSZTAEPJH,3.55,3.01589711507,-0.534102884928,True
nucleophile class,0,H nucleophiles,2,main text,False,137,130,0.868601487829,0,context:4c93c4353e4fb08790bf79a6,SQMFULTZZQBFBM,3.61,-0.174039840698,-3.7840398407,True
nucleophile class,0,H nucleophiles,2,main text,False,137,130,0.868601487829,0,context:50d0003ee7c34e8242409e0f,LPGWNCNRGQANGC,10.01,10.1350800196,0.125080019633,True
nucleophile class,0,H nucleophiles,2,main text,False,137,130,0.868601487829,0,context:5c932a5a707faf4a1d8d4816,PARWUHTVGZSQPD,0.06,0.766449928284,0.706449928284,True
nucleophile class,0,H nucleophiles,2,main text,False,137,130,0.868601487829,0,context:71430ff0a7183d78d7d86cd5,MRXYAMDBOPZJJK,-1,-0.217644055684,0.782355944316,False
nucleophile class,0,H nucleophiles,2,main text,False,137,130,0.868601487829,0,context:7e213e0b900e91c693b92650,AKQNYQDSIDKVJZ,2.65,2.01632944743,-0.633670552572,True
nucleophile class,0,H nucleophiles,2,main text,False,137,130,0.868601487829,0,context:8019b9cf1b4d1b390e19717b,UVJHQYIOXKWHFD,0.09,-0.88077100118,-0.97077100118,True
nucleophile class,0,H nucleophiles,2,main text,False,137,130,0.868601487829,0,context:8f6ba47e73ed7489abf7a143,LYVYUAHSSSHKHC,-5.4,-3.59563223521,1.80436776479,True
nucleophile class,0,H nucleophiles,2,main text,False,137,130,0.868601487829,0,context:8fe3d3bda1ba20a64d2d160b,OAZWDJGLIYNYMU,-3.3,-3.2271493276,0.072850672404,True
nucleophile class,0,H nucleophiles,2,main text,False,137,130,0.868601487829,0,context:992c0eadbe25a381ab5fdaa9,CMNUYDSETOTBDE,8.67,8.92942969004,0.259429690043,True
nucleophile class,0,H nucleophiles,2,main text,False,137,130,0.868601487829,0,context:a4379c962bcb29e5fa8762fd,FUPIVZHYVSCYLX,-0.07,-0.276529630025,-0.206529630025,True
nucleophile class,0,H nucleophiles,2,main text,False,137,130,0.868601487829,0,context:a65af6ab7938ca5563462eeb,SMCZAFXJZGCLQH,4.23,3.91803455353,-0.311965446472,True
nucleophile class,0,H nucleophiles,2,main text,False,137,130,0.868601487829,0,context:ae7dae587ead93a8d23cf8a6,MZIGTOLTYBBGEV,10.46,10.5076840719,0.0476840718587,True
nucleophile class,0,H nucleophiles,2,main text,False,137,130,0.868601487829,0,context:b2148f730cc8fa004dc2a383,WECJUPODCKXNQK,-2.11,-1.5643342336,0.545665766398,True
nucleophile class,0,H nucleophiles,2,main text,False,137,130,0.868601487829,0,context:b472207a5469ed04ab915cc9,IKGHVFNXLBSAFX,10.33,10.3031632106,-0.0268367894491,True
nucleophile class,0,H nucleophiles,2,main text,False,137,130,0.868601487829,0,context:b4a2a4f99946fe6fa6310a03,CWZRQWCJPONHOD,-6.4,-3.22542413076,3.17457586924,True
nucleophile class,0,H nucleophiles,2,main text,False,137,130,0.868601487829,0,context:bee88a396aaf8c76eef89d99,VFTRUCCMVUPYFC,19.85,17.1065622965,-2.74343770345,True
nucleophile class,0,H nucleophiles,2,main text,False,137,130,0.868601487829,0,context:c16baac1c8203bcb17fed5dc,IGKZJQSYTNNPIQ,-3.5,-3.45595486959,0.0440451304118,True
nucleophile class,0,H nucleophiles,2,main text,False,137,130,0.868601487829,0,context:ceb6fae0326a8a1396c98cbc,IBNSYFQZHBBNLR,3.89,4.57019265493,0.680192654928,True
nucleophile class,0,H nucleophiles,2,main text,False,137,130,0.868601487829,0,context:d5459a7ce6f9ef1e4c3087fe,UVJHQYIOXKWHFD,0.35,-1.01196448008,-1.36196448008,True
nucleophile class,0,H nucleophiles,2,main text,False,137,130,0.868601487829,0,context:ef014762e11f0d2a3289968c,FSXRUCROJQTPJL,5.51,5.813483874,0.303483874003,True
nucleophile class,0,H nucleophiles,2,main text,False,137,130,0.868601487829,0,context:f4678a3e07b10f3b9f85aa7e,KCQAMWOSJTWKNI,7.49,11.8305651347,4.34056513468,True
nucleophile class,0,H nucleophiles,2,main text,False,137,130,0.868601487829,0,context:f79096b8dda843f4aefe2a72,JAGYXYUAYDLKNO,-0.74,-1.85651906331,-1.11651906331,False
nucleophile class,0,H nucleophiles,2,main text,False,137,130,0.868601487829,1,context:08b64e5d08f015f03937ffca,YQQFFTNDQFUNHB,-2.1,-2.70232804616,-0.602328046163,True
nucleophile class,0,H nucleophiles,2,main text,False,137,130,0.868601487829,1,context:093c49e9de05754d68ebc889,MRMOZBOQVYRSEM,0.1,-2.05982939402,-2.15982939402,False
nucleophile class,0,H nucleophiles,2,main text,False,137,130,0.868601487829,1,context:136998ed9d421e73aba9cbbc,FWNSPYIKHBSEAH,4.95,1.67830276489,-3.27169723511,True
nucleophile class,0,H nucleophiles,2,main text,False,137,130,0.868601487829,1,context:18d37ab4b2b4a8f29e8a141d,QQQSFSZALRVCSZ,-1.8,2.05626138051,3.85626138051,True
nucleophile class,0,H nucleophiles,2,main text,False,137,130,0.868601487829,1,context:1e4bcbaf7b560172aaaf8855,YGHUUVGIRWMJGE,0.79,-0.275531450907,-1.06553145091,True
nucleophile class,0,H nucleophiles,2,main text,False,137,130,0.868601487829,1,context:206ec3b9fe4bc58a15228abb,BEHPKGIJAWBJMV,2.4,3.29747486115,0.897474861145,True
nucleophile class,0,H nucleophiles,2,main text,False,137,130,0.868601487829,1,context:24a5f8cfdcaae49d1c6f7ea5,CROBTXVXNQNKKO,14.94,19.3171844482,4.37718444824,False
nucleophile class,0,H nucleophiles,2,main text,False,137,130,0.868601487829,1,context:2b80cf137e6185ba9ecd7b83,KKJVNKHIPVHCQX,8.36,8.15383466085,-0.206165339152,True
nucleophile class,0,H nucleophiles,2,main text,False,137,130,0.868601487829,1,context:39e984a45f10fde75799f050,WZKXBGJNNCGHIC,-4.2,-4.59071985881,-0.390719858805,True
nucleophile class,0,H nucleophiles,2,main text,False,137,130,0.868601487829,1,context:582d0809ca7404b54b808139,SUXVTICOXXNSKI,1.88,0.707217534383,-1.17278246562,True
nucleophile class,0,H nucleophiles,2,main text,False,137,130,0.868601487829,1,context:626d491d1576051326f00ee9,ARLBPBOMNUIDOG,8.11,7.95417372386,-0.155826276143,True
nucleophile class,0,H nucleophiles,2,main text,False,137,130,0.868601487829,1,context:64cf075e76f4a30a3f470d70,NJHWKFPLUOUXOM,-3.4,-4.22491931915,-0.824919319153,True
nucleophile class,0,H nucleophiles,2,main text,False,137,130,0.868601487829,1,context:6642a9b4be2f5df822854e2f,LTLGQZPDSQYFSB,4,4.67569700877,0.675697008769,True
nucleophile class,0,H nucleophiles,2,main text,False,137,130,0.868601487829,1,context:6b7ab89e0502123301223b09,YNCCYIAVGRFFNA,12.44,11.2579609553,-1.1820390447,True
nucleophile class,0,H nucleophiles,2,main text,False,137,130,0.868601487829,1,context:74c0635ee831b2e8b4c23bb1,CQFRXHDORNUERA,2.3,4.13802051544,1.83802051544,True
nucleophile class,0,H nucleophiles,2,main text,False,137,130,0.868601487829,1,context:7580733c6a7819a9f36ec24e,JNZPAOFOCUDNDX,13.46,20.8992595673,7.43925956726,True
nucleophile class,0,H nucleophiles,2,main text,False,137,130,0.868601487829,1,context:7a75802ec7dcc3872bc03dd1,GACALPFXAWHEBC,4.27,1.50472386678,-2.76527613322,True
nucleophile class,0,H nucleophiles,2,main text,False,137,130,0.868601487829,1,context:7e7fa65fb8f731408642a008,TYLBDZLHYORWJA,4.91,5.14186986287,0.231869862874,True
nucleophile class,0,H nucleophiles,2,main text,False,137,130,0.868601487829,1,context:895c8593add43e69516f8ec4,SJCJNAHOFNKBAF,3.59,5.27757072449,1.68757072449,True
nucleophile class,0,H nucleophiles,2,main text,False,137,130,0.868601487829,1,context:a256a77d3f1eab452162cebd,LOJSXZBYZPEQRS,3.55,3.57311916351,0.0231191635132,True
nucleophile class,0,H nucleophiles,2,main text,False,137,130,0.868601487829,1,context:ada3cd1a236ca3dc720bb07f,VCZQFJFZMMALHB,-6.5,-5.07001654307,1.42998345693,True
nucleophile class,0,H nucleophiles,2,main text,False,137,130,0.868601487829,1,context:c096e1d72c564944086a74a1,HJWLCRVIBGQPNF,-4.12,-4.20579147339,-0.0857914733887,False
nucleophile class,0,H nucleophiles,2,main text,False,137,130,0.868601487829,1,context:c3824808eed7a4f7b22be19d,JIVXOVKFQCJKAK,-1.7,-1.63778114319,0.0622188568115,True
nucleophile class,0,H nucleophiles,2,main text,False,137,130,0.868601487829,1,context:d7440ac402a7c00ff68496a7,MRYUZFHUXCUPQI,-4.7,-2.8890616099,1.8109383901,True
nucleophile class,0,H nucleophiles,2,main text,False,137,130,0.868601487829,1,context:e9c484139b822f3b07d1aecd,RWWNQEOPUOCKGR,-2.4,-4.09351062775,-1.69351062775,True
nucleophile class,0,H nucleophiles,2,main text,False,137,130,0.868601487829,1,context:faba65abf1ba6bbf63cc4733,CROBTXVXNQNKKO,12.1,13.4711996714,1.37119967143,False
nucleophile class,0,H nucleophiles,2,main text,False,137,130,0.868601487829,1,context:fef8090e20ba56535f2620ef,AOJHDNSYXUZCCE,3.12,3.13993024826,0.0199302482605,True
nucleophile class,0,H nucleophiles,2,main text,False,137,130,0.868601487829,2,context:0af9d64b6b3139ac739f9173,JARUXAOCUHNKJV,8.84,9.6034784317,0.763478431702,True
nucleophile class,0,H nucleophiles,2,main text,False,137,130,0.868601487829,2,context:0d8ad7ee4901a2cf1b8f86b7,IKQUUYYDRTYXAP,-3.08,-1.75128173828,1.32871826172,False
nucleophile class,0,H nucleophiles,2,main text,False,137,130,0.868601487829,2,context:21ae076d2a3c7d8e677c6cf4,KFZMGEQAYNKOFK,-2.6,7.6595304807,10.2595304807,False
nucleophile class,0,H nucleophiles,2,main text,False,137,130,0.868601487829,2,context:33854c28d4e2f299ffe08dcc,GJCOSYZMQJWQCA,0.64,1.21029535929,0.570295359294,True
nucleophile class,0,H nucleophiles,2,main text,False,137,130,0.868601487829,2,context:3c453a42d1a48b42cbcc8f13,AQRLNPVMDITEJU,3.58,3.20533148448,-0.374668515523,True
nucleophile class,0,H nucleophiles,2,main text,False,137,130,0.868601487829,2,context:4a9dafbc7addbcccb633a826,LDRYFBIQMKMANQ,8.74,8.48132991791,-0.258670082092,True
nucleophile class,0,H nucleophiles,2,main text,False,137,130,0.868601487829,2,context:4b6671b921432ed55e1a579a,NKDDWNXOKDWJAK,-4.9,-4.69723383586,0.202766164144,True
nucleophile class,0,H nucleophiles,2,main text,False,137,130,0.868601487829,2,context:504282ea8ed58745400da70f,ASDHTSDNZLOXGY,7.15,5.25987672806,-1.89012327194,True
nucleophile class,0,H nucleophiles,2,main text,False,137,130,0.868601487829,2,context:514ca8e1744640d6fb10801d,QQXSEZVCKAEYQJ,-4.7,-4.49347305298,0.206526947021,True
nucleophile class,0,H nucleophiles,2,main text,False,137,130,0.868601487829,2,context:5c354dcf4b34677a09cf5599,IUDSCMPRPHGDII,9.99,13.4956232707,3.50562327067,True
nucleophile class,0,H nucleophiles,2,main text,False,137,130,0.868601487829,2,context:683187562ae64329b2e0441d,ONRDAGWFOUZNLV,8.9,8.53338559469,-0.366614405314,True
nucleophile class,0,H nucleophiles,2,main text,False,137,130,0.868601487829,2,context:7f0d02d8a5ceac690800b651,LJXTYJXBORAIHX,9,6.47943115234,-2.52056884766,True
nucleophile class,0,H nucleophiles,2,main text,False,137,130,0.868601487829,2,context:8585d8ac7b56199c13600b4b,BOPGDPNILDQYTO,10.37,13.470831871,3.10083187103,False
nucleophile class,0,H nucleophiles,2,main text,False,137,130,0.868601487829,2,context:8a6d13d076246e59bf40d2bd,MSYPQYVTHSBORB,9.38,8.65740044912,-0.722599550883,True
nucleophile class,0,H nucleophiles,2,main text,False,137,130,0.868601487829,2,context:9986b30acbc1d9673d12a80d,AOLMQKSSMXFUPJ,3.05,2.30585734049,-0.744142659505,True
nucleophile class,0,H nucleophiles,2,main text,False,137,130,0.868601487829,2,context:a4335f72939a0cccd51fece2,PXRYIMUHEOUCPU,18.74,13.7725893656,-4.96741063436,True
nucleophile class,0,H nucleophiles,2,main text,False,137,130,0.868601487829,2,context:aafdb9d6171b313d573129e5,RIRAVPPUGSNYOU,-7,-4.71278699239,2.28721300761,True
nucleophile class,0,H nucleophiles,2,main text,False,137,130,0.868601487829,2,context:ae49602792fb9fc899432299,ZHOVAWFVVBWEGQ,3.67,3.62329737345,-0.0467026265462,True
nucleophile class,0,H nucleophiles,2,main text,False,137,130,0.868601487829,2,context:b60a7560daaeb689908cdfe8,IUDSCMPRPHGDII,11.52,17.6346467336,6.1146467336,True
nucleophile class,0,H nucleophiles,2,main text,False,137,130,0.868601487829,2,context:c7acd2c4e06d90e1b4b00fd7,YKHOCZAGQAVNHX,17.68,20.2325070699,2.55250706991,True
nucleophile class,0,H nucleophiles,2,main text,False,137,130,0.868601487829,2,context:c7ace95893be7bbbe2b5c0b1,KDQBKCRYCZJUAE,-3.86,-2.38144429525,1.47855570475,True
nucleophile class,0,H nucleophiles,2,main text,False,137,130,0.868601487829,2,context:d6880797b4826e410604dcce,UVGXNNJEGDSWFX,6.21,5.75812498728,-0.451875012716,True
nucleophile class,0,H nucleophiles,2,main text,False,137,130,0.868601487829,2,context:d6bb49551b49eeffeba20626,AIZXHAQJVQMZKC,-2.4,-3.56863562266,-1.16863562266,True
nucleophile class,0,H nucleophiles,2,main text,False,137,130,0.868601487829,2,context:de91c6cb5da2a661de9703e3,WYGIWVCWYKSYOE,-8.8,-5.14304097493,3.65695902507,True
nucleophile class,0,H nucleophiles,2,main text,False,137,130,0.868601487829,2,context:ecef81dc7db97b63f7c09790,CWTAUZSJBADZNH,-3.4,-3.48038673401,-0.0803867340088,True
nucleophile class,0,H nucleophiles,2,main text,False,137,130,0.868601487829,2,context:f095e913e5bfb6896ba60e12,WNXJIVFYUVYPPR,-2.86,-3.88107649485,-1.02107649485,True
nucleophile class,0,H nucleophiles,2,main text,False,137,130,0.868601487829,2,context:f29ce1a716de52fd5fa2a2c4,WYGIWVCWYKSYOE,-3.62,-4.33050823212,-0.710508232117,True
nucleophile class,0,H nucleophiles,2,main text,False,137,130,0.868601487829,2,context:f57d3ed8833b8ecbd00a9f7e,HFPZCAJZSCWRBC,-2.8,-3.29289023081,-0.492890230815,False
nucleophile class,0,H nucleophiles,2,main text,False,137,130,0.868601487829,2,context:f975dbfb496f51a8334232d0,SLCJQIBAFJDZBP,3.83,2.69803619385,-1.13196380615,True
nucleophile class,0,H nucleophiles,2,main text,False,137,130,0.868601487829,2,context:fdd045374269b5b36d630482,XBKIDSNNBHCFMZ,7.53,7.73273515701,0.202735157013,True
nucleophile class,0,H nucleophiles,2,main text,False,137,130,0.868601487829,3,context:032678b7f79f9876930bdf0b,YDJXDYKQMRNUSA,2.93,-1.30610243479,-4.23610243479,False
nucleophile class,0,H nucleophiles,2,main text,False,137,130,0.868601487829,3,context:0f5720064160850a05508c95,JVCCMXQDRZDLSY,14.45,12.048921903,-2.40107809703,True
nucleophile class,0,H nucleophiles,2,main text,False,137,130,0.868601487829,3,context:1a9b4dc51aacd84ea8e8bb66,XFHGQPCADCWUJX,0.87,3.47440210978,2.60440210978,True
nucleophile class,0,H nucleophiles,2,main text,False,137,130,0.868601487829,3,context:21161b509f74b8cd263d80aa,HTWIZMNMTWYQRN,-3.3,-1.34347120921,1.95652879079,True
nucleophile class,0,H nucleophiles,2,main text,False,137,130,0.868601487829,3,context:35ee07181e2eded3005d2587,SMASNBFYNOFLQG,11.01,10.7160905202,-0.293909479777,True
nucleophile class,0,H nucleophiles,2,main text,False,137,130,0.868601487829,3,context:39d89feba8ceccab050cea14,USQQZWZBVGCDBX,2.78,3.4510380427,0.671038042704,True
nucleophile class,0,H nucleophiles,2,main text,False,137,130,0.868601487829,3,context:3c84f16ba2ec79f4af446fd6,ACCILMOFBCODON,-3.1,-3.76195939382,-0.661959393819,True
nucleophile class,0,H nucleophiles,2,main text,False,137,130,0.868601487829,3,context:428760b187999d3470634768,CZLMRJZAHXYRIX,-3.8,-3.34080473582,0.459195264181,True
nucleophile class,0,H nucleophiles,2,main text,False,137,130,0.868601487829,3,context:481a46ca93ac9d2c7caf9e64,WPDAVTSOEQEGMS,-0.86,-0.66705195109,0.19294804891,True
nucleophile class,0,H nucleophiles,2,main text,False,137,130,0.868601487829,3,context:53fc4d3631dba0437fdde3d3,AKYRVZLYALGKEA,7.68,7.97965113322,0.299651133219,True
nucleophile class,0,H nucleophiles,2,main text,False,137,130,0.868601487829,3,context:63abda22eed5b266c7603618,WYURNTSHIVDZCO,-3.5,-4.00680446625,-0.506804466248,True
nucleophile class,0,H nucleophiles,2,main text,False,137,130,0.868601487829,3,context:70447420a047d2e1c6853be4,UUTZEAQZDHSEAL,3.4,3.34862295787,-0.0513770421346,True
nucleophile class,0,H nucleophiles,2,main text,False,137,130,0.868601487829,3,context:7dc431d0c7fb19fbe1db981a,RWCLZNAGACFNEX,2.27,2.4431292216,0.173129221598,True
nucleophile class,0,H nucleophiles,2,main text,False,137,130,0.868601487829,3,context:863b376abd11b6cd8ab3f8ba,QGGUMTNPIYCTSF,0.19,-5.31049537659,-5.50049537659,False
nucleophile class,0,H nucleophiles,2,main text,False,137,130,0.868601487829,3,context:96cc12243cb7308b7a7b879d,AAAQKTZKLRYKHR,-4.27,-5.61121241252,-1.34121241252,True
nucleophile class,0,H nucleophiles,2,main text,False,137,130,0.868601487829,3,context:a67192e244b884f7edaf5de7,PRPMBEZVXZKPOS,-0.73,-0.698260943095,0.0317390569051,True
nucleophile class,0,H nucleophiles,2,main text,False,137,130,0.868601487829,3,context:ab4f099cc387e071731b479d,LYINTWKRUWVLBA,-0.9,-0.742285092672,0.157714907328,True
nucleophile class,0,H nucleophiles,2,main text,False,137,130,0.868601487829,3,context:b87ab519eed317de504f5e06,KTSWILXIWHVQLR,5.92,4.53677225113,-1.38322774887,True
nucleophile class,0,H nucleophiles,2,main text,False,137,130,0.868601487829,3,context:c3a5cfbb7858313910f80629,CKPJWJGGZOJURQ,1.35,-1.49596405029,-2.84596405029,True
nucleophile class,0,H nucleophiles,2,main text,False,137,130,0.868601487829,3,context:c7d66d4e45144188209f398f,QGBMSFLTRRZTGI,3.3,3.33218574524,0.0321857452393,True
nucleophile class,0,H nucleophiles,2,main text,False,137,130,0.868601487829,3,context:c92b1880a8e55736b899ad4d,NFHRNKANAAGQOH,5.64,6.96849107742,1.32849107742,True
nucleophile class,0,H nucleophiles,2,main text,False,137,130,0.868601487829,3,context:d5b20f0c1691f088a3ff765f,SWILASQDIICLLP,-5.18,-7.02623176575,-1.84623176575,True
nucleophile class,0,H nucleophiles,2,main text,False,137,130,0.868601487829,3,context:dda994161815a3495545a2e3,AFCAKJKUYFLYFK,-0.3,-4.30512682597,-4.00512682597,True
nucleophile class,0,H nucleophiles,2,main text,False,137,130,0.868601487829,4,context:0f1a763a492b4ba04a7361c4,RBEROAUIKMEYDR,-0.88,-0.853910446167,0.026089553833,False
nucleophile class,0,H nucleophiles,2,main text,False,137,130,0.868601487829,4,context:1669e9792fadd8c97a24da05,SBWCARQXLPGQNH,2.2,3.70332781474,1.50332781474,True
nucleophile class,0,H nucleophiles,2,main text,False,137,130,0.868601487829,4,context:233a959a2c911e0011325237,CHVJITGCYZJHLR,0.55,2.52631950378,1.97631950378,True
nucleophile class,0,H nucleophiles,2,main text,False,137,130,0.868601487829,4,context:24b54ae6de2992d22011bc0b,RTZKZFJDLAIYFH,-5.1,-4.05381266276,1.04618733724,True
nucleophile class,0,H nucleophiles,2,main text,False,137,130,0.868601487829,4,context:27b053ef39c6db36c12fc10b,VDCSGNNYCFPWFK,1.52,1.68076165517,0.160761655172,True
nucleophile class,0,H nucleophiles,2,main text,False,137,130,0.868601487829,4,context:32766dd4553fe1b598e4f37b,VPVXTYYXTKCTPM,-2.4,-3.13226159414,-0.732261594137,True
nucleophile class,0,H nucleophiles,2,main text,False,137,130,0.868601487829,4,context:3cd21e191ae616c74ec11aaf,VDWAQPIHXBRGGA,5.54,4.28473011653,-1.25526988347,True
nucleophile class,0,H nucleophiles,2,main text,False,137,130,0.868601487829,4,context:41d81a623832f7867e2ed775,QYZLKGVUSQXAMU,-2.99,-3.67254479726,-0.682544797262,True
nucleophile class,0,H nucleophiles,2,main text,False,137,130,0.868601487829,4,context:463b173fc9313129608e533a,NWKBSEBOBPHMKL,-3.2,-1.48110771179,1.71889228821,True
nucleophile class,0,H nucleophiles,2,main text,False,137,130,0.868601487829,4,context:48cad362d7932d969ad0e47e,QRLBICHXRCOJDU,2.13,1.20606994629,-0.923930053711,True
nucleophile class,0,H nucleophiles,2,main text,False,137,130,0.868601487829,4,context:49fd347bedbd1edbeb240e3f,JSDUOUVZQRZOOY,-1.06,-3.09460067749,-2.03460067749,True
nucleophile class,0,H nucleophiles,2,main text,False,137,130,0.868601487829,4,context:674e3b5c51984c48d6abbf37,VDWAQPIHXBRGGA,4,11.3050289154,7.30502891541,False
nucleophile class,0,H nucleophiles,2,main text,False,137,130,0.868601487829,4,context:6793ca5ce0c163b8e4c1887f,FULSRCPEOUATID,2.72,2.27086098989,-0.449139010111,True
nucleophile class,0,H nucleophiles,2,main text,False,137,130,0.868601487829,4,context:686f9958559bc847496b37e5,SPIUPAOJDZNUJH,-0.7,0.0495233535767,0.749523353577,True
nucleophile class,0,H nucleophiles,2,main text,False,137,130,0.868601487829,4,context:6876e1c0c3fd72c364f0ed74,UVRHPCHNWMQZLQ,1.3,3.3633591334,2.0633591334,True
nucleophile class,0,H nucleophiles,2,main text,False,137,130,0.868601487829,4,context:6a348b33b3cd78784267830f,XISYFRGVGQIFHM,4.86,4.09202082952,-0.767979170481,True
nucleophile class,0,H nucleophiles,2,main text,False,137,130,0.868601487829,4,context:6d775d437805f563af1369c0,CHVJITGCYZJHLR,0.52,3.20015176137,2.68015176137,True
nucleophile class,0,H nucleophiles,2,main text,False,137,130,0.868601487829,4,context:7468e5d62052f9d36a9ab056,OMRRIKKMQMYXLQ,9.55,10.3894602458,0.839460245768,True
nucleophile class,0,H nucleophiles,2,main text,False,137,130,0.868601487829,4,context:96ccd7f55a254fd1f432b7a3,DOCWIYKENOSTCZ,20.93,18.1230182648,-2.80698173523,True
nucleophile class,0,H nucleophiles,2,main text,False,137,130,0.868601487829,4,context:9b612ce389b8d5d9e5d7961e,KQVSXUGMDCAISO,7.97,8.38324769338,0.41324769338,True
nucleophile class,0,H nucleophiles,2,main text,False,137,130,0.868601487829,4,context:9d1b05e8231f1bee5f3876b4,HIAZFYQNGXRLTF,3.99,4.03226089478,0.0422608947754,True
nucleophile class,0,H nucleophiles,2,main text,False,137,130,0.868601487829,4,context:9eb082db3f538552ebb9b0d2,YYDUKBHWKGEMLM,25.54,19.1962833405,-6.34371665955,True
nucleophile class,0,H nucleophiles,2,main text,False,137,130,0.868601487829,4,context:b45d7c3cdcec0b5fc988f966,SABMKDWVEYTWLO,5.36,4.35974136988,-1.00025863012,True
nucleophile class,0,H nucleophiles,2,main text,False,137,130,0.868601487829,4,context:d82a09d9de3348fe96fd1937,DBGVGMSCBYYSLD,9.96,6.23377879461,-3.72622120539,True
nucleophile class,0,H nucleophiles,2,main text,False,137,130,0.868601487829,4,context:d8b33b35a827ed3c41fe3b89,ZPJPPTSCBDTYDP,9.12,9.26120853424,0.141208534241,True
nucleophile class,0,H nucleophiles,2,main text,False,137,130,0.868601487829,4,context:e09e46e5393542fa5dfdff12,PQDJYEQOELDLCP,3.15,2.3839079539,-0.766092046102,True
nucleophile class,0,H nucleophiles,2,main text,False,137,130,0.868601487829,4,context:e254324853d787b062c88c43,OJPMLDITIICIDN,8.53,9.26974741618,0.739747416178,True
nucleophile class,0,H nucleophiles,2,main text,False,137,130,0.868601487829,4,context:e4af45d8a7b4022cbd54a18e,NXHORDQDUDIXOS,3.99,3.73205773036,-0.257942269643,True
nucleophile class,0,H nucleophiles,2,main text,False,137,130,0.868601487829,4,context:f76c66586786c9c40af4aa6d,WDITXRGBBBKEET,11.88,10.1926705043,-1.68732949575,True
nucleophile class,0,O nucleophiles,3,main text,False,77,47,0.768676212972,0,context:1b4e88786daad3fbde5cf36c,FHHJDRFHHWUPDG,14.41,16.0452006658,1.63520066579,True
nucleophile class,0,O nucleophiles,3,main text,False,77,47,0.768676212972,0,context:20d0d451e75912ece86fa97d,LFQSCWFLJHTTHZ,7.44,7.97177680333,0.531776803335,True
nucleophile class,0,O nucleophiles,3,main text,False,77,47,0.768676212972,0,context:2e3e48b834eb017dc1b5abf5,QTBSBXVTEAMEQO,16.9,16.977921168,0.0779211680094,True
nucleophile class,0,O nucleophiles,3,main text,False,77,47,0.768676212972,0,context:3217aae091c441f2962a149f,XCRBXWCUXJNEFX,18.57,17.1922550201,-1.37774497986,True
nucleophile class,0,O nucleophiles,3,main text,False,77,47,0.768676212972,0,context:60c800e66fa41e374ca1a6ea,QHPQWRBYOIRBIT,19.67,19.9747962952,0.304796295166,True
nucleophile class,0,O nucleophiles,3,main text,False,77,47,0.768676212972,0,context:74f0f478d87e1a6f17da3e3d,QHPQWRBYOIRBIT,19.9,19.7240130107,-0.175986989339,True
nucleophile class,0,O nucleophiles,3,main text,False,77,47,0.768676212972,0,context:79a50ba7c4ebd615df8add3f,DKCPKDPYUFEZCP,21.02,19.6054191589,-1.41458084106,True
nucleophile class,0,O nucleophiles,3,main text,False,77,47,0.768676212972,0,context:9b4343222cddc0bda3f79c47,ZJAFQAPHWPSKRZ,17.43,15.1782547633,-2.25174523671,True
nucleophile class,0,O nucleophiles,3,main text,False,77,47,0.768676212972,0,context:d0d2a667857756a2726af781,CIHOLLKRGTVIJN,14.29,13.6102406184,-0.679759381612,True
nucleophile class,0,O nucleophiles,3,main text,False,77,47,0.768676212972,0,context:de7863a9f30dc85446668fa4,LFQSCWFLJHTTHZ,7.13,6.98196077347,-0.148039226532,True
nucleophile class,0,O nucleophiles,3,main text,False,77,47,0.768676212972,0,context:e9b6876467fe9769098ed944,QHPQWRBYOIRBIT,21.7,19.096192042,-2.60380795797,True
nucleophile class,0,O nucleophiles,3,main text,False,77,47,0.768676212972,1,context:140625e7a8792f40d3d70476,WXNZTHHGJRFXKQ,19.67,20.1222139994,0.45221399943,True
nucleophile class,0,O nucleophiles,3,main text,False,77,47,0.768676212972,1,context:15f73ae160b9f380663ec083,RTZZCYNQPHTPPL,22.41,18.017548879,-4.39245112101,True
nucleophile class,0,O nucleophiles,3,main text,False,77,47,0.768676212972,1,context:298d42e9c266a97c96310a00,BTJIUGUIPKRLHP,15.05,18.3143215179,3.26432151794,True
nucleophile class,0,O nucleophiles,3,main text,False,77,47,0.768676212972,1,context:358d64dbd288241dca32d497,HHFAWKCIHAUFRX,15.78,18.6225668589,2.84256685893,True
nucleophile class,0,O nucleophiles,3,main text,False,77,47,0.768676212972,1,context:51f1b8db2a07ad75f313d6b6,UGEJOEBBMPOJMT,22.62,19.4182071686,-3.20179283142,True
nucleophile class,0,O nucleophiles,3,main text,False,77,47,0.768676212972,1,context:8040ef6d9ccb2396e714690b,UGEJOEBBMPOJMT,23.2,20.7229811351,-2.47701886495,True
nucleophile class,0,O nucleophiles,3,main text,False,77,47,0.768676212972,1,context:809cc90dc6a58b5017aa8ea0,UIIDIWSTMOYJBZ,14.33,14.1742127736,-0.155787226359,True
nucleophile class,0,O nucleophiles,3,main text,False,77,47,0.768676212972,1,context:8f6e0e5771d567ea44b9d623,RTZZCYNQPHTPPL,21.29,16.7565924327,-4.53340756734,True
nucleophile class,0,O nucleophiles,3,main text,False,77,47,0.768676212972,1,context:9d531c035752d05f2479104b,BTJIUGUIPKRLHP,14.32,16.490210851,2.17021085103,True
nucleophile class,0,O nucleophiles,3,main text,False,77,47,0.768676212972,1,context:a7c520d419de41880d76fc84,RTZZCYNQPHTPPL,25.51,17.3020680745,-8.20793192546,True
nucleophile class,0,O nucleophiles,3,main text,False,77,47,0.768676212972,1,context:c0f45621b2f1f6fa96c6edbe,CVNOWLNNPYYEOH,18.78,18.9559237162,0.175923716227,True
nucleophile class,0,O nucleophiles,3,main text,False,77,47,0.768676212972,1,context:c496b79d00600def22994b2b,WXNZTHHGJRFXKQ,18.32,20.2750676473,1.9550676473,True
nucleophile class,0,O nucleophiles,3,main text,False,77,47,0.768676212972,1,context:c767745561595d2e468da065,WXNZTHHGJRFXKQ,20.34,19.6050510406,-0.734948959351,True
nucleophile class,0,O nucleophiles,3,main text,False,77,47,0.768676212972,1,context:c8aff9c640a3352822a6a483,CVNOWLNNPYYEOH,19.58,19.9933344523,0.413334452311,True
nucleophile class,0,O nucleophiles,3,main text,False,77,47,0.768676212972,1,context:d4fc625fb1656cfe23e866b6,CVNOWLNNPYYEOH,17.85,20.2542317708,2.40423177083,True
nucleophile class,0,O nucleophiles,3,main text,False,77,47,0.768676212972,1,context:d62003990a5ba2e8e7d5d607,WQYVRQLZKVEZGA,14.5,17.3823420207,2.88234202067,True
nucleophile class,0,O nucleophiles,3,main text,False,77,47,0.768676212972,1,context:ec4c82a5dca4e65a77c7f804,BTJIUGUIPKRLHP,15.14,17.2357762655,2.09577626546,True
nucleophile class,0,O nucleophiles,3,main text,False,77,47,0.768676212972,1,context:fe5abbf79290593e86569ebd,UGEJOEBBMPOJMT,23.4,21.3251775106,-2.07482248942,True
nucleophile class,0,O nucleophiles,3,main text,False,77,47,0.768676212972,2,context:026b96b3063775741a0ae01a,NBTOZLQBSIZIKS,15.78,19.2543697357,3.47436973572,True
nucleophile class,0,O nucleophiles,3,main text,False,77,47,0.768676212972,2,context:14402e407fec5db1bff1a900,IAZDPXIOMUYVGZ,11.3,9.80671564738,-1.49328435262,True
nucleophile class,0,O nucleophiles,3,main text,False,77,47,0.768676212972,2,context:16efe844af97c91715848b85,GLVYLTSKTCWWJR,18.43,19.2835267385,0.853526738485,True
nucleophile class,0,O nucleophiles,3,main text,False,77,47,0.768676212972,2,context:21d2478620ac307a608b8278,NWVVVBRKAWDGAB,20.09,20.4389235179,0.348923517863,True
nucleophile class,0,O nucleophiles,3,main text,False,77,47,0.768676212972,2,context:480667c80a4bb52eb64abcc1,NWVVVBRKAWDGAB,19.9,20.2256991069,0.325699106852,True
nucleophile class,0,O nucleophiles,3,main text,False,77,47,0.768676212972,2,context:4a3a0be37a98ad9c086a43f1,IQUPABOKLQSFBK,15.48,18.2900625865,2.81006258647,True
nucleophile class,0,O nucleophiles,3,main text,False,77,47,0.768676212972,2,context:7535c637bc4661b19ad0c2a5,OKKJLVBELUTLKV,7.54,8.98778502146,1.44778502146,True
nucleophile class,0,O nucleophiles,3,main text,False,77,47,0.768676212972,2,context:a779a0941dfac0753badf054,NWVVVBRKAWDGAB,20.62,20.1232013702,-0.496798629761,True
nucleophile class,0,O nucleophiles,3,main text,False,77,47,0.768676212972,2,context:d4f87a56acd1f31d36ce9975,BXGXGTXWGGOFSP,15.63,17.3630485535,1.73304855347,True
nucleophile class,0,O nucleophiles,3,main text,False,77,47,0.768676212972,2,context:df57156a118f52f1da287dab,KFZMGEQAYNKOFK,6.82,-0.472394625346,-7.29239462535,False
nucleophile class,0,O nucleophiles,3,main text,False,77,47,0.768676212972,2,context:f5820c8b1fe395fbc6e2302a,OKKJLVBELUTLKV,6.86,9.13926331202,2.27926331202,True
nucleophile class,0,O nucleophiles,3,main text,False,77,47,0.768676212972,2,context:ff347129e8f02e72207eade3,IQUPABOKLQSFBK,16.65,19.1279220581,2.47792205811,True
nucleophile class,0,O nucleophiles,3,main text,False,77,47,0.768676212972,2,context:ff523eef0e27136df1c05852,IQUPABOKLQSFBK,15.83,19.7176017761,3.88760177612,True
nucleophile class,0,O nucleophiles,3,main text,False,77,47,0.768676212972,3,context:03d8605b10e73d9af9472f37,IWDCLRJOBJJRNH,14.3,15.4370765686,1.1370765686,True
nucleophile class,0,O nucleophiles,3,main text,False,77,47,0.768676212972,3,context:0e9265b44244ff4c588df95d,IWDCLRJOBJJRNH,19.65,19.8349583944,0.184958394368,True
nucleophile class,0,O nucleophiles,3,main text,False,77,47,0.768676212972,3,context:3e0cd24eeec0a3ca4afbdc8b,ISWSIDIOOBJBQZ,19.86,20.1412938436,0.281293843587,True
nucleophile class,0,O nucleophiles,3,main text,False,77,47,0.768676212972,3,context:43b4ce97ced587a892943b7e,ZOQOPXVJANRGJZ,18.39,18.5313504537,0.141350453695,True
nucleophile class,0,O nucleophiles,3,main text,False,77,47,0.768676212972,3,context:4a952e70bc7025c3da22dd2c,OTLNPYWUJOZPPA,18.74,18.7751261393,0.0351261393229,True
nucleophile class,0,O nucleophiles,3,main text,False,77,47,0.768676212972,3,context:86147d68481eeb09813c9fc3,XLYOFNOQVPJJNP,10.47,14.6223319372,4.15233193715,True
nucleophile class,0,O nucleophiles,3,main text,False,77,47,0.768676212972,3,context:90b4f64e72ef28d9e9981436,ZOQOPXVJANRGJZ,18.47,17.9079538981,-0.562046101888,True
nucleophile class,0,O nucleophiles,3,main text,False,77,47,0.768676212972,3,context:949b1c1beccdbbc6ac0e4e06,ZOQOPXVJANRGJZ,20.37,19.2696247101,-1.10037528992,True
nucleophile class,0,O nucleophiles,3,main text,False,77,47,0.768676212972,3,context:a2b956996902a0c95279f30c,IAPQCQCJCOIPGG,17.84,18.095553716,0.255553716024,True
nucleophile class,0,O nucleophiles,3,main text,False,77,47,0.768676212972,3,context:a3e9db402d50367ae82f56f8,ULVUGRJTZCWZRN,17.93,18.6316229502,0.701622950236,True
nucleophile class,0,O nucleophiles,3,main text,False,77,47,0.768676212972,3,context:ad9d3bb3f215a1bd183c99b2,XLYOFNOQVPJJNP,5.2,5.80287075043,0.602870750427,True
nucleophile class,0,O nucleophiles,3,main text,False,77,47,0.768676212972,3,context:b88c67ca401e48fbfab5c039,OTLNPYWUJOZPPA,15.3,15.6200269063,0.320026906331,True
nucleophile class,0,O nucleophiles,3,main text,False,77,47,0.768676212972,3,context:cbf66445fe772b3b7820a6db,ASHGTJPOSUFTGB,18.81,20.5386918386,1.72869183858,True
nucleophile class,0,O nucleophiles,3,main text,False,77,47,0.768676212972,3,context:cc7462c586f1194519c806fa,IWDCLRJOBJJRNH,19.08,20.0007095337,0.920709533691,True
nucleophile class,0,O nucleophiles,3,main text,False,77,47,0.768676212972,3,context:ee79474ab6712126e20b8f97,MHAJPDPJQMAIIY,15.4,15.5898443858,0.189844385783,False
nucleophile class,0,O nucleophiles,3,main text,False,77,47,0.768676212972,3,context:f7029689fcad4f0347c63c73,XLYOFNOQVPJJNP,5.79,6.09367783864,0.303677838643,True
nucleophile class,0,O nucleophiles,3,main text,False,77,47,0.768676212972,3,context:f8a9352cc568c9cf5cf6ccac,ISWSIDIOOBJBQZ,18.86,20.072517395,1.21251739502,True
nucleophile class,0,O nucleophiles,3,main text,False,77,47,0.768676212972,3,context:fd4292af88f1f87464f10b69,ISWSIDIOOBJBQZ,18.53,20.4553807576,1.92538075765,True
nucleophile class,0,O nucleophiles,3,main text,False,77,47,0.768676212972,4,context:1148cf278b4e49ad0ad7b099,JHLOOOWAEXGHGS,13.94,14.7527208328,0.812720832825,True
nucleophile class,0,O nucleophiles,3,main text,False,77,47,0.768676212972,4,context:1743ca3c1727e01083cd3c83,FHGCQCXIJRSFGF,12.75,13.6107540131,0.860754013062,False
nucleophile class,0,O nucleophiles,3,main text,False,77,47,0.768676212972,4,context:23d73c4048189eec05ae404a,BAYGVMXZJBFEMB,21.69,21.8762753805,0.186275380452,True
nucleophile class,0,O nucleophiles,3,main text,False,77,47,0.768676212972,4,context:2c7e3b33b386cff0291fffcf,NHQDETIJWKXCTC,18.19,18.1332670848,-0.0567329152425,True
nucleophile class,0,O nucleophiles,3,main text,False,77,47,0.768676212972,4,context:33d586a3dcda0fc4f356b3ab,BAYGVMXZJBFEMB,22.05,21.9150218964,-0.134978103638,True
nucleophile class,0,O nucleophiles,3,main text,False,77,47,0.768676212972,4,context:3b4c151085be17c6e5d0fe4a,IQBIARKBWBZCBC,14.07,13.8797931671,-0.190206832886,True
nucleophile class,0,O nucleophiles,3,main text,False,77,47,0.768676212972,4,context:3e6014902806a45c5f89b141,DKGAVHZHDRPRBM,5.35,6.11567576726,0.765675767263,True
nucleophile class,0,O nucleophiles,3,main text,False,77,47,0.768676212972,4,context:42f9a8c6b65e77322276a21c,AFYRKIAHDASULF,18.56,18.3612683614,-0.19873163859,True
nucleophile class,0,O nucleophiles,3,main text,False,77,47,0.768676212972,4,context:4f32203cd53bb30273bb0421,GMAZSOXPZUDWTB,17.99,18.0064716339,0.0164716339111,True
nucleophile class,0,O nucleophiles,3,main text,False,77,47,0.768676212972,4,context:53cf2d82f66429c019f0bd40,CXHHBNMLPJOKQD,16.03,15.1495933533,-0.880406646729,True
nucleophile class,0,O nucleophiles,3,main text,False,77,47,0.768676212972,4,context:7a9730d488a266fa2217671e,LEZZSPMYYQOQRD,12.66,13.2458928426,0.585892842611,True
nucleophile class,0,O nucleophiles,3,main text,False,77,47,0.768676212972,4,context:7f17f9435e107035f3a86421,VYWYYJYRVSBHJQ,14.9,15.0019585292,0.101958529154,True
nucleophile class,0,O nucleophiles,3,main text,False,77,47,0.768676212972,4,context:b9f5421b4ee01b9e354e20dc,BAYGVMXZJBFEMB,18.98,20.789308548,1.80930854797,True
nucleophile class,0,O nucleophiles,3,main text,False,77,47,0.768676212972,4,context:d59c0e317cb68d0521e2bcc9,UZJGVXSQDRSSHU,16.02,18.1585216522,2.13852165222,True
nucleophile class,0,O nucleophiles,3,main text,False,77,47,0.768676212972,4,context:e53fa77227dd1761e4f8ed3c,YQHLDYVWEZKEOX,13.92,15.2336441676,1.31364416758,True
nucleophile class,0,O nucleophiles,3,main text,False,77,47,0.768676212972,4,context:f363e7e84dfe18ed94ae5ba5,JGJLWPGRMCADHB,16.69,13.3558012644,-3.33419873556,True
nucleophile class,0,O nucleophiles,3,main text,False,77,47,0.768676212972,4,context:f834ccfc524a8a8c486af933,VYWYYJYRVSBHJQ,18.8,18.7049484253,-0.095051574707,True
nucleophile class,0,S/Se nucleophiles,4,main text,False,27,25,0.915420526302,0,context:240fd2ffad6a938368e2f5c3,NRMQMTQTYONMFY,21.72,22.7669576009,1.04695760091,True
nucleophile class,0,S/Se nucleophiles,4,main text,False,27,25,0.915420526302,0,context:3b9b85e5cb3830bc1f496370,NIFAOMSJMGEFTQ,24.97,23.2651729584,-1.70482704163,True
nucleophile class,0,S/Se nucleophiles,4,main text,False,27,25,0.915420526302,0,context:45ed864d032709cd388e9432,AXBVSRMHOPMXBA,18.92,17.9443829854,-0.975617014567,True
nucleophile class,0,S/Se nucleophiles,4,main text,False,27,25,0.915420526302,0,context:7f42f59424116027fc166d10,WLHCBQAPPJAULW,24.35,22.8497416178,-1.50025838216,True
nucleophile class,0,S/Se nucleophiles,4,main text,False,27,25,0.915420526302,0,context:83d957069d2b0682f7ca5c7b,MZGNSEAPZQGJRB,20.93,22.1359138489,1.20591384888,True
nucleophile class,0,S/Se nucleophiles,4,main text,False,27,25,0.915420526302,0,context:f2814866427845d84ca7ee33,RVIXKDRPFPUUOO,12.6,13.8013089498,1.20130894979,True
nucleophile class,0,S/Se nucleophiles,4,main text,False,27,25,0.915420526302,0,context:fd2af92c872af77ad3756bb5,SCURCOWZQJIUGR,21.75,22.0185832977,0.268583297729,True
nucleophile class,0,S/Se nucleophiles,4,main text,False,27,25,0.915420526302,1,context:000edfe6c31e366ec614031b,RAOIDOHSFRTOEL,13.3,12.874434789,-0.425565210978,True
nucleophile class,0,S/Se nucleophiles,4,main text,False,27,25,0.915420526302,1,context:06ddadbb9af8eaa94c5e2b88,LSNNMFCWUKXFEE,16.83,15.0256083806,-1.80439161936,False
nucleophile class,0,S/Se nucleophiles,4,main text,False,27,25,0.915420526302,1,context:085861b02cdfed858e464ec2,RAOIDOHSFRTOEL,13.1,12.2576859792,-0.842314020793,True
nucleophile class,0,S/Se nucleophiles,4,main text,False,27,25,0.915420526302,1,context:4054d4348b5284c6e380c335,HTIRHQRTDBPHNZ,11.86,12.491613706,0.631613705953,True
nucleophile class,0,S/Se nucleophiles,4,main text,False,27,25,0.915420526302,1,context:c5dfc6b4da871b7bdb5f6c59,ZOOODBUHSVUZEM,19.3,18.7555961609,-0.544403839111,True
nucleophile class,0,S/Se nucleophiles,4,main text,False,27,25,0.915420526302,2,context:4a62d641470aec3502df8330,FTBCOQFMQSTCQQ,22.8,23.2433770498,0.443377049764,True
nucleophile class,0,S/Se nucleophiles,4,main text,False,27,25,0.915420526302,2,context:a75649a884cb743552a09be7,VSWDORGPIHIGNW,22.4,22.915594101,0.515594100952,True
nucleophile class,0,S/Se nucleophiles,4,main text,False,27,25,0.915420526302,2,context:e8d7073ebe18daf9513f99d1,YPWFISCTZQNZAU,11.94,13.2581075033,1.31810750326,True
nucleophile class,0,S/Se nucleophiles,4,main text,False,27,25,0.915420526302,3,context:04b64edad0cefffb0d196d79,UOJYYXATTMQQNA,18.27,19.7088101705,1.43881017049,True
nucleophile class,0,S/Se nucleophiles,4,main text,False,27,25,0.915420526302,3,context:465f9354d9d9b39de1d39217,KCAQWPZIMLLEAF,19.71,21.7826099396,2.07260993958,True
nucleophile class,0,S/Se nucleophiles,4,main text,False,27,25,0.915420526302,3,context:71d67a01ba53a82b13c163b0,WCMLRSZJUIKVCW,21.3,21.9229246775,0.622924677531,True
nucleophile class,0,S/Se nucleophiles,4,main text,False,27,25,0.915420526302,3,context:840fd600607d5836cc66637e,ZRNARZDEJVFNSK,23.61,21.7711448669,-1.83885513306,True
nucleophile class,0,S/Se nucleophiles,4,main text,False,27,25,0.915420526302,3,context:892c9c011ecfd597feecbf8d,CQJDYPZUDYXHLM,22.5,22.7421099345,0.242109934489,True
nucleophile class,0,S/Se nucleophiles,4,main text,False,27,25,0.915420526302,3,context:c28e9784db55d15adb8563d0,RFCQDOVPMUSZMN,22.55,22.4885851542,-0.0614148457845,True
nucleophile class,0,S/Se nucleophiles,4,main text,False,27,25,0.915420526302,3,context:fcd639b8c9b4cf22f976266b,FAIPQCJQEAURIB,23.84,21.9985561371,-1.84144386292,True
nucleophile class,0,S/Se nucleophiles,4,main text,False,27,25,0.915420526302,4,context:09046fec8456871d3b429293,RMVRSNDYEFQCLF,23.36,23.984161377,0.624161376953,True
nucleophile class,0,S/Se nucleophiles,4,main text,False,27,25,0.915420526302,4,context:551320761ba7b156705d660e,QMMFVYPAHWMCMS,12.7,12.1017640432,-0.598235956828,True
nucleophile class,0,S/Se nucleophiles,4,main text,False,27,25,0.915420526302,4,context:78219337fa07aa51b725f02c,CWERGRDVMFNCDR,22.62,21.6046193441,-1.01538065592,True
nucleophile class,0,S/Se nucleophiles,4,main text,False,27,25,0.915420526302,4,context:a0d8ab51c24522f926dec6ce,QMMFVYPAHWMCMS,12.32,11.7193183899,-0.600681610107,True
nucleophile class,0,S/Se nucleophiles,4,main text,False,27,25,0.915420526302,4,context:dca79eefc8f81b75eff0c327,DUYAAUVXQSMXQP,21.2,17.9067077637,-3.29329223633,True
nucleophile class,0,P nucleophiles,5,Supporting Information,True,18,16,-0.768905763843,0,context:0a30e11d6079a6f65e244bae,WXAZIUYTQHYBFW,15.44,14.435971578,-1.00402842204,True
nucleophile class,0,P nucleophiles,5,Supporting Information,True,18,16,-0.768905763843,0,context:328d0fcbd1c9eadad4363008,TUQOTMZNTHZOKS,15.49,13.8743518194,-1.61564818064,True
nucleophile class,0,P nucleophiles,5,Supporting Information,True,18,16,-0.768905763843,0,context:bc906490bcd87f3d7da264b3,IIOSDXGZLBPOHD,14.26,13.2144575119,-1.0455424881,True
nucleophile class,0,P nucleophiles,5,Supporting Information,True,18,16,-0.768905763843,1,context:241eb9ff18fe66fb1ceef540,HVLLSGMXQDNUAL,5.51,10.8487110138,5.33871101379,True
nucleophile class,0,P nucleophiles,5,Supporting Information,True,18,16,-0.768905763843,1,context:329f6b55fd07166c50259d0c,RIOQSEWOXXDEQQ,13.59,16.0607268016,2.47072680155,True
nucleophile class,0,P nucleophiles,5,Supporting Information,True,18,16,-0.768905763843,1,context:7de967ab5e021c658c86551f,XOJNEFQLMRCOMS,12.4,11.5067183177,-0.893281682332,True
nucleophile class,0,P nucleophiles,5,Supporting Information,True,18,16,-0.768905763843,1,context:803ff654c0b718c980897227,OUMCHNPMALRRAV,19.02,18.1532732646,-0.866726735433,False
nucleophile class,0,P nucleophiles,5,Supporting Information,True,18,16,-0.768905763843,1,context:caae2aaa0d90850aa6cc2108,RIOQSEWOXXDEQQ,14.33,13.6061531703,-0.723846829732,True
nucleophile class,0,P nucleophiles,5,Supporting Information,True,18,16,-0.768905763843,1,context:d116f7a979afaf6848e317f7,IGNTWNVBGLNYDV,13.37,12.2943223317,-1.07567766825,True
nucleophile class,0,P nucleophiles,5,Supporting Information,True,18,16,-0.768905763843,2,context:659ca63553d9d137c2d87c5f,XTTGYFREQJCEML,10.36,-3.79494889577,-14.1549488958,False
nucleophile class,0,P nucleophiles,5,Supporting Information,True,18,16,-0.768905763843,2,context:dca4cd8565b4ccd6296ae4bc,COIOYMYWGDAQPM,8.56,14.3500986099,5.79009860992,True
nucleophile class,0,P nucleophiles,5,Supporting Information,True,18,16,-0.768905763843,2,context:ea9ab3f5c7d1d8971a4092b3,WLPUWLXVBWGYMZ,14.64,15.8398577372,1.19985773722,True
nucleophile class,0,P nucleophiles,5,Supporting Information,True,18,16,-0.768905763843,3,context:21178382eec0c0b1f1b1d735,UYUUAUOYLFIRJG,16.17,15.9083916346,-0.261608365377,True
nucleophile class,0,P nucleophiles,5,Supporting Information,True,18,16,-0.768905763843,3,context:94a61b16c071603466488247,IQKSLJOIKWOGIZ,12.58,14.2635790507,1.6835790507,True
nucleophile class,0,P nucleophiles,5,Supporting Information,True,18,16,-0.768905763843,4,context:2a24eaa30d93662177b4bc12,CMLWFCUAXGSMBB,18.11,13.6693468094,-4.44065319061,True
nucleophile class,0,P nucleophiles,5,Supporting Information,True,18,16,-0.768905763843,4,context:c5c558df1d0d922fe7d079a1,GNETVOUSGGAEDK,18.39,17.2194906871,-1.17050931295,True
nucleophile class,0,P nucleophiles,5,Supporting Information,True,18,16,-0.768905763843,4,context:e5eb19962a8a55ef03c7b7d8,XDHRVAHAGMMFMC,14.88,8.7241490682,-6.1558509318,True
nucleophile class,0,P nucleophiles,5,Supporting Information,True,18,16,-0.768905763843,4,context:f54b2cd3f4e98770428a2481,CMLWFCUAXGSMBB,15.19,13.7768710454,-1.41312895457,True
nucleophile class,0,halide nucleophiles,6,Supporting Information,True,7,3,-0.0340197855153,1,context:88e78d8b299e7eb4c1cbe329,KRHYYFGTRYWZRS,11.31,11.3255049388,0.0155049387614,True
nucleophile class,0,halide nucleophiles,6,Supporting Information,True,7,3,-0.0340197855153,1,context:b612688feb0eeb64d36e1f8b,KRHYYFGTRYWZRS,7.7,9.30342849096,1.60342849096,True
nucleophile class,0,halide nucleophiles,6,Supporting Information,True,7,3,-0.0340197855153,3,context:047bb9a53157848d84af427d,VEXZGXHMUGYJMC,12.9,11.3272473017,-1.57275269826,True
nucleophile class,0,halide nucleophiles,6,Supporting Information,True,7,3,-0.0340197855153,3,context:20a9c9c38a945c8ea32e131a,VEXZGXHMUGYJMC,10.1,11.1502094269,1.05020942688,True
nucleophile class,0,halide nucleophiles,6,Supporting Information,True,7,3,-0.0340197855153,3,context:41b0a70dfc580762e0ec6347,VEXZGXHMUGYJMC,17.2,14.9596261978,-2.24037380219,True
nucleophile class,0,halide nucleophiles,6,Supporting Information,True,7,3,-0.0340197855153,3,context:523e7fe8e3dc5e193c84e859,CPELXLSAUQHCOX,11.7,17.5414218903,5.84142189026,True
nucleophile class,0,halide nucleophiles,6,Supporting Information,True,7,3,-0.0340197855153,3,context:9ed05bdbe4e0643fba096326,VEXZGXHMUGYJMC,14.7,10.9449294408,-3.75507055918,True
solvent,1,dichloromethane,0,main text,False,368,365,0.901511239949,0,context:03f78f46086cefb733d5d11b,DNJLFZHMJDSJFN,4.59,5.58917792638,0.999177926381,True
solvent,1,dichloromethane,0,main text,False,368,365,0.901511239949,0,context:0a30e11d6079a6f65e244bae,WXAZIUYTQHYBFW,15.44,14.435971578,-1.00402842204,True
solvent,1,dichloromethane,0,main text,False,368,365,0.901511239949,0,context:0b6c95348653b6f10c426164,DCFOWKDNANGCTA,12.03,11.6634550095,-0.36654499054,True
solvent,1,dichloromethane,0,main text,False,368,365,0.901511239949,0,context:13a3b87f352eeb4562f06016,MIYKHJXFICMPOJ,7.9,8.93349806468,1.03349806468,True
solvent,1,dichloromethane,0,main text,False,368,365,0.901511239949,0,context:1650dd1b8b569bb4f72e3821,COKQMTJWXMERBR,13.43,15.0083370209,1.57833702087,True
solvent,1,dichloromethane,0,main text,False,368,365,0.901511239949,0,context:18ff98d098dbd02ed5f75395,HXTGGPKOEKKUQO,8.6,10.1507320404,1.55073204041,True
solvent,1,dichloromethane,0,main text,False,368,365,0.901511239949,0,context:1d7f74611726de1d3e40ba2c,VTGIVYVOVVQLRL,9.81,10.8676592509,1.0576592509,True
solvent,1,dichloromethane,0,main text,False,368,365,0.901511239949,0,context:206208777f16c1a993720f92,HJTMLKUQGRHHBV,3.17,5.03501462936,1.86501462936,True
solvent,1,dichloromethane,0,main text,False,368,365,0.901511239949,0,context:2673b2e6f4836612040b8d76,PSINDLUNOGABJV,-0.35,-0.443183581034,-0.0931835810343,True
solvent,1,dichloromethane,0,main text,False,368,365,0.901511239949,0,context:28c4c7e6ec32ffa11083abac,UTWQHEUIFBZBTR,5.61,2.56765333811,-3.04234666189,True
solvent,1,dichloromethane,0,main text,False,368,365,0.901511239949,0,context:29e5bbce5254d2dac1ffbd22,BHLKIZCNPYDMOY,0.8,3.01926898956,2.21926898956,True
solvent,1,dichloromethane,0,main text,False,368,365,0.901511239949,0,context:2bc2210e23222f2ca1056fea,AFFPCIMDERUIST,6.22,5.24630212784,-0.973697872162,True
solvent,1,dichloromethane,0,main text,False,368,365,0.901511239949,0,context:2bfa69960aef26811d418f7d,KKFHAJHLJHVUDM,5.02,2.16033045451,-2.85966954549,False
solvent,1,dichloromethane,0,main text,False,368,365,0.901511239949,0,context:2c1a5d14a43c365e85d4804a,ZACFZWVWCJFOCW,6.53,4.28319152196,-2.24680847804,True
solvent,1,dichloromethane,0,main text,False,368,365,0.901511239949,0,context:2c808b13daaa61e2f6d4753c,ZISUALSZTAEPJH,3.55,3.01589711507,-0.534102884928,True
solvent,1,dichloromethane,0,main text,False,368,365,0.901511239949,0,context:328d0fcbd1c9eadad4363008,TUQOTMZNTHZOKS,15.49,13.8743518194,-1.61564818064,True
solvent,1,dichloromethane,0,main text,False,368,365,0.901511239949,0,context:3430fb24e13c01a1c2b1f374,OMRYFORMTXHEKG,12.26,11.7426687876,-0.517331212362,True
solvent,1,dichloromethane,0,main text,False,368,365,0.901511239949,0,context:35a3e1527a4cd1317f5c5416,UZXKWLDYUXFLFO,14.45,14.2889709473,-0.161029052734,True
solvent,1,dichloromethane,0,main text,False,368,365,0.901511239949,0,context:39cbfe1b30a616c36be79b3c,DIXNHFYWIDAWDL,8.87,8.8203496933,-0.0496503067017,True
solvent,1,dichloromethane,0,main text,False,368,365,0.901511239949,0,context:3f291e98cdee9b74b828c413,SUGDTIRKYVZSJV,0.61,0.289595286051,-0.320404713949,True
solvent,1,dichloromethane,0,main text,False,368,365,0.901511239949,0,context:4b655358583f89db3e0df328,OTMWKVKLWVNOIR,-0.26,-0.320624669393,-0.0606246693929,True
solvent,1,dichloromethane,0,main text,False,368,365,0.901511239949,0,context:4c93c4353e4fb08790bf79a6,SQMFULTZZQBFBM,3.61,-0.174039840698,-3.7840398407,True
solvent,1,dichloromethane,0,main text,False,368,365,0.901511239949,0,context:501b7e461778b4b921582278,RSEUOMWVYSLIKM,10.04,11.2247794469,1.18477944692,True
solvent,1,dichloromethane,0,main text,False,368,365,0.901511239949,0,context:50d0003ee7c34e8242409e0f,LPGWNCNRGQANGC,10.01,10.1350800196,0.125080019633,True
solvent,1,dichloromethane,0,main text,False,368,365,0.901511239949,0,context:540416c0c3d81c0c8b862336,YKXTUAGSORHHEC,0.9,3.95656792323,3.05656792323,False
solvent,1,dichloromethane,0,main text,False,368,365,0.901511239949,0,context:562e2fcda1751362366111d2,NVVNLCKXNCYPQH,0.4,2.30397891998,1.90397891998,True
solvent,1,dichloromethane,0,main text,False,368,365,0.901511239949,0,context:57a61b4108bbe829656084aa,UQSOGZXHDSPWFD,14.1,14.7334569295,0.633456929525,True
solvent,1,dichloromethane,0,main text,False,368,365,0.901511239949,0,context:5c932a5a707faf4a1d8d4816,PARWUHTVGZSQPD,0.06,0.766449928284,0.706449928284,True
solvent,1,dichloromethane,0,main text,False,368,365,0.901511239949,0,context:630dea893af48e2ceff430cd,XQQBUAPQHNYYRS,1.35,2.12483406067,0.774834060669,True
solvent,1,dichloromethane,0,main text,False,368,365,0.901511239949,0,context:67770d8629fea2fbc751003a,SIRKLJAAYVUMHD,3.44,2.56705792745,-0.87294207255,True
solvent,1,dichloromethane,0,main text,False,368,365,0.901511239949,0,context:69c70eb06837fbce6263e31a,GIDBRWGOCCCTPC,13.46,12.9698165258,-0.490183474223,True
solvent,1,dichloromethane,0,main text,False,368,365,0.901511239949,0,context:6d39068728338474cb8b12a7,PDELBHCVXBSVPJ,0.68,0.467419306437,-0.212580693563,False
solvent,1,dichloromethane,0,main text,False,368,365,0.901511239949,0,context:6fc996e25232cfba497818fe,UVUCNSNMTAWNQM,7.99,6.97157684962,-1.01842315038,True
solvent,1,dichloromethane,0,main text,False,368,365,0.901511239949,0,context:7e213e0b900e91c693b92650,AKQNYQDSIDKVJZ,2.65,2.01632944743,-0.633670552572,True
solvent,1,dichloromethane,0,main text,False,368,365,0.901511239949,0,context:8019b9cf1b4d1b390e19717b,UVJHQYIOXKWHFD,0.09,-0.88077100118,-0.97077100118,True
solvent,1,dichloromethane,0,main text,False,368,365,0.901511239949,0,context:82b5459ad16032d7dd4f7b44,UETCMNDFHMOYSP,4.84,7.31258710225,2.47258710225,False
solvent,1,dichloromethane,0,main text,False,368,365,0.901511239949,0,context:8931b4baf65a6cb3b8f5cb7c,BKOOMYPCSUNDGP,0.65,0.417743682861,-0.232256317139,True
solvent,1,dichloromethane,0,main text,False,368,365,0.901511239949,0,context:8f6ba47e73ed7489abf7a143,LYVYUAHSSSHKHC,-5.4,-3.59563223521,1.80436776479,True
solvent,1,dichloromethane,0,main text,False,368,365,0.901511239949,0,context:911265bcff5e0e286db9cf17,FIONWRDVKJFHRC,-0.43,0.793171564738,1.22317156474,True
solvent,1,dichloromethane,0,main text,False,368,365,0.901511239949,0,context:918105f4116a019fb5d63ae2,YVPJCJLMRRTDMQ,4.91,5.20346943537,0.293469435374,True
solvent,1,dichloromethane,0,main text,False,368,365,0.901511239949,0,context:9228967bc4510f8f659f36c5,YMHIEPNFCBNQQU,-0.64,-1.61735979716,-0.97735979716,True
solvent,1,dichloromethane,0,main text,False,368,365,0.901511239949,0,context:992c0eadbe25a381ab5fdaa9,CMNUYDSETOTBDE,8.67,8.92942969004,0.259429690043,True
solvent,1,dichloromethane,0,main text,False,368,365,0.901511239949,0,context:9bcd71656118ba26a7ecec32,ATHRJHFIJWCLFV,15.16,15.2523361842,0.0923361841838,True
solvent,1,dichloromethane,0,main text,False,368,365,0.901511239949,0,context:a1b67c476d324ea2fad83d07,JQNVVACBXZAFHF,12.95,15.6958223979,2.74582239787,True
solvent,1,dichloromethane,0,main text,False,368,365,0.901511239949,0,context:a4379c962bcb29e5fa8762fd,FUPIVZHYVSCYLX,-0.07,-0.276529630025,-0.206529630025,True
solvent,1,dichloromethane,0,main text,False,368,365,0.901511239949,0,context:a65af6ab7938ca5563462eeb,SMCZAFXJZGCLQH,4.23,3.91803455353,-0.311965446472,True
solvent,1,dichloromethane,0,main text,False,368,365,0.901511239949,0,context:a96e6a9e6f2d3bb121fe73df,ACKMJXPGBWTWGC,11.28,10.5799166361,-0.700083363851,True
solvent,1,dichloromethane,0,main text,False,368,365,0.901511239949,0,context:ac982fe97657c8af530f50fb,CVLCYQFQIMSIHJ,5.5,5.05731312434,-0.442686875661,True
solvent,1,dichloromethane,0,main text,False,368,365,0.901511239949,0,context:ae7dae587ead93a8d23cf8a6,MZIGTOLTYBBGEV,10.46,10.5076840719,0.0476840718587,True
solvent,1,dichloromethane,0,main text,False,368,365,0.901511239949,0,context:aef17422fa857ca9671d2a62,QCRZUFHWDDXSHW,2.72,5.51984039942,2.79984039942,True
solvent,1,dichloromethane,0,main text,False,368,365,0.901511239949,0,context:b2148f730cc8fa004dc2a383,WECJUPODCKXNQK,-2.11,-1.5643342336,0.545665766398,True
solvent,1,dichloromethane,0,main text,False,368,365,0.901511239949,0,context:b36b9cf224d502b6bd3f1005,RIWNFZUWWRVGEU,4.9,6.0996371905,1.1996371905,True
solvent,1,dichloromethane,0,main text,False,368,365,0.901511239949,0,context:b472207a5469ed04ab915cc9,IKGHVFNXLBSAFX,10.33,10.3031632106,-0.0268367894491,True
solvent,1,dichloromethane,0,main text,False,368,365,0.901511239949,0,context:b4a2a4f99946fe6fa6310a03,CWZRQWCJPONHOD,-6.4,-3.22542413076,3.17457586924,True
solvent,1,dichloromethane,0,main text,False,368,365,0.901511239949,0,context:b62c4999dd33fa8482f4293b,OUQXBIMQCUSOGP,-0.65,-0.582483291626,0.067516708374,True
solvent,1,dichloromethane,0,main text,False,368,365,0.901511239949,0,context:b939e721a54f89915f85cea8,VMGFHPGLWRZORG,5.07,6.79408868154,1.72408868154,True
solvent,1,dichloromethane,0,main text,False,368,365,0.901511239949,0,context:ba9ea8effc624601730e8dc8,DXJZZRSMGLGFPW,-0.13,0.924028396606,1.05402839661,True
solvent,1,dichloromethane,0,main text,False,368,365,0.901511239949,0,context:bc906490bcd87f3d7da264b3,IIOSDXGZLBPOHD,14.26,13.2144575119,-1.0455424881,True
solvent,1,dichloromethane,0,main text,False,368,365,0.901511239949,0,context:bdd587d65b838137bfc608fb,GRGKYWJIDJKXGA,15.3,15.0105527242,-0.289447275798,True
solvent,1,dichloromethane,0,main text,False,368,365,0.901511239949,0,context:be285c68daff9e4004fcdcd7,XZZSHPQZTUOUIJ,14.62,14.7650194168,0.145019416809,True
solvent,1,dichloromethane,0,main text,False,368,365,0.901511239949,0,context:c16baac1c8203bcb17fed5dc,IGKZJQSYTNNPIQ,-3.5,-3.45595486959,0.0440451304118,True
solvent,1,dichloromethane,0,main text,False,368,365,0.901511239949,0,context:c1e0e264126b914e151029f3,WQLOIPJBHZUMDQ,5.38,4.76100158691,-0.618998413086,True
solvent,1,dichloromethane,0,main text,False,368,365,0.901511239949,0,context:c24763e636662121ff0af679,HEVPNXRKMVHCNL,4.8,5.54936059316,0.74936059316,True
solvent,1,dichloromethane,0,main text,False,368,365,0.901511239949,0,context:cd6c7f2e9e50d298d669a067,DRLPQHUSIRTYBM,9.96,10.3982922236,0.438292223612,True
solvent,1,dichloromethane,0,main text,False,368,365,0.901511239949,0,context:ceb6fae0326a8a1396c98cbc,IBNSYFQZHBBNLR,3.89,4.57019265493,0.680192654928,True
solvent,1,dichloromethane,0,main text,False,368,365,0.901511239949,0,context:dc520fd0d2f296368d2b143d,AVFZOVWCLRSYKC,20.6,18.5603065491,-2.03969345093,True
solvent,1,dichloromethane,0,main text,False,368,365,0.901511239949,0,context:e1a895f5d8198b8056159ad7,VWSLLSXLURJCDF,12.92,13.7440255483,0.824025548299,True
solvent,1,dichloromethane,0,main text,False,368,365,0.901511239949,0,context:e380ffdc89b71236fc23b9a4,ZSFFNMWHQIKTAO,4.36,2.99338944753,-1.36661055247,True
solvent,1,dichloromethane,0,main text,False,368,365,0.901511239949,0,context:e570da68634a7dae810334ea,JFNLZVQOOSMTJK,-0.25,-1.55041631063,-1.30041631063,True
solvent,1,dichloromethane,0,main text,False,368,365,0.901511239949,0,context:e734109216fa2a439f33ed9b,YXHKONLOYHBTNS,10.48,8.71073532104,-1.76926467896,True
solvent,1,dichloromethane,0,main text,False,368,365,0.901511239949,0,context:ecb297174bed3707aadaa462,HUDALTOSJROBFH,14.27,14.0067192713,-0.263280728658,True
solvent,1,dichloromethane,0,main text,False,368,365,0.901511239949,0,context:efbe15f5d33e6bb8743efcec,OTZYLKUZVWKKHG,13.86,14.0545066198,0.194506619771,True
solvent,1,dichloromethane,0,main text,False,368,365,0.901511239949,0,context:f2814866427845d84ca7ee33,RVIXKDRPFPUUOO,12.6,13.8013089498,1.20130894979,True
solvent,1,dichloromethane,0,main text,False,368,365,0.901511239949,0,context:f4678a3e07b10f3b9f85aa7e,KCQAMWOSJTWKNI,7.49,11.8305651347,4.34056513468,True
solvent,1,dichloromethane,0,main text,False,368,365,0.901511239949,0,context:f79096b8dda843f4aefe2a72,JAGYXYUAYDLKNO,-0.74,-1.85651906331,-1.11651906331,False
solvent,1,dichloromethane,0,main text,False,368,365,0.901511239949,0,context:f895ec2ac94bd10eb738b767,BWJAFKSLQWCVOB,11.95,12.3105494181,0.360549418132,True
solvent,1,dichloromethane,0,main text,False,368,365,0.901511239949,0,context:fb90d5b0a9b4b463d2b2fafe,RAMNFTKKGHOHPJ,12.9,11.8206570943,-1.07934290568,True
solvent,1,dichloromethane,0,main text,False,368,365,0.901511239949,0,context:ff14485f155d2826eedc3461,PMDMVQFNTPLNPX,10.03,10.4959726334,0.465972633362,True
solvent,1,dichloromethane,0,main text,False,368,365,0.901511239949,1,context:085861b02cdfed858e464ec2,RAOIDOHSFRTOEL,13.1,12.2576859792,-0.842314020793,True
solvent,1,dichloromethane,0,main text,False,368,365,0.901511239949,1,context:089677f122968cf0d5bdb68f,IBZOSHDHPFXJFD,14.49,13.7868102392,-0.703189760844,True
solvent,1,dichloromethane,0,main text,False,368,365,0.901511239949,1,context:08b64e5d08f015f03937ffca,YQQFFTNDQFUNHB,-2.1,-2.70232804616,-0.602328046163,True
solvent,1,dichloromethane,0,main text,False,368,365,0.901511239949,1,context:0a6b2588e4678c622f6b61fa,AUNRNFJMNRQWOE,13.15,14.0503603617,0.900360361735,True
solvent,1,dichloromethane,0,main text,False,368,365,0.901511239949,1,context:131d6c46f6c14c0cd20d1dd1,VQTUBCCKSQIDNK,1.11,0.527196884155,-0.582803115845,True
solvent,1,dichloromethane,0,main text,False,368,365,0.901511239949,1,context:136998ed9d421e73aba9cbbc,FWNSPYIKHBSEAH,4.95,1.67830276489,-3.27169723511,True
solvent,1,dichloromethane,0,main text,False,368,365,0.901511239949,1,context:15e6e8b9d92c865fb032ba8a,WPZQENSANSNYSI,4.01,3.97558387121,-0.0344161287944,True
solvent,1,dichloromethane,0,main text,False,368,365,0.901511239949,1,context:15f619a19572113953d2b8d6,BDZGAPNZRQNDAK,3.51,3.37256511052,-0.137434889476,True
solvent,1,dichloromethane,0,main text,False,368,365,0.901511239949,1,context:18d37ab4b2b4a8f29e8a141d,QQQSFSZALRVCSZ,-1.8,2.05626138051,3.85626138051,True
solvent,1,dichloromethane,0,main text,False,368,365,0.901511239949,1,context:195064f7a53aab9469bd6e71,JKTCBAGSMQIFNL,4.37,3.24444611867,-1.12555388133,True
solvent,1,dichloromethane,0,main text,False,368,365,0.901511239949,1,context:1e4bcbaf7b560172aaaf8855,YGHUUVGIRWMJGE,0.79,-0.275531450907,-1.06553145091,True
solvent,1,dichloromethane,0,main text,False,368,365,0.901511239949,1,context:206b78dae8b3648108a62d42,YAXSHOYVZVGDND,4.17,3.86393562953,-0.306064370473,True
solvent,1,dichloromethane,0,main text,False,368,365,0.901511239949,1,context:206ec3b9fe4bc58a15228abb,BEHPKGIJAWBJMV,2.4,3.29747486115,0.897474861145,True
solvent,1,dichloromethane,0,main text,False,368,365,0.901511239949,1,context:23a2be1f8e5f7b9a4f245658,RGUKYNXWOWSRET,15.9,15.6314535141,-0.268546485901,True
solvent,1,dichloromethane,0,main text,False,368,365,0.901511239949,1,context:241eb9ff18fe66fb1ceef540,HVLLSGMXQDNUAL,5.51,10.8487110138,5.33871101379,True
solvent,1,dichloromethane,0,main text,False,368,365,0.901511239949,1,context:2cabe2dd19cc048d8fa2d37e,YLGRTLMDMVAFNI,5.46,3.99392811457,-1.46607188543,True
solvent,1,dichloromethane,0,main text,False,368,365,0.901511239949,1,context:31dcbf10a16aae1a128c3b39,CFOAUYCPAUGDFF,3.5,2.92508983612,-0.574910163879,True
solvent,1,dichloromethane,0,main text,False,368,365,0.901511239949,1,context:3c25c591fe9606f9b246cf25,NDUYAGLANMHJHF,3.09,2.70809110006,-0.381908899943,True
solvent,1,dichloromethane,0,main text,False,368,365,0.901511239949,1,context:4054d4348b5284c6e380c335,HTIRHQRTDBPHNZ,11.86,12.491613706,0.631613705953,True
solvent,1,dichloromethane,0,main text,False,368,365,0.901511239949,1,context:415e9fdbe62273d85b5a09bd,GVJPCYQNQCNEAO,3.85,3.71702734629,-0.132972653707,True
solvent,1,dichloromethane,0,main text,False,368,365,0.901511239949,1,context:48d65bdc173df2d680ba82d1,ITQTTZVARXURQS,10.9,11.9495207469,1.04952074687,True
solvent,1,dichloromethane,0,main text,False,368,365,0.901511239949,1,context:4d748e33beda0753a3070e3f,URUWNYQVXHOQAM,11.13,9.06393909454,-2.06606090546,True
solvent,1,dichloromethane,0,main text,False,368,365,0.901511239949,1,context:522b697d439ecba8c047c940,SNICXCGAKADSCV,10.4,16.776942571,6.376942571,False
solvent,1,dichloromethane,0,main text,False,368,365,0.901511239949,1,context:5303c45ffb390bd5ce52bb9c,UUGUIYYFRQUCGK,14,12.990784963,-1.00921503703,True
solvent,1,dichloromethane,0,main text,False,368,365,0.901511239949,1,context:56d2bbd0c00b76f288366c4e,PAQMOJBNTFYAFL,6.04,5.59014765422,-0.449852345785,True
solvent,1,dichloromethane,0,main text,False,368,365,0.901511239949,1,context:57f9b1144ec7d9800b73c776,QIXNINALAYEKKB,0.58,1.78686491648,1.20686491648,True
solvent,1,dichloromethane,0,main text,False,368,365,0.901511239949,1,context:582d0809ca7404b54b808139,SUXVTICOXXNSKI,1.88,0.707217534383,-1.17278246562,True
solvent,1,dichloromethane,0,main text,False,368,365,0.901511239949,1,context:597d6b0f08b5e4d413c1c970,HWJMXFOOQWFOCE,13.42,12.5976177851,-0.822382214864,True
solvent,1,dichloromethane,0,main text,False,368,365,0.901511239949,1,context:60a070cb9cf3f7e2e170d20a,GNROSMHJEUZVFQ,10.73,11.8036343257,1.07363432566,True
solvent,1,dichloromethane,0,main text,False,368,365,0.901511239949,1,context:626d491d1576051326f00ee9,ARLBPBOMNUIDOG,8.11,7.95417372386,-0.155826276143,True
solvent,1,dichloromethane,0,main text,False,368,365,0.901511239949,1,context:6642a9b4be2f5df822854e2f,LTLGQZPDSQYFSB,4,4.67569700877,0.675697008769,True
solvent,1,dichloromethane,0,main text,False,368,365,0.901511239949,1,context:669bd480197f953b4a7216c2,RPBRMANNSNGNFS,14.96,14.2828302383,-0.677169761658,True
solvent,1,dichloromethane,0,main text,False,368,365,0.901511239949,1,context:66c3ec77a9936c080285f4e2,OMEGOEHZPKDZLL,14.57,15.1152165731,0.545216573079,True
solvent,1,dichloromethane,0,main text,False,368,365,0.901511239949,1,context:685b918ba0fd154e2d79d44b,OLANGBUYTLNYCP,-2.94,-2.67202218374,0.267977816264,True
solvent,1,dichloromethane,0,main text,False,368,365,0.901511239949,1,context:686d1a7b6b72e1ebd72d0011,IVSZLXZYQVIEFR,-3.57,-2.83673063914,0.73326936086,True
solvent,1,dichloromethane,0,main text,False,368,365,0.901511239949,1,context:6b7ab89e0502123301223b09,YNCCYIAVGRFFNA,12.44,11.2579609553,-1.1820390447,True
solvent,1,dichloromethane,0,main text,False,368,365,0.901511239949,1,context:6fe40c98d34f921a9c02d6a6,ZMANZCXQSJIPKH,17.3,16.0762173335,-1.22378266652,True
solvent,1,dichloromethane,0,main text,False,368,365,0.901511239949,1,context:727f472f92d8d55448af4fc0,CTMHWPIWNRWQEG,0.08,1.37007427216,1.29007427216,True
solvent,1,dichloromethane,0,main text,False,368,365,0.901511239949,1,context:7343fbc9f96a2ea1dd784f66,UZKWTJUDCOPSNM,3.76,4.58752791087,0.827527910868,True
solvent,1,dichloromethane,0,main text,False,368,365,0.901511239949,1,context:74c0635ee831b2e8b4c23bb1,CQFRXHDORNUERA,2.3,4.13802051544,1.83802051544,True
solvent,1,dichloromethane,0,main text,False,368,365,0.901511239949,1,context:7a75802ec7dcc3872bc03dd1,GACALPFXAWHEBC,4.27,1.50472386678,-2.76527613322,True
solvent,1,dichloromethane,0,main text,False,368,365,0.901511239949,1,context:7de967ab5e021c658c86551f,XOJNEFQLMRCOMS,12.4,11.5067183177,-0.893281682332,True
solvent,1,dichloromethane,0,main text,False,368,365,0.901511239949,1,context:7e7fa65fb8f731408642a008,TYLBDZLHYORWJA,4.91,5.14186986287,0.231869862874,True
solvent,1,dichloromethane,0,main text,False,368,365,0.901511239949,1,context:808fcfbd46dc610859394598,JUIQOABNSLTJSW,10.2,12.4244101842,2.22441018422,True
solvent,1,dichloromethane,0,main text,False,368,365,0.901511239949,1,context:895c8593add43e69516f8ec4,SJCJNAHOFNKBAF,3.59,5.27757072449,1.68757072449,True
solvent,1,dichloromethane,0,main text,False,368,365,0.901511239949,1,context:896b243f7362a3f08efd6c43,WEOLAPIPKPOLGJ,4.4,4.0347495079,-0.365250492096,True
solvent,1,dichloromethane,0,main text,False,368,365,0.901511239949,1,context:905f0a9619309210604754dc,GPNUBZPACCOTQD,3.44,3.52680762609,0.0868076260885,True
solvent,1,dichloromethane,0,main text,False,368,365,0.901511239949,1,context:9189fdf2970ca0fe9ea2f01e,KPVMGWQGPJULFL,13.36,14.0021944046,0.642194404602,True
solvent,1,dichloromethane,0,main text,False,368,365,0.901511239949,1,context:943ac9d646b550866524cfe3,XQABVLBGNWBWIV,13.7,13.1456689835,-0.554331016541,True
solvent,1,dichloromethane,0,main text,False,368,365,0.901511239949,1,context:98fd3cc1dcf4cddb5df85326,HYWCXWRMUZYRPH,1.68,-0.224093437195,-1.90409343719,True
solvent,1,dichloromethane,0,main text,False,368,365,0.901511239949,1,context:9ed26fa745888933574a2ce5,IIWSLXWOGWUDPL,-1.46,-2.20394229889,-0.743942298889,True
solvent,1,dichloromethane,0,main text,False,368,365,0.901511239949,1,context:a10d576e08a625bd90a13a7d,PVMNPAUTCMBOMO,11.7,11.8367598852,0.136759885152,True
solvent,1,dichloromethane,0,main text,False,368,365,0.901511239949,1,context:a256a77d3f1eab452162cebd,LOJSXZBYZPEQRS,3.55,3.57311916351,0.0231191635132,True
solvent,1,dichloromethane,0,main text,False,368,365,0.901511239949,1,context:a425baa54b98f0de9b55f7ff,FXNDIJDIPNCZQJ,0.79,-0.126125653585,-0.916125653585,True
solvent,1,dichloromethane,0,main text,False,368,365,0.901511239949,1,context:a43d8e14be31f8d9e1f49fd8,IOIAGUSMWXRQRZ,14.62,15.4128812154,0.792881215413,True
solvent,1,dichloromethane,0,main text,False,368,365,0.901511239949,1,context:a947b45394b5923f34d82c46,LOUPRKONTZGTKE,10.46,16.8134740194,6.35347401937,False
solvent,1,dichloromethane,0,main text,False,368,365,0.901511239949,1,context:a9cdd2e740102748514f601f,BYJIRDDQRLFSFF,14.95,14.6005277634,-0.349472236633,True
solvent,1,dichloromethane,0,main text,False,368,365,0.901511239949,1,context:aaa8d845e04644d6f2246a0a,YEYCASGOSICVMZ,9.53,8.55252806346,-0.977471936544,True
solvent,1,dichloromethane,0,main text,False,368,365,0.901511239949,1,context:ac4357a43be859389ef1f64d,LOUPRKONTZGTKE,10.54,16.7643928528,6.22439285278,False
solvent,1,dichloromethane,0,main text,False,368,365,0.901511239949,1,context:ae487d836c621d7d2afedbb8,MIVRMHJOEYRXQB,4.68,4.47552204132,-0.204477958679,True
solvent,1,dichloromethane,0,main text,False,368,365,0.901511239949,1,context:b2e9e0beda26597d147ed3b3,SJRJJKPEHAURKC,16.5,18.8763173421,2.37631734212,True
solvent,1,dichloromethane,0,main text,False,368,365,0.901511239949,1,context:b58abecd293f8e63e352f4b2,HAHWYZKXGPCZPC,11.5,12.3978198369,0.897819836934,True
solvent,1,dichloromethane,0,main text,False,368,365,0.901511239949,1,context:bb9df2fcb337367b3208b6c6,CIROOWQVERYDSK,3.57,3.51443545024,-0.055564549764,True
solvent,1,dichloromethane,0,main text,False,368,365,0.901511239949,1,context:c096e1d72c564944086a74a1,HJWLCRVIBGQPNF,-4.12,-4.20579147339,-0.0857914733887,False
solvent,1,dichloromethane,0,main text,False,368,365,0.901511239949,1,context:c709e99ccf7c6c92d81e1bb7,JLBJTVDPSNHSKJ,1.7,0.76216729482,-0.93783270518,True
solvent,1,dichloromethane,0,main text,False,368,365,0.901511239949,1,context:ca178de80ef60355af81a87a,CYIUFVYZGOCGEV,7.48,7.02500581741,-0.454994182587,True
solvent,1,dichloromethane,0,main text,False,368,365,0.901511239949,1,context:caae2aaa0d90850aa6cc2108,RIOQSEWOXXDEQQ,14.33,13.6061531703,-0.723846829732,True
solvent,1,dichloromethane,0,main text,False,368,365,0.901511239949,1,context:cac4e4e0278c62ba340a89ee,UYHVGSLAEZDHER,5.76,4.60069322586,-1.15930677414,True
solvent,1,dichloromethane,0,main text,False,368,365,0.901511239949,1,context:cd28f232bd76fdde447beca7,XECZPMLUVPEPKQ,13.11,13.0454641978,-0.0645358022054,True
solvent,1,dichloromethane,0,main text,False,368,365,0.901511239949,1,context:d116f7a979afaf6848e317f7,IGNTWNVBGLNYDV,13.37,12.2943223317,-1.07567766825,True
solvent,1,dichloromethane,0,main text,False,368,365,0.901511239949,1,context:d1b4f6982964363eba7fa7fb,XVFWSVOQGGAMGB,3.84,5.13281774521,1.29281774521,True
solvent,1,dichloromethane,0,main text,False,368,365,0.901511239949,1,context:d6295089975eb421aafc81d7,KZVPFSJPLBOVLO,3.94,3.15648873647,-0.783511263529,True
solvent,1,dichloromethane,0,main text,False,368,365,0.901511239949,1,context:d7440ac402a7c00ff68496a7,MRYUZFHUXCUPQI,-4.7,-2.8890616099,1.8109383901,True
solvent,1,dichloromethane,0,main text,False,368,365,0.901511239949,1,context:ed937310be7a8650581bfc70,WGIBLLKNPFCFIK,10.83,10.9721151988,0.142115198771,True
solvent,1,dichloromethane,0,main text,False,368,365,0.901511239949,1,context:f32315dce16d627c79b595b5,HREIFDWKNPVPMP,4.67,5.35096788406,0.680967884064,True
solvent,1,dichloromethane,0,main text,False,368,365,0.901511239949,1,context:f580bc599b447e28cf0b139b,JUJWROOIHBZHMG,12.9,12.5223045349,-0.377695465088,True
solvent,1,dichloromethane,0,main text,False,368,365,0.901511239949,1,context:fa4f7643ccb394753d09b249,LIKMAJRDDDTEIG,-2.77,-1.97175852458,0.798241475423,False
solvent,1,dichloromethane,0,main text,False,368,365,0.901511239949,1,context:fef8090e20ba56535f2620ef,AOJHDNSYXUZCCE,3.12,3.13993024826,0.0199302482605,True
solvent,1,dichloromethane,0,main text,False,368,365,0.901511239949,2,context:028a91f64fb736abbafc87f3,CZLRSLOXHJWOFV,14.42,14.9729601542,0.552960154215,True
solvent,1,dichloromethane,0,main text,False,368,365,0.901511239949,2,context:08000475f3d07bd0d2ed13c6,BLRHMMGNCXNXJL,5.75,5.85833676656,0.108336766561,True
solvent,1,dichloromethane,0,main text,False,368,365,0.901511239949,2,context:0af9d64b6b3139ac739f9173,JARUXAOCUHNKJV,8.84,9.6034784317,0.763478431702,True
solvent,1,dichloromethane,0,main text,False,368,365,0.901511239949,2,context:0d8ad7ee4901a2cf1b8f86b7,IKQUUYYDRTYXAP,-3.08,-1.75128173828,1.32871826172,False
solvent,1,dichloromethane,0,main text,False,368,365,0.901511239949,2,context:1b857dd0ac32063532e9f8b5,CCTCRLPORAQCQS,5.39,4.64794810613,-0.74205189387,True
solvent,1,dichloromethane,0,main text,False,368,365,0.901511239949,2,context:27be502f8f8eb586c54ced8c,VEKDDHYCIOYPHJ,5.47,4.48041566213,-0.98958433787,True
solvent,1,dichloromethane,0,main text,False,368,365,0.901511239949,2,context:2f6621f5e9bb44a721f8d73a,VWUHPHHTAVCBMR,1.47,2.86514123281,1.39514123281,True
solvent,1,dichloromethane,0,main text,False,368,365,0.901511239949,2,context:311c6dfd6c44c173849d6627,JJRADMCAQVSRQP,1.38,2.09680366516,0.716803665161,True
solvent,1,dichloromethane,0,main text,False,368,365,0.901511239949,2,context:33854c28d4e2f299ffe08dcc,GJCOSYZMQJWQCA,0.64,1.21029535929,0.570295359294,True
solvent,1,dichloromethane,0,main text,False,368,365,0.901511239949,2,context:3b99e960c731fc7f0838d70c,OWVJMAKUWHECNI,4.41,3.19787756602,-1.21212243398,True
solvent,1,dichloromethane,0,main text,False,368,365,0.901511239949,2,context:3c453a42d1a48b42cbcc8f13,AQRLNPVMDITEJU,3.58,3.20533148448,-0.374668515523,True
solvent,1,dichloromethane,0,main text,False,368,365,0.901511239949,2,context:48e9f5e974e428105d041719,MXZJWRWAEWKOIG,8.16,7.74939362208,-0.41060637792,True
solvent,1,dichloromethane,0,main text,False,368,365,0.901511239949,2,context:4b6671b921432ed55e1a579a,NKDDWNXOKDWJAK,-4.9,-4.69723383586,0.202766164144,True
solvent,1,dichloromethane,0,main text,False,368,365,0.901511239949,2,context:5112f19c001d379698831625,CREBLIJIJKVBCB,3.96,3.51898670197,-0.441013298035,True
solvent,1,dichloromethane,0,main text,False,368,365,0.901511239949,2,context:5551fc7a996f25ee3468c3ef,UEUIGOQXYNBPIH,16.63,15.4758386612,-1.15416133881,True
solvent,1,dichloromethane,0,main text,False,368,365,0.901511239949,2,context:5b8050265262069ad5270813,REJRONNJIQDQFN,5.38,3.04504172007,-2.33495827993,True
solvent,1,dichloromethane,0,main text,False,368,365,0.901511239949,2,context:5c7b0b199059fc9cff3ee624,FXTWICLWDHLSCD,14.62,14.5600961049,-0.0599038950602,True
solvent,1,dichloromethane,0,main text,False,368,365,0.901511239949,2,context:5f4e649522c90e67881cc116,NFJPEKRRHIYYES,2.82,1.47408803304,-1.34591196696,True
solvent,1,dichloromethane,0,main text,False,368,365,0.901511239949,2,context:65870c17fa6fac13970b89e0,IURHAHGTFVRCIT,17.88,18.6118227641,0.731822764079,True
solvent,1,dichloromethane,0,main text,False,368,365,0.901511239949,2,context:659ca63553d9d137c2d87c5f,XTTGYFREQJCEML,10.36,-3.79494889577,-14.1549488958,False
solvent,1,dichloromethane,0,main text,False,368,365,0.901511239949,2,context:67bd24b988225ba3c38b8196,KYVBNYUBXIEUFW,13.58,14.4040495555,0.824049555461,False
solvent,1,dichloromethane,0,main text,False,368,365,0.901511239949,2,context:683187562ae64329b2e0441d,ONRDAGWFOUZNLV,8.9,8.53338559469,-0.366614405314,True
solvent,1,dichloromethane,0,main text,False,368,365,0.901511239949,2,context:6a34b6a2be7dfe10c15c9386,DWAQDRSOVMLGRQ,6.22,5.83879454931,-0.381205450694,True
solvent,1,dichloromethane,0,main text,False,368,365,0.901511239949,2,context:6fe48fbf9373793908993fab,FAGLEPBREOXSAC,5.47,14.0859899521,8.61598995209,False
solvent,1,dichloromethane,0,main text,False,368,365,0.901511239949,2,context:7803c048bdfd005702bba1bc,DZTFOBJTWGCIFC,8.52,9.14780934652,0.627809346517,True
solvent,1,dichloromethane,0,main text,False,368,365,0.901511239949,2,context:7842f6fbf83282e616295e55,YLHGVZFDDSZKPT,4.76,4.64006153742,-0.119938462575,True
solvent,1,dichloromethane,0,main text,False,368,365,0.901511239949,2,context:7ecce7518114ac6466e58e2b,NUKYPUAOHBNCPY,15.2,14.2008838654,-0.999116134644,True
solvent,1,dichloromethane,0,main text,False,368,365,0.901511239949,2,context:7f0d02d8a5ceac690800b651,LJXTYJXBORAIHX,9,6.47943115234,-2.52056884766,True
solvent,1,dichloromethane,0,main text,False,368,365,0.901511239949,2,context:82029b97a28c2c3679e01060,HWBQWDNOLPTEBU,14.76,14.412132899,-0.347867101034,True
solvent,1,dichloromethane,0,main text,False,368,365,0.901511239949,2,context:8ce88e5365ac7ac650375e0f,SBEMOANGDSSPJY,5.21,6.00973701477,0.799737014771,True
solvent,1,dichloromethane,0,main text,False,368,365,0.901511239949,2,context:8cf29dc6292198c59786653c,CRGRWBQSZSQVIE,9.35,8.25990152359,-1.09009847641,True
solvent,1,dichloromethane,0,main text,False,368,365,0.901511239949,2,context:987ef593e9e5690bc3996291,AUYRUAVCWOAHQN,0.06,-0.433954874674,-0.493954874674,True
solvent,1,dichloromethane,0,main text,False,368,365,0.901511239949,2,context:9986b30acbc1d9673d12a80d,AOLMQKSSMXFUPJ,3.05,2.30585734049,-0.744142659505,True
solvent,1,dichloromethane,0,main text,False,368,365,0.901511239949,2,context:9b3643a74f46c617603d67fe,GUXJXWKCUUWCLX,9.81,10.6014506022,0.791450602214,True
solvent,1,dichloromethane,0,main text,False,368,365,0.901511239949,2,context:9f785c562aae8f92e0de3fa1,XWLLGMTXHZNRDQ,10.76,11.8446235657,1.08462356567,True
solvent,1,dichloromethane,0,main text,False,368,365,0.901511239949,2,context:9fefed71fdd0f52974ed70b8,NWBWEIOJMVYRIC,4.23,4.11591355006,-0.114086449941,True
solvent,1,dichloromethane,0,main text,False,368,365,0.901511239949,2,context:a1c76225b2c9bca7b1322eda,NKXWEDVASURZRA,11.77,11.86800162,0.0980016199748,True
solvent,1,dichloromethane,0,main text,False,368,365,0.901511239949,2,context:a1d5ce1cec0fd06dee016218,JUCGZPLNAFWVGZ,3.1,2.68014558156,-0.419854418437,True
solvent,1,dichloromethane,0,main text,False,368,365,0.901511239949,2,context:a536fb8677a55fd034074879,BTAXCDFJMGWYEI,6.19,5.41732549667,-0.772674503326,True
solvent,1,dichloromethane,0,main text,False,368,365,0.901511239949,2,context:ae49602792fb9fc899432299,ZHOVAWFVVBWEGQ,3.67,3.62329737345,-0.0467026265462,True
solvent,1,dichloromethane,0,main text,False,368,365,0.901511239949,2,context:b67d11ba358da98110502c9f,FMXIGEXRLSNRMR,1.97,1.5119228363,-0.458077163696,True
solvent,1,dichloromethane,0,main text,False,368,365,0.901511239949,2,context:c39448a395855de821fcd261,XFTYGCGYGZSRHZ,5.35,4.98362938563,-0.36637061437,True
solvent,1,dichloromethane,0,main text,False,368,365,0.901511239949,2,context:c7ace95893be7bbbe2b5c0b1,KDQBKCRYCZJUAE,-3.86,-2.38144429525,1.47855570475,True
solvent,1,dichloromethane,0,main text,False,368,365,0.901511239949,2,context:d4eb852c1bcd5b9137d6f6e8,PXUCISHGVVQCJJ,4.67,4.06908448537,-0.600915514628,True
solvent,1,dichloromethane,0,main text,False,368,365,0.901511239949,2,context:d5c0a0463e4c1077962b2cbe,RRHGJUQNOFWUDK,1.1,1.05369472504,-0.0463052749634,False
solvent,1,dichloromethane,0,main text,False,368,365,0.901511239949,2,context:d8b53025b889eeb4c93c7fcc,IPAFDBBZLFLLBK,7.98,4.18352444967,-3.79647555033,True
solvent,1,dichloromethane,0,main text,False,368,365,0.901511239949,2,context:dca4cd8565b4ccd6296ae4bc,COIOYMYWGDAQPM,8.56,14.3500986099,5.79009860992,True
solvent,1,dichloromethane,0,main text,False,368,365,0.901511239949,2,context:e8d7073ebe18daf9513f99d1,YPWFISCTZQNZAU,11.94,13.2581075033,1.31810750326,True
solvent,1,dichloromethane,0,main text,False,368,365,0.901511239949,2,context:ea9ab3f5c7d1d8971a4092b3,WLPUWLXVBWGYMZ,14.64,15.8398577372,1.19985773722,True
solvent,1,dichloromethane,0,main text,False,368,365,0.901511239949,2,context:eb4610042d7de2f119b4ea1e,OZBUYKMVICLROK,12.51,13.2782147725,0.768214772542,True
solvent,1,dichloromethane,0,main text,False,368,365,0.901511239949,2,context:ebb7dbcdc48e89b7419814e6,RUJFIXHHAWJMRM,16.8,16.935517629,0.135517628988,True
solvent,1,dichloromethane,0,main text,False,368,365,0.901511239949,2,context:ec130964c1d513d7bc7eed85,VYZGUDWMCNUVCU,3.16,10.2156035105,7.05560351054,False
solvent,1,dichloromethane,0,main text,False,368,365,0.901511239949,2,context:f095e913e5bfb6896ba60e12,WNXJIVFYUVYPPR,-2.86,-3.88107649485,-1.02107649485,True
solvent,1,dichloromethane,0,main text,False,368,365,0.901511239949,2,context:f29ce1a716de52fd5fa2a2c4,WYGIWVCWYKSYOE,-3.62,-4.33050823212,-0.710508232117,True
solvent,1,dichloromethane,0,main text,False,368,365,0.901511239949,2,context:f30df2cdaeac4367c6ebbd7f,UXRWKUANJXGBFO,13.49,14.289132754,0.799132754008,True
solvent,1,dichloromethane,0,main text,False,368,365,0.901511239949,2,context:f57d3ed8833b8ecbd00a9f7e,HFPZCAJZSCWRBC,-2.8,-3.29289023081,-0.492890230815,False
solvent,1,dichloromethane,0,main text,False,368,365,0.901511239949,2,context:f975dbfb496f51a8334232d0,SLCJQIBAFJDZBP,3.83,2.69803619385,-1.13196380615,True
solvent,1,dichloromethane,0,main text,False,368,365,0.901511239949,2,context:fbcca05b36a0f0897f6b9618,CAUJWSPJKGGYDW,4.57,4.05583413442,-0.51416586558,True
solvent,1,dichloromethane,0,main text,False,368,365,0.901511239949,2,context:fdd045374269b5b36d630482,XBKIDSNNBHCFMZ,7.53,7.73273515701,0.202735157013,True
solvent,1,dichloromethane,0,main text,False,368,365,0.901511239949,3,context:00c1006666a6ee0580579003,KMVZWUQHMJAWSY,-0.57,0.905666987101,1.4756669871,True
solvent,1,dichloromethane,0,main text,False,368,365,0.901511239949,3,context:032678b7f79f9876930bdf0b,YDJXDYKQMRNUSA,2.93,-1.30610243479,-4.23610243479,False
solvent,1,dichloromethane,0,main text,False,368,365,0.901511239949,3,context:06e417c082fcf3b3a8457721,IIQFBBQJYPGOHJ,11.4,13.2254021962,1.82540219625,True
solvent,1,dichloromethane,0,main text,False,368,365,0.901511239949,3,context:0a24a04e9009b2f0a36f3ab2,VAPOFMGACKUWCI,13.41,14.1306470235,0.720647023519,True
solvent,1,dichloromethane,0,main text,False,368,365,0.901511239949,3,context:0a6218a0296b67837b6b9a1b,PRLWTCJLCYVORV,1.95,6.45135052999,4.50135052999,True
solvent,1,dichloromethane,0,main text,False,368,365,0.901511239949,3,context:1185c6f0e7272fd74a1c6c15,KSESOTWVQYBRLJ,12.46,13.7949059804,1.33490598043,True
solvent,1,dichloromethane,0,main text,False,368,365,0.901511239949,3,context:1a398883d0e1913280db6274,QPGRQOPOFHBWCT,4.63,7.86776129405,3.23776129405,True
solvent,1,dichloromethane,0,main text,False,368,365,0.901511239949,3,context:1a9b4dc51aacd84ea8e8bb66,XFHGQPCADCWUJX,0.87,3.47440210978,2.60440210978,True
solvent,1,dichloromethane,0,main text,False,368,365,0.901511239949,3,context:21161b509f74b8cd263d80aa,HTWIZMNMTWYQRN,-3.3,-1.34347120921,1.95652879079,True
solvent,1,dichloromethane,0,main text,False,368,365,0.901511239949,3,context:21178382eec0c0b1f1b1d735,UYUUAUOYLFIRJG,16.17,15.9083916346,-0.261608365377,True
solvent,1,dichloromethane,0,main text,False,368,365,0.901511239949,3,context:21e256d7c18c11cf1be01ff2,JRMQJLMBSMCLHJ,19.63,18.0201047262,-1.60989527384,True
solvent,1,dichloromethane,0,main text,False,368,365,0.901511239949,3,context:247d7f9786c0a311bc0f8cd9,QTCAPCHXGMZXKA,15.7,14.7298663457,-0.970133654277,True
solvent,1,dichloromethane,0,main text,False,368,365,0.901511239949,3,context:26559375cf94c91a04ba6dc5,ONDSBJMLAHVLMI,8.97,7.61969566345,-1.35030433655,True
solvent,1,dichloromethane,0,main text,False,368,365,0.901511239949,3,context:27709a8218cae0b06af021a4,AZQJMOSEBVCAFB,7.06,7.72714487712,0.667144877116,True
solvent,1,dichloromethane,0,main text,False,368,365,0.901511239949,3,context:298de7c90e2b5d3ebda60b7b,DPZNOMCNRMUKPS,2.48,2.45399665833,-0.0260033416748,True
solvent,1,dichloromethane,0,main text,False,368,365,0.901511239949,3,context:2acf2a596cb7c974b99ea781,QJWQYVJVCXMTJP,14.59,14.5375254949,-0.0524745051066,True
solvent,1,dichloromethane,0,main text,False,368,365,0.901511239949,3,context:2f31279786c48aca2b251ab3,FBQURXLBJJNDBX,3.12,4.96036815643,1.84036815643,True
solvent,1,dichloromethane,0,main text,False,368,365,0.901511239949,3,context:327cf6803eadfa6ebca46695,ROCZJWMPGISRQB,12.56,11.1975498199,-1.36245018005,True
solvent,1,dichloromethane,0,main text,False,368,365,0.901511239949,3,context:32e3c70e30850099ce1f3cc3,HLFSDGLLUJUHTE,13.86,14.1040811539,0.24408115387,True
solvent,1,dichloromethane,0,main text,False,368,365,0.901511239949,3,context:35ee07181e2eded3005d2587,SMASNBFYNOFLQG,11.01,10.7160905202,-0.293909479777,True
solvent,1,dichloromethane,0,main text,False,368,365,0.901511239949,3,context:39d89feba8ceccab050cea14,USQQZWZBVGCDBX,2.78,3.4510380427,0.671038042704,True
solvent,1,dichloromethane,0,main text,False,368,365,0.901511239949,3,context:3c84f16ba2ec79f4af446fd6,ACCILMOFBCODON,-3.1,-3.76195939382,-0.661959393819,True
solvent,1,dichloromethane,0,main text,False,368,365,0.901511239949,3,context:3d2cf933e45dc7bffd4132d6,SGUVLZREKBPKCE,15.5,15.1143805186,-0.385619481405,True
solvent,1,dichloromethane,0,main text,False,368,365,0.901511239949,3,context:428760b187999d3470634768,CZLMRJZAHXYRIX,-3.8,-3.34080473582,0.459195264181,True
solvent,1,dichloromethane,0,main text,False,368,365,0.901511239949,3,context:481a46ca93ac9d2c7caf9e64,WPDAVTSOEQEGMS,-0.86,-0.66705195109,0.19294804891,True
solvent,1,dichloromethane,0,main text,False,368,365,0.901511239949,3,context:4979b625f1bbda84667651f1,JITQYZIBZBYZSK,16.11,15.4496161143,-0.660383885701,True
solvent,1,dichloromethane,0,main text,False,368,365,0.901511239949,3,context:4e357959f54147dda5ff9abe,PAMIQIKDUOTOBW,18.9,20.2140127818,1.31401278178,True
solvent,1,dichloromethane,0,main text,False,368,365,0.901511239949,3,context:53fc4d3631dba0437fdde3d3,AKYRVZLYALGKEA,7.68,7.97965113322,0.299651133219,True
solvent,1,dichloromethane,0,main text,False,368,365,0.901511239949,3,context:5ba4085f03ddb86555b51cdc,VHYFNPMBLIVWCW,15.8,15.1216602325,-0.678339767456,True
solvent,1,dichloromethane,0,main text,False,368,365,0.901511239949,3,context:63abda22eed5b266c7603618,WYURNTSHIVDZCO,-3.5,-4.00680446625,-0.506804466248,True
solvent,1,dichloromethane,0,main text,False,368,365,0.901511239949,3,context:70447420a047d2e1c6853be4,UUTZEAQZDHSEAL,3.4,3.34862295787,-0.0513770421346,True
solvent,1,dichloromethane,0,main text,False,368,365,0.901511239949,3,context:7570ecd2c3bbd68836b63493,GWWFMBNBRVZBPC,6.68,1.99508635203,-4.68491364797,False
solvent,1,dichloromethane,0,main text,False,368,365,0.901511239949,3,context:75b4fd93c019deb5a01c69a9,IAQRGUVFOMOMEM,-2.44,-0.604225476583,1.83577452342,True
solvent,1,dichloromethane,0,main text,False,368,365,0.901511239949,3,context:75c98a4330ae1af2e4b9d3f8,LDWDMHUVQVGZOX,5.16,3.02172470093,-2.13827529907,True
solvent,1,dichloromethane,0,main text,False,368,365,0.901511239949,3,context:7afc77936697482adb7a1f43,UYPHGAMYOHOZJK,16.63,15.6143334707,-1.01566652934,True
solvent,1,dichloromethane,0,main text,False,368,365,0.901511239949,3,context:7dc431d0c7fb19fbe1db981a,RWCLZNAGACFNEX,2.27,2.4431292216,0.173129221598,True
solvent,1,dichloromethane,0,main text,False,368,365,0.901511239949,3,context:7dcccb2e6906ee18d7b7a0bf,YXFVVABEGXRONW,-4.36,-2.63242212931,1.72757787069,False
solvent,1,dichloromethane,0,main text,False,368,365,0.901511239949,3,context:83d89f504c32f936af35d07c,OAJHUPAFXARZGF,13,14.3249702454,1.32497024536,True
solvent,1,dichloromethane,0,main text,False,368,365,0.901511239949,3,context:863b376abd11b6cd8ab3f8ba,QGGUMTNPIYCTSF,0.19,-5.31049537659,-5.50049537659,False
solvent,1,dichloromethane,0,main text,False,368,365,0.901511239949,3,context:8714bd2dca42ece385720228,WVBWWBNJMBVGNG,8.13,7.85044733683,-0.279552663167,True
solvent,1,dichloromethane,0,main text,False,368,365,0.901511239949,3,context:8a5b36b60b7cfcb57c3ad503,ZMYZJAQMQBHNLH,13.45,14.096432368,0.646432367961,True
solvent,1,dichloromethane,0,main text,False,368,365,0.901511239949,3,context:8a7ef30a23323e8945cc9794,QVOVAPDFMDEZJZ,10.21,9.87249056498,-0.337509435018,True
solvent,1,dichloromethane,0,main text,False,368,365,0.901511239949,3,context:94a61b16c071603466488247,IQKSLJOIKWOGIZ,12.58,14.2635790507,1.6835790507,True
solvent,1,dichloromethane,0,main text,False,368,365,0.901511239949,3,context:96cc12243cb7308b7a7b879d,AAAQKTZKLRYKHR,-4.27,-5.61121241252,-1.34121241252,True
solvent,1,dichloromethane,0,main text,False,368,365,0.901511239949,3,context:a67192e244b884f7edaf5de7,PRPMBEZVXZKPOS,-0.73,-0.698260943095,0.0317390569051,True
solvent,1,dichloromethane,0,main text,False,368,365,0.901511239949,3,context:a92d0aa3a11b4e464645e329,KAESVJOAVNADME,4.63,5.61727666855,0.987276668549,True
solvent,1,dichloromethane,0,main text,False,368,365,0.901511239949,3,context:ab4f099cc387e071731b479d,LYINTWKRUWVLBA,-0.9,-0.742285092672,0.157714907328,True
solvent,1,dichloromethane,0,main text,False,368,365,0.901511239949,3,context:acdfdd2ff1742eb7efc5f7a8,ZMPUERSSNVHHJM,4.01,4.07931693395,0.0693169339498,True
solvent,1,dichloromethane,0,main text,False,368,365,0.901511239949,3,context:b341dc1bd2106af80f2da057,OWWIWYDDISJUMY,0.65,-0.0198599497477,-0.669859949748,True
solvent,1,dichloromethane,0,main text,False,368,365,0.901511239949,3,context:b3a275786bb7f842b880c170,SIKJAQJRHWYJAI,5.55,4.58699766795,-0.963002332052,True
solvent,1,dichloromethane,0,main text,False,368,365,0.901511239949,3,context:b8690ed83fcc1f63ec6a3192,AVAKHEUFLLONCE,16.5,14.3055712382,-2.1944287618,True
solvent,1,dichloromethane,0,main text,False,368,365,0.901511239949,3,context:b87ab519eed317de504f5e06,KTSWILXIWHVQLR,5.92,4.53677225113,-1.38322774887,True
solvent,1,dichloromethane,0,main text,False,368,365,0.901511239949,3,context:bda4a8efd0a6071173148caf,MZRSAJZDYIISJW,9.54,10.5016638438,0.961663843791,True
solvent,1,dichloromethane,0,main text,False,368,365,0.901511239949,3,context:bf8585ddd47f6b23a6dfb659,YLQBMQCUIZJEEH,1.33,0.938037236532,-0.391962763468,True
solvent,1,dichloromethane,0,main text,False,368,365,0.901511239949,3,context:c230f506962530139725d833,OISVCGZHLKNMSJ,9.87,9.38837941488,-0.481620585124,True
solvent,1,dichloromethane,0,main text,False,368,365,0.901511239949,3,context:c3a5cfbb7858313910f80629,CKPJWJGGZOJURQ,1.35,-1.49596405029,-2.84596405029,True
solvent,1,dichloromethane,0,main text,False,368,365,0.901511239949,3,context:c6871fd1a2609465bc08b9ff,IUFWLBQYLXTUFY,10.38,8.84001572927,-1.53998427073,True
solvent,1,dichloromethane,0,main text,False,368,365,0.901511239949,3,context:c717312c7fe3cd46f5294a98,GCHPDOOMYGOBOI,1.85,2.29420757294,0.444207572937,True
solvent,1,dichloromethane,0,main text,False,368,365,0.901511239949,3,context:c7d66d4e45144188209f398f,QGBMSFLTRRZTGI,3.3,3.33218574524,0.0321857452393,True
solvent,1,dichloromethane,0,main text,False,368,365,0.901511239949,3,context:c92b1880a8e55736b899ad4d,NFHRNKANAAGQOH,5.64,6.96849107742,1.32849107742,True
solvent,1,dichloromethane,0,main text,False,368,365,0.901511239949,3,context:d4780e321293e26a4a497619,MVUMJYQUKKUOHO,9.43,9.45534420013,0.0253442001343,False
solvent,1,dichloromethane,0,main text,False,368,365,0.901511239949,3,context:d9562f42b5877daf1cc02d8d,BJMUOUXGBFNLSN,6.54,6.8552330335,0.315233033498,True
solvent,1,dichloromethane,0,main text,False,368,365,0.901511239949,3,context:daf0907985231c6efeca64e8,UAIFZYSPVVBOPN,5.41,5.12601915995,-0.283980840047,True
solvent,1,dichloromethane,0,main text,False,368,365,0.901511239949,3,context:dc62c3a7eb79716791382b52,IUHHODLEEGNQCK,0.16,0.0974626541138,-0.0625373458862,True
solvent,1,dichloromethane,0,main text,False,368,365,0.901511239949,3,context:dda994161815a3495545a2e3,AFCAKJKUYFLYFK,-0.3,-4.30512682597,-4.00512682597,True
solvent,1,dichloromethane,0,main text,False,368,365,0.901511239949,3,context:de3b2485e87e95ef76620c9a,MNLNQEMXGZMOEI,14.62,13.3964090347,-1.22359096527,True
solvent,1,dichloromethane,0,main text,False,368,365,0.901511239949,3,context:df10f25647cc5e1526092073,CHDOLVPDVFKCKP,10.32,10.2630726496,-0.0569273503621,True
solvent,1,dichloromethane,0,main text,False,368,365,0.901511239949,3,context:df4a5feae3fda103be3d480a,IRCZONILFAZELT,7.66,8.41655572255,0.756555722555,True
solvent,1,dichloromethane,0,main text,False,368,365,0.901511239949,3,context:dfc76f6e772b215b852beb3f,BWZVCCNYKMEVEX,9.34,10.8586209615,1.51862096151,True
solvent,1,dichloromethane,0,main text,False,368,365,0.901511239949,3,context:e3e7cd05eef9b734b558fd7a,RRKDQZVVBXLBDC,8.23,7.74735879898,-0.482641201019,True
solvent,1,dichloromethane,0,main text,False,368,365,0.901511239949,3,context:e6ff6b0b2d0e3769c13a548c,QNLJVGMVNHDIKM,2.04,2.20329380035,0.163293800354,True
solvent,1,dichloromethane,0,main text,False,368,365,0.901511239949,3,context:e79fe3c23b9bd6857d93b8d3,FKNQCJSGGFJEIZ,13.7,13.8918031057,0.191803105672,True
solvent,1,dichloromethane,0,main text,False,368,365,0.901511239949,3,context:fae015fae1f808d3fa919340,PEHJULPJEVIIFJ,3.78,3.54644552867,-0.233554471334,True
solvent,1,dichloromethane,0,main text,False,368,365,0.901511239949,3,context:fb1a5b3581ec7dcfb5223458,PPBRXRYQALVLMV,0.78,0.801873842875,0.0218738428752,True
solvent,1,dichloromethane,0,main text,False,368,365,0.901511239949,3,context:fd935620b0b1c06b2d5d5da4,VQLPKXVGNWNVFY,13.31,13.632089297,0.322089296977,True
solvent,1,dichloromethane,0,main text,False,368,365,0.901511239949,4,context:044c3fdae3c6e4b58c939351,WDUAYVHCYGZARQ,12.26,9.51287587484,-2.74712412516,True
solvent,1,dichloromethane,0,main text,False,368,365,0.901511239949,4,context:0cf9bfdf8a025b9f32ccd1b8,IIHPVYJPDKJYOU,12.79,11.1853024165,-1.60469758352,True
solvent,1,dichloromethane,0,main text,False,368,365,0.901511239949,4,context:0f1a763a492b4ba04a7361c4,RBEROAUIKMEYDR,-0.88,-0.853910446167,0.026089553833,False
solvent,1,dichloromethane,0,main text,False,368,365,0.901511239949,4,context:116730390e688e83e8b0ead8,SWSBEBHRHKHUHH,15.06,13.4966306686,-1.56336933136,True
solvent,1,dichloromethane,0,main text,False,368,365,0.901511239949,4,context:119199d1f38aa9ae820bce0b,ITLHXEGAYQFOHJ,5.29,7.09977499644,1.80977499644,True
solvent,1,dichloromethane,0,main text,False,368,365,0.901511239949,4,context:155b7737490818b7ec7621e4,WWUVJRULCWHUSA,0.84,0.876082102458,0.0360821024577,True
solvent,1,dichloromethane,0,main text,False,368,365,0.901511239949,4,context:1669e9792fadd8c97a24da05,SBWCARQXLPGQNH,2.2,3.70332781474,1.50332781474,True
solvent,1,dichloromethane,0,main text,False,368,365,0.901511239949,4,context:181eadcc084fe8c56dfb3e6b,MXYLLYBWXIUMIT,1.89,2.05902989705,0.169029897054,True
solvent,1,dichloromethane,0,main text,False,368,365,0.901511239949,4,context:1be4ef156924130179fc849b,VQKFNUFAXTZWDK,3.61,2.71033573151,-0.899664268494,True
solvent,1,dichloromethane,0,main text,False,368,365,0.901511239949,4,context:2227e91f71b84c9827a2db9f,XDTNJCHVNRPULS,10.19,10.6776660283,0.487666028341,True
solvent,1,dichloromethane,0,main text,False,368,365,0.901511239949,4,context:24b54ae6de2992d22011bc0b,RTZKZFJDLAIYFH,-5.1,-4.05381266276,1.04618733724,True
solvent,1,dichloromethane,0,main text,False,368,365,0.901511239949,4,context:27b053ef39c6db36c12fc10b,VDCSGNNYCFPWFK,1.52,1.68076165517,0.160761655172,True
solvent,1,dichloromethane,0,main text,False,368,365,0.901511239949,4,context:2c364065df30f1f0d57b3c45,UBMYYGXGMPGCBO,6.57,5.45990101496,-1.11009898504,True
solvent,1,dichloromethane,0,main text,False,368,365,0.901511239949,4,context:32766dd4553fe1b598e4f37b,VPVXTYYXTKCTPM,-2.4,-3.13226159414,-0.732261594137,True
solvent,1,dichloromethane,0,main text,False,368,365,0.901511239949,4,context:3cd21e191ae616c74ec11aaf,VDWAQPIHXBRGGA,5.54,4.28473011653,-1.25526988347,True
solvent,1,dichloromethane,0,main text,False,368,365,0.901511239949,4,context:41d81a623832f7867e2ed775,QYZLKGVUSQXAMU,-2.99,-3.67254479726,-0.682544797262,True
solvent,1,dichloromethane,0,main text,False,368,365,0.901511239949,4,context:4451a262025356e75838f9eb,YULMNMJFAZWLLN,1.16,2.39258003235,1.23258003235,True
solvent,1,dichloromethane,0,main text,False,368,365,0.901511239949,4,context:463b173fc9313129608e533a,NWKBSEBOBPHMKL,-3.2,-1.48110771179,1.71889228821,True
solvent,1,dichloromethane,0,main text,False,368,365,0.901511239949,4,context:484dc70326857d7848a8e738,XSAZHMLGFSHHAR,14.47,14.4910831451,0.0210831451416,True
solvent,1,dichloromethane,0,main text,False,368,365,0.901511239949,4,context:48cad362d7932d969ad0e47e,QRLBICHXRCOJDU,2.13,1.20606994629,-0.923930053711,True
solvent,1,dichloromethane,0,main text,False,368,365,0.901511239949,4,context:49fd347bedbd1edbeb240e3f,JSDUOUVZQRZOOY,-1.06,-3.09460067749,-2.03460067749,True
solvent,1,dichloromethane,0,main text,False,368,365,0.901511239949,4,context:50161f39a923507aee20a59a,LLPWGHLVUPBSLP,1.72,1.46721394857,-0.252786051432,True
solvent,1,dichloromethane,0,main text,False,368,365,0.901511239949,4,context:5ece031e8c879cfb428322ee,MXYLLYBWXIUMIT,1.75,1.77707004547,0.0270700454712,True
solvent,1,dichloromethane,0,main text,False,368,365,0.901511239949,4,context:60260ac532ca2aa5c288544a,SNOAYWWTVMKALE,15.26,14.2353547414,-1.02464525859,True
solvent,1,dichloromethane,0,main text,False,368,365,0.901511239949,4,context:6091bd2301516003910d6e51,NGKOCETVOBCCII,12.98,13.0449581146,0.064958114624,True
solvent,1,dichloromethane,0,main text,False,368,365,0.901511239949,4,context:6793ca5ce0c163b8e4c1887f,FULSRCPEOUATID,2.72,2.27086098989,-0.449139010111,True
solvent,1,dichloromethane,0,main text,False,368,365,0.901511239949,4,context:67ed750647d1b6e29959fb35,BPRJSWGFGAQRNA,4.98,4.71654081345,-0.263459186554,True
solvent,1,dichloromethane,0,main text,False,368,365,0.901511239949,4,context:6876e1c0c3fd72c364f0ed74,UVRHPCHNWMQZLQ,1.3,3.3633591334,2.0633591334,True
solvent,1,dichloromethane,0,main text,False,368,365,0.901511239949,4,context:6a348b33b3cd78784267830f,XISYFRGVGQIFHM,4.86,4.09202082952,-0.767979170481,True
solvent,1,dichloromethane,0,main text,False,368,365,0.901511239949,4,context:6d775d437805f563af1369c0,CHVJITGCYZJHLR,0.52,3.20015176137,2.68015176137,True
solvent,1,dichloromethane,0,main text,False,368,365,0.901511239949,4,context:72e318a245b638a2d745748e,UFAZHCVBGMSJHS,-1.24,-0.145904223124,1.09409577688,True
solvent,1,dichloromethane,0,main text,False,368,365,0.901511239949,4,context:7468e5d62052f9d36a9ab056,OMRRIKKMQMYXLQ,9.55,10.3894602458,0.839460245768,True
solvent,1,dichloromethane,0,main text,False,368,365,0.901511239949,4,context:75e95e2e33934b2c5f7b131e,PZJPNKKRMNFDQJ,1.53,2.84693050385,1.31693050385,True
solvent,1,dichloromethane,0,main text,False,368,365,0.901511239949,4,context:76540b6c6f40cc9b064b707d,HTTSVXZDXSLAOJ,3.12,6.57186222076,3.45186222076,False
solvent,1,dichloromethane,0,main text,False,368,365,0.901511239949,4,context:80c62a65950944463324a6e4,APISVOVOJVZIBA,12.29,11.5420916875,-0.74790831248,True
solvent,1,dichloromethane,0,main text,False,368,365,0.901511239949,4,context:8107203de6a98dc10d30d0bb,RPFGCUFAJAQNLJ,8.8,10.5198119481,1.71981194814,True
solvent,1,dichloromethane,0,main text,False,368,365,0.901511239949,4,context:865f5a7635708883246d8bf1,WDUAYVHCYGZARQ,12.06,11.0034939448,-1.0565060552,True
solvent,1,dichloromethane,0,main text,False,368,365,0.901511239949,4,context:886d6621bfc25690eb20c6e0,CTSZPNIMMLSKDV,13.12,9.96818510691,-3.15181489309,True
solvent,1,dichloromethane,0,main text,False,368,365,0.901511239949,4,context:8baf7fbf7f5e8af64f3161f7,SHALBPKEGDBVKK,8.57,3.78405300776,-4.78594699224,False
solvent,1,dichloromethane,0,main text,False,368,365,0.901511239949,4,context:944072cce1db1a5f567633e3,MNGYXDOGPIDUNU,7.17,6.49540599187,-0.674594008128,True
solvent,1,dichloromethane,0,main text,False,368,365,0.901511239949,4,context:99503aec35fe0d809c2139ba,BKCCAYLNRIRKDJ,12.31,13.5160039266,1.2060039266,True
solvent,1,dichloromethane,0,main text,False,368,365,0.901511239949,4,context:9b612ce389b8d5d9e5d7961e,KQVSXUGMDCAISO,7.97,8.38324769338,0.41324769338,True
solvent,1,dichloromethane,0,main text,False,368,365,0.901511239949,4,context:9c997554fdf4fad80265fdf8,ZASBNSNNQWRELF,5.17,4.47228988012,-0.697710119883,True
solvent,1,dichloromethane,0,main text,False,368,365,0.901511239949,4,context:9d1b05e8231f1bee5f3876b4,HIAZFYQNGXRLTF,3.99,4.03226089478,0.0422608947754,True
solvent,1,dichloromethane,0,main text,False,368,365,0.901511239949,4,context:9dc1eeeb0b20d8056a03e03e,UEXCJVNBTNXOEH,-0.04,4.68994140625,4.72994140625,False
solvent,1,dichloromethane,0,main text,False,368,365,0.901511239949,4,context:a0d8ab51c24522f926dec6ce,QMMFVYPAHWMCMS,12.32,11.7193183899,-0.600681610107,True
solvent,1,dichloromethane,0,main text,False,368,365,0.901511239949,4,context:acf2c5905677cf2f89a96d34,KZENFXVDPUMQOE,13.09,12.1203123728,-0.969687627157,True
solvent,1,dichloromethane,0,main text,False,368,365,0.901511239949,4,context:adf56c725e7b708269f14236,ARIDPRZCOYMNQD,15.21,14.0279038747,-1.18209612528,True
solvent,1,dichloromethane,0,main text,False,368,365,0.901511239949,4,context:b45d7c3cdcec0b5fc988f966,SABMKDWVEYTWLO,5.36,4.35974136988,-1.00025863012,True
solvent,1,dichloromethane,0,main text,False,368,365,0.901511239949,4,context:b79fc98802357f840cb557bc,PJWQVCOHIKOJPW,1.94,1.52512931824,-0.414870681763,True
solvent,1,dichloromethane,0,main text,False,368,365,0.901511239949,4,context:b8914b82fb3d63949114f7fb,JNOGVQJEBGEKMG,9,9.53699938456,0.536999384562,True
solvent,1,dichloromethane,0,main text,False,368,365,0.901511239949,4,context:bac1aae4e954997e59a5f190,GQYCDHQAMSGQOC,12.52,13.5561583837,1.03615838369,True
solvent,1,dichloromethane,0,main text,False,368,365,0.901511239949,4,context:bc6157f25f73177fcbe68171,KOFSFYBXUYHNJL,15.91,13.6027641296,-2.30723587036,True
solvent,1,dichloromethane,0,main text,False,368,365,0.901511239949,4,context:c0fc125e885800c5f3a7b9a1,FVRPGFDQHUQCSW,-0.31,0.282251040141,0.592251040141,True
solvent,1,dichloromethane,0,main text,False,368,365,0.901511239949,4,context:c0fcc07973d61a6e6f0740f8,PNLQPWWBHXMFCA,-3.65,0.891663233439,4.54166323344,True
solvent,1,dichloromethane,0,main text,False,368,365,0.901511239949,4,context:c2d7f9687a3f8e3aa909f476,IERLOSGMYPXIOS,6.18,4.99942366282,-1.18057633718,True
solvent,1,dichloromethane,0,main text,False,368,365,0.901511239949,4,context:c43b5fb8cb4c6fc563244cc9,FTXCTXYJXIABGR,10.61,12.0408843358,1.43088433584,True
solvent,1,dichloromethane,0,main text,False,368,365,0.901511239949,4,context:c5c558df1d0d922fe7d079a1,GNETVOUSGGAEDK,18.39,17.2194906871,-1.17050931295,True
solvent,1,dichloromethane,0,main text,False,368,365,0.901511239949,4,context:d82a09d9de3348fe96fd1937,DBGVGMSCBYYSLD,9.96,6.23377879461,-3.72622120539,True
solvent,1,dichloromethane,0,main text,False,368,365,0.901511239949,4,context:d8b33b35a827ed3c41fe3b89,ZPJPPTSCBDTYDP,9.12,9.26120853424,0.141208534241,True
solvent,1,dichloromethane,0,main text,False,368,365,0.901511239949,4,context:d95541c3f285ddb05b7f07f3,BSKHPKMHTQYZBB,10.52,11.5191825231,0.999182523092,True
solvent,1,dichloromethane,0,main text,False,368,365,0.901511239949,4,context:da77c8114e29099ce8827b44,INQUAPASCFTPLI,6.08,5.55669816335,-0.52330183665,True
solvent,1,dichloromethane,0,main text,False,368,365,0.901511239949,4,context:db14416ca1ec037acaef952d,DAVVYCRMXOFZQG,-0.1,4.4614961942,4.5614961942,False
solvent,1,dichloromethane,0,main text,False,368,365,0.901511239949,4,context:dbe33314b002ea972dcda0e4,YGCWPCVAVSIFLO,13.06,13.3688062032,0.308806203206,True
solvent,1,dichloromethane,0,main text,False,368,365,0.901511239949,4,context:dd981811c0768ce657835381,ATQUFXWBVZUTKO,1.18,0.17311223348,-1.00688776652,True
solvent,1,dichloromethane,0,main text,False,368,365,0.901511239949,4,context:ded762dfaf5b4df434d4fd08,GVYQJELFAHQBFX,-3.52,-3.46560160319,0.0543983968099,True
solvent,1,dichloromethane,0,main text,False,368,365,0.901511239949,4,context:e09e46e5393542fa5dfdff12,PQDJYEQOELDLCP,3.15,2.3839079539,-0.766092046102,True
solvent,1,dichloromethane,0,main text,False,368,365,0.901511239949,4,context:e199d687c7fe46a2ecca4707,OSIGJGFTADMDOB,0.13,0.254744211833,0.124744211833,True
solvent,1,dichloromethane,0,main text,False,368,365,0.901511239949,4,context:e254324853d787b062c88c43,OJPMLDITIICIDN,8.53,9.26974741618,0.739747416178,True
solvent,1,dichloromethane,0,main text,False,368,365,0.901511239949,4,context:e49e5d2ccd38e9f6f7a6a8df,KTZNVZJECQAMBV,14.91,13.4565982819,-1.45340171814,True
solvent,1,dichloromethane,0,main text,False,368,365,0.901511239949,4,context:e4af45d8a7b4022cbd54a18e,NXHORDQDUDIXOS,3.99,3.73205773036,-0.257942269643,True
solvent,1,dichloromethane,0,main text,False,368,365,0.901511239949,4,context:e5eb19962a8a55ef03c7b7d8,XDHRVAHAGMMFMC,14.88,8.7241490682,-6.1558509318,True
solvent,1,dichloromethane,0,main text,False,368,365,0.901511239949,4,context:ee123d410dcb7c1ee11cbe37,CMOFCAVYKAYXSN,4.13,4.43786907196,0.30786907196,True
solvent,1,dichloromethane,0,main text,False,368,365,0.901511239949,4,context:f54b2cd3f4e98770428a2481,CMLWFCUAXGSMBB,15.19,13.7768710454,-1.41312895457,True
solvent,1,dichloromethane,0,main text,False,368,365,0.901511239949,4,context:f61020482fc860402cac5638,OXHNLMTVIGZXSG,5.85,4.20512708028,-1.64487291972,True
solvent,1,dichloromethane,0,main text,False,368,365,0.901511239949,4,context:f76c66586786c9c40af4aa6d,WDITXRGBBBKEET,11.88,10.1926705043,-1.68732949575,True
solvent,1,dichloromethane,0,main text,False,368,365,0.901511239949,4,context:f9a974833521bf198d328e3f,WNAGIMQWCVOKKX,-1.13,-0.925040880839,0.204959119161,True
solvent,1,dichloromethane,0,main text,False,368,365,0.901511239949,4,context:fae1d3a003beffe9260989b1,QROGIFZRVHSFLM,-0.49,0.355696678162,0.845696678162,True
solvent,1,MeCN,1,main text,False,292,291,0.90781284281,0,context:046650b42d9338282244a2d8,WNGRAVYBVJNTMT,-1.2,-0.286630312602,0.913369687398,False
solvent,1,MeCN,1,main text,False,292,291,0.90781284281,0,context:0b7cf750d726379289cdc1df,JIABXJQBVOUBOD,-4.8,-3.155474027,1.644525973,True
solvent,1,MeCN,1,main text,False,292,291,0.90781284281,0,context:12d9b5d2f11b21943d18ad53,AVFZOVWCLRSYKC,20.59,19.1275959015,-1.46240409851,True
solvent,1,MeCN,1,main text,False,292,291,0.90781284281,0,context:16b1e73b7ed6334a3dae379c,IQIMPHPFMHVWBZ,7.39,3.65661557515,-3.73338442485,False
solvent,1,MeCN,1,main text,False,292,291,0.90781284281,0,context:1aa45c306021fc9c59c6bc28,DRLPQHUSIRTYBM,10.3,11.3890873591,1.08908735911,True
solvent,1,MeCN,1,main text,False,292,291,0.90781284281,0,context:214dd31c19747d5f9196b372,ULGQYSSQBVDCSA,14.97,17.5275719961,2.55757199605,True
solvent,1,MeCN,1,main text,False,292,291,0.90781284281,0,context:240fd2ffad6a938368e2f5c3,NRMQMTQTYONMFY,21.72,22.7669576009,1.04695760091,True
solvent,1,MeCN,1,main text,False,292,291,0.90781284281,0,context:288cc6beb66cb328095d548c,FUPIVZHYVSCYLX,-2.5,-0.707476615906,1.79252338409,True
solvent,1,MeCN,1,main text,False,292,291,0.90781284281,0,context:2e3e48b834eb017dc1b5abf5,QTBSBXVTEAMEQO,16.9,16.977921168,0.0779211680094,True
solvent,1,MeCN,1,main text,False,292,291,0.90781284281,0,context:3b811e197d9b46329ab92cad,BQCIUPMFLJNBIZ,7.79,6.87450297674,-0.915497023265,True
solvent,1,MeCN,1,main text,False,292,291,0.90781284281,0,context:4025c01c926785d20b4da857,OMRYFORMTXHEKG,13.87,12.9652630488,-0.904736951192,True
solvent,1,MeCN,1,main text,False,292,291,0.90781284281,0,context:4313160ed0b65a3bb70fc2d1,SGIJBHQBXMMPRH,17.41,17.3262786865,-0.0837213134766,True
solvent,1,MeCN,1,main text,False,292,291,0.90781284281,0,context:43dfd007875e9355ac0b09fb,OAKJQQAXSVQMHS,16.45,14.6616945267,-1.78830547333,True
solvent,1,MeCN,1,main text,False,292,291,0.90781284281,0,context:48cc80b27c2a4a4513d904a0,VINAMCOZNJHNIH,11.34,10.8565975825,-0.483402417501,True
solvent,1,MeCN,1,main text,False,292,291,0.90781284281,0,context:4f94c0d1686cedd9704e545b,WMEWVEGNFHLPSE,11.99,10.7682971954,-1.22170280457,True
solvent,1,MeCN,1,main text,False,292,291,0.90781284281,0,context:5d0fb36cab7bd0e930227806,ZCNQIKXAMNBENN,5.18,4.65237188339,-0.527628116608,True
solvent,1,MeCN,1,main text,False,292,291,0.90781284281,0,context:61c409edafbb65211c953435,RGHPCLZJAFCTIK,16.78,16.8371334076,0.0571334075928,True
solvent,1,MeCN,1,main text,False,292,291,0.90781284281,0,context:63b73b1f6264f63166a91179,VSWGLJOQFUMFOQ,7.26,6.72997204463,-0.530027955373,True
solvent,1,MeCN,1,main text,False,292,291,0.90781284281,0,context:650ea309010a457d79e885ff,XXUWAAJQVTXRAO,8.13,8.96006457011,0.830064570109,True
solvent,1,MeCN,1,main text,False,292,291,0.90781284281,0,context:67ee3741a939c576944199f8,HQABUPZFAYXKJW,15.27,14.4119917552,-0.858008244832,True
solvent,1,MeCN,1,main text,False,292,291,0.90781284281,0,context:688a91d83a46070bb1ebae42,RFSKGCVUDQRZSD,3.06,4.52642917633,1.46642917633,True
solvent,1,MeCN,1,main text,False,292,291,0.90781284281,0,context:69a88882c4e79c18ebac1184,IOVCWXUNBOPUCH,17.2,14.1532793045,-3.0467206955,False
solvent,1,MeCN,1,main text,False,292,291,0.90781284281,0,context:71430ff0a7183d78d7d86cd5,MRXYAMDBOPZJJK,-1,-0.217644055684,0.782355944316,False
solvent,1,MeCN,1,main text,False,292,291,0.90781284281,0,context:807c37d0f04d431d98aa438d,ZEBBLOXDLGIMEG,11.63,7.11059125264,-4.51940874736,True
solvent,1,MeCN,1,main text,False,292,291,0.90781284281,0,context:80fb90c0b3fe5cf48d23fd77,YLBWRMSQRFEIEB,18.33,17.4840183258,-0.845981674194,True
solvent,1,MeCN,1,main text,False,292,291,0.90781284281,0,context:813e0334086da86a5e1fe9a5,JFIRJUGAIIXIKT,7.72,7.79430294037,0.0743029403687,True
solvent,1,MeCN,1,main text,False,292,291,0.90781284281,0,context:83d957069d2b0682f7ca5c7b,MZGNSEAPZQGJRB,20.93,22.1359138489,1.20591384888,True
solvent,1,MeCN,1,main text,False,292,291,0.90781284281,0,context:8bc75ff1d2268de55951ac84,KLCCPWRSRHUOJD,11.23,8.44094530741,-2.78905469259,True
solvent,1,MeCN,1,main text,False,292,291,0.90781284281,0,context:8fe3d3bda1ba20a64d2d160b,OAZWDJGLIYNYMU,-3.3,-3.2271493276,0.072850672404,True
solvent,1,MeCN,1,main text,False,292,291,0.90781284281,0,context:91b0731e743a60365754f31e,UVUCNSNMTAWNQM,8.3,7.51149749756,-0.788502502441,True
solvent,1,MeCN,1,main text,False,292,291,0.90781284281,0,context:980037e2453100b757ab25e4,JJWLVOIRVHMVIS,13.77,12.8183403015,-0.951659698486,True
solvent,1,MeCN,1,main text,False,292,291,0.90781284281,0,context:a0c15b9089c1328d45fb68cf,MFFMQGGZCLEMCI,10.67,7.19316387177,-3.47683612823,True
solvent,1,MeCN,1,main text,False,292,291,0.90781284281,0,context:ad4393e7f48289c26ed4fcd4,MNRBVTDLMUNVLD,11.11,11.0161600113,-0.0938399887085,True
solvent,1,MeCN,1,main text,False,292,291,0.90781284281,0,context:b86c2e9af6334b2d9670036e,LMIQERWZRIFWNZ,6.44,5.68623272578,-0.753767274221,True
solvent,1,MeCN,1,main text,False,292,291,0.90781284281,0,context:bee88a396aaf8c76eef89d99,VFTRUCCMVUPYFC,19.85,17.1065622965,-2.74343770345,True
solvent,1,MeCN,1,main text,False,292,291,0.90781284281,0,context:c0e5200ef121c85e7a9c0930,SBYHFKPVCBCYGV,20.54,17.7059110006,-2.83408899943,True
solvent,1,MeCN,1,main text,False,292,291,0.90781284281,0,context:c1c03ef0cebadcc552cbed39,CHPRFKYDQRKRRK,16.5,16.6573683421,0.157368342082,True
solvent,1,MeCN,1,main text,False,292,291,0.90781284281,0,context:c24a2b229e975fe2db33546a,DWEYZWRAPWVVAR,6.77,7.56184116999,0.791841169993,True
solvent,1,MeCN,1,main text,False,292,291,0.90781284281,0,context:d3bb48ee3c413555e8abe563,CWFHQXFFTAMVMB,20.1,21.7278340658,1.62783406576,True
solvent,1,MeCN,1,main text,False,292,291,0.90781284281,0,context:d5459a7ce6f9ef1e4c3087fe,UVJHQYIOXKWHFD,0.35,-1.01196448008,-1.36196448008,True
solvent,1,MeCN,1,main text,False,292,291,0.90781284281,0,context:de7863a9f30dc85446668fa4,LFQSCWFLJHTTHZ,7.13,6.98196077347,-0.148039226532,True
solvent,1,MeCN,1,main text,False,292,291,0.90781284281,0,context:e601b6e7192fe44a75d7d093,IQIMPHPFMHVWBZ,8.76,6.5626745224,-2.1973254776,True
solvent,1,MeCN,1,main text,False,292,291,0.90781284281,0,context:e9b6876467fe9769098ed944,QHPQWRBYOIRBIT,21.7,19.096192042,-2.60380795797,True
solvent,1,MeCN,1,main text,False,292,291,0.90781284281,0,context:ef014762e11f0d2a3289968c,FSXRUCROJQTPJL,5.51,5.813483874,0.303483874003,True
solvent,1,MeCN,1,main text,False,292,291,0.90781284281,0,context:f18c376da10bde2ffc18a9cc,IXRNQIKIVWWFBH,5.73,6.01616938909,0.286169389089,True
solvent,1,MeCN,1,main text,False,292,291,0.90781284281,0,context:fd0048508dd47031cbbf4049,YBRBMKDOPFTVDT,12.35,11.3439925512,-1.00600744883,True
solvent,1,MeCN,1,main text,False,292,291,0.90781284281,1,context:000edfe6c31e366ec614031b,RAOIDOHSFRTOEL,13.3,12.874434789,-0.425565210978,True
solvent,1,MeCN,1,main text,False,292,291,0.90781284281,1,context:01312c5e36069481a232d7fa,KIPSRYDSZQRPEA,10.13,11.2599849701,1.12998497009,True
solvent,1,MeCN,1,main text,False,292,291,0.90781284281,1,context:013d10528d577ad23343fe24,DVUMGIDOTXJYIW,5.6,6.04932816823,0.449328168233,True
solvent,1,MeCN,1,main text,False,292,291,0.90781284281,1,context:017f7ba29a7550dbfbd917e1,WEVYAHXRMPXWCK,2.23,-0.762613932292,-2.99261393229,False
solvent,1,MeCN,1,main text,False,292,291,0.90781284281,1,context:093c49e9de05754d68ebc889,MRMOZBOQVYRSEM,0.1,-2.05982939402,-2.15982939402,False
solvent,1,MeCN,1,main text,False,292,291,0.90781284281,1,context:11c3c240451cfb805aeeb0f7,QNBOHFPDAYXLCC,9.55,11.3588968913,1.80889689128,True
solvent,1,MeCN,1,main text,False,292,291,0.90781284281,1,context:225d83664fdeb392a8139654,PAKGNZCTBNXXBR,15.62,16.4843772252,0.86437722524,True
solvent,1,MeCN,1,main text,False,292,291,0.90781284281,1,context:2598383d39d2588da12e755f,NSVNNAPWCRPQDR,6.63,9.16727956136,2.53727956136,True
solvent,1,MeCN,1,main text,False,292,291,0.90781284281,1,context:2b80cf137e6185ba9ecd7b83,KKJVNKHIPVHCQX,8.36,8.15383466085,-0.206165339152,True
solvent,1,MeCN,1,main text,False,292,291,0.90781284281,1,context:332c2a8ba46c6b8a97773027,MASFLDCFDIPNAL,7.1,6.22297382355,-0.877026176453,True
solvent,1,MeCN,1,main text,False,292,291,0.90781284281,1,context:346a96217133a4296dd83d49,ZCBIFHNDZBSCEP,7.22,8.85615603129,1.63615603129,True
solvent,1,MeCN,1,main text,False,292,291,0.90781284281,1,context:369606617ef5a3bb9b2c9dc5,PAPNRQCYSFBWDI,8.01,8.88130633036,0.871306330363,True
solvent,1,MeCN,1,main text,False,292,291,0.90781284281,1,context:36a60dcacd689271d3d18d4e,KPVMGWQGPJULFL,14.02,15.4701989492,1.45019894918,True
solvent,1,MeCN,1,main text,False,292,291,0.90781284281,1,context:39e984a45f10fde75799f050,WZKXBGJNNCGHIC,-4.2,-4.59071985881,-0.390719858805,True
solvent,1,MeCN,1,main text,False,292,291,0.90781284281,1,context:404bf59c32cf699e6796c3be,UXQDCOOBHOHTCR,7.79,8.65107663472,0.861076634725,True
solvent,1,MeCN,1,main text,False,292,291,0.90781284281,1,context:4f07c0ff41ea145ef262cbec,WXACXMWYHXOSIX,3.93,5.1444773674,1.2144773674,True
solvent,1,MeCN,1,main text,False,292,291,0.90781284281,1,context:50b3562f04a3566c156fabf3,RSUHWMSTWSSNOW,12.03,11.9339590073,-0.0960409927368,True
solvent,1,MeCN,1,main text,False,292,291,0.90781284281,1,context:581f6f950209e5a3e18937e3,XVQDTXHCRHPVKU,7.06,5.7890103658,-1.2709896342,True
solvent,1,MeCN,1,main text,False,292,291,0.90781284281,1,context:5fcfcdf24720a7657dd70d15,VLNMFRPPGPXJHP,15.55,16.9646040599,1.41460405986,True
solvent,1,MeCN,1,main text,False,292,291,0.90781284281,1,context:631cd960257204ed955203e6,SNICXCGAKADSCV,11.6,16.8713302612,5.27133026123,False
solvent,1,MeCN,1,main text,False,292,291,0.90781284281,1,context:6357d4600e10f9c43e8a6505,VNMXERKOFPWFRR,15.39,13.1958449682,-2.19415503184,True
solvent,1,MeCN,1,main text,False,292,291,0.90781284281,1,context:64cf075e76f4a30a3f470d70,NJHWKFPLUOUXOM,-3.4,-4.22491931915,-0.824919319153,True
solvent,1,MeCN,1,main text,False,292,291,0.90781284281,1,context:6bd634dfeee8401fed0c887c,RGUKYNXWOWSRET,14.99,15.6009667714,0.610966771444,True
solvent,1,MeCN,1,main text,False,292,291,0.90781284281,1,context:7580733c6a7819a9f36ec24e,JNZPAOFOCUDNDX,13.46,20.8992595673,7.43925956726,True
solvent,1,MeCN,1,main text,False,292,291,0.90781284281,1,context:803ff654c0b718c980897227,OUMCHNPMALRRAV,19.02,18.1532732646,-0.866726735433,False
solvent,1,MeCN,1,main text,False,292,291,0.90781284281,1,context:8040ef6d9ccb2396e714690b,UGEJOEBBMPOJMT,23.2,20.7229811351,-2.47701886495,True
solvent,1,MeCN,1,main text,False,292,291,0.90781284281,1,context:8cc4929818499ee0eff4545e,QSNSCYSYFYORTR,12.92,12.7676410675,-0.152358932495,True
solvent,1,MeCN,1,main text,False,292,291,0.90781284281,1,context:8f3508be14914b6fbfc56c87,DTPVDESHBDFTSE,5.99,5.56625890732,-0.423741092682,False
solvent,1,MeCN,1,main text,False,292,291,0.90781284281,1,context:947bb7122c611f033f5dceb4,FPSWXPXRLCSGIV,12.96,13.6946458817,0.734645881653,True
solvent,1,MeCN,1,main text,False,292,291,0.90781284281,1,context:98ec2019ab24eee7a4d2b6e6,BAVYZALUXZFZLV,15.19,15.1114273071,-0.0785726928711,True
solvent,1,MeCN,1,main text,False,292,291,0.90781284281,1,context:99a537817fc315be5ec46c72,JUJWROOIHBZHMG,13.6,12.4318415324,-1.16815846761,True
solvent,1,MeCN,1,main text,False,292,291,0.90781284281,1,context:9a9fa31bdd530397bc30311e,SJRJJKPEHAURKC,16.8,19.6125984192,2.81259841919,True
solvent,1,MeCN,1,main text,False,292,291,0.90781284281,1,context:a0c6674b0d4136f31f57f03a,AQWNKDATHZVQIK,9.49,8.5207824707,-0.969217529297,False
solvent,1,MeCN,1,main text,False,292,291,0.90781284281,1,context:a6eb258ade9435d61731aa5a,ZMANZCXQSJIPKH,17.1,16.2777487437,-0.822251256307,True
solvent,1,MeCN,1,main text,False,292,291,0.90781284281,1,context:a7c520d419de41880d76fc84,RTZZCYNQPHTPPL,25.51,17.3020680745,-8.20793192546,True
solvent,1,MeCN,1,main text,False,292,291,0.90781284281,1,context:aa268d7396c95ae41bf59376,PZIRTPFQQUHSJY,15.66,16.9830080668,1.32300806681,True
solvent,1,MeCN,1,main text,False,292,291,0.90781284281,1,context:ada3cd1a236ca3dc720bb07f,VCZQFJFZMMALHB,-6.5,-5.07001654307,1.42998345693,True
solvent,1,MeCN,1,main text,False,292,291,0.90781284281,1,context:b26630fba92aa5e105ad4ee3,DCVICHWBECIALB,6.82,3.42552804947,-3.39447195053,True
solvent,1,MeCN,1,main text,False,292,291,0.90781284281,1,context:b29b7f73a22c874968d92e01,UACYWOJLWBDSHG,6.04,6.88135703405,0.841357034047,True
solvent,1,MeCN,1,main text,False,292,291,0.90781284281,1,context:b5117e6dd52e5f5a64381fbc,RHAFPDMTJCXVAM,11.66,11.1338342031,-0.526165796916,True
solvent,1,MeCN,1,main text,False,292,291,0.90781284281,1,context:bf463949bb8f99fca6876a12,BIJAWQUBRNHZGE,13.24,12.7060559591,-0.533944040934,True
solvent,1,MeCN,1,main text,False,292,291,0.90781284281,1,context:c1f6f4623c50422d657d7bc4,DQWVAAWANRXNEG,5.29,9.41040770213,4.12040770213,False
solvent,1,MeCN,1,main text,False,292,291,0.90781284281,1,context:c3824808eed7a4f7b22be19d,JIVXOVKFQCJKAK,-1.7,-1.63778114319,0.0622188568115,True
solvent,1,MeCN,1,main text,False,292,291,0.90781284281,1,context:c496b79d00600def22994b2b,WXNZTHHGJRFXKQ,18.32,20.2750676473,1.9550676473,True
solvent,1,MeCN,1,main text,False,292,291,0.90781284281,1,context:c4df683517b2f84482f76d2a,VHIICGGVDHJCCG,6.24,6.29849322637,0.0584932263692,True
solvent,1,MeCN,1,main text,False,292,291,0.90781284281,1,context:c5dfc6b4da871b7bdb5f6c59,ZOOODBUHSVUZEM,19.3,18.7555961609,-0.544403839111,True
solvent,1,MeCN,1,main text,False,292,291,0.90781284281,1,context:c704da356f8294514718f0fb,ITPBGPDKSKEXEA,15.2,16.8549410502,1.65494105021,True
solvent,1,MeCN,1,main text,False,292,291,0.90781284281,1,context:c8aff9c640a3352822a6a483,CVNOWLNNPYYEOH,19.58,19.9933344523,0.413334452311,True
solvent,1,MeCN,1,main text,False,292,291,0.90781284281,1,context:cc114cb0d86fffc7e25bfda0,RRFOVNOYWOAPHE,8.77,11.3841260274,2.61412602743,True
solvent,1,MeCN,1,main text,False,292,291,0.90781284281,1,context:cccab85177b969269a7524c7,ITQTTZVARXURQS,11.5,11.5998245875,0.0998245875041,True
solvent,1,MeCN,1,main text,False,292,291,0.90781284281,1,context:da03cd30c10dd2d6bead6fe6,MVXVYAKCVDQRLW,3.87,4.01118977865,0.141189778646,True
solvent,1,MeCN,1,main text,False,292,291,0.90781284281,1,context:dd44c8cc42c94692b481d5dc,WARCRYXKINZHGQ,12.49,11.1421979268,-1.34780207316,True
solvent,1,MeCN,1,main text,False,292,291,0.90781284281,1,context:de65154542a141228a281893,BLWYXBNNBYXPPL,14.75,16.3935349782,1.64353497823,True
solvent,1,MeCN,1,main text,False,292,291,0.90781284281,1,context:e21eb29452a3ae52a6555386,RYDKCSZCFDOYMM,14.19,13.1449111303,-1.04508886973,True
solvent,1,MeCN,1,main text,False,292,291,0.90781284281,1,context:e9c484139b822f3b07d1aecd,RWWNQEOPUOCKGR,-2.4,-4.09351062775,-1.69351062775,True
solvent,1,MeCN,1,main text,False,292,291,0.90781284281,1,context:eb6cd37a112f67ec8c3ea3e7,YKFRUJSEPGHZFJ,11.43,12.2454471588,0.815447158813,True
solvent,1,MeCN,1,main text,False,292,291,0.90781284281,1,context:ec1313ad61a1a2a268460821,JKTCBAGSMQIFNL,5.02,2.88531335195,-2.13468664805,True
solvent,1,MeCN,1,main text,False,292,291,0.90781284281,1,context:ec4c82a5dca4e65a77c7f804,BTJIUGUIPKRLHP,15.14,17.2357762655,2.09577626546,True
solvent,1,MeCN,1,main text,False,292,291,0.90781284281,1,context:f6fb2cdc92ca70d0dd7d1c85,ALTGURJQVWBILJ,15.69,19.4837118785,3.79371187846,True
solvent,1,MeCN,1,main text,False,292,291,0.90781284281,1,context:fce495275a5d9fcbb2523575,AVXURJPOCDRRFD,12.8,11.7795743942,-1.02042560577,True
solvent,1,MeCN,1,main text,False,292,291,0.90781284281,2,context:030e83aab7f135e0133aa41f,HZAXFHJVJLSVMW,14.11,13.6964524587,-0.4135475413,True
solvent,1,MeCN,1,main text,False,292,291,0.90781284281,2,context:09b3ae1e126b41012e248cf8,VISBKZYDQCHZRG,11.29,6.92339642843,-4.36660357157,True
solvent,1,MeCN,1,main text,False,292,291,0.90781284281,2,context:0ab8765197e529e9cdbe5c4a,SKQFWLMZKFEKRZ,14.09,13.9949795405,-0.095020459493,True
solvent,1,MeCN,1,main text,False,292,291,0.90781284281,2,context:0c366168070cc5dfed893203,IURHAHGTFVRCIT,16.5133333333,18.2001654307,1.68683209737,True
solvent,1,MeCN,1,main text,False,292,291,0.90781284281,2,context:10eb87177546527bc43e1ef8,XWLLGMTXHZNRDQ,11.66,12.5312856038,0.871285603841,True
solvent,1,MeCN,1,main text,False,292,291,0.90781284281,2,context:23e15683143e8a56167f25e8,SPBRYLXACBPZLU,7.24,7.4835117658,0.243511765798,True
solvent,1,MeCN,1,main text,False,292,291,0.90781284281,2,context:2f0c0d845c48ac47fa56fd88,ZVNDTFFBORBYMW,15.9,14.9824946721,-0.917505327861,True
solvent,1,MeCN,1,main text,False,292,291,0.90781284281,2,context:33aef67643cbd72249c53a0d,BHNHHSOHWZKFOX,6.91,6.27284447352,-0.637155526479,True
solvent,1,MeCN,1,main text,False,292,291,0.90781284281,2,context:35394cdbf7533a7546930816,QFDUNXOXVCHBBF,7.46,7.18416961034,-0.275830389659,True
solvent,1,MeCN,1,main text,False,292,291,0.90781284281,2,context:3ad7f5145082dd7c8f297e26,WSMPLUKWVPUMKQ,6.57,5.89194154739,-0.678058452606,True
solvent,1,MeCN,1,main text,False,292,291,0.90781284281,2,context:3b6aeb55af353fadb24526a4,VARHFUNXFXTFII,15.6,15.3374951681,-0.26250483195,True
solvent,1,MeCN,1,main text,False,292,291,0.90781284281,2,context:3e7afe37372fff3f4fdc3bbb,IUPFPUMBFYRTHX,10.13,7.79735740026,-2.33264259974,True
solvent,1,MeCN,1,main text,False,292,291,0.90781284281,2,context:42db5869004d81c1a52ebad7,XOQLIZBCINYJGM,9.23,9.14604759216,-0.0839524078369,True
solvent,1,MeCN,1,main text,False,292,291,0.90781284281,2,context:472b8a09f33f138e48509424,ROSDSFDQCJNGOL,17.96,18.0687796275,0.108779627482,True
solvent,1,MeCN,1,main text,False,292,291,0.90781284281,2,context:4a9dafbc7addbcccb633a826,LDRYFBIQMKMANQ,8.74,8.48132991791,-0.258670082092,True
solvent,1,MeCN,1,main text,False,292,291,0.90781284281,2,context:4de6c4aedcda1c2c0b34cb43,MLLMAIJXIZOSFS,17.61,14.7148609161,-2.89513908386,True
solvent,1,MeCN,1,main text,False,292,291,0.90781284281,2,context:504282ea8ed58745400da70f,ASDHTSDNZLOXGY,7.15,5.25987672806,-1.89012327194,True
solvent,1,MeCN,1,main text,False,292,291,0.90781284281,2,context:50f0d6c871823b11bf78cfc2,BUJZXAPKHBWNII,19.9,18.0830993652,-1.81690063477,True
solvent,1,MeCN,1,main text,False,292,291,0.90781284281,2,context:514ca8e1744640d6fb10801d,QQXSEZVCKAEYQJ,-4.7,-4.49347305298,0.206526947021,True
solvent,1,MeCN,1,main text,False,292,291,0.90781284281,2,context:679bc78b6b32212bb23f3c78,YPKBCLZFIYBSHK,6,5.72570912043,-0.274290879567,True
solvent,1,MeCN,1,main text,False,292,291,0.90781284281,2,context:67be13a6d6ff89f3647cf642,YVVDJFDQAXGXAU,16.81,17.3899078369,0.579907836914,True
solvent,1,MeCN,1,main text,False,292,291,0.90781284281,2,context:68f6a3b8d2c8fa3e8b41c727,HSNZIGNSOMUKKC,10.97,7.83079338074,-3.13920661926,True
solvent,1,MeCN,1,main text,False,292,291,0.90781284281,2,context:6db7b2b38401a5853d8c8585,DKACXUFSLUYRFU,11.4,10.8205938339,-0.579406166077,True
solvent,1,MeCN,1,main text,False,292,291,0.90781284281,2,context:70b4dc28810952dcec3faac5,KAANTNXREIRLCT,10.27,13.2895043691,3.0195043691,True
solvent,1,MeCN,1,main text,False,292,291,0.90781284281,2,context:71e02da28f2bec61b6ac756c,IDFJWCBXDQMLQC,7.32,6.81042289734,-0.509577102661,False
solvent,1,MeCN,1,main text,False,292,291,0.90781284281,2,context:72136ab184cd419687f617cd,MHIFCLKKYRCSOC,8.78,10.7560005188,1.9760005188,True
solvent,1,MeCN,1,main text,False,292,291,0.90781284281,2,context:810fcac004a57fcba6af11b8,OWPIFQXNMLDXKW,1.68,3.2485888799,1.5685888799,True
solvent,1,MeCN,1,main text,False,292,291,0.90781284281,2,context:85f4ed8f65d424a893cc9782,FIXQBRDVPNLSGD,6.72,6.08257039388,-0.63742960612,True
solvent,1,MeCN,1,main text,False,292,291,0.90781284281,2,context:86af89000ccd26647736ae7b,YDNZMDGXIHCQTN,5.44,5.59621016184,0.156210161845,True
solvent,1,MeCN,1,main text,False,292,291,0.90781284281,2,context:8a6d13d076246e59bf40d2bd,MSYPQYVTHSBORB,9.38,8.65740044912,-0.722599550883,True
solvent,1,MeCN,1,main text,False,292,291,0.90781284281,2,context:8c5bc1a3403209459800001a,JJYDGWGMEIHTBU,14,15.7671848933,1.76718489329,True
solvent,1,MeCN,1,main text,False,292,291,0.90781284281,2,context:9bb2f5c1c4490b310186e3de,MYTGFBZJLDLWQG,4.42,4.54626592,0.126265920003,True
solvent,1,MeCN,1,main text,False,292,291,0.90781284281,2,context:a4335f72939a0cccd51fece2,PXRYIMUHEOUCPU,18.74,13.7725893656,-4.96741063436,True
solvent,1,MeCN,1,main text,False,292,291,0.90781284281,2,context:a75649a884cb743552a09be7,VSWDORGPIHIGNW,22.4,22.915594101,0.515594100952,True
solvent,1,MeCN,1,main text,False,292,291,0.90781284281,2,context:a771a6598170e50e5c45620b,WGQKYBSKWIADBV,14.29,13.7709929148,-0.519007085164,True
solvent,1,MeCN,1,main text,False,292,291,0.90781284281,2,context:a779a0941dfac0753badf054,NWVVVBRKAWDGAB,20.62,20.1232013702,-0.496798629761,True
solvent,1,MeCN,1,main text,False,292,291,0.90781284281,2,context:aafdb9d6171b313d573129e5,RIRAVPPUGSNYOU,-7,-4.71278699239,2.28721300761,True
solvent,1,MeCN,1,main text,False,292,291,0.90781284281,2,context:ac1dcab282b5396d81a9e9ec,JHNAIVKYDKSQEA,9.16,12.7988843918,3.63888439178,True
solvent,1,MeCN,1,main text,False,292,291,0.90781284281,2,context:addf24db111a0821e907290d,CQCAYWAIRTVXIY,9.09,7.57886648178,-1.51113351822,False
solvent,1,MeCN,1,main text,False,292,291,0.90781284281,2,context:ae7b911a996c124cac8b7844,HCAPRCHZTKBBOP,6.21,5.46640968323,-0.743590316772,True
solvent,1,MeCN,1,main text,False,292,291,0.90781284281,2,context:b032aaacdf33e020e79ecd78,CXGFWRCEONCYDO,17.5,15.1528746287,-2.3471253713,True
solvent,1,MeCN,1,main text,False,292,291,0.90781284281,2,context:b1328b5d36f5c3be2e5db37c,LRDAFFPMQTZPCG,6.46,7.19919331868,0.739193318685,True
solvent,1,MeCN,1,main text,False,292,291,0.90781284281,2,context:b5a41b474b46d7ffba8aac96,HVVNJUAVDAZWCB,16.74,16.1874567668,-0.552543233236,True
solvent,1,MeCN,1,main text,False,292,291,0.90781284281,2,context:b888170ad9a340b4cefe718a,UBQKCCHYAOITMY,20.11,17.6527277629,-2.45727223714,True
solvent,1,MeCN,1,main text,False,292,291,0.90781284281,2,context:c5327dd92eaa5ebcbd953264,WEHWNAOGRSTTBQ,14.51,15.5445229212,1.03452292124,True
solvent,1,MeCN,1,main text,False,292,291,0.90781284281,2,context:c5cbd36122fb5f6311ef9242,SEULWJSKCVACTH,11.31,10.6080395381,-0.701960461934,True
solvent,1,MeCN,1,main text,False,292,291,0.90781284281,2,context:c7acd2c4e06d90e1b4b00fd7,YKHOCZAGQAVNHX,17.68,20.2325070699,2.55250706991,True
solvent,1,MeCN,1,main text,False,292,291,0.90781284281,2,context:c8287d3c54ac6549178c1236,LUNOXNMCFPFPMO,5.41,6.51680533091,1.10680533091,True
solvent,1,MeCN,1,main text,False,292,291,0.90781284281,2,context:cd049503ec5505139525a8b2,HYCVUSVTXXYRDT,7.92,8.6911611557,0.771161155701,True
solvent,1,MeCN,1,main text,False,292,291,0.90781284281,2,context:d6880797b4826e410604dcce,UVGXNNJEGDSWFX,6.21,5.75812498728,-0.451875012716,True
solvent,1,MeCN,1,main text,False,292,291,0.90781284281,2,context:d6bb49551b49eeffeba20626,AIZXHAQJVQMZKC,-2.4,-3.56863562266,-1.16863562266,True
solvent,1,MeCN,1,main text,False,292,291,0.90781284281,2,context:de91c6cb5da2a661de9703e3,WYGIWVCWYKSYOE,-8.8,-5.14304097493,3.65695902507,True
solvent,1,MeCN,1,main text,False,292,291,0.90781284281,2,context:df57156a118f52f1da287dab,KFZMGEQAYNKOFK,6.82,-0.472394625346,-7.29239462535,False
solvent,1,MeCN,1,main text,False,292,291,0.90781284281,2,context:e594f98f70ebe845b776bbaf,YRABRACUKBOTKB,8.69,8.92675940196,0.236759401957,True
solvent,1,MeCN,1,main text,False,292,291,0.90781284281,2,context:ecef81dc7db97b63f7c09790,CWTAUZSJBADZNH,-3.4,-3.48038673401,-0.0803867340088,True
solvent,1,MeCN,1,main text,False,292,291,0.90781284281,2,context:ed98b693f762083339eea336,YHYLDEVWYOFIJK,2.83,4.50809192657,1.67809192657,True
solvent,1,MeCN,1,main text,False,292,291,0.90781284281,2,context:eee81696a56003b19f4d122c,RUJFIXHHAWJMRM,15.7,17.6036535899,1.90365358988,True
solvent,1,MeCN,1,main text,False,292,291,0.90781284281,2,context:f30e230f60072bfee504d1de,DOSUFOHMKYVOEX,7.15,7.77301708857,0.623017088572,True
solvent,1,MeCN,1,main text,False,292,291,0.90781284281,2,context:f321c3aa8a60b34231f3f831,XGWUPYJCHCOOMU,4.06,7.21841287613,3.15841287613,False
solvent,1,MeCN,1,main text,False,292,291,0.90781284281,2,context:f5820c8b1fe395fbc6e2302a,OKKJLVBELUTLKV,6.86,9.13926331202,2.27926331202,True
solvent,1,MeCN,1,main text,False,292,291,0.90781284281,2,context:f9fde469fff501434f45fc13,PHODFIDDEBEGCS,13.96,14.9434394836,0.983439483643,True
solvent,1,MeCN,1,main text,False,292,291,0.90781284281,2,context:fe8033b706fa1f29525414df,DIIIISSCIXVANO,16.15,17.1867624919,1.03676249186,True
solvent,1,MeCN,1,main text,False,292,291,0.90781284281,2,context:fecf0f7efcea1fb6443c631e,OGCGXUGBDJGFFY,16.18,11.8969217936,-4.28307820638,True
solvent,1,MeCN,1,main text,False,292,291,0.90781284281,2,context:fed76c98c34cff45b358c41c,NKHMSOXIXROFRU,17.43,15.783097585,-1.64690241496,True
solvent,1,MeCN,1,main text,False,292,291,0.90781284281,2,context:ff523eef0e27136df1c05852,IQUPABOKLQSFBK,15.83,19.7176017761,3.88760177612,True
solvent,1,MeCN,1,main text,False,292,291,0.90781284281,3,context:020277730fcd8aca28ecbb4a,FTOQQKWSIFEMPP,17.19,17.1264616648,-0.0635383351644,True
solvent,1,MeCN,1,main text,False,292,291,0.90781284281,3,context:04b64edad0cefffb0d196d79,UOJYYXATTMQQNA,18.27,19.7088101705,1.43881017049,True
solvent,1,MeCN,1,main text,False,292,291,0.90781284281,3,context:05eb12c16f72868bf1b5be56,SKHPYKHVYFTIOI,5.44,8.03473377228,2.59473377228,True
solvent,1,MeCN,1,main text,False,292,291,0.90781284281,3,context:0c9f69df75dc3386282b8e08,GCNTZFIIOFTKIY,20.22,13.131017367,-7.08898263295,False
solvent,1,MeCN,1,main text,False,292,291,0.90781284281,3,context:0dbeb1ab2afe14a28401bd4a,ZRRVZQSGSIASQR,6.98,7.20630741119,0.226307411194,True
solvent,1,MeCN,1,main text,False,292,291,0.90781284281,3,context:1056e4659739711fbabe1eef,XRQSRQMPWGQSPN,9.9,15.3808873494,5.48088734945,True
solvent,1,MeCN,1,main text,False,292,291,0.90781284281,3,context:13a61c03d54b5ce8cd100d5d,LRLGEWICBZWMKM,19.69,17.3618799845,-2.32812001546,True
solvent,1,MeCN,1,main text,False,292,291,0.90781284281,3,context:15c870458dfc37c9dbfe424f,DTGNHQQWMBBUMN,9.94,10.5725755692,0.632575569153,True
solvent,1,MeCN,1,main text,False,292,291,0.90781284281,3,context:1a973174cc5853b1716a3d34,AKBVCJHFENPJAC,7.1,7.40595181783,0.30595181783,True
solvent,1,MeCN,1,main text,False,292,291,0.90781284281,3,context:1cd0769ca99d12077e38f773,LALQVQUNUJNEST,15.43,16.9788087209,1.54880872091,True
solvent,1,MeCN,1,main text,False,292,291,0.90781284281,3,context:1e8484b529709735e9a3a718,CUFNKYGDVFVPHO,6.66,6.56295824051,-0.097041759491,False
solvent,1,MeCN,1,main text,False,292,291,0.90781284281,3,context:204f52ee8fcdd4d29b0a1f62,IENZCGNHSIMFJE,3.97,3.33344491323,-0.636555086772,True
solvent,1,MeCN,1,main text,False,292,291,0.90781284281,3,context:23a0d9198dfa8cc8d477f985,ARKOCDVCEWZODQ,7.68,7.21107451121,-0.46892548879,True
solvent,1,MeCN,1,main text,False,292,291,0.90781284281,3,context:2f7cdee9df16a9b429f0d03f,RAXXELZNTBOGNW,11.47,11.5625559489,0.0925559488932,True
solvent,1,MeCN,1,main text,False,292,291,0.90781284281,3,context:319b681f1f3f0e45bed545f1,ROCZJWMPGISRQB,12.34,11.11804835,-1.22195164998,True
solvent,1,MeCN,1,main text,False,292,291,0.90781284281,3,context:31f2a5d0db6891f7ac305768,FGYADSCZTQOAFK,10.37,10.6558059057,0.28580590566,False
solvent,1,MeCN,1,main text,False,292,291,0.90781284281,3,context:34479984a05c7593b128b575,YRPAQTVBOLAERV,6.3,6.85386451085,0.553864510854,True
solvent,1,MeCN,1,main text,False,292,291,0.90781284281,3,context:39011775062c98f99d3f9dd2,JRMQJLMBSMCLHJ,17.28,17.1338113149,-0.146188685099,True
solvent,1,MeCN,1,main text,False,292,291,0.90781284281,3,context:3a05e6f0731c3f1187679506,BEGMZNUWQMNYNI,19.51,17.5469926198,-1.96300738017,True
solvent,1,MeCN,1,main text,False,292,291,0.90781284281,3,context:3bba208775a42cc144b1edbc,LWCASYBTPPNMOQ,4.61,4.18278519313,-0.427214806875,True
solvent,1,MeCN,1,main text,False,292,291,0.90781284281,3,context:3ce05d23e14b436283744601,XJXQQBZHPCSDER,8.92,7.96635230382,-0.953647696177,True
solvent,1,MeCN,1,main text,False,292,291,0.90781284281,3,context:3f01be5be1d0186e2fea0e8f,HIHAXAWWHPHLKU,2.81,4.30995750427,1.49995750427,True
solvent,1,MeCN,1,main text,False,292,291,0.90781284281,3,context:3f4ec58f6362c3872c00d9e2,PAMIQIKDUOTOBW,18.72,21.2080281576,2.48802815755,True
solvent,1,MeCN,1,main text,False,292,291,0.90781284281,3,context:406afa70a50991af07988d54,GUCCFDCVUOWKND,4.23,3.07558790843,-1.15441209157,True
solvent,1,MeCN,1,main text,False,292,291,0.90781284281,3,context:41b0a70dfc580762e0ec6347,VEXZGXHMUGYJMC,17.2,14.9596261978,-2.24037380219,True
solvent,1,MeCN,1,main text,False,292,291,0.90781284281,3,context:4294b044cb7fe306bdf9dd79,VVJKKWFAADXIJK,14.37,14.5445165634,0.174516563416,True
solvent,1,MeCN,1,main text,False,292,291,0.90781284281,3,context:43b4ce97ced587a892943b7e,ZOQOPXVJANRGJZ,18.39,18.5313504537,0.141350453695,True
solvent,1,MeCN,1,main text,False,292,291,0.90781284281,3,context:4c3726f47ed8add05475ce67,BWZVCCNYKMEVEX,9.39,10.8455282847,1.45552828471,True
solvent,1,MeCN,1,main text,False,292,291,0.90781284281,3,context:4e84d21933f6eccc0c980be5,IVHJSNNMKJWPFW,10.86,10.8373394012,-0.0226605987549,True
solvent,1,MeCN,1,main text,False,292,291,0.90781284281,3,context:50a98aa417f41bcc68a40747,WGYKZJWCGVVSQN,15.11,14.6928551992,-0.417144800822,True
solvent,1,MeCN,1,main text,False,292,291,0.90781284281,3,context:578b91828446432b17d2d32f,WUVWAXJXPRYUME,6.08,5.62330961227,-0.456690387726,True
solvent,1,MeCN,1,main text,False,292,291,0.90781284281,3,context:65c08bb1e80a3627646c0ced,IANGWLHLGYIGEL,10.63,10.9633000692,0.333300069173,True
solvent,1,MeCN,1,main text,False,292,291,0.90781284281,3,context:6ca49dd3e58cf3ece1828586,RTAVABBUANOMOB,6.49,7.46541150411,0.97541150411,True
solvent,1,MeCN,1,main text,False,292,291,0.90781284281,3,context:79c65256b559d6d381320fb6,GQHTUMJGOHRCHB,15.29,15.5288356145,0.238835614522,True
solvent,1,MeCN,1,main text,False,292,291,0.90781284281,3,context:802efb563294ee44870311da,IMNIMPAHZVJRPE,18.8,17.5307102203,-1.26928977966,True
solvent,1,MeCN,1,main text,False,292,291,0.90781284281,3,context:8091521933b80d1d2bcb055b,DJBNGARJVCYIMQ,6.5,8.86623255412,2.36623255412,False
solvent,1,MeCN,1,main text,False,292,291,0.90781284281,3,context:840fd600607d5836cc66637e,ZRNARZDEJVFNSK,23.61,21.7711448669,-1.83885513306,True
solvent,1,MeCN,1,main text,False,292,291,0.90781284281,3,context:88dc2fb2a8fa785ece10e5c8,SGUVLZREKBPKCE,16.28,15.4359105428,-0.844089457194,True
solvent,1,MeCN,1,main text,False,292,291,0.90781284281,3,context:8ba2d320c3b6827037459f01,VJGBJVIKLSPWJY,7.67,7.17176580429,-0.498234195709,False
solvent,1,MeCN,1,main text,False,292,291,0.90781284281,3,context:91c341b607fd8bb66bfb35b4,PYQMBKPWEPUANG,3,4.05270735423,1.05270735423,True
solvent,1,MeCN,1,main text,False,292,291,0.90781284281,3,context:9577da62c06995023c463936,YXZRFWIVBXHTBE,7.32,5.45527839661,-1.86472160339,True
solvent,1,MeCN,1,main text,False,292,291,0.90781284281,3,context:982b6372a6e0963fa3349f82,YVDVSJFCKBIGDL,11.85,8.48259385427,-3.36740614573,True
solvent,1,MeCN,1,main text,False,292,291,0.90781284281,3,context:a6ae47f323efa3e6a6ecd529,AZQJMOSEBVCAFB,7.74,7.96181329091,0.221813290914,True
solvent,1,MeCN,1,main text,False,292,291,0.90781284281,3,context:a6b771105ca338023cde458a,WVBWWBNJMBVGNG,8.12,8.02758566538,-0.0924143346151,True
solvent,1,MeCN,1,main text,False,292,291,0.90781284281,3,context:aad56734dc6233eba8f81f7d,BGCWDXXJMUHZHE,7.65,6.04488627116,-1.60511372884,True
solvent,1,MeCN,1,main text,False,292,291,0.90781284281,3,context:b88c67ca401e48fbfab5c039,OTLNPYWUJOZPPA,15.3,15.6200269063,0.320026906331,True
solvent,1,MeCN,1,main text,False,292,291,0.90781284281,3,context:bd9bcdb175e11b897dabcd28,NJRFUIBZODLJFT,15.32,13.2148065567,-2.1051934433,False
solvent,1,MeCN,1,main text,False,292,291,0.90781284281,3,context:c39a3b2388910651eb46e771,CSFAVKFWVDJVAR,9.64,9.10244083405,-0.537559165955,True
solvent,1,MeCN,1,main text,False,292,291,0.90781284281,3,context:c56d8e873d18427b4a6c2221,JITQYZIBZBYZSK,15.84,15.5627498627,-0.277250137329,True
solvent,1,MeCN,1,main text,False,292,291,0.90781284281,3,context:cbf66445fe772b3b7820a6db,ASHGTJPOSUFTGB,18.81,20.5386918386,1.72869183858,True
solvent,1,MeCN,1,main text,False,292,291,0.90781284281,3,context:d4c2fab5287ea7098f4f0230,OISVCGZHLKNMSJ,9.11,9.60928408305,0.499284083049,True
solvent,1,MeCN,1,main text,False,292,291,0.90781284281,3,context:d5b20f0c1691f088a3ff765f,SWILASQDIICLLP,-5.18,-7.02623176575,-1.84623176575,True
solvent,1,MeCN,1,main text,False,292,291,0.90781284281,3,context:d8803a83cbf2e897e4af9181,OXOBKZZXZVFOBB,16.61,16.1802304586,-0.429769541423,True
solvent,1,MeCN,1,main text,False,292,291,0.90781284281,3,context:ddcdb6bd7f3df6e91f5d8652,ZFLFWZRPMDXJCW,7.22,6.96190373103,-0.258096268972,True
solvent,1,MeCN,1,main text,False,292,291,0.90781284281,3,context:e4917630ae07ba3dcfae3ed7,CVHZOJJKTDOEJC,10.78,11.8889401754,1.10894017537,True
solvent,1,MeCN,1,main text,False,292,291,0.90781284281,3,context:eef73f92f21983ff483b9239,VHYFNPMBLIVWCW,15.51,14.7914301554,-0.718569844564,True
solvent,1,MeCN,1,main text,False,292,291,0.90781284281,3,context:f28ec5da63392e1651687bce,NWSWKDROXITUOW,8.56,9.62179629008,1.06179629008,True
solvent,1,MeCN,1,main text,False,292,291,0.90781284281,3,context:f7029689fcad4f0347c63c73,XLYOFNOQVPJJNP,5.79,6.09367783864,0.303677838643,True
solvent,1,MeCN,1,main text,False,292,291,0.90781284281,3,context:f79cbdea285f4ccacece2c07,QJWQYVJVCXMTJP,14.8,14.3200743993,-0.479925600688,True
solvent,1,MeCN,1,main text,False,292,291,0.90781284281,3,context:fb79cf9c01dfd62ac3953c15,CILSZJRLZHUMTE,6.83,6.16106065114,-0.668939348857,False
solvent,1,MeCN,1,main text,False,292,291,0.90781284281,3,context:fbe1f2b3bf5c4b6656f50bd3,GMUGMDGQOFYHAX,16.65,17.3025391897,0.652539189657,True
solvent,1,MeCN,1,main text,False,292,291,0.90781284281,3,context:fc1cc983665e145c5c3f5959,YNAVUWVOSKDBBP,15.65,15.72118028,0.0711802800496,True
solvent,1,MeCN,1,main text,False,292,291,0.90781284281,3,context:fcd639b8c9b4cf22f976266b,FAIPQCJQEAURIB,23.84,21.9985561371,-1.84144386292,True
solvent,1,MeCN,1,main text,False,292,291,0.90781284281,3,context:fd4292af88f1f87464f10b69,ISWSIDIOOBJBQZ,18.53,20.4553807576,1.92538075765,True
solvent,1,MeCN,1,main text,False,292,291,0.90781284281,3,context:fdcac9dbfcf4bd78441f9690,LXYZBHWFQIWZLM,9.25,9.72943814596,0.479438145955,True
solvent,1,MeCN,1,main text,False,292,291,0.90781284281,3,context:ff0e6840c6876bdb13e2cc35,XFXPMWWXUTWYJX,16.27,18.3662166595,2.09621665955,False
solvent,1,MeCN,1,main text,False,292,291,0.90781284281,4,context:03b146b027b29d95f2c62601,AUKXFNABVHIUAC,17.24,17.1479225159,-0.0920774841309,True
solvent,1,MeCN,1,main text,False,292,291,0.90781284281,4,context:07de06084c7bdeb904676ef7,MCTWTZJPVLRJOU,11.9,11.5682738622,-0.331726137797,False
solvent,1,MeCN,1,main text,False,292,291,0.90781284281,4,context:0e29d880a226d2484b344ebf,WBXRIHAXVFNDKL,7.06,6.54484971364,-0.515150286357,True
solvent,1,MeCN,1,main text,False,292,291,0.90781284281,4,context:22ab4d7e6a8daad7c4923d83,BUDQDWGNQVEFAC,2.98,4.814412117,1.834412117,True
solvent,1,MeCN,1,main text,False,292,291,0.90781284281,4,context:233a959a2c911e0011325237,CHVJITGCYZJHLR,0.55,2.52631950378,1.97631950378,True
solvent,1,MeCN,1,main text,False,292,291,0.90781284281,4,context:23d73c4048189eec05ae404a,BAYGVMXZJBFEMB,21.69,21.8762753805,0.186275380452,True
solvent,1,MeCN,1,main text,False,292,291,0.90781284281,4,context:241b2f4e6f4b8f02767793f0,VXWVFZFZYXOBTA,4.38,4.90787792206,0.527877922058,True
solvent,1,MeCN,1,main text,False,292,291,0.90781284281,4,context:29aee7eff81b55c913860d35,IVJPPXLWFDRDRE,5.53,7.15042066574,1.62042066574,True
solvent,1,MeCN,1,main text,False,292,291,0.90781284281,4,context:2a24eaa30d93662177b4bc12,CMLWFCUAXGSMBB,18.11,13.6693468094,-4.44065319061,True
solvent,1,MeCN,1,main text,False,292,291,0.90781284281,4,context:352fceabe8f2c132a0ddecf2,HDZGCSFEDULWCS,17.73,15.5446058909,-2.18539410909,False
solvent,1,MeCN,1,main text,False,292,291,0.90781284281,4,context:39653e600f34144a92f6b452,TWPRBLNPCZWJLZ,10.42,9.09074370066,-1.32925629934,True
solvent,1,MeCN,1,main text,False,292,291,0.90781284281,4,context:3c30a3c353f8018c29a59cc1,GETQZCLCWQTVFV,23.05,18.5923220317,-4.45767796834,True
solvent,1,MeCN,1,main text,False,292,291,0.90781284281,4,context:3e0d248cdfa07d800f514dcf,WZSFKEHHXXHHIV,2.87,2.01779270172,-0.852207298279,True
solvent,1,MeCN,1,main text,False,292,291,0.90781284281,4,context:3e6014902806a45c5f89b141,DKGAVHZHDRPRBM,5.35,6.11567576726,0.765675767263,True
solvent,1,MeCN,1,main text,False,292,291,0.90781284281,4,context:43e3fd4ee0ee6d83c6b00ada,BHAAPTBBJKJZER,13.42,14.2528572083,0.832857208252,True
solvent,1,MeCN,1,main text,False,292,291,0.90781284281,4,context:43e721076339639daff45cef,XZBIXDPGRMLSTC,10.35,12.9618879954,2.6118879954,True
solvent,1,MeCN,1,main text,False,292,291,0.90781284281,4,context:4697c5f89a74267da9c12326,UOADRGAJWNJVGC,16.44,16.8600800832,0.420080083211,True
solvent,1,MeCN,1,main text,False,292,291,0.90781284281,4,context:478bd7b56ed64fd0b513e7f7,KTZNVZJECQAMBV,16.42,14.4667043686,-1.95329563141,True
solvent,1,MeCN,1,main text,False,292,291,0.90781284281,4,context:53cf2d82f66429c019f0bd40,CXHHBNMLPJOKQD,16.03,15.1495933533,-0.880406646729,True
solvent,1,MeCN,1,main text,False,292,291,0.90781284281,4,context:551320761ba7b156705d660e,QMMFVYPAHWMCMS,12.7,12.1017640432,-0.598235956828,True
solvent,1,MeCN,1,main text,False,292,291,0.90781284281,4,context:57d430266759dccda05b8737,ARIDPRZCOYMNQD,14.43,14.650299708,0.220299708049,False
solvent,1,MeCN,1,main text,False,292,291,0.90781284281,4,context:6568b26e7ebabffeefabce67,PAFMWEOWHZKACA,13.84,13.045033137,-0.794966862996,True
solvent,1,MeCN,1,main text,False,292,291,0.90781284281,4,context:674e3b5c51984c48d6abbf37,VDWAQPIHXBRGGA,4,11.3050289154,7.30502891541,False
solvent,1,MeCN,1,main text,False,292,291,0.90781284281,4,context:686f9958559bc847496b37e5,SPIUPAOJDZNUJH,-0.7,0.0495233535767,0.749523353577,True
solvent,1,MeCN,1,main text,False,292,291,0.90781284281,4,context:69d076f569c3d235014d2001,BSKHPKMHTQYZBB,10.98,11.6095158259,0.629515825907,True
solvent,1,MeCN,1,main text,False,292,291,0.90781284281,4,context:6b3a4fe7dab8125f230c7fbe,KHVMRHHPMYLEGH,11.6,10.9456427892,-0.654357210795,True
solvent,1,MeCN,1,main text,False,292,291,0.90781284281,4,context:7f17f9435e107035f3a86421,VYWYYJYRVSBHJQ,14.9,15.0019585292,0.101958529154,True
solvent,1,MeCN,1,main text,False,292,291,0.90781284281,4,context:809d1fb2dc1b4da75a2807ec,XLSZMDLNRCVEIJ,11.79,11.1928450267,-0.597154973348,True
solvent,1,MeCN,1,main text,False,292,291,0.90781284281,4,context:8a8bd635725f8c3997f9265b,MGBSQSNUNMDOOF,17.69,16.5495452881,-1.14045471191,True
solvent,1,MeCN,1,main text,False,292,291,0.90781284281,4,context:96ccd7f55a254fd1f432b7a3,DOCWIYKENOSTCZ,20.93,18.1230182648,-2.80698173523,True
solvent,1,MeCN,1,main text,False,292,291,0.90781284281,4,context:987ce259e39ed9ec685429ef,CAUIWDWUUCGKBV,5.06,7.08118136724,2.02118136724,True
solvent,1,MeCN,1,main text,False,292,291,0.90781284281,4,context:9af3a95a5611635d99920a65,VIOQQUSQVGNIQC,11.2,9.31604957581,-1.88395042419,True
solvent,1,MeCN,1,main text,False,292,291,0.90781284281,4,context:9c19cee5d8f60f804f9c5b91,FTXCTXYJXIABGR,10.52,11.9347254435,1.41472544352,True
solvent,1,MeCN,1,main text,False,292,291,0.90781284281,4,context:9d45e885ddcf1d82c61d0bee,PAYRUJLWNCNPSJ,12.64,13.689546903,1.04954690297,True
solvent,1,MeCN,1,main text,False,292,291,0.90781284281,4,context:9eb082db3f538552ebb9b0d2,YYDUKBHWKGEMLM,25.54,19.1962833405,-6.34371665955,True
solvent,1,MeCN,1,main text,False,292,291,0.90781284281,4,context:a17600b0c70e7081853de6b3,RZXMPPFPUUCRFN,13.19,13.6415774028,0.451577402751,True
solvent,1,MeCN,1,main text,False,292,291,0.90781284281,4,context:a385e2b2be87e902ae9cefaf,MSARUAFFWZCZHC,13.57,16.4822572072,2.91225720723,True
solvent,1,MeCN,1,main text,False,292,291,0.90781284281,4,context:b18b61bf4f28669b2647f937,YMXWEGBWDPMVRJ,2.87,4.21820751826,1.34820751826,True
solvent,1,MeCN,1,main text,False,292,291,0.90781284281,4,context:b1ba2b5af1083e7042ca2111,ONIBWKKTOPOVIA,19.95,18.122030894,-1.82796910604,True
solvent,1,MeCN,1,main text,False,292,291,0.90781284281,4,context:b4379192a81a451b2c8bb420,CPQCSJYYDADLCZ,14.1,14.7049160004,0.604916000366,True
solvent,1,MeCN,1,main text,False,292,291,0.90781284281,4,context:b6e33b06cd63c4a07b1be388,UBMYYGXGMPGCBO,6.43,5.48199892044,-0.948001079559,True
solvent,1,MeCN,1,main text,False,292,291,0.90781284281,4,context:bec25d849c425f9edd17cdc7,YKRGGPCEWFPOIC,8.71,8.20076433818,-0.509235661825,True
solvent,1,MeCN,1,main text,False,292,291,0.90781284281,4,context:cbfa42a0dd135d2db93ede6d,MUDSDYNRBDKLGK,11.6,10.6742509206,-0.925749079386,True
solvent,1,MeCN,1,main text,False,292,291,0.90781284281,4,context:cfd64c531578685a542110cc,RWRDLPDLKQPQOW,18.58,18.3574504852,-0.222549514771,True
solvent,1,MeCN,1,main text,False,292,291,0.90781284281,4,context:d001a7f6f2ba3b7fe779ed1e,JNOGVQJEBGEKMG,9.11,9.33649222056,0.226492220561,True
solvent,1,MeCN,1,main text,False,292,291,0.90781284281,4,context:d91fe4f25e81a2532ad2ae39,HPNMFZURTQLUMO,15.1,15.5101591746,0.410159174601,True
solvent,1,MeCN,1,main text,False,292,291,0.90781284281,4,context:dac2ab4cb8fda42bdfc9a46a,XUMYXWQECJOOTL,16.15,16.082291921,-0.0677080790202,True
solvent,1,MeCN,1,main text,False,292,291,0.90781284281,4,context:dca79eefc8f81b75eff0c327,DUYAAUVXQSMXQP,21.2,17.9067077637,-3.29329223633,True
solvent,1,MeCN,1,main text,False,292,291,0.90781284281,4,context:dd7825d578bf8596421050e5,VCJDCAYCIMKALC,11,9.10752550761,-1.89247449239,False
solvent,1,MeCN,1,main text,False,292,291,0.90781284281,4,context:de96bb5bdc1d1711e0fc5ac3,NQRYJNQNLNOLGT,17.35,18.4896653493,1.13966534932,True
solvent,1,MeCN,1,main text,False,292,291,0.90781284281,4,context:df4c03f7509df1dc68aa5120,LXBGSDVWAMZHDD,11.74,10.8329877853,-0.907012214661,True
solvent,1,MeCN,1,main text,False,292,291,0.90781284281,4,context:e181530fe10a27253254a124,ZPJURDXVHOYDGB,15.27,14.2416162491,-1.02838375092,True
solvent,1,MeCN,1,main text,False,292,291,0.90781284281,4,context:e60b90af462633dddd34c1d4,QGZKDVFQNNGYKY,11.39,12.0034770966,0.613477096558,True
solvent,1,MeCN,1,main text,False,292,291,0.90781284281,4,context:f37f0f3a3d724c1c3c845129,RKDAPIXTZRTFKL,5.64,6.70954465866,1.06954465866,True
solvent,1,MeCN,1,main text,False,292,291,0.90781284281,4,context:fb4e8049cfcb553f6ef1e21c,IBZKBSXREAQDTO,13.24,14.1183684667,0.878368466695,True
solvent,1,DMSO,2,main text,False,203,203,0.870910957846,0,context:001aff9d192ba5bb00ea7813,NDOMXVXCNMTXDL,14.46,16.1835187276,1.72351872762,True
solvent,1,DMSO,2,main text,False,203,203,0.870910957846,0,context:06e6d7dec0af50fa72831e57,IVRMZWNICZWHMI,20.5,15.6168518066,-4.88314819336,False
solvent,1,DMSO,2,main text,False,203,203,0.870910957846,0,context:090dbc083620bee62ad32180,FUDLPTUMHBESOS,16.27,16.0781294505,-0.19187054952,True
solvent,1,DMSO,2,main text,False,203,203,0.870910957846,0,context:0a30d5946ad9e79a6f3d44a3,YJSCYFWNFZXUDZ,16.03,16.7267386119,0.696738611857,True
solvent,1,DMSO,2,main text,False,203,203,0.870910957846,0,context:0e13cec0808376ddbfdd7085,BWJAFKSLQWCVOB,13.78,13.8331972758,0.0531972757975,True
solvent,1,DMSO,2,main text,False,203,203,0.870910957846,0,context:14d010006c37274be2241233,JSINEXDALPWUTH,27.62,26.5736420949,-1.04635790507,True
solvent,1,DMSO,2,main text,False,203,203,0.870910957846,0,context:1e09b044d95fdd440ea85ec5,ZSBDPRIWBYHIAF,16.05,16.0537344615,0.00373446146647,True
solvent,1,DMSO,2,main text,False,203,203,0.870910957846,0,context:22ab8ea7871358274033ad6b,CLLOFODTUXGHHT,15.99,16.8643143972,0.874314397176,True
solvent,1,DMSO,2,main text,False,203,203,0.870910957846,0,context:2a71df212f4b05ff5d632060,OZTFXWYJHCTJDS,20.63,20.0123577118,-0.617642288208,True
solvent,1,DMSO,2,main text,False,203,203,0.870910957846,0,context:2c8b623afe89567861089788,LJUQGASMPRMWIW,11.08,10.9542706807,-0.125729319255,True
solvent,1,DMSO,2,main text,False,203,203,0.870910957846,0,context:32244f821b4c117bc6bb69c4,RREAVEQOCKXSHQ,23.8533333333,27.4756482442,3.62231491089,False
solvent,1,DMSO,2,main text,False,203,203,0.870910957846,0,context:3ad3fc5ff9838c1f0d5de912,CWFHQXFFTAMVMB,19.67,20.4364941915,0.766494191488,True
solvent,1,DMSO,2,main text,False,203,203,0.870910957846,0,context:3b9b85e5cb3830bc1f496370,NIFAOMSJMGEFTQ,24.97,23.2651729584,-1.70482704163,True
solvent,1,DMSO,2,main text,False,203,203,0.870910957846,0,context:4089f8c411fff3f28ae1ebd4,JYCRDKIYCUUZJK,25.77,25.2290910085,-0.540908991496,True
solvent,1,DMSO,2,main text,False,203,203,0.870910957846,0,context:42149965af3f589a07e54719,MTGZTDPLQGHQDR,14.9,17.1131528219,2.21315282186,True
solvent,1,DMSO,2,main text,False,203,203,0.870910957846,0,context:45ed864d032709cd388e9432,AXBVSRMHOPMXBA,18.92,17.9443829854,-0.975617014567,True
solvent,1,DMSO,2,main text,False,203,203,0.870910957846,0,context:4c8c59af0bb4cf7ab98bba4a,GYAWYTAKUGNDPZ,25.35,26.6584332784,1.3084332784,True
solvent,1,DMSO,2,main text,False,203,203,0.870910957846,0,context:60c800e66fa41e374ca1a6ea,QHPQWRBYOIRBIT,19.67,19.9747962952,0.304796295166,True
solvent,1,DMSO,2,main text,False,203,203,0.870910957846,0,context:627ab01c8a54d15a19c60183,YEQVLORJYBRUCD,19.35,18.2616990407,-1.08830095927,True
solvent,1,DMSO,2,main text,False,203,203,0.870910957846,0,context:685e870ff662803e7026f805,ALDROZNLTAZHKM,21.03,20.8560117086,-0.173988291423,True
solvent,1,DMSO,2,main text,False,203,203,0.870910957846,0,context:6ec86f203c2a42a29b194cf2,YQJCJUHORLSWRJ,30.82,28.7283236186,-2.09167638143,True
solvent,1,DMSO,2,main text,False,203,203,0.870910957846,0,context:79674fa65e3e769efbe4cd21,MDRTVDMOEOENKV,18.38,18.1711476644,-0.208852335612,True
solvent,1,DMSO,2,main text,False,203,203,0.870910957846,0,context:79a50ba7c4ebd615df8add3f,DKCPKDPYUFEZCP,21.02,19.6054191589,-1.41458084106,True
solvent,1,DMSO,2,main text,False,203,203,0.870910957846,0,context:7f42f59424116027fc166d10,WLHCBQAPPJAULW,24.35,22.8497416178,-1.50025838216,True
solvent,1,DMSO,2,main text,False,203,203,0.870910957846,0,context:85a1d71610adfe7ee596a8f6,UANFUHHPWZFXOZ,16.73,16.6555608114,-0.0744391886393,True
solvent,1,DMSO,2,main text,False,203,203,0.870910957846,0,context:88bf258341de5dac70c4e8f3,WGBRKOIQXMBFOG,18.42,16.8816064199,-1.53839358012,True
solvent,1,DMSO,2,main text,False,203,203,0.870910957846,0,context:8d17e62f030f0bbad706b170,BBNCFUDDDLKWIF,16.26,16.3479881287,0.0879881286621,True
solvent,1,DMSO,2,main text,False,203,203,0.870910957846,0,context:9293f1dc8268b7ed7c3fdadb,HPKILAUQVUIYJX,18.57,19.925505956,1.35550595601,True
solvent,1,DMSO,2,main text,False,203,203,0.870910957846,0,context:95f520a6ed9373a0c9caca8b,URHVULHWITWMRL,21.61,23.2857074738,1.67570747375,True
solvent,1,DMSO,2,main text,False,203,203,0.870910957846,0,context:9600838b498c7561747ba82c,VKEKEVSKCQVRNL,26.71,23.8540026347,-2.85599736532,True
solvent,1,DMSO,2,main text,False,203,203,0.870910957846,0,context:9a08a861eafd7d0c42f91eaa,FSXRUCROJQTPJL,15.02,13.9519996643,-1.06800033569,True
solvent,1,DMSO,2,main text,False,203,203,0.870910957846,0,context:9bff423585c537984a6c5398,CQYSBAHQDYWVKQ,26.95,28.3938077291,1.44380772909,True
solvent,1,DMSO,2,main text,False,203,203,0.870910957846,0,context:a8372a452070c6c0b566016b,PVGJVPSTRUYNOE,19.28,19.6833845774,0.403384577433,True
solvent,1,DMSO,2,main text,False,203,203,0.870910957846,0,context:bcd9f64b994e9544afb0108e,IRIFPBQOVIDMFC,19.61,20.3462359111,0.736235911051,True
solvent,1,DMSO,2,main text,False,203,203,0.870910957846,0,context:c409a03707b7ee5cf1ac28c6,LTWOWNFQZPMVEV,20.76,21.0648721059,0.304872105916,True
solvent,1,DMSO,2,main text,False,203,203,0.870910957846,0,context:c97e0cd1c67c67eb918aa3fb,RWXZXCZBMQPOBF,10.69,10.7394282023,0.0494282023112,True
solvent,1,DMSO,2,main text,False,203,203,0.870910957846,0,context:e326875611e1cbdd7aac724a,GWDGKETUJGWYQO,19.53,19.1885693868,-0.3414306132,True
solvent,1,DMSO,2,main text,False,203,203,0.870910957846,0,context:f1325b18e7f94b2c1cdb3414,CBDRKLYGOJXLKK,19.2,18.430949529,-0.769050470988,True
solvent,1,DMSO,2,main text,False,203,203,0.870910957846,0,context:f48319850a2bb2ec228c58a9,YPDIZBUWKWIELE,21.13,22.2074337006,1.07743370056,True
solvent,1,DMSO,2,main text,False,203,203,0.870910957846,0,context:fd2af92c872af77ad3756bb5,SCURCOWZQJIUGR,21.75,22.0185832977,0.268583297729,True
solvent,1,DMSO,2,main text,False,203,203,0.870910957846,1,context:04095404de33edb25a6698ab,YYKAFPWEQRAEAQ,18.69,19.0870564779,0.397056477865,True
solvent,1,DMSO,2,main text,False,203,203,0.870910957846,1,context:05a1836bf03e7d9800b7833c,AZIXWBRHGNBNNF,20.51,19.739185969,-0.770814030965,True
solvent,1,DMSO,2,main text,False,203,203,0.870910957846,1,context:1d1b32db7b6231cdfbf81c0a,XKJCHHZQLQNZHY,15.52,14.5424509048,-0.977549095154,True
solvent,1,DMSO,2,main text,False,203,203,0.870910957846,1,context:244ce1f3736a92f31366b4e5,BKSCHYJRFHICHN,15.85,15.9020862579,0.0520862579346,True
solvent,1,DMSO,2,main text,False,203,203,0.870910957846,1,context:24a5f8cfdcaae49d1c6f7ea5,CROBTXVXNQNKKO,14.94,19.3171844482,4.37718444824,False
solvent,1,DMSO,2,main text,False,203,203,0.870910957846,1,context:26d333ffbc3818edd23dc525,PQGUROUGKBASIY,14.48,14.2519591649,-0.228040835063,True
solvent,1,DMSO,2,main text,False,203,203,0.870910957846,1,context:2b79bd08eb9e0df4cee1d714,JJPYHMCTZLBOEO,20.24,22.7979596456,2.55795964559,True
solvent,1,DMSO,2,main text,False,203,203,0.870910957846,1,context:2de6d8532d5c94a5c86a8659,FDPMPHQWCLVHND,13.95,13.6397822698,-0.310217730204,True
solvent,1,DMSO,2,main text,False,203,203,0.870910957846,1,context:304b88cc370966d95b9b1d06,NOFJNSNJJMUDAO,23.27,26.5905939738,3.3205939738,True
solvent,1,DMSO,2,main text,False,203,203,0.870910957846,1,context:331a1c6820892ac9e1d6acb3,JBFYUZGYRGXSFL,21.09,20.9051233927,-0.184876607259,True
solvent,1,DMSO,2,main text,False,203,203,0.870910957846,1,context:33ab0bdafdc3aff6e946353e,YUJCWMGBRDBPDL,17.52,15.9767783483,-1.54322165171,True
solvent,1,DMSO,2,main text,False,203,203,0.870910957846,1,context:3bf53d42bc26a56f293ee427,HVJNWTXBDFYTDI,11.54,13.2081950506,1.66819505056,True
solvent,1,DMSO,2,main text,False,203,203,0.870910957846,1,context:3f12c489ef0d5e693bd9a660,LLKCNMZUGYSUDD,29.5,26.7981033325,-2.70189666748,True
solvent,1,DMSO,2,main text,False,203,203,0.870910957846,1,context:5023bb904c12bf330c3a0084,DZEWJULWIYVMKR,23.15,22.5409889221,-0.609011077881,True
solvent,1,DMSO,2,main text,False,203,203,0.870910957846,1,context:51f1b8db2a07ad75f313d6b6,UGEJOEBBMPOJMT,22.62,19.4182071686,-3.20179283142,True
solvent,1,DMSO,2,main text,False,203,203,0.870910957846,1,context:5690bc18731d2660ae80342c,WNQGOBRMTGELHB,18.19,20.2337061564,2.04370615641,True
solvent,1,DMSO,2,main text,False,203,203,0.870910957846,1,context:5e738909ab5514ce2b2ba129,SDDKBWPIFZJMDW,16.29,15.8160184224,-0.473981577555,True
solvent,1,DMSO,2,main text,False,203,203,0.870910957846,1,context:6c51346254185e2c11f803b4,PEEHTFAAVSWFBL,14.87,14.9482199351,0.0782199350993,True
solvent,1,DMSO,2,main text,False,203,203,0.870910957846,1,context:700b5605f54719742def0fe1,SQESPNLCTGRVCP,20.61,21.3856455485,0.775645548503,True
solvent,1,DMSO,2,main text,False,203,203,0.870910957846,1,context:81ff8abfa8d8f3151e68657e,NZXHRHATECOPAO,17.46,15.546801885,-1.91319811503,True
solvent,1,DMSO,2,main text,False,203,203,0.870910957846,1,context:84108be1ef50af538cada275,ZEZQXYUIJPURCG,27.28,26.2747065226,-1.00529347738,True
solvent,1,DMSO,2,main text,False,203,203,0.870910957846,1,context:8dc46ba7a36754c53960139f,JDJUBLMJMMUVJJ,27.45,27.7678286235,0.317828623454,True
solvent,1,DMSO,2,main text,False,203,203,0.870910957846,1,context:8f6e0e5771d567ea44b9d623,RTZZCYNQPHTPPL,21.29,16.7565924327,-4.53340756734,True
solvent,1,DMSO,2,main text,False,203,203,0.870910957846,1,context:9ab1b75cbe10925200705d2b,OLIUEZHTWQEOOZ,15.68,15.343691508,-0.336308492025,True
solvent,1,DMSO,2,main text,False,203,203,0.870910957846,1,context:9b05c76729472c049ad82e1d,KTAVPKXGIGJSCD,18.29,18.2468407949,-0.0431592051188,True
solvent,1,DMSO,2,main text,False,203,203,0.870910957846,1,context:9d531c035752d05f2479104b,BTJIUGUIPKRLHP,14.32,16.490210851,2.17021085103,True
solvent,1,DMSO,2,main text,False,203,203,0.870910957846,1,context:a2f8205ea7b0854b6b1093db,NJJVRWBREKHQFA,17.14,18.190984726,1.05098472595,True
solvent,1,DMSO,2,main text,False,203,203,0.870910957846,1,context:b3aeef7d31405707f4da89df,FJWLWQRPZMZRQI,28.27,26.5342769623,-1.73572303772,True
solvent,1,DMSO,2,main text,False,203,203,0.870910957846,1,context:bc68b10d8833e0b746c07daf,DKWOHBPRFZIUQL,21.29,18.4977506002,-2.79224939982,True
solvent,1,DMSO,2,main text,False,203,203,0.870910957846,1,context:c0f45621b2f1f6fa96c6edbe,CVNOWLNNPYYEOH,18.78,18.9559237162,0.175923716227,True
solvent,1,DMSO,2,main text,False,203,203,0.870910957846,1,context:c5421dedf982838445627f8f,XGWTWUYLCLABRB,19.6,23.0788472493,3.47884724935,True
solvent,1,DMSO,2,main text,False,203,203,0.870910957846,1,context:c767745561595d2e468da065,WXNZTHHGJRFXKQ,20.34,19.6050510406,-0.734948959351,True
solvent,1,DMSO,2,main text,False,203,203,0.870910957846,1,context:cb24e39f8a43fc8073cf0a9f,PAKGNZCTBNXXBR,16.28,17.0390275319,0.759027531942,True
solvent,1,DMSO,2,main text,False,203,203,0.870910957846,1,context:dc68d4a9d93a8f79e915cbd6,QDWMQWWQPMMBBG,13.83,14.3320973714,0.502097371419,True
solvent,1,DMSO,2,main text,False,203,203,0.870910957846,1,context:e370fc8473ce87286731d551,AGBOAUNKIUIEGH,20.22,19.8004906972,-0.419509302775,True
solvent,1,DMSO,2,main text,False,203,203,0.870910957846,1,context:e460046fcc304b9d0143276b,MNEWPTXCYUMJKC,24.99,26.6578496297,1.66784962972,True
solvent,1,DMSO,2,main text,False,203,203,0.870910957846,1,context:eb725e72322d6034a2214834,VVBLMPAHLKEJIS,12.35,13.7472314835,1.39723148346,True
solvent,1,DMSO,2,main text,False,203,203,0.870910957846,1,context:f73defab43cfe37427a6f08e,YUKGJHBJVJSQMU,19.58,19.4175256093,-0.162474390666,True
solvent,1,DMSO,2,main text,False,203,203,0.870910957846,1,context:f905592f9996443173300183,ZYERMUSVJRTOLH,27.77,27.3115196228,-0.458480377197,True
solvent,1,DMSO,2,main text,False,203,203,0.870910957846,1,context:f9a42587545e4f14501b5250,CROPDUGHHVHJOA,25.94,23.4552987417,-2.48470125834,True
solvent,1,DMSO,2,main text,False,203,203,0.870910957846,1,context:fb6bfee9fb6a01db5e250560,KIPSRYDSZQRPEA,12.15,13.0671784083,0.917178408305,True
solvent,1,DMSO,2,main text,False,203,203,0.870910957846,2,context:14402e407fec5db1bff1a900,IAZDPXIOMUYVGZ,11.3,9.80671564738,-1.49328435262,True
solvent,1,DMSO,2,main text,False,203,203,0.870910957846,2,context:14c173cebd6c777a417cc2b5,BUJZXAPKHBWNII,18.5,19.6807530721,1.1807530721,True
solvent,1,DMSO,2,main text,False,203,203,0.870910957846,2,context:1995a20c597d88c0e700d8c6,IVUSHBHIOWRDAM,19.41,19.274500529,-0.135499471029,True
solvent,1,DMSO,2,main text,False,203,203,0.870910957846,2,context:1e3add533f640317d55dab2f,ZIPLUEXSCPLCEI,20.33,19.7586243947,-0.571375605265,True
solvent,1,DMSO,2,main text,False,203,203,0.870910957846,2,context:21d2478620ac307a608b8278,NWVVVBRKAWDGAB,20.09,20.4389235179,0.348923517863,True
solvent,1,DMSO,2,main text,False,203,203,0.870910957846,2,context:222215f383f7930f46670801,SUYJEMFJSAFJBG,20.08,21.661640803,1.58164080302,True
solvent,1,DMSO,2,main text,False,203,203,0.870910957846,2,context:29ced4b0c513df1372b98c37,TZHIYVWDNYEFOA,17,17.102215449,0.102215449015,True
solvent,1,DMSO,2,main text,False,203,203,0.870910957846,2,context:2c42ed243e7dd33ce08283de,ZBCBWPMODOFKDW,15.51,15.2381372452,-0.271862754822,True
solvent,1,DMSO,2,main text,False,203,203,0.870910957846,2,context:3a5ca9cc4d3e968d0c310c49,VSFUTDSKGMGVSY,21.16,20.9552815755,-0.204718424479,True
solvent,1,DMSO,2,main text,False,203,203,0.870910957846,2,context:40cdfe7515fe5656ecf58253,IQNHBUQSOSYAJU,15.7,16.6795934041,0.979593404134,True
solvent,1,DMSO,2,main text,False,203,203,0.870910957846,2,context:41b2ed804c01a7f92413a2cf,MMWSWKQEVOOIRK,27.57,26.3358478546,-1.23415214539,True
solvent,1,DMSO,2,main text,False,203,203,0.870910957846,2,context:446e53c033990c82fcf7b976,AKTKDBVPMGVMEK,24.88,23.274307251,-1.60569274902,True
solvent,1,DMSO,2,main text,False,203,203,0.870910957846,2,context:4a3a0be37a98ad9c086a43f1,IQUPABOKLQSFBK,15.48,18.2900625865,2.81006258647,True
solvent,1,DMSO,2,main text,False,203,203,0.870910957846,2,context:4a62d641470aec3502df8330,FTBCOQFMQSTCQQ,22.8,23.2433770498,0.443377049764,True
solvent,1,DMSO,2,main text,False,203,203,0.870910957846,2,context:4d439533be11244cce3da968,WXVYOQGMPQQMIS,25.11,25.9747193654,0.864719365438,True
solvent,1,DMSO,2,main text,False,203,203,0.870910957846,2,context:51ea177825c49838904574d5,RVZZHMNHTWPCMU,14.99,16.3584734599,1.36847345988,True
solvent,1,DMSO,2,main text,False,203,203,0.870910957846,2,context:53797c1b7d71c07044448b9f,USZHELOKTTXIFV,18.81,17.7629311879,-1.04706881205,True
solvent,1,DMSO,2,main text,False,203,203,0.870910957846,2,context:54dd02aef1f52b94c2714920,UVGXNNJEGDSWFX,15.13,13.8162558873,-1.31374411265,True
solvent,1,DMSO,2,main text,False,203,203,0.870910957846,2,context:565487b1f7094b38c035d545,ASDHTSDNZLOXGY,14.48,18.4581241608,3.97812416077,False
solvent,1,DMSO,2,main text,False,203,203,0.870910957846,2,context:64939953b621c7c7cb393169,NUDSQBDHIMXRNA,13.63,14.138680776,0.50868077596,True
solvent,1,DMSO,2,main text,False,203,203,0.870910957846,2,context:64e28da22b1e435a51210097,SLGXUCXFODJWTG,25.39,22.9827391307,-2.40726086934,True
solvent,1,DMSO,2,main text,False,203,203,0.870910957846,2,context:6e71df640e2f8adedc31a8f5,VNVFJBSQHSVSKZ,18.1,15.6194241842,-2.48057581584,True
solvent,1,DMSO,2,main text,False,203,203,0.870910957846,2,context:70955d9e7684f93163c1e983,RHIAGXPBZHFBGN,16.23,17.3472029368,1.11720293681,True
solvent,1,DMSO,2,main text,False,203,203,0.870910957846,2,context:76a7d9329ee6f8156026d4e0,XOORIUBOZNFYHJ,13.91,14.1957832972,0.285783297221,True
solvent,1,DMSO,2,main text,False,203,203,0.870910957846,2,context:86556b9674232b242b1927ed,BHPRLMYARNVDRJ,14.4,15.681350708,1.28135070801,True
solvent,1,DMSO,2,main text,False,203,203,0.870910957846,2,context:8bbd998690b73e50016a3036,KLTWGRFNJPLFDA,19.13,19.2761866252,0.146186625163,True
solvent,1,DMSO,2,main text,False,203,203,0.870910957846,2,context:8ff9e94d2964ca35be40c676,UOWLSDCDSBWIKH,20,19.611626943,-0.388373057048,True
solvent,1,DMSO,2,main text,False,203,203,0.870910957846,2,context:948c5b38641c55f67bed3337,MBLICBJGZXMESX,14.94,13.6934229533,-1.24657704671,True
solvent,1,DMSO,2,main text,False,203,203,0.870910957846,2,context:98fe1640c509d2c4b261775b,TZEOAFPSARGQNA,23,20.1931056976,-2.80689430237,True
solvent,1,DMSO,2,main text,False,203,203,0.870910957846,2,context:9e2d0a452a489d8149544e71,HZAXFHJVJLSVMW,16.07,14.9221989314,-1.14780106862,True
solvent,1,DMSO,2,main text,False,203,203,0.870910957846,2,context:a2d9500db6e502545bc036a3,UBQKCCHYAOITMY,19.91,18.2825857798,-1.62741422017,True
solvent,1,DMSO,2,main text,False,203,203,0.870910957846,2,context:a6d12cf8435e0457e932521e,LDZYRENCLPUXAX,10.02,11.1785078049,1.15850780487,True
solvent,1,DMSO,2,main text,False,203,203,0.870910957846,2,context:a984d5aa9d24bdb86db5eb53,YHBRWJNSOXJBPT,15.58,17.6967919668,2.11679196676,True
solvent,1,DMSO,2,main text,False,203,203,0.870910957846,2,context:aef16221caf7f7bf1a0301df,YZHDCNWZYODVJZ,17.46,17.1302318573,-0.3297681427,True
solvent,1,DMSO,2,main text,False,203,203,0.870910957846,2,context:b0cfba79726c8d599d23e382,SVTYLQPDIOFSTM,21.07,22.7340571086,1.66405710856,True
solvent,1,DMSO,2,main text,False,203,203,0.870910957846,2,context:b1b67bef9b2f7e6fd34ba78a,YXBWPNOSJRJIKB,29.02,29.0494721731,0.029472173055,True
solvent,1,DMSO,2,main text,False,203,203,0.870910957846,2,context:b60a7560daaeb689908cdfe8,IUDSCMPRPHGDII,11.52,17.6346467336,6.1146467336,True
solvent,1,DMSO,2,main text,False,203,203,0.870910957846,2,context:d61c30493a2e6bc9b688b38c,PAQKPEIXPUQANL,17.52,17.7156035105,0.195603510539,True
solvent,1,DMSO,2,main text,False,203,203,0.870910957846,2,context:d6cf4e9145fd6bfe5337b41d,GVLZYMDNTPNTLV,15.59,14.7742033005,-0.815796699524,True
solvent,1,DMSO,2,main text,False,203,203,0.870910957846,2,context:dac66a4ec7be679abcde1df9,JXRIJOKAIPTVJM,18.74,19.0603116353,0.320311635335,True
solvent,1,DMSO,2,main text,False,203,203,0.870910957846,2,context:dd5620774dff76a6e3477952,WGQKYBSKWIADBV,15.28,14.7491219838,-0.530878016154,True
solvent,1,DMSO,2,main text,False,203,203,0.870910957846,2,context:de5dc22f0de657af741a9a46,AGGWMMREWZMVCV,19.36,17.9952004751,-1.36479952494,True
solvent,1,DMSO,2,main text,False,203,203,0.870910957846,2,context:e3aeee7747d9e0b8098d1be7,QJAMTKNSLVOXAF,14.49,15.3381881714,0.848188171387,True
solvent,1,DMSO,2,main text,False,203,203,0.870910957846,2,context:f567361183388faaac3df689,KCBNBKKOFYQYKM,19.15,20.7657845815,1.6157845815,True
solvent,1,DMSO,2,main text,False,203,203,0.870910957846,2,context:fd81e382acc48c2942093435,QFPCZAFYDVWWCG,16.96,17.0124104818,0.0524104817708,True
solvent,1,DMSO,2,main text,False,203,203,0.870910957846,3,context:0f5720064160850a05508c95,JVCCMXQDRZDLSY,14.45,12.048921903,-2.40107809703,True
solvent,1,DMSO,2,main text,False,203,203,0.870910957846,3,context:12a747e3f94e5635a344ed7f,FRVMBCZVEPYCTA,19.23,19.8555577596,0.625557759603,True
solvent,1,DMSO,2,main text,False,203,203,0.870910957846,3,context:338c8cf49fa5ef512ef88209,SBLRFBKQSSXEII,19.92,20.4769026438,0.55690264384,True
solvent,1,DMSO,2,main text,False,203,203,0.870910957846,3,context:33f8963636f15518878e4814,BPFJZNDCLIJVHI,22.6,22.5809415181,-0.0190584818522,True
solvent,1,DMSO,2,main text,False,203,203,0.870910957846,3,context:3e0cd24eeec0a3ca4afbdc8b,ISWSIDIOOBJBQZ,19.86,20.1412938436,0.281293843587,True
solvent,1,DMSO,2,main text,False,203,203,0.870910957846,3,context:3eaf9e4413ace510fb7f9c8a,CGJVMOPWJILVLF,14.24,15.3382342656,1.09823426565,True
solvent,1,DMSO,2,main text,False,203,203,0.870910957846,3,context:465f9354d9d9b39de1d39217,KCAQWPZIMLLEAF,19.71,21.7826099396,2.07260993958,True
solvent,1,DMSO,2,main text,False,203,203,0.870910957846,3,context:47defb7794effd0e905a598d,NTNZTEQNFHNYBC,14.3,14.6534468333,0.353446833293,True
solvent,1,DMSO,2,main text,False,203,203,0.870910957846,3,context:500613401f28b4b0952c000d,VKCPVXCYHWANEC,17.29,17.2631759644,-0.0268240356445,True
solvent,1,DMSO,2,main text,False,203,203,0.870910957846,3,context:510c63b2ddfe45b4192e31c1,BWWCSQTYPABWBT,15.33,14.6205005646,-0.709499435425,True
solvent,1,DMSO,2,main text,False,203,203,0.870910957846,3,context:5442b0e9024093d2c98c3080,DSPAGGVPWBWMBP,18.67,18.827554067,0.157554066976,True
solvent,1,DMSO,2,main text,False,203,203,0.870910957846,3,context:63317bca6cd5cae44a1d622b,SNBCZNABMJUYMS,19.23,18.6890017192,-0.540998280843,True
solvent,1,DMSO,2,main text,False,203,203,0.870910957846,3,context:660926094fbfaa917710f4d4,XWVMHHKVOZLYQQ,23.64,24.8226178487,1.18261784871,True
solvent,1,DMSO,2,main text,False,203,203,0.870910957846,3,context:66a203c41d748f0dbb9884b3,SYFJKBMUTRSQMS,17.46,15.1840858459,-2.27591415405,True
solvent,1,DMSO,2,main text,False,203,203,0.870910957846,3,context:6e4a57174d6946a6f98a2810,WBTCPVUCKKBWBS,16.03,17.0368836721,1.00688367208,True
solvent,1,DMSO,2,main text,False,203,203,0.870910957846,3,context:6f179f777671ea16f97d3411,JAECFOXREFJWIQ,26.9,27.8745708466,0.974570846558,True
solvent,1,DMSO,2,main text,False,203,203,0.870910957846,3,context:6f78921165095c04644f69b0,YNAVUWVOSKDBBP,16.96,16.0753421783,-0.884657821655,True
solvent,1,DMSO,2,main text,False,203,203,0.870910957846,3,context:71d67a01ba53a82b13c163b0,WCMLRSZJUIKVCW,21.3,21.9229246775,0.622924677531,True
solvent,1,DMSO,2,main text,False,203,203,0.870910957846,3,context:72f1954993f4e7c8534b029c,HOKIBTXDUCLZQR,15.85,16.098338445,0.248338445028,True
solvent,1,DMSO,2,main text,False,203,203,0.870910957846,3,context:73feb99f4e6b4ddbd88ec1a7,YKHWTRUFZHTBMJ,24.3,23.1734555562,-1.12654444377,True
solvent,1,DMSO,2,main text,False,203,203,0.870910957846,3,context:7e668643a74ae47e7d41748f,OHYUGAGDOHRBPX,15.97,15.5629240672,-0.407075932821,True
solvent,1,DMSO,2,main text,False,203,203,0.870910957846,3,context:811ae9efcd0193872121497e,WGYKZJWCGVVSQN,15.7,16.0694157283,0.369415728251,True
solvent,1,DMSO,2,main text,False,203,203,0.870910957846,3,context:892c9c011ecfd597feecbf8d,CQJDYPZUDYXHLM,22.5,22.7421099345,0.242109934489,True
solvent,1,DMSO,2,main text,False,203,203,0.870910957846,3,context:900e0ef528d122743759721d,KFTADSJYQHFUKZ,20.02,21.0969708761,1.07697087606,True
solvent,1,DMSO,2,main text,False,203,203,0.870910957846,3,context:90b4f64e72ef28d9e9981436,ZOQOPXVJANRGJZ,18.47,17.9079538981,-0.562046101888,True
solvent,1,DMSO,2,main text,False,203,203,0.870910957846,3,context:9d2c3139ea78de96abdbe5ad,RAXXELZNTBOGNW,11.58,11.6625375748,0.0825375747681,True
solvent,1,DMSO,2,main text,False,203,203,0.870910957846,3,context:b7e1139870fe9139d0577224,LRLGEWICBZWMKM,19.91,20.6079953512,0.697995351156,True
solvent,1,DMSO,2,main text,False,203,203,0.870910957846,3,context:b840db4d6d4c6e3bf4370ca3,YGYSYVIYOVIODP,18.61,17.0681902568,-1.54180974325,True
solvent,1,DMSO,2,main text,False,203,203,0.870910957846,3,context:c28e9784db55d15adb8563d0,RFCQDOVPMUSZMN,22.55,22.4885851542,-0.0614148457845,True
solvent,1,DMSO,2,main text,False,203,203,0.870910957846,3,context:c5ab4fbff33ea1c23ed1a668,YAYTYCFOMPKBLT,19.36,18.3006928762,-1.05930712382,True
solvent,1,DMSO,2,main text,False,203,203,0.870910957846,3,context:c67fcfe4828561685a6b02aa,VHYFNPMBLIVWCW,14.8,15.2668704987,0.466870498657,False
solvent,1,DMSO,2,main text,False,203,203,0.870910957846,3,context:c929963fdc06b138006e5312,LLAIMYGLOIRRGL,12.02,14.1306196849,2.11061968486,True
solvent,1,DMSO,2,main text,False,203,203,0.870910957846,3,context:cc7462c586f1194519c806fa,IWDCLRJOBJJRNH,19.08,20.0007095337,0.920709533691,True
solvent,1,DMSO,2,main text,False,203,203,0.870910957846,3,context:d1f97a98cb5a25be406a8195,XTPVMJZCDLGELL,18.82,18.4842650096,-0.335734990438,True
solvent,1,DMSO,2,main text,False,203,203,0.870910957846,3,context:d4152848c65b374210bdc5ef,GCNTZFIIOFTKIY,18.97,20.1553592682,1.18535926819,True
solvent,1,DMSO,2,main text,False,203,203,0.870910957846,3,context:dbb2b7aa0524286e51014716,UBCOTVOUIYQRDQ,17.19,16.2728830973,-0.917116902669,True
solvent,1,DMSO,2,main text,False,203,203,0.870910957846,3,context:dcec0d5191af8ca31753e7ff,RJARUKHEHLEIMS,15.93,16.3516419729,0.42164197286,True
solvent,1,DMSO,2,main text,False,203,203,0.870910957846,3,context:e087b743f12113f78646f735,YERBBVNYIKLXDM,21.54,19.9788118998,-1.56118810018,True
solvent,1,DMSO,2,main text,False,203,203,0.870910957846,3,context:e2d071d237cecc852b1a0c6f,JMXPLMBSBMEJNB,27.54,27.1524537404,-0.387546259562,True
solvent,1,DMSO,2,main text,False,203,203,0.870910957846,4,context:09046fec8456871d3b429293,RMVRSNDYEFQCLF,23.36,23.984161377,0.624161376953,True
solvent,1,DMSO,2,main text,False,203,203,0.870910957846,4,context:122046d347614b7c29be8580,WJRBRSLFGCUECM,17.52,17.8053538005,0.285353800456,True
solvent,1,DMSO,2,main text,False,203,203,0.870910957846,4,context:1951c08c108b1fc6ff4c4a97,XUMYXWQECJOOTL,17.33,17.1325009664,-0.19749903361,True
solvent,1,DMSO,2,main text,False,203,203,0.870910957846,4,context:1956d5b680049141c56b22a0,ZBJDBFWPAOORHG,13.91,15.7834424973,1.87344249725,True
solvent,1,DMSO,2,main text,False,203,203,0.870910957846,4,context:1b4611edb8b5ce18814f3b2a,NRKYWOKHZRQRJR,15.81,16.1246306101,0.314630610148,True
solvent,1,DMSO,2,main text,False,203,203,0.870910957846,4,context:225c2e58862e9a974965867f,KGANXKJXGWZHIT,19.38,17.9903303782,-1.38966962179,True
solvent,1,DMSO,2,main text,False,203,203,0.870910957846,4,context:291acfb63dedd7ff4481b001,URBDFHBJUSYZIR,15.24,15.9703725179,0.730372517904,True
solvent,1,DMSO,2,main text,False,203,203,0.870910957846,4,context:2e5d770353ceaf58fad6fa91,QLXMOFWIKWAQBW,20.08,18.7394860586,-1.34051394145,True
solvent,1,DMSO,2,main text,False,203,203,0.870910957846,4,context:2e785db4025d7ab418f31788,AWUJBJHPBXFVFC,15.6,17.8337885539,2.23378855387,True
solvent,1,DMSO,2,main text,False,203,203,0.870910957846,4,context:3101f3fe5be1e24229df0064,JVZMNODVCGXDQK,15.07,15.69267718,0.622677179972,True
solvent,1,DMSO,2,main text,False,203,203,0.870910957846,4,context:3c66a16770b2cb1b94a7ebae,AJZBTMWQSPSMEQ,17.98,19.1188519796,1.13885197957,True
solvent,1,DMSO,2,main text,False,203,203,0.870910957846,4,context:3d5311a77de02a2f06aa7389,HYZJCKYKOHLVJF,10.5,10.376209259,-0.123790740967,True
solvent,1,DMSO,2,main text,False,203,203,0.870910957846,4,context:44214978ea544d1e7e3dd18f,NCTNEXWAKFHINX,19.62,20.0419750214,0.421975021362,True
solvent,1,DMSO,2,main text,False,203,203,0.870910957846,4,context:454b04023bcf2bec6706f660,LEOBAJICZUMTJB,28.95,28.0994885763,-0.850511423747,True
solvent,1,DMSO,2,main text,False,203,203,0.870910957846,4,context:4699714a5eb4d444399b5b6e,IPPUNPCBOKIQJE,18,18.9757563273,0.975756327311,True
solvent,1,DMSO,2,main text,False,203,203,0.870910957846,4,context:568fb4fdb90b44d677b0cb6a,MRHSGZMVLDOZCK,20.61,24.0672887166,3.45728871663,True
solvent,1,DMSO,2,main text,False,203,203,0.870910957846,4,context:5797e898876334cc21fbbe54,JJIGRMWSNCMAIW,18.31,18.6023604075,0.292360407511,True
solvent,1,DMSO,2,main text,False,203,203,0.870910957846,4,context:629276fce561f2fef1ddf3b6,FUHMXNCIWUEEOS,25.59,26.5092080434,0.919208043416,True
solvent,1,DMSO,2,main text,False,203,203,0.870910957846,4,context:6775d99ad3c1b351c8c6867f,IZXIZTKNFFYFOF,22.4,19.1230036418,-3.27699635824,True
solvent,1,DMSO,2,main text,False,203,203,0.870910957846,4,context:6a55096855f9d314610762f9,FMXOEQQPVONPBU,20.71,19.8489875793,-0.861012420654,True
solvent,1,DMSO,2,main text,False,203,203,0.870910957846,4,context:6ca58b21e5db9904eb708a76,HXKKHQJGJAFBHI,15.47,14.9217300415,-0.548269958496,True
solvent,1,DMSO,2,main text,False,203,203,0.870910957846,4,context:83fe2f12e40d758f4bbca968,WPNCPIASBHXNGM,20.6,19.0747337341,-1.52526626587,True
solvent,1,DMSO,2,main text,False,203,203,0.870910957846,4,context:84854e1188e887abf0e72d4b,ARIDPRZCOYMNQD,14.58,14.8228610357,0.242861035665,False
solvent,1,DMSO,2,main text,False,203,203,0.870910957846,4,context:872dfd150b2fd5afb606c011,ZDYBRMAFPIENJI,13.79,13.7512820562,-0.0387179438273,True
solvent,1,DMSO,2,main text,False,203,203,0.870910957846,4,context:a4b8e257361a99613adba8ca,FBWBURVAZWBHPX,18.63,18.1510982513,-0.478901748657,True
solvent,1,DMSO,2,main text,False,203,203,0.870910957846,4,context:aeec3cbd5d8c089748b94f1d,OJOFMLDBXPDXLQ,22.67,19.3630530039,-3.30694699605,True
solvent,1,DMSO,2,main text,False,203,203,0.870910957846,4,context:b584b746a569e09329873f46,CUJRVFIICFDLGR,17.64,17.2393779755,-0.400622024536,True
solvent,1,DMSO,2,main text,False,203,203,0.870910957846,4,context:b9f5421b4ee01b9e354e20dc,BAYGVMXZJBFEMB,18.98,20.789308548,1.80930854797,True
solvent,1,DMSO,2,main text,False,203,203,0.870910957846,4,context:c046aec29642eb4f4703d435,JCBPETKZIGVZRE,14.39,14.6206347148,0.230634714762,True
solvent,1,DMSO,2,main text,False,203,203,0.870910957846,4,context:c5cb9e9944be6742a3a267eb,PFLHSEQQKXYSOI,15.68,17.8212038676,2.14120386759,True
solvent,1,DMSO,2,main text,False,203,203,0.870910957846,4,context:c8ba9a3ee4afcc8aced4f7b9,XPUANKANCPMJFC,29.1,29.1997356415,0.0997356414795,True
solvent,1,DMSO,2,main text,False,203,203,0.870910957846,4,context:c91c523da9ce43462aa28d5f,IIHPVYJPDKJYOU,12.21,13.9283587138,1.71835871379,True
solvent,1,DMSO,2,main text,False,203,203,0.870910957846,4,context:e824ba4a74679873d051dd90,KGZLNGOGFMKIHQ,23.9,27.3302415212,3.4302415212,True
solvent,1,DMSO,2,main text,False,203,203,0.870910957846,4,context:e96681537f2d76f2646151d5,CTFWDLWPAQNEKJ,18.32,19.0734882355,0.753488235474,True
solvent,1,DMSO,2,main text,False,203,203,0.870910957846,4,context:f07122c3895ece21a62cb886,IWHOTBXJHCGHRY,19.46,19.805727005,0.345727005005,True
solvent,1,DMSO,2,main text,False,203,203,0.870910957846,4,context:f16502fe669b00585b111b28,YBTFTZSRVCNOLA,18.06,18.18846639,0.128466389974,True
solvent,1,DMSO,2,main text,False,203,203,0.870910957846,4,context:f8746b4cdeac8697636af298,NQRYJNQNLNOLGT,17.19,19.7898578644,2.59985786438,True
solvent,1,DMSO,2,main text,False,203,203,0.870910957846,4,context:fed51cb2bca59714b2194f5c,SHMULLBJFZQILL,16.55,17.5968596141,1.04685961405,True
solvent,1,water,3,main text,False,114,113,0.681947675598,0,context:1b4e88786daad3fbde5cf36c,FHHJDRFHHWUPDG,14.41,16.0452006658,1.63520066579,True
solvent,1,water,3,main text,False,114,113,0.681947675598,0,context:20d8a2eaf05b9af6bc9e3953,JJWLVOIRVHMVIS,12,12.100481987,0.100481987,True
solvent,1,water,3,main text,False,114,113,0.681947675598,0,context:2bcaae8f6c47902e047369e7,XKUKSGPZAADMRA,12.26,12.746720314,0.486720314026,True
solvent,1,water,3,main text,False,114,113,0.681947675598,0,context:3217aae091c441f2962a149f,XCRBXWCUXJNEFX,18.57,17.1922550201,-1.37774497986,True
solvent,1,water,3,main text,False,114,113,0.681947675598,0,context:6abaff92fb45b01155e3050e,XUJNEKJLAYXESH,23.43,21.3153661092,-2.11463389079,True
solvent,1,water,3,main text,False,114,113,0.681947675598,0,context:7c0fef815e96a583c571606a,PVVRRUUMHFWFQV,13.5,13.7637090683,0.263709068298,True
solvent,1,water,3,main text,False,114,113,0.681947675598,0,context:85a689ce13f3268050252c35,OAKJQQAXSVQMHS,13.46,14.8402287165,1.38022871653,True
solvent,1,water,3,main text,False,114,113,0.681947675598,0,context:9b4343222cddc0bda3f79c47,ZJAFQAPHWPSKRZ,17.43,15.1782547633,-2.25174523671,True
solvent,1,water,3,main text,False,114,113,0.681947675598,0,context:a5d757b84e8b38f6375513cd,MDRTVDMOEOENKV,14.33,13.6768213908,-0.653178609212,True
solvent,1,water,3,main text,False,114,113,0.681947675598,0,context:a6a5de240902d4b9945e4bbc,XPEIPGVWERPKHJ,11.07,13.0636733373,1.9936733373,True
solvent,1,water,3,main text,False,114,113,0.681947675598,0,context:a9ff9fb8921e13fcc83283ce,JKANAVGODYYCQF,12.29,12.7932570775,0.503257077535,True
solvent,1,water,3,main text,False,114,113,0.681947675598,0,context:bf17f3fe9e1f0c2c950ac549,KQSSATDQUYCRGS,12.08,12.0559314092,-0.0240685908,True
solvent,1,water,3,main text,False,114,113,0.681947675598,0,context:c95a4aa1bca0a6615515617b,BHHGXPLMPWCGHP,13.4,13.3345190684,-0.0654809315999,True
solvent,1,water,3,main text,False,114,113,0.681947675598,0,context:d0d2a667857756a2726af781,CIHOLLKRGTVIJN,14.29,13.6102406184,-0.679759381612,True
solvent,1,water,3,main text,False,114,113,0.681947675598,0,context:dac035816071942828a97715,KZSNJWFQEVHDMF,13.65,13.3283920288,-0.321607971191,True
solvent,1,water,3,main text,False,114,113,0.681947675598,0,context:e67c7c7106b68d3c998d5d95,YBRBMKDOPFTVDT,10.48,11.2682511012,0.788251101176,True
solvent,1,water,3,main text,False,114,113,0.681947675598,0,context:e79ec175558e0bc952859bea,YPDIZBUWKWIELE,17.68,15.4150807063,-2.26491929372,True
solvent,1,water,3,main text,False,114,113,0.681947675598,0,context:e92c84b09c6eeae677a0946d,QNAYBMKLOCPYGJ,13.01,13.2381029129,0.228102912903,True
solvent,1,water,3,main text,False,114,113,0.681947675598,0,context:fe5846df70dc46310419f4c9,FUDLPTUMHBESOS,11.77,14.531373024,2.76137302399,True
solvent,1,water,3,main text,False,114,113,0.681947675598,1,context:05cd838cbc65c359c7a472e8,DCXYFEDJOCDNAF,13.03,12.9556544622,-0.0743455378215,True
solvent,1,water,3,main text,False,114,113,0.681947675598,1,context:06ddadbb9af8eaa94c5e2b88,LSNNMFCWUKXFEE,16.83,15.0256083806,-1.80439161936,False
solvent,1,water,3,main text,False,114,113,0.681947675598,1,context:10b63c4b91785257dcc53543,AGBOAUNKIUIEGH,16.15,16.6788457235,0.52884572347,True
solvent,1,water,3,main text,False,114,113,0.681947675598,1,context:1a065821ea356358c9a90e1e,AVXURJPOCDRRFD,11.41,10.3085950216,-1.10140497843,True
solvent,1,water,3,main text,False,114,113,0.681947675598,1,context:2342a64135a1f8a923b559ff,JUJWROOIHBZHMG,11.05,10.8659454981,-0.184054501851,True
solvent,1,water,3,main text,False,114,113,0.681947675598,1,context:28aee48fcc1d87b84eaf52e1,CKLJMWTZIZZHCS,13.81,13.8374156952,0.0274156951904,True
solvent,1,water,3,main text,False,114,113,0.681947675598,1,context:480cc48a62b8ee4deaba74c9,KTAVPKXGIGJSCD,12.05,13.0796305339,1.02963053385,True
solvent,1,water,3,main text,False,114,113,0.681947675598,1,context:6f626de24a2f246db2586247,RGUKYNXWOWSRET,12.39,13.6259009043,1.23590090434,True
solvent,1,water,3,main text,False,114,113,0.681947675598,1,context:757786a42d4a0ad96624d68a,BAVYZALUXZFZLV,13.85,12.8385105133,-1.01148948669,True
solvent,1,water,3,main text,False,114,113,0.681947675598,1,context:809cc90dc6a58b5017aa8ea0,UIIDIWSTMOYJBZ,14.33,14.1742127736,-0.155787226359,True
solvent,1,water,3,main text,False,114,113,0.681947675598,1,context:86cdeaa157fc2526515f3b82,PVMNPAUTCMBOMO,10.5,10.5364093781,0.0364093780518,True
solvent,1,water,3,main text,False,114,113,0.681947675598,1,context:9b2ebe0470707b049a7dc5e3,ODKSFYDXXFIFQN,12.96,12.9065761566,-0.0534238433838,True
solvent,1,water,3,main text,False,114,113,0.681947675598,1,context:b612688feb0eeb64d36e1f8b,KRHYYFGTRYWZRS,7.7,9.30342849096,1.60342849096,True
solvent,1,water,3,main text,False,114,113,0.681947675598,1,context:be9fcc77e1f75b3402db1d54,XQABVLBGNWBWIV,11.44,11.0478423436,-0.392157656352,True
solvent,1,water,3,main text,False,114,113,0.681947675598,1,context:c1ecde0a54f348974e48eb60,ZSIQJIWKELUFRJ,18.29,17.6939093272,-0.596090672811,True
solvent,1,water,3,main text,False,114,113,0.681947675598,1,context:c55aa7cf9f244ace1d08bf32,SDDKBWPIFZJMDW,13.58,12.7535498937,-0.826450106303,True
solvent,1,water,3,main text,False,114,113,0.681947675598,1,context:d62003990a5ba2e8e7d5d607,WQYVRQLZKVEZGA,14.5,17.3823420207,2.88234202067,True
solvent,1,water,3,main text,False,114,113,0.681947675598,1,context:faba65abf1ba6bbf63cc4733,CROBTXVXNQNKKO,12.1,13.4711996714,1.37119967143,False
solvent,1,water,3,main text,False,114,113,0.681947675598,2,context:09f0dbd8b24d4b90404054b4,WGQKYBSKWIADBV,13.44,12.7834418615,-0.656558138529,True
solvent,1,water,3,main text,False,114,113,0.681947675598,2,context:16efe844af97c91715848b85,GLVYLTSKTCWWJR,18.43,19.2835267385,0.853526738485,True
solvent,1,water,3,main text,False,114,113,0.681947675598,2,context:1bda57e961f67673722a35ff,BEBCJVAWIBVWNZ,12.29,11.8393259048,-0.450674095154,True
solvent,1,water,3,main text,False,114,113,0.681947675598,2,context:21ae076d2a3c7d8e677c6cf4,KFZMGEQAYNKOFK,-2.6,7.6595304807,10.2595304807,False
solvent,1,water,3,main text,False,114,113,0.681947675598,2,context:50011306bc226d72addc1535,QUSNBJAOOMFDIB,12.87,12.9876937866,0.117693786621,True
solvent,1,water,3,main text,False,114,113,0.681947675598,2,context:566a164372083def7ffbcbef,DHMQDGOQFOQNFH,13.51,12.7589537303,-0.751046269735,False
solvent,1,water,3,main text,False,114,113,0.681947675598,2,context:5c354dcf4b34677a09cf5599,IUDSCMPRPHGDII,9.99,13.4956232707,3.50562327067,True
solvent,1,water,3,main text,False,114,113,0.681947675598,2,context:6f66ae742c982c78338add24,PIICEJLVQHRZGT,13.28,13.2023216883,-0.0776783116659,True
solvent,1,water,3,main text,False,114,113,0.681947675598,2,context:746020d0fbfb9bb13b216cd6,QFPCZAFYDVWWCG,13.23,12.7359383901,-0.494061609904,True
solvent,1,water,3,main text,False,114,113,0.681947675598,2,context:8585d8ac7b56199c13600b4b,BOPGDPNILDQYTO,10.37,13.470831871,3.10083187103,False
solvent,1,water,3,main text,False,114,113,0.681947675598,2,context:85d1276fc581c600b89aeeae,HNDVDQJCIGZPNO,13.83,13.4355745316,-0.394425468445,True
solvent,1,water,3,main text,False,114,113,0.681947675598,2,context:95c59207696bce98a773a3f1,GLUUGHFHXGJENI,17.22,16.40858078,-0.811419219971,True
solvent,1,water,3,main text,False,114,113,0.681947675598,2,context:a18bfc9ac646a8c824acc6ba,UCMIRNVEIXFBKS,13.26,13.8865652084,0.626565208435,True
solvent,1,water,3,main text,False,114,113,0.681947675598,2,context:a59ee1589f0a38611bd9dae1,NUKYPUAOHBNCPY,12.19,12.2370179494,0.0470179494222,True
solvent,1,water,3,main text,False,114,113,0.681947675598,2,context:a834fe0a7ccc31c86173bdfe,UBQKCCHYAOITMY,12.47,13.2210493088,0.751049308777,True
solvent,1,water,3,main text,False,114,113,0.681947675598,2,context:b5e99f3fe899c9a8e41b01fc,HZAXFHJVJLSVMW,12.61,12.5221443176,-0.087855682373,True
solvent,1,water,3,main text,False,114,113,0.681947675598,2,context:d4f87a56acd1f31d36ce9975,BXGXGTXWGGOFSP,15.63,17.3630485535,1.73304855347,True
solvent,1,water,3,main text,False,114,113,0.681947675598,2,context:d982a83b8075804de3c150e0,AYFVYJQAPQTCCC,12.69,13.0319550832,0.341955083211,True
solvent,1,water,3,main text,False,114,113,0.681947675598,2,context:ebcba9672d2a5200364d8aac,ROSDSFDQCJNGOL,17.12,16.2912336985,-0.828766301473,True
solvent,1,water,3,main text,False,114,113,0.681947675598,2,context:fcc341c4876b02b97c02be17,ZBCBWPMODOFKDW,13,13.3370189667,0.337018966675,True
solvent,1,water,3,main text,False,114,113,0.681947675598,3,context:03d8605b10e73d9af9472f37,IWDCLRJOBJJRNH,14.3,15.4370765686,1.1370765686,True
solvent,1,water,3,main text,False,114,113,0.681947675598,3,context:20a9c9c38a945c8ea32e131a,VEXZGXHMUGYJMC,10.1,11.1502094269,1.05020942688,True
solvent,1,water,3,main text,False,114,113,0.681947675598,3,context:262a59d32ff72e5330833bea,FFEARJCKVFRZRR,13.16,13.7650108337,0.60501083374,True
solvent,1,water,3,main text,False,114,113,0.681947675598,3,context:2a2dd4d4890b9dfb695cd858,WGYKZJWCGVVSQN,13.33,13.5617233912,0.231723391215,True
solvent,1,water,3,main text,False,114,113,0.681947675598,3,context:318187d727d24e368da91703,VHYFNPMBLIVWCW,13.19,12.4348243078,-0.75517569224,True
solvent,1,water,3,main text,False,114,113,0.681947675598,3,context:36df988fcdcad8da09b9f7f7,MTCFGRXMJLQNBG,13.16,13.0462751389,-0.113724861145,True
solvent,1,water,3,main text,False,114,113,0.681947675598,3,context:42a41f0c4e875713e98ef0f3,ROHFNLRQFUQHCH,14.01,14.0269171397,0.0169171396891,True
solvent,1,water,3,main text,False,114,113,0.681947675598,3,context:523e7fe8e3dc5e193c84e859,CPELXLSAUQHCOX,11.7,17.5414218903,5.84142189026,True
solvent,1,water,3,main text,False,114,113,0.681947675598,3,context:544689f1ecc9ed21c3473dea,YNAVUWVOSKDBBP,15.62,15.6391146978,0.0191146977743,True
solvent,1,water,3,main text,False,114,113,0.681947675598,3,context:6e77ad84c6fe1778bede0d24,GCNTZFIIOFTKIY,14.76,14.1768379211,-0.583162078857,True
solvent,1,water,3,main text,False,114,113,0.681947675598,3,context:747e9b73428e74177ffb857a,XTPVMJZCDLGELL,15.99,14.9010429382,-1.08895706177,True
solvent,1,water,3,main text,False,114,113,0.681947675598,3,context:84078208c008c047b25acf64,YERBBVNYIKLXDM,11.25,11.2072512309,-0.0427487691243,True
solvent,1,water,3,main text,False,114,113,0.681947675598,3,context:86147d68481eeb09813c9fc3,XLYOFNOQVPJJNP,10.47,14.6223319372,4.15233193715,True
solvent,1,water,3,main text,False,114,113,0.681947675598,3,context:9af11d59c9ea233c8010f6bb,BTCSSZJGUNDROE,13.55,13.6179240545,0.0679240544637,True
solvent,1,water,3,main text,False,114,113,0.681947675598,3,context:a2b956996902a0c95279f30c,IAPQCQCJCOIPGG,17.84,18.095553716,0.255553716024,True
solvent,1,water,3,main text,False,114,113,0.681947675598,3,context:a3e9db402d50367ae82f56f8,ULVUGRJTZCWZRN,17.93,18.6316229502,0.701622950236,True
solvent,1,water,3,main text,False,114,113,0.681947675598,3,context:ad9d3bb3f215a1bd183c99b2,XLYOFNOQVPJJNP,5.2,5.80287075043,0.602870750427,True
solvent,1,water,3,main text,False,114,113,0.681947675598,3,context:b44b93b78777b9b06d72907a,YAYTYCFOMPKBLT,19.5,12.9146881104,-6.58531188965,True
solvent,1,water,3,main text,False,114,113,0.681947675598,3,context:c8f7eb26a0d2738c3301f876,RAXXELZNTBOGNW,9.63,9.28025372823,-0.349746271769,True
solvent,1,water,3,main text,False,114,113,0.681947675598,3,context:d1bb2f25909a5e2048042b2d,VVJKKWFAADXIJK,13.21,13.5044720968,0.294472096761,True
solvent,1,water,3,main text,False,114,113,0.681947675598,3,context:e24e4d7fd96d667c1d2deccf,ZDXPYRJPNDTMRX,13.45,13.5456034342,0.0956034342448,True
solvent,1,water,3,main text,False,114,113,0.681947675598,3,context:ee79474ab6712126e20b8f97,MHAJPDPJQMAIIY,15.4,15.5898443858,0.189844385783,False
solvent,1,water,3,main text,False,114,113,0.681947675598,3,context:f53eba96ba1e12264d2d7bc1,FKNQCJSGGFJEIZ,11.1,11.8385572433,0.738557243347,True
solvent,1,water,3,main text,False,114,113,0.681947675598,3,context:fbcc78d2ed5637a53df454a7,WHUUTDBJXJRKMK,13.96,13.564458847,-0.395541152954,True
solvent,1,water,3,main text,False,114,113,0.681947675598,4,context:107be5bb9f651335a161deed,RWRDLPDLKQPQOW,17.21,17.3970247904,0.187024790446,True
solvent,1,water,3,main text,False,114,113,0.681947675598,4,context:1148cf278b4e49ad0ad7b099,JHLOOOWAEXGHGS,13.94,14.7527208328,0.812720832825,True
solvent,1,water,3,main text,False,114,113,0.681947675598,4,context:1743ca3c1727e01083cd3c83,FHGCQCXIJRSFGF,12.75,13.6107540131,0.860754013062,False
solvent,1,water,3,main text,False,114,113,0.681947675598,4,context:1b004815eee4643cc1c5b4f0,COLNVLDHVKWLRT,14.12,13.4204594294,-0.699540570577,True
solvent,1,water,3,main text,False,114,113,0.681947675598,4,context:2065e12e5f86c117a9969567,RZXMPPFPUUCRFN,13,12.1439530055,-0.856046994527,True
solvent,1,water,3,main text,False,114,113,0.681947675598,4,context:230cf6f4895a503eff45eb66,HDZGCSFEDULWCS,17.23,13.1118672689,-4.11813273112,False
solvent,1,water,3,main text,False,114,113,0.681947675598,4,context:2c7e3b33b386cff0291fffcf,NHQDETIJWKXCTC,18.19,18.1332670848,-0.0567329152425,True
solvent,1,water,3,main text,False,114,113,0.681947675598,4,context:2ff1aec14e3bcdcafc645e22,MCTWTZJPVLRJOU,9.91,9.94557952881,0.0355795288086,False
solvent,1,water,3,main text,False,114,113,0.681947675598,4,context:380178bb314da3f2fe5e0c0d,HPNMFZURTQLUMO,14.68,14.7269624074,0.04696240743,True
solvent,1,water,3,main text,False,114,113,0.681947675598,4,context:39bc8cdc8df528adf3a48ea6,PAYRUJLWNCNPSJ,12.99,12.1128393809,-0.8771606191,True
solvent,1,water,3,main text,False,114,113,0.681947675598,4,context:3b4c151085be17c6e5d0fe4a,IQBIARKBWBZCBC,14.07,13.8797931671,-0.190206832886,True
solvent,1,water,3,main text,False,114,113,0.681947675598,4,context:3db36efd12f185c1e1b9c3cf,FMXOEQQPVONPBU,12.06,12.3883330027,0.328333002726,True
solvent,1,water,3,main text,False,114,113,0.681947675598,4,context:42f9a8c6b65e77322276a21c,AFYRKIAHDASULF,18.56,18.3612683614,-0.19873163859,True
solvent,1,water,3,main text,False,114,113,0.681947675598,4,context:4f32203cd53bb30273bb0421,GMAZSOXPZUDWTB,17.99,18.0064716339,0.0164716339111,True
solvent,1,water,3,main text,False,114,113,0.681947675598,4,context:5f0596e78b008723e499aa6b,NQRYJNQNLNOLGT,18.13,17.6279404958,-0.502059504191,True
solvent,1,water,3,main text,False,114,113,0.681947675598,4,context:67a77a88e7d690bd1deb7c15,NCTNEXWAKFHINX,15.57,17.757575353,2.18757535299,True
solvent,1,water,3,main text,False,114,113,0.681947675598,4,context:67d69a6a20e197ae30cd76a6,JJIGRMWSNCMAIW,13.09,12.535033226,-0.554966773987,True
solvent,1,water,3,main text,False,114,113,0.681947675598,4,context:78219337fa07aa51b725f02c,CWERGRDVMFNCDR,22.62,21.6046193441,-1.01538065592,True
solvent,1,water,3,main text,False,114,113,0.681947675598,4,context:7a9730d488a266fa2217671e,LEZZSPMYYQOQRD,12.66,13.2458928426,0.585892842611,True
solvent,1,water,3,main text,False,114,113,0.681947675598,4,context:7d79978fb66a1b279b0e0da7,DFNYGALUNNFWKJ,10.8,11.6429239909,0.842923990885,True
solvent,1,water,3,main text,False,114,113,0.681947675598,4,context:843c178340fd63ad343a3c47,CUJRVFIICFDLGR,13.73,13.764805158,0.0348051579793,True
solvent,1,water,3,main text,False,114,113,0.681947675598,4,context:8ce8c05e600f200167d9ea98,BHAAPTBBJKJZER,14.28,12.7593377431,-1.52066225688,True
solvent,1,water,3,main text,False,114,113,0.681947675598,4,context:8d85ac1c9ae4ec0c4892e261,LXBGSDVWAMZHDD,9.45,9.23422431946,-0.215775680542,True
solvent,1,water,3,main text,False,114,113,0.681947675598,4,context:908222a6672bc8229b37a507,MRHSGZMVLDOZCK,10.69,14.2897326152,3.59973261515,True
solvent,1,water,3,main text,False,114,113,0.681947675598,4,context:95701497ccbde9e4e0263ccd,ONIBWKKTOPOVIA,18.08,14.9906740189,-3.08932598114,True
solvent,1,water,3,main text,False,114,113,0.681947675598,4,context:973c0a0f35594e2e6e8ca13a,YMAWOPBAYDPSLA,12.91,12.5902363459,-0.319763654073,True
solvent,1,water,3,main text,False,114,113,0.681947675598,4,context:abb67462906e5598eb88ace3,XFNJVJPLKCPIBV,14.02,13.6237691243,-0.396230875651,True
solvent,1,water,3,main text,False,114,113,0.681947675598,4,context:b218b48bac376a82bba40669,QGZKDVFQNNGYKY,9.48,9.86650276184,0.386502761841,True
solvent,1,water,3,main text,False,114,113,0.681947675598,4,context:b5db293c21a91cc32f86f377,ZBJDBFWPAOORHG,12.06,11.4195419947,-0.640458005269,True
solvent,1,water,3,main text,False,114,113,0.681947675598,4,context:d4d54c98a2f232eccd3663c1,YBTFTZSRVCNOLA,14.25,15.7983640035,1.5483640035,True
solvent,1,water,3,main text,False,114,113,0.681947675598,4,context:d59c0e317cb68d0521e2bcc9,UZJGVXSQDRSSHU,16.02,18.1585216522,2.13852165222,True
solvent,1,water,3,main text,False,114,113,0.681947675598,4,context:e53fa77227dd1761e4f8ed3c,YQHLDYVWEZKEOX,13.92,15.2336441676,1.31364416758,True
solvent,1,water,3,main text,False,114,113,0.681947675598,4,context:f363e7e84dfe18ed94ae5ba5,JGJLWPGRMCADHB,16.69,13.3558012644,-3.33419873556,True
solvent,1,THF,4,main text,False,25,25,0.830502032014,0,context:1dfd7188ae714564d2989a31,NZNTUXSPRYJURO,31.92,30.4564997355,-1.46350026449,True
solvent,1,THF,4,main text,False,25,25,0.830502032014,0,context:30af75f1241104415ea92d87,GKIYSZCDLDAYKO,19.84,16.6986529032,-3.14134709676,True
solvent,1,THF,4,main text,False,25,25,0.830502032014,0,context:3dc4d6df096ef54ef2814e4b,RXSPZPXAAMOOOX,22.8,24.5889027913,1.78890279134,True
solvent,1,THF,4,main text,False,25,25,0.830502032014,0,context:3ea3a9a7593a86fbafa8a68c,RNELPITXEMRBAL,18.11,18.7110176086,0.601017608643,True
solvent,1,THF,4,main text,False,25,25,0.830502032014,0,context:475f15baece4965001ba7174,JCYWCSGERIELPG,21.72,21.8777211507,0.157721150716,True
solvent,1,THF,4,main text,False,25,25,0.830502032014,0,context:5265d6cc2ccfe8e825df9705,XDQPJHFZMRLQML,16.54,18.5630187988,2.02301879883,True
solvent,1,THF,4,main text,False,25,25,0.830502032014,0,context:9c8acdbe5f9d8998619de1b4,AXYRIKDCPCRBHJ,23.55,24.7955404917,1.24554049174,True
solvent,1,THF,4,main text,False,25,25,0.830502032014,0,context:f2cc18433a144f07b39a3396,XFECHWDUMFDDIF,15.92,14.9206641515,-0.99933584849,True
solvent,1,THF,4,main text,False,25,25,0.830502032014,1,context:1e317e343456e6afbce995e0,MJVQTBDTLNENNZ,20.78,23.121799469,2.34179946899,True
solvent,1,THF,4,main text,False,25,25,0.830502032014,1,context:329f6b55fd07166c50259d0c,RIOQSEWOXXDEQQ,13.59,16.0607268016,2.47072680155,True
solvent,1,THF,4,main text,False,25,25,0.830502032014,1,context:63c3757522bc10ed47945f05,IIAIGCWRMDEUDI,20.41,21.3564109802,0.946410980225,True
solvent,1,THF,4,main text,False,25,25,0.830502032014,2,context:0e605707546ed7048b41f516,PKYCXNVLSSGOFD,18.68,18.5621700287,-0.117829971313,True
solvent,1,THF,4,main text,False,25,25,0.830502032014,2,context:5af2252e4939252705a72bb2,QZHWOLKBXYORRO,14.07,13.5642887751,-0.505711224874,False
solvent,1,THF,4,main text,False,25,25,0.830502032014,2,context:78c61474cb4dff81233ca673,CWFXWJSSDWTGBX,23,21.8076165517,-1.19238344828,True
solvent,1,THF,4,main text,False,25,25,0.830502032014,2,context:bf5663cc95ff03d5452aa635,BHPRLMYARNVDRJ,15.33,15.2474323908,-0.0825676091512,True
solvent,1,THF,4,main text,False,25,25,0.830502032014,3,context:09ce772c3d342961a7abfaec,GQHTUMJGOHRCHB,16.12,16.7873395284,0.667339528402,True
solvent,1,THF,4,main text,False,25,25,0.830502032014,3,context:0ab42d91f53ee6c83637eb61,MNQRNWDJCMKRJG,21.36,21.2932122548,-0.0667877451579,True
solvent,1,THF,4,main text,False,25,25,0.830502032014,3,context:239c209644a459769d7a4e4e,VHYFNPMBLIVWCW,15.9,15.9949541092,0.0949541091919,True
solvent,1,THF,4,main text,False,25,25,0.830502032014,3,context:2bb2d87993fd2f6b131da5a4,BINFMIKPPPUPAO,24.86,26.4601993561,1.60019935608,True
solvent,1,THF,4,main text,False,25,25,0.830502032014,3,context:4c9a0598e72a9490163db0f2,JITQYZIBZBYZSK,14.19,17.0342388153,2.84423881531,True
solvent,1,THF,4,main text,False,25,25,0.830502032014,3,context:63768c6bb77df83e92226c73,HSRPLROZBPXWIY,30.25,28.6686471303,-1.58135286967,True
solvent,1,THF,4,main text,False,25,25,0.830502032014,3,context:ff156dbe306c9fdc1fc5b061,DFPLUISJTGAKGA,17.8,20.6801586151,2.88015861511,True
solvent,1,THF,4,main text,False,25,25,0.830502032014,4,context:2d30b422fff296f981311fc8,ZCPWZUGSUPGMLC,21.5,21.4663016001,-0.0336983998617,True
solvent,1,THF,4,main text,False,25,25,0.830502032014,4,context:6e6a401dc25bcdce382c3515,PTTODLHIQLXZIF,22.3,22.2331473033,-0.0668526967367,True
solvent,1,THF,4,main text,False,25,25,0.830502032014,4,context:9e7cf3336b86869f1bc12272,LSMWOQFDLBIYPM,23.35,17.7914600372,-5.55853996277,True
solvent,1,DMF,5,Supporting Information,True,15,15,0.550348061624,0,context:74f0f478d87e1a6f17da3e3d,QHPQWRBYOIRBIT,19.9,19.7240130107,-0.175986989339,True
solvent,1,DMF,5,Supporting Information,True,15,15,0.550348061624,1,context:140625e7a8792f40d3d70476,WXNZTHHGJRFXKQ,19.67,20.1222139994,0.45221399943,True
solvent,1,DMF,5,Supporting Information,True,15,15,0.550348061624,1,context:15f73ae160b9f380663ec083,RTZZCYNQPHTPPL,22.41,18.017548879,-4.39245112101,True
solvent,1,DMF,5,Supporting Information,True,15,15,0.550348061624,1,context:298d42e9c266a97c96310a00,BTJIUGUIPKRLHP,15.05,18.3143215179,3.26432151794,True
solvent,1,DMF,5,Supporting Information,True,15,15,0.550348061624,1,context:b66dc3e2fb4cd6970a1aff62,FJWLWQRPZMZRQI,26.64,26.9628435771,0.322843577067,True
solvent,1,DMF,5,Supporting Information,True,15,15,0.550348061624,1,context:d4fc625fb1656cfe23e866b6,CVNOWLNNPYYEOH,17.85,20.2542317708,2.40423177083,True
solvent,1,DMF,5,Supporting Information,True,15,15,0.550348061624,1,context:fe5abbf79290593e86569ebd,UGEJOEBBMPOJMT,23.4,21.3251775106,-2.07482248942,True
solvent,1,DMF,5,Supporting Information,True,15,15,0.550348061624,2,context:480667c80a4bb52eb64abcc1,NWVVVBRKAWDGAB,19.9,20.2256991069,0.325699106852,True
solvent,1,DMF,5,Supporting Information,True,15,15,0.550348061624,2,context:ff347129e8f02e72207eade3,IQUPABOKLQSFBK,16.65,19.1279220581,2.47792205811,True
solvent,1,DMF,5,Supporting Information,True,15,15,0.550348061624,3,context:0e9265b44244ff4c588df95d,IWDCLRJOBJJRNH,19.65,19.8349583944,0.184958394368,True
solvent,1,DMF,5,Supporting Information,True,15,15,0.550348061624,3,context:4763316f5212da925626508e,VHYFNPMBLIVWCW,14.9,14.9191026688,0.0191026687622,True
solvent,1,DMF,5,Supporting Information,True,15,15,0.550348061624,3,context:87908d0dc6a3a19f1ab7b04a,YERBBVNYIKLXDM,22.21,18.6106115977,-3.5993884023,True
solvent,1,DMF,5,Supporting Information,True,15,15,0.550348061624,3,context:949b1c1beccdbbc6ac0e4e06,ZOQOPXVJANRGJZ,20.37,19.2696247101,-1.10037528992,True
solvent,1,DMF,5,Supporting Information,True,15,15,0.550348061624,3,context:f8a9352cc568c9cf5cf6ccac,ISWSIDIOOBJBQZ,18.86,20.072517395,1.21251739502,True
solvent,1,DMF,5,Supporting Information,True,15,15,0.550348061624,4,context:33d586a3dcda0fc4f356b3ab,BAYGVMXZJBFEMB,22.05,21.9150218964,-0.134978103638,True
solvent,1,MeOH,6,Supporting Information,True,4,4,0.530056289717,1,context:88e78d8b299e7eb4c1cbe329,KRHYYFGTRYWZRS,11.31,11.3255049388,0.0155049387614,True
solvent,1,MeOH,6,Supporting Information,True,4,4,0.530056289717,2,context:026b96b3063775741a0ae01a,NBTOZLQBSIZIKS,15.78,19.2543697357,3.47436973572,True
solvent,1,MeOH,6,Supporting Information,True,4,4,0.530056289717,2,context:7535c637bc4661b19ad0c2a5,OKKJLVBELUTLKV,7.54,8.98778502146,1.44778502146,True
solvent,1,MeOH,6,Supporting Information,True,4,4,0.530056289717,3,context:047bb9a53157848d84af427d,VEXZGXHMUGYJMC,12.9,11.3272473017,-1.57275269826,True
solvent,1,EtOH,7,Supporting Information,True,3,3,0.454016026452,0,context:20d0d451e75912ece86fa97d,LFQSCWFLJHTTHZ,7.44,7.97177680333,0.531776803335,True
solvent,1,EtOH,7,Supporting Information,True,3,3,0.454016026452,1,context:358d64dbd288241dca32d497,HHFAWKCIHAUFRX,15.78,18.6225668589,2.84256685893,True
solvent,1,EtOH,7,Supporting Information,True,3,3,0.454016026452,3,context:9ed05bdbe4e0643fba096326,VEXZGXHMUGYJMC,14.7,10.9449294408,-3.75507055918,True
solvent,1,acetone,8,Supporting Information,True,2,2,-4.70480417668,3,context:4a952e70bc7025c3da22dd2c,OTLNPYWUJOZPPA,18.74,18.7751261393,0.0351261393229,True
solvent,1,acetone,8,Supporting Information,True,2,2,-4.70480417668,4,context:f834ccfc524a8a8c486af933,VYWYYJYRVSBHJQ,18.8,18.7049484253,-0.095051574707,True
site type,2,atom,0,main text,False,630,502,0.870352183595,0,context:001aff9d192ba5bb00ea7813,NDOMXVXCNMTXDL,14.46,16.1835187276,1.72351872762,True
site type,2,atom,0,main text,False,630,502,0.870352183595,0,context:03f78f46086cefb733d5d11b,DNJLFZHMJDSJFN,4.59,5.58917792638,0.999177926381,True
site type,2,atom,0,main text,False,630,502,0.870352183595,0,context:090dbc083620bee62ad32180,FUDLPTUMHBESOS,16.27,16.0781294505,-0.19187054952,True
site type,2,atom,0,main text,False,630,502,0.870352183595,0,context:0a30d5946ad9e79a6f3d44a3,YJSCYFWNFZXUDZ,16.03,16.7267386119,0.696738611857,True
site type,2,atom,0,main text,False,630,502,0.870352183595,0,context:0a30e11d6079a6f65e244bae,WXAZIUYTQHYBFW,15.44,14.435971578,-1.00402842204,True
site type,2,atom,0,main text,False,630,502,0.870352183595,0,context:0e13cec0808376ddbfdd7085,BWJAFKSLQWCVOB,13.78,13.8331972758,0.0531972757975,True
site type,2,atom,0,main text,False,630,502,0.870352183595,0,context:12d9b5d2f11b21943d18ad53,AVFZOVWCLRSYKC,20.59,19.1275959015,-1.46240409851,True
site type,2,atom,0,main text,False,630,502,0.870352183595,0,context:13a3b87f352eeb4562f06016,MIYKHJXFICMPOJ,7.9,8.93349806468,1.03349806468,True
site type,2,atom,0,main text,False,630,502,0.870352183595,0,context:14d010006c37274be2241233,JSINEXDALPWUTH,27.62,26.5736420949,-1.04635790507,True
site type,2,atom,0,main text,False,630,502,0.870352183595,0,context:1650dd1b8b569bb4f72e3821,COKQMTJWXMERBR,13.43,15.0083370209,1.57833702087,True
site type,2,atom,0,main text,False,630,502,0.870352183595,0,context:16b1e73b7ed6334a3dae379c,IQIMPHPFMHVWBZ,7.39,3.65661557515,-3.73338442485,False
site type,2,atom,0,main text,False,630,502,0.870352183595,0,context:18ff98d098dbd02ed5f75395,HXTGGPKOEKKUQO,8.6,10.1507320404,1.55073204041,True
site type,2,atom,0,main text,False,630,502,0.870352183595,0,context:1b4e88786daad3fbde5cf36c,FHHJDRFHHWUPDG,14.41,16.0452006658,1.63520066579,True
site type,2,atom,0,main text,False,630,502,0.870352183595,0,context:1dfd7188ae714564d2989a31,NZNTUXSPRYJURO,31.92,30.4564997355,-1.46350026449,True
site type,2,atom,0,main text,False,630,502,0.870352183595,0,context:1e09b044d95fdd440ea85ec5,ZSBDPRIWBYHIAF,16.05,16.0537344615,0.00373446146647,True
site type,2,atom,0,main text,False,630,502,0.870352183595,0,context:20d0d451e75912ece86fa97d,LFQSCWFLJHTTHZ,7.44,7.97177680333,0.531776803335,True
site type,2,atom,0,main text,False,630,502,0.870352183595,0,context:20d8a2eaf05b9af6bc9e3953,JJWLVOIRVHMVIS,12,12.100481987,0.100481987,True
site type,2,atom,0,main text,False,630,502,0.870352183595,0,context:214dd31c19747d5f9196b372,ULGQYSSQBVDCSA,14.97,17.5275719961,2.55757199605,True
site type,2,atom,0,main text,False,630,502,0.870352183595,0,context:22ab8ea7871358274033ad6b,CLLOFODTUXGHHT,15.99,16.8643143972,0.874314397176,True
site type,2,atom,0,main text,False,630,502,0.870352183595,0,context:2673b2e6f4836612040b8d76,PSINDLUNOGABJV,-0.35,-0.443183581034,-0.0931835810343,True
site type,2,atom,0,main text,False,630,502,0.870352183595,0,context:28c4c7e6ec32ffa11083abac,UTWQHEUIFBZBTR,5.61,2.56765333811,-3.04234666189,True
site type,2,atom,0,main text,False,630,502,0.870352183595,0,context:2a71df212f4b05ff5d632060,OZTFXWYJHCTJDS,20.63,20.0123577118,-0.617642288208,True
site type,2,atom,0,main text,False,630,502,0.870352183595,0,context:2bcaae8f6c47902e047369e7,XKUKSGPZAADMRA,12.26,12.746720314,0.486720314026,True
site type,2,atom,0,main text,False,630,502,0.870352183595,0,context:30af75f1241104415ea92d87,GKIYSZCDLDAYKO,19.84,16.6986529032,-3.14134709676,True
site type,2,atom,0,main text,False,630,502,0.870352183595,0,context:3217aae091c441f2962a149f,XCRBXWCUXJNEFX,18.57,17.1922550201,-1.37774497986,True
site type,2,atom,0,main text,False,630,502,0.870352183595,0,context:328d0fcbd1c9eadad4363008,TUQOTMZNTHZOKS,15.49,13.8743518194,-1.61564818064,True
site type,2,atom,0,main text,False,630,502,0.870352183595,0,context:35a3e1527a4cd1317f5c5416,UZXKWLDYUXFLFO,14.45,14.2889709473,-0.161029052734,True
site type,2,atom,0,main text,False,630,502,0.870352183595,0,context:39cbfe1b30a616c36be79b3c,DIXNHFYWIDAWDL,8.87,8.8203496933,-0.0496503067017,True
site type,2,atom,0,main text,False,630,502,0.870352183595,0,context:3ad3fc5ff9838c1f0d5de912,CWFHQXFFTAMVMB,19.67,20.4364941915,0.766494191488,True
site type,2,atom,0,main text,False,630,502,0.870352183595,0,context:3b9b85e5cb3830bc1f496370,NIFAOMSJMGEFTQ,24.97,23.2651729584,-1.70482704163,True
site type,2,atom,0,main text,False,630,502,0.870352183595,0,context:3dc4d6df096ef54ef2814e4b,RXSPZPXAAMOOOX,22.8,24.5889027913,1.78890279134,True
site type,2,atom,0,main text,False,630,502,0.870352183595,0,context:3ea3a9a7593a86fbafa8a68c,RNELPITXEMRBAL,18.11,18.7110176086,0.601017608643,True
site type,2,atom,0,main text,False,630,502,0.870352183595,0,context:4089f8c411fff3f28ae1ebd4,JYCRDKIYCUUZJK,25.77,25.2290910085,-0.540908991496,True
site type,2,atom,0,main text,False,630,502,0.870352183595,0,context:42149965af3f589a07e54719,MTGZTDPLQGHQDR,14.9,17.1131528219,2.21315282186,True
site type,2,atom,0,main text,False,630,502,0.870352183595,0,context:4313160ed0b65a3bb70fc2d1,SGIJBHQBXMMPRH,17.41,17.3262786865,-0.0837213134766,True
site type,2,atom,0,main text,False,630,502,0.870352183595,0,context:45ed864d032709cd388e9432,AXBVSRMHOPMXBA,18.92,17.9443829854,-0.975617014567,True
site type,2,atom,0,main text,False,630,502,0.870352183595,0,context:475f15baece4965001ba7174,JCYWCSGERIELPG,21.72,21.8777211507,0.157721150716,True
site type,2,atom,0,main text,False,630,502,0.870352183595,0,context:48cc80b27c2a4a4513d904a0,VINAMCOZNJHNIH,11.34,10.8565975825,-0.483402417501,True
site type,2,atom,0,main text,False,630,502,0.870352183595,0,context:4c8c59af0bb4cf7ab98bba4a,GYAWYTAKUGNDPZ,25.35,26.6584332784,1.3084332784,True
site type,2,atom,0,main text,False,630,502,0.870352183595,0,context:5265d6cc2ccfe8e825df9705,XDQPJHFZMRLQML,16.54,18.5630187988,2.02301879883,True
site type,2,atom,0,main text,False,630,502,0.870352183595,0,context:562e2fcda1751362366111d2,NVVNLCKXNCYPQH,0.4,2.30397891998,1.90397891998,True
site type,2,atom,0,main text,False,630,502,0.870352183595,0,context:57a61b4108bbe829656084aa,UQSOGZXHDSPWFD,14.1,14.7334569295,0.633456929525,True
site type,2,atom,0,main text,False,630,502,0.870352183595,0,context:60c800e66fa41e374ca1a6ea,QHPQWRBYOIRBIT,19.67,19.9747962952,0.304796295166,True
site type,2,atom,0,main text,False,630,502,0.870352183595,0,context:61c409edafbb65211c953435,RGHPCLZJAFCTIK,16.78,16.8371334076,0.0571334075928,True
site type,2,atom,0,main text,False,630,502,0.870352183595,0,context:627ab01c8a54d15a19c60183,YEQVLORJYBRUCD,19.35,18.2616990407,-1.08830095927,True
site type,2,atom,0,main text,False,630,502,0.870352183595,0,context:650ea309010a457d79e885ff,XXUWAAJQVTXRAO,8.13,8.96006457011,0.830064570109,True
site type,2,atom,0,main text,False,630,502,0.870352183595,0,context:67ee3741a939c576944199f8,HQABUPZFAYXKJW,15.27,14.4119917552,-0.858008244832,True
site type,2,atom,0,main text,False,630,502,0.870352183595,0,context:69a88882c4e79c18ebac1184,IOVCWXUNBOPUCH,17.2,14.1532793045,-3.0467206955,False
site type,2,atom,0,main text,False,630,502,0.870352183595,0,context:69c70eb06837fbce6263e31a,GIDBRWGOCCCTPC,13.46,12.9698165258,-0.490183474223,True
site type,2,atom,0,main text,False,630,502,0.870352183595,0,context:6abaff92fb45b01155e3050e,XUJNEKJLAYXESH,23.43,21.3153661092,-2.11463389079,True
site type,2,atom,0,main text,False,630,502,0.870352183595,0,context:6ec86f203c2a42a29b194cf2,YQJCJUHORLSWRJ,30.82,28.7283236186,-2.09167638143,True
site type,2,atom,0,main text,False,630,502,0.870352183595,0,context:74f0f478d87e1a6f17da3e3d,QHPQWRBYOIRBIT,19.9,19.7240130107,-0.175986989339,True
site type,2,atom,0,main text,False,630,502,0.870352183595,0,context:79674fa65e3e769efbe4cd21,MDRTVDMOEOENKV,18.38,18.1711476644,-0.208852335612,True
site type,2,atom,0,main text,False,630,502,0.870352183595,0,context:79a50ba7c4ebd615df8add3f,DKCPKDPYUFEZCP,21.02,19.6054191589,-1.41458084106,True
site type,2,atom,0,main text,False,630,502,0.870352183595,0,context:7c0fef815e96a583c571606a,PVVRRUUMHFWFQV,13.5,13.7637090683,0.263709068298,True
site type,2,atom,0,main text,False,630,502,0.870352183595,0,context:7f42f59424116027fc166d10,WLHCBQAPPJAULW,24.35,22.8497416178,-1.50025838216,True
site type,2,atom,0,main text,False,630,502,0.870352183595,0,context:80fb90c0b3fe5cf48d23fd77,YLBWRMSQRFEIEB,18.33,17.4840183258,-0.845981674194,True
site type,2,atom,0,main text,False,630,502,0.870352183595,0,context:813e0334086da86a5e1fe9a5,JFIRJUGAIIXIKT,7.72,7.79430294037,0.0743029403687,True
site type,2,atom,0,main text,False,630,502,0.870352183595,0,context:85a1d71610adfe7ee596a8f6,UANFUHHPWZFXOZ,16.73,16.6555608114,-0.0744391886393,True
site type,2,atom,0,main text,False,630,502,0.870352183595,0,context:88bf258341de5dac70c4e8f3,WGBRKOIQXMBFOG,18.42,16.8816064199,-1.53839358012,True
site type,2,atom,0,main text,False,630,502,0.870352183595,0,context:8bc75ff1d2268de55951ac84,KLCCPWRSRHUOJD,11.23,8.44094530741,-2.78905469259,True
site type,2,atom,0,main text,False,630,502,0.870352183595,0,context:8d17e62f030f0bbad706b170,BBNCFUDDDLKWIF,16.26,16.3479881287,0.0879881286621,True
site type,2,atom,0,main text,False,630,502,0.870352183595,0,context:918105f4116a019fb5d63ae2,YVPJCJLMRRTDMQ,4.91,5.20346943537,0.293469435374,True
site type,2,atom,0,main text,False,630,502,0.870352183595,0,context:9293f1dc8268b7ed7c3fdadb,HPKILAUQVUIYJX,18.57,19.925505956,1.35550595601,True
site type,2,atom,0,main text,False,630,502,0.870352183595,0,context:95f520a6ed9373a0c9caca8b,URHVULHWITWMRL,21.61,23.2857074738,1.67570747375,True
site type,2,atom,0,main text,False,630,502,0.870352183595,0,context:9600838b498c7561747ba82c,VKEKEVSKCQVRNL,26.71,23.8540026347,-2.85599736532,True
site type,2,atom,0,main text,False,630,502,0.870352183595,0,context:980037e2453100b757ab25e4,JJWLVOIRVHMVIS,13.77,12.8183403015,-0.951659698486,True
site type,2,atom,0,main text,False,630,502,0.870352183595,0,context:9a08a861eafd7d0c42f91eaa,FSXRUCROJQTPJL,15.02,13.9519996643,-1.06800033569,True
site type,2,atom,0,main text,False,630,502,0.870352183595,0,context:9b4343222cddc0bda3f79c47,ZJAFQAPHWPSKRZ,17.43,15.1782547633,-2.25174523671,True
site type,2,atom,0,main text,False,630,502,0.870352183595,0,context:9bcd71656118ba26a7ecec32,ATHRJHFIJWCLFV,15.16,15.2523361842,0.0923361841838,True
site type,2,atom,0,main text,False,630,502,0.870352183595,0,context:9bff423585c537984a6c5398,CQYSBAHQDYWVKQ,26.95,28.3938077291,1.44380772909,True
site type,2,atom,0,main text,False,630,502,0.870352183595,0,context:9c8acdbe5f9d8998619de1b4,AXYRIKDCPCRBHJ,23.55,24.7955404917,1.24554049174,True
site type,2,atom,0,main text,False,630,502,0.870352183595,0,context:a1b67c476d324ea2fad83d07,JQNVVACBXZAFHF,12.95,15.6958223979,2.74582239787,True
site type,2,atom,0,main text,False,630,502,0.870352183595,0,context:a5d757b84e8b38f6375513cd,MDRTVDMOEOENKV,14.33,13.6768213908,-0.653178609212,True
site type,2,atom,0,main text,False,630,502,0.870352183595,0,context:a8372a452070c6c0b566016b,PVGJVPSTRUYNOE,19.28,19.6833845774,0.403384577433,True
site type,2,atom,0,main text,False,630,502,0.870352183595,0,context:a9ff9fb8921e13fcc83283ce,JKANAVGODYYCQF,12.29,12.7932570775,0.503257077535,True
site type,2,atom,0,main text,False,630,502,0.870352183595,0,context:ad4393e7f48289c26ed4fcd4,MNRBVTDLMUNVLD,11.11,11.0161600113,-0.0938399887085,True
site type,2,atom,0,main text,False,630,502,0.870352183595,0,context:aef17422fa857ca9671d2a62,QCRZUFHWDDXSHW,2.72,5.51984039942,2.79984039942,True
site type,2,atom,0,main text,False,630,502,0.870352183595,0,context:b36b9cf224d502b6bd3f1005,RIWNFZUWWRVGEU,4.9,6.0996371905,1.1996371905,True
site type,2,atom,0,main text,False,630,502,0.870352183595,0,context:bc906490bcd87f3d7da264b3,IIOSDXGZLBPOHD,14.26,13.2144575119,-1.0455424881,True
site type,2,atom,0,main text,False,630,502,0.870352183595,0,context:bcd9f64b994e9544afb0108e,IRIFPBQOVIDMFC,19.61,20.3462359111,0.736235911051,True
site type,2,atom,0,main text,False,630,502,0.870352183595,0,context:bdd587d65b838137bfc608fb,GRGKYWJIDJKXGA,15.3,15.0105527242,-0.289447275798,True
site type,2,atom,0,main text,False,630,502,0.870352183595,0,context:be285c68daff9e4004fcdcd7,XZZSHPQZTUOUIJ,14.62,14.7650194168,0.145019416809,True
site type,2,atom,0,main text,False,630,502,0.870352183595,0,context:bf17f3fe9e1f0c2c950ac549,KQSSATDQUYCRGS,12.08,12.0559314092,-0.0240685908,True
site type,2,atom,0,main text,False,630,502,0.870352183595,0,context:c0e5200ef121c85e7a9c0930,SBYHFKPVCBCYGV,20.54,17.7059110006,-2.83408899943,True
site type,2,atom,0,main text,False,630,502,0.870352183595,0,context:c1c03ef0cebadcc552cbed39,CHPRFKYDQRKRRK,16.5,16.6573683421,0.157368342082,True
site type,2,atom,0,main text,False,630,502,0.870352183595,0,context:c24a2b229e975fe2db33546a,DWEYZWRAPWVVAR,6.77,7.56184116999,0.791841169993,True
site type,2,atom,0,main text,False,630,502,0.870352183595,0,context:c409a03707b7ee5cf1ac28c6,LTWOWNFQZPMVEV,20.76,21.0648721059,0.304872105916,True
site type,2,atom,0,main text,False,630,502,0.870352183595,0,context:c95a4aa1bca0a6615515617b,BHHGXPLMPWCGHP,13.4,13.3345190684,-0.0654809315999,True
site type,2,atom,0,main text,False,630,502,0.870352183595,0,context:d0d2a667857756a2726af781,CIHOLLKRGTVIJN,14.29,13.6102406184,-0.679759381612,True
site type,2,atom,0,main text,False,630,502,0.870352183595,0,context:d3bb48ee3c413555e8abe563,CWFHQXFFTAMVMB,20.1,21.7278340658,1.62783406576,True
site type,2,atom,0,main text,False,630,502,0.870352183595,0,context:dac035816071942828a97715,KZSNJWFQEVHDMF,13.65,13.3283920288,-0.321607971191,True
site type,2,atom,0,main text,False,630,502,0.870352183595,0,context:dc520fd0d2f296368d2b143d,AVFZOVWCLRSYKC,20.6,18.5603065491,-2.03969345093,True
site type,2,atom,0,main text,False,630,502,0.870352183595,0,context:de7863a9f30dc85446668fa4,LFQSCWFLJHTTHZ,7.13,6.98196077347,-0.148039226532,True
site type,2,atom,0,main text,False,630,502,0.870352183595,0,context:e1a895f5d8198b8056159ad7,VWSLLSXLURJCDF,12.92,13.7440255483,0.824025548299,True
site type,2,atom,0,main text,False,630,502,0.870352183595,0,context:e326875611e1cbdd7aac724a,GWDGKETUJGWYQO,19.53,19.1885693868,-0.3414306132,True
site type,2,atom,0,main text,False,630,502,0.870352183595,0,context:e380ffdc89b71236fc23b9a4,ZSFFNMWHQIKTAO,4.36,2.99338944753,-1.36661055247,True
site type,2,atom,0,main text,False,630,502,0.870352183595,0,context:e601b6e7192fe44a75d7d093,IQIMPHPFMHVWBZ,8.76,6.5626745224,-2.1973254776,True
site type,2,atom,0,main text,False,630,502,0.870352183595,0,context:e67c7c7106b68d3c998d5d95,YBRBMKDOPFTVDT,10.48,11.2682511012,0.788251101176,True
site type,2,atom,0,main text,False,630,502,0.870352183595,0,context:e734109216fa2a439f33ed9b,YXHKONLOYHBTNS,10.48,8.71073532104,-1.76926467896,True
site type,2,atom,0,main text,False,630,502,0.870352183595,0,context:e79ec175558e0bc952859bea,YPDIZBUWKWIELE,17.68,15.4150807063,-2.26491929372,True
site type,2,atom,0,main text,False,630,502,0.870352183595,0,context:e92c84b09c6eeae677a0946d,QNAYBMKLOCPYGJ,13.01,13.2381029129,0.228102912903,True
site type,2,atom,0,main text,False,630,502,0.870352183595,0,context:e9b6876467fe9769098ed944,QHPQWRBYOIRBIT,21.7,19.096192042,-2.60380795797,True
site type,2,atom,0,main text,False,630,502,0.870352183595,0,context:ecb297174bed3707aadaa462,HUDALTOSJROBFH,14.27,14.0067192713,-0.263280728658,True
site type,2,atom,0,main text,False,630,502,0.870352183595,0,context:efbe15f5d33e6bb8743efcec,OTZYLKUZVWKKHG,13.86,14.0545066198,0.194506619771,True
site type,2,atom,0,main text,False,630,502,0.870352183595,0,context:f1325b18e7f94b2c1cdb3414,CBDRKLYGOJXLKK,19.2,18.430949529,-0.769050470988,True
site type,2,atom,0,main text,False,630,502,0.870352183595,0,context:f2814866427845d84ca7ee33,RVIXKDRPFPUUOO,12.6,13.8013089498,1.20130894979,True
site type,2,atom,0,main text,False,630,502,0.870352183595,0,context:f2cc18433a144f07b39a3396,XFECHWDUMFDDIF,15.92,14.9206641515,-0.99933584849,True
site type,2,atom,0,main text,False,630,502,0.870352183595,0,context:f48319850a2bb2ec228c58a9,YPDIZBUWKWIELE,21.13,22.2074337006,1.07743370056,True
site type,2,atom,0,main text,False,630,502,0.870352183595,0,context:f895ec2ac94bd10eb738b767,BWJAFKSLQWCVOB,11.95,12.3105494181,0.360549418132,True
site type,2,atom,0,main text,False,630,502,0.870352183595,0,context:fd0048508dd47031cbbf4049,YBRBMKDOPFTVDT,12.35,11.3439925512,-1.00600744883,True
site type,2,atom,0,main text,False,630,502,0.870352183595,0,context:fd2af92c872af77ad3756bb5,SCURCOWZQJIUGR,21.75,22.0185832977,0.268583297729,True
site type,2,atom,0,main text,False,630,502,0.870352183595,0,context:fe5846df70dc46310419f4c9,FUDLPTUMHBESOS,11.77,14.531373024,2.76137302399,True
site type,2,atom,0,main text,False,630,502,0.870352183595,0,context:ff14485f155d2826eedc3461,PMDMVQFNTPLNPX,10.03,10.4959726334,0.465972633362,True
site type,2,atom,0,main text,False,630,502,0.870352183595,1,context:000edfe6c31e366ec614031b,RAOIDOHSFRTOEL,13.3,12.874434789,-0.425565210978,True
site type,2,atom,0,main text,False,630,502,0.870352183595,1,context:01312c5e36069481a232d7fa,KIPSRYDSZQRPEA,10.13,11.2599849701,1.12998497009,True
site type,2,atom,0,main text,False,630,502,0.870352183595,1,context:017f7ba29a7550dbfbd917e1,WEVYAHXRMPXWCK,2.23,-0.762613932292,-2.99261393229,False
site type,2,atom,0,main text,False,630,502,0.870352183595,1,context:04095404de33edb25a6698ab,YYKAFPWEQRAEAQ,18.69,19.0870564779,0.397056477865,True
site type,2,atom,0,main text,False,630,502,0.870352183595,1,context:05a1836bf03e7d9800b7833c,AZIXWBRHGNBNNF,20.51,19.739185969,-0.770814030965,True
site type,2,atom,0,main text,False,630,502,0.870352183595,1,context:05cd838cbc65c359c7a472e8,DCXYFEDJOCDNAF,13.03,12.9556544622,-0.0743455378215,True
site type,2,atom,0,main text,False,630,502,0.870352183595,1,context:06ddadbb9af8eaa94c5e2b88,LSNNMFCWUKXFEE,16.83,15.0256083806,-1.80439161936,False
site type,2,atom,0,main text,False,630,502,0.870352183595,1,context:085861b02cdfed858e464ec2,RAOIDOHSFRTOEL,13.1,12.2576859792,-0.842314020793,True
site type,2,atom,0,main text,False,630,502,0.870352183595,1,context:089677f122968cf0d5bdb68f,IBZOSHDHPFXJFD,14.49,13.7868102392,-0.703189760844,True
site type,2,atom,0,main text,False,630,502,0.870352183595,1,context:0a6b2588e4678c622f6b61fa,AUNRNFJMNRQWOE,13.15,14.0503603617,0.900360361735,True
site type,2,atom,0,main text,False,630,502,0.870352183595,1,context:10b63c4b91785257dcc53543,AGBOAUNKIUIEGH,16.15,16.6788457235,0.52884572347,True
site type,2,atom,0,main text,False,630,502,0.870352183595,1,context:11c3c240451cfb805aeeb0f7,QNBOHFPDAYXLCC,9.55,11.3588968913,1.80889689128,True
site type,2,atom,0,main text,False,630,502,0.870352183595,1,context:140625e7a8792f40d3d70476,WXNZTHHGJRFXKQ,19.67,20.1222139994,0.45221399943,True
site type,2,atom,0,main text,False,630,502,0.870352183595,1,context:15f619a19572113953d2b8d6,BDZGAPNZRQNDAK,3.51,3.37256511052,-0.137434889476,True
site type,2,atom,0,main text,False,630,502,0.870352183595,1,context:15f73ae160b9f380663ec083,RTZZCYNQPHTPPL,22.41,18.017548879,-4.39245112101,True
site type,2,atom,0,main text,False,630,502,0.870352183595,1,context:1a065821ea356358c9a90e1e,AVXURJPOCDRRFD,11.41,10.3085950216,-1.10140497843,True
site type,2,atom,0,main text,False,630,502,0.870352183595,1,context:1d1b32db7b6231cdfbf81c0a,XKJCHHZQLQNZHY,15.52,14.5424509048,-0.977549095154,True
site type,2,atom,0,main text,False,630,502,0.870352183595,1,context:1e317e343456e6afbce995e0,MJVQTBDTLNENNZ,20.78,23.121799469,2.34179946899,True
site type,2,atom,0,main text,False,630,502,0.870352183595,1,context:225d83664fdeb392a8139654,PAKGNZCTBNXXBR,15.62,16.4843772252,0.86437722524,True
site type,2,atom,0,main text,False,630,502,0.870352183595,1,context:2342a64135a1f8a923b559ff,JUJWROOIHBZHMG,11.05,10.8659454981,-0.184054501851,True
site type,2,atom,0,main text,False,630,502,0.870352183595,1,context:23a2be1f8e5f7b9a4f245658,RGUKYNXWOWSRET,15.9,15.6314535141,-0.268546485901,True
site type,2,atom,0,main text,False,630,502,0.870352183595,1,context:241eb9ff18fe66fb1ceef540,HVLLSGMXQDNUAL,5.51,10.8487110138,5.33871101379,True
site type,2,atom,0,main text,False,630,502,0.870352183595,1,context:244ce1f3736a92f31366b4e5,BKSCHYJRFHICHN,15.85,15.9020862579,0.0520862579346,True
site type,2,atom,0,main text,False,630,502,0.870352183595,1,context:2598383d39d2588da12e755f,NSVNNAPWCRPQDR,6.63,9.16727956136,2.53727956136,True
site type,2,atom,0,main text,False,630,502,0.870352183595,1,context:26d333ffbc3818edd23dc525,PQGUROUGKBASIY,14.48,14.2519591649,-0.228040835063,True
site type,2,atom,0,main text,False,630,502,0.870352183595,1,context:28aee48fcc1d87b84eaf52e1,CKLJMWTZIZZHCS,13.81,13.8374156952,0.0274156951904,True
site type,2,atom,0,main text,False,630,502,0.870352183595,1,context:298d42e9c266a97c96310a00,BTJIUGUIPKRLHP,15.05,18.3143215179,3.26432151794,True
site type,2,atom,0,main text,False,630,502,0.870352183595,1,context:2b79bd08eb9e0df4cee1d714,JJPYHMCTZLBOEO,20.24,22.7979596456,2.55795964559,True
site type,2,atom,0,main text,False,630,502,0.870352183595,1,context:2de6d8532d5c94a5c86a8659,FDPMPHQWCLVHND,13.95,13.6397822698,-0.310217730204,True
site type,2,atom,0,main text,False,630,502,0.870352183595,1,context:304b88cc370966d95b9b1d06,NOFJNSNJJMUDAO,23.27,26.5905939738,3.3205939738,True
site type,2,atom,0,main text,False,630,502,0.870352183595,1,context:31dcbf10a16aae1a128c3b39,CFOAUYCPAUGDFF,3.5,2.92508983612,-0.574910163879,True
site type,2,atom,0,main text,False,630,502,0.870352183595,1,context:329f6b55fd07166c50259d0c,RIOQSEWOXXDEQQ,13.59,16.0607268016,2.47072680155,True
site type,2,atom,0,main text,False,630,502,0.870352183595,1,context:332c2a8ba46c6b8a97773027,MASFLDCFDIPNAL,7.1,6.22297382355,-0.877026176453,True
site type,2,atom,0,main text,False,630,502,0.870352183595,1,context:33ab0bdafdc3aff6e946353e,YUJCWMGBRDBPDL,17.52,15.9767783483,-1.54322165171,True
site type,2,atom,0,main text,False,630,502,0.870352183595,1,context:358d64dbd288241dca32d497,HHFAWKCIHAUFRX,15.78,18.6225668589,2.84256685893,True
site type,2,atom,0,main text,False,630,502,0.870352183595,1,context:3bf53d42bc26a56f293ee427,HVJNWTXBDFYTDI,11.54,13.2081950506,1.66819505056,True
site type,2,atom,0,main text,False,630,502,0.870352183595,1,context:3f12c489ef0d5e693bd9a660,LLKCNMZUGYSUDD,29.5,26.7981033325,-2.70189666748,True
site type,2,atom,0,main text,False,630,502,0.870352183595,1,context:4054d4348b5284c6e380c335,HTIRHQRTDBPHNZ,11.86,12.491613706,0.631613705953,True
site type,2,atom,0,main text,False,630,502,0.870352183595,1,context:480cc48a62b8ee4deaba74c9,KTAVPKXGIGJSCD,12.05,13.0796305339,1.02963053385,True
site type,2,atom,0,main text,False,630,502,0.870352183595,1,context:48d65bdc173df2d680ba82d1,ITQTTZVARXURQS,10.9,11.9495207469,1.04952074687,True
site type,2,atom,0,main text,False,630,502,0.870352183595,1,context:4d748e33beda0753a3070e3f,URUWNYQVXHOQAM,11.13,9.06393909454,-2.06606090546,True
site type,2,atom,0,main text,False,630,502,0.870352183595,1,context:5023bb904c12bf330c3a0084,DZEWJULWIYVMKR,23.15,22.5409889221,-0.609011077881,True
site type,2,atom,0,main text,False,630,502,0.870352183595,1,context:50b3562f04a3566c156fabf3,RSUHWMSTWSSNOW,12.03,11.9339590073,-0.0960409927368,True
site type,2,atom,0,main text,False,630,502,0.870352183595,1,context:51f1b8db2a07ad75f313d6b6,UGEJOEBBMPOJMT,22.62,19.4182071686,-3.20179283142,True
site type,2,atom,0,main text,False,630,502,0.870352183595,1,context:522b697d439ecba8c047c940,SNICXCGAKADSCV,10.4,16.776942571,6.376942571,False
site type,2,atom,0,main text,False,630,502,0.870352183595,1,context:5303c45ffb390bd5ce52bb9c,UUGUIYYFRQUCGK,14,12.990784963,-1.00921503703,True
site type,2,atom,0,main text,False,630,502,0.870352183595,1,context:5690bc18731d2660ae80342c,WNQGOBRMTGELHB,18.19,20.2337061564,2.04370615641,True
site type,2,atom,0,main text,False,630,502,0.870352183595,1,context:597d6b0f08b5e4d413c1c970,HWJMXFOOQWFOCE,13.42,12.5976177851,-0.822382214864,True
site type,2,atom,0,main text,False,630,502,0.870352183595,1,context:5e738909ab5514ce2b2ba129,SDDKBWPIFZJMDW,16.29,15.8160184224,-0.473981577555,True
site type,2,atom,0,main text,False,630,502,0.870352183595,1,context:5fcfcdf24720a7657dd70d15,VLNMFRPPGPXJHP,15.55,16.9646040599,1.41460405986,True
site type,2,atom,0,main text,False,630,502,0.870352183595,1,context:631cd960257204ed955203e6,SNICXCGAKADSCV,11.6,16.8713302612,5.27133026123,False
site type,2,atom,0,main text,False,630,502,0.870352183595,1,context:6357d4600e10f9c43e8a6505,VNMXERKOFPWFRR,15.39,13.1958449682,-2.19415503184,True
site type,2,atom,0,main text,False,630,502,0.870352183595,1,context:63c3757522bc10ed47945f05,IIAIGCWRMDEUDI,20.41,21.3564109802,0.946410980225,True
site type,2,atom,0,main text,False,630,502,0.870352183595,1,context:669bd480197f953b4a7216c2,RPBRMANNSNGNFS,14.96,14.2828302383,-0.677169761658,True
site type,2,atom,0,main text,False,630,502,0.870352183595,1,context:66c3ec77a9936c080285f4e2,OMEGOEHZPKDZLL,14.57,15.1152165731,0.545216573079,True
site type,2,atom,0,main text,False,630,502,0.870352183595,1,context:6bd634dfeee8401fed0c887c,RGUKYNXWOWSRET,14.99,15.6009667714,0.610966771444,True
site type,2,atom,0,main text,False,630,502,0.870352183595,1,context:6c51346254185e2c11f803b4,PEEHTFAAVSWFBL,14.87,14.9482199351,0.0782199350993,True
site type,2,atom,0,main text,False,630,502,0.870352183595,1,context:6f626de24a2f246db2586247,RGUKYNXWOWSRET,12.39,13.6259009043,1.23590090434,True
site type,2,atom,0,main text,False,630,502,0.870352183595,1,context:6fe40c98d34f921a9c02d6a6,ZMANZCXQSJIPKH,17.3,16.0762173335,-1.22378266652,True
site type,2,atom,0,main text,False,630,502,0.870352183595,1,context:700b5605f54719742def0fe1,SQESPNLCTGRVCP,20.61,21.3856455485,0.775645548503,True
site type,2,atom,0,main text,False,630,502,0.870352183595,1,context:757786a42d4a0ad96624d68a,BAVYZALUXZFZLV,13.85,12.8385105133,-1.01148948669,True
site type,2,atom,0,main text,False,630,502,0.870352183595,1,context:7de967ab5e021c658c86551f,XOJNEFQLMRCOMS,12.4,11.5067183177,-0.893281682332,True
site type,2,atom,0,main text,False,630,502,0.870352183595,1,context:803ff654c0b718c980897227,OUMCHNPMALRRAV,19.02,18.1532732646,-0.866726735433,False
site type,2,atom,0,main text,False,630,502,0.870352183595,1,context:8040ef6d9ccb2396e714690b,UGEJOEBBMPOJMT,23.2,20.7229811351,-2.47701886495,True
site type,2,atom,0,main text,False,630,502,0.870352183595,1,context:808fcfbd46dc610859394598,JUIQOABNSLTJSW,10.2,12.4244101842,2.22441018422,True
site type,2,atom,0,main text,False,630,502,0.870352183595,1,context:809cc90dc6a58b5017aa8ea0,UIIDIWSTMOYJBZ,14.33,14.1742127736,-0.155787226359,True
site type,2,atom,0,main text,False,630,502,0.870352183595,1,context:81ff8abfa8d8f3151e68657e,NZXHRHATECOPAO,17.46,15.546801885,-1.91319811503,True
site type,2,atom,0,main text,False,630,502,0.870352183595,1,context:84108be1ef50af538cada275,ZEZQXYUIJPURCG,27.28,26.2747065226,-1.00529347738,True
site type,2,atom,0,main text,False,630,502,0.870352183595,1,context:86cdeaa157fc2526515f3b82,PVMNPAUTCMBOMO,10.5,10.5364093781,0.0364093780518,True
site type,2,atom,0,main text,False,630,502,0.870352183595,1,context:88e78d8b299e7eb4c1cbe329,KRHYYFGTRYWZRS,11.31,11.3255049388,0.0155049387614,True
site type,2,atom,0,main text,False,630,502,0.870352183595,1,context:8cc4929818499ee0eff4545e,QSNSCYSYFYORTR,12.92,12.7676410675,-0.152358932495,True
site type,2,atom,0,main text,False,630,502,0.870352183595,1,context:8dc46ba7a36754c53960139f,JDJUBLMJMMUVJJ,27.45,27.7678286235,0.317828623454,True
site type,2,atom,0,main text,False,630,502,0.870352183595,1,context:8f3508be14914b6fbfc56c87,DTPVDESHBDFTSE,5.99,5.56625890732,-0.423741092682,False
site type,2,atom,0,main text,False,630,502,0.870352183595,1,context:8f6e0e5771d567ea44b9d623,RTZZCYNQPHTPPL,21.29,16.7565924327,-4.53340756734,True
site type,2,atom,0,main text,False,630,502,0.870352183595,1,context:905f0a9619309210604754dc,GPNUBZPACCOTQD,3.44,3.52680762609,0.0868076260885,True
site type,2,atom,0,main text,False,630,502,0.870352183595,1,context:943ac9d646b550866524cfe3,XQABVLBGNWBWIV,13.7,13.1456689835,-0.554331016541,True
site type,2,atom,0,main text,False,630,502,0.870352183595,1,context:947bb7122c611f033f5dceb4,FPSWXPXRLCSGIV,12.96,13.6946458817,0.734645881653,True
site type,2,atom,0,main text,False,630,502,0.870352183595,1,context:98ec2019ab24eee7a4d2b6e6,BAVYZALUXZFZLV,15.19,15.1114273071,-0.0785726928711,True
site type,2,atom,0,main text,False,630,502,0.870352183595,1,context:99a537817fc315be5ec46c72,JUJWROOIHBZHMG,13.6,12.4318415324,-1.16815846761,True
site type,2,atom,0,main text,False,630,502,0.870352183595,1,context:9a9fa31bdd530397bc30311e,SJRJJKPEHAURKC,16.8,19.6125984192,2.81259841919,True
site type,2,atom,0,main text,False,630,502,0.870352183595,1,context:9ab1b75cbe10925200705d2b,OLIUEZHTWQEOOZ,15.68,15.343691508,-0.336308492025,True
site type,2,atom,0,main text,False,630,502,0.870352183595,1,context:9b05c76729472c049ad82e1d,KTAVPKXGIGJSCD,18.29,18.2468407949,-0.0431592051188,True
site type,2,atom,0,main text,False,630,502,0.870352183595,1,context:9b2ebe0470707b049a7dc5e3,ODKSFYDXXFIFQN,12.96,12.9065761566,-0.0534238433838,True
site type,2,atom,0,main text,False,630,502,0.870352183595,1,context:9d531c035752d05f2479104b,BTJIUGUIPKRLHP,14.32,16.490210851,2.17021085103,True
site type,2,atom,0,main text,False,630,502,0.870352183595,1,context:a10d576e08a625bd90a13a7d,PVMNPAUTCMBOMO,11.7,11.8367598852,0.136759885152,True
site type,2,atom,0,main text,False,630,502,0.870352183595,1,context:a2f8205ea7b0854b6b1093db,NJJVRWBREKHQFA,17.14,18.190984726,1.05098472595,True
site type,2,atom,0,main text,False,630,502,0.870352183595,1,context:a43d8e14be31f8d9e1f49fd8,IOIAGUSMWXRQRZ,14.62,15.4128812154,0.792881215413,True
site type,2,atom,0,main text,False,630,502,0.870352183595,1,context:a6eb258ade9435d61731aa5a,ZMANZCXQSJIPKH,17.1,16.2777487437,-0.822251256307,True
site type,2,atom,0,main text,False,630,502,0.870352183595,1,context:a7c520d419de41880d76fc84,RTZZCYNQPHTPPL,25.51,17.3020680745,-8.20793192546,True
site type,2,atom,0,main text,False,630,502,0.870352183595,1,context:a947b45394b5923f34d82c46,LOUPRKONTZGTKE,10.46,16.8134740194,6.35347401937,False
site type,2,atom,0,main text,False,630,502,0.870352183595,1,context:a9cdd2e740102748514f601f,BYJIRDDQRLFSFF,14.95,14.6005277634,-0.349472236633,True
site type,2,atom,0,main text,False,630,502,0.870352183595,1,context:aa268d7396c95ae41bf59376,PZIRTPFQQUHSJY,15.66,16.9830080668,1.32300806681,True
site type,2,atom,0,main text,False,630,502,0.870352183595,1,context:aaa8d845e04644d6f2246a0a,YEYCASGOSICVMZ,9.53,8.55252806346,-0.977471936544,True
site type,2,atom,0,main text,False,630,502,0.870352183595,1,context:ac4357a43be859389ef1f64d,LOUPRKONTZGTKE,10.54,16.7643928528,6.22439285278,False
site type,2,atom,0,main text,False,630,502,0.870352183595,1,context:ae487d836c621d7d2afedbb8,MIVRMHJOEYRXQB,4.68,4.47552204132,-0.204477958679,True
site type,2,atom,0,main text,False,630,502,0.870352183595,1,context:b29b7f73a22c874968d92e01,UACYWOJLWBDSHG,6.04,6.88135703405,0.841357034047,True
site type,2,atom,0,main text,False,630,502,0.870352183595,1,context:b2e9e0beda26597d147ed3b3,SJRJJKPEHAURKC,16.5,18.8763173421,2.37631734212,True
site type,2,atom,0,main text,False,630,502,0.870352183595,1,context:b3aeef7d31405707f4da89df,FJWLWQRPZMZRQI,28.27,26.5342769623,-1.73572303772,True
site type,2,atom,0,main text,False,630,502,0.870352183595,1,context:b612688feb0eeb64d36e1f8b,KRHYYFGTRYWZRS,7.7,9.30342849096,1.60342849096,True
site type,2,atom,0,main text,False,630,502,0.870352183595,1,context:b66dc3e2fb4cd6970a1aff62,FJWLWQRPZMZRQI,26.64,26.9628435771,0.322843577067,True
site type,2,atom,0,main text,False,630,502,0.870352183595,1,context:bb9df2fcb337367b3208b6c6,CIROOWQVERYDSK,3.57,3.51443545024,-0.055564549764,True
site type,2,atom,0,main text,False,630,502,0.870352183595,1,context:bc68b10d8833e0b746c07daf,DKWOHBPRFZIUQL,21.29,18.4977506002,-2.79224939982,True
site type,2,atom,0,main text,False,630,502,0.870352183595,1,context:be9fcc77e1f75b3402db1d54,XQABVLBGNWBWIV,11.44,11.0478423436,-0.392157656352,True
site type,2,atom,0,main text,False,630,502,0.870352183595,1,context:bf463949bb8f99fca6876a12,BIJAWQUBRNHZGE,13.24,12.7060559591,-0.533944040934,True
site type,2,atom,0,main text,False,630,502,0.870352183595,1,context:c0f45621b2f1f6fa96c6edbe,CVNOWLNNPYYEOH,18.78,18.9559237162,0.175923716227,True
site type,2,atom,0,main text,False,630,502,0.870352183595,1,context:c1ecde0a54f348974e48eb60,ZSIQJIWKELUFRJ,18.29,17.6939093272,-0.596090672811,True
site type,2,atom,0,main text,False,630,502,0.870352183595,1,context:c496b79d00600def22994b2b,WXNZTHHGJRFXKQ,18.32,20.2750676473,1.9550676473,True
site type,2,atom,0,main text,False,630,502,0.870352183595,1,context:c4df683517b2f84482f76d2a,VHIICGGVDHJCCG,6.24,6.29849322637,0.0584932263692,True
site type,2,atom,0,main text,False,630,502,0.870352183595,1,context:c5421dedf982838445627f8f,XGWTWUYLCLABRB,19.6,23.0788472493,3.47884724935,True
site type,2,atom,0,main text,False,630,502,0.870352183595,1,context:c55aa7cf9f244ace1d08bf32,SDDKBWPIFZJMDW,13.58,12.7535498937,-0.826450106303,True
site type,2,atom,0,main text,False,630,502,0.870352183595,1,context:c704da356f8294514718f0fb,ITPBGPDKSKEXEA,15.2,16.8549410502,1.65494105021,True
site type,2,atom,0,main text,False,630,502,0.870352183595,1,context:c767745561595d2e468da065,WXNZTHHGJRFXKQ,20.34,19.6050510406,-0.734948959351,True
site type,2,atom,0,main text,False,630,502,0.870352183595,1,context:c8aff9c640a3352822a6a483,CVNOWLNNPYYEOH,19.58,19.9933344523,0.413334452311,True
site type,2,atom,0,main text,False,630,502,0.870352183595,1,context:caae2aaa0d90850aa6cc2108,RIOQSEWOXXDEQQ,14.33,13.6061531703,-0.723846829732,True
site type,2,atom,0,main text,False,630,502,0.870352183595,1,context:cb24e39f8a43fc8073cf0a9f,PAKGNZCTBNXXBR,16.28,17.0390275319,0.759027531942,True
site type,2,atom,0,main text,False,630,502,0.870352183595,1,context:cc114cb0d86fffc7e25bfda0,RRFOVNOYWOAPHE,8.77,11.3841260274,2.61412602743,True
site type,2,atom,0,main text,False,630,502,0.870352183595,1,context:cccab85177b969269a7524c7,ITQTTZVARXURQS,11.5,11.5998245875,0.0998245875041,True
site type,2,atom,0,main text,False,630,502,0.870352183595,1,context:cd28f232bd76fdde447beca7,XECZPMLUVPEPKQ,13.11,13.0454641978,-0.0645358022054,True
site type,2,atom,0,main text,False,630,502,0.870352183595,1,context:d116f7a979afaf6848e317f7,IGNTWNVBGLNYDV,13.37,12.2943223317,-1.07567766825,True
site type,2,atom,0,main text,False,630,502,0.870352183595,1,context:d4fc625fb1656cfe23e866b6,CVNOWLNNPYYEOH,17.85,20.2542317708,2.40423177083,True
site type,2,atom,0,main text,False,630,502,0.870352183595,1,context:d62003990a5ba2e8e7d5d607,WQYVRQLZKVEZGA,14.5,17.3823420207,2.88234202067,True
site type,2,atom,0,main text,False,630,502,0.870352183595,1,context:dc68d4a9d93a8f79e915cbd6,QDWMQWWQPMMBBG,13.83,14.3320973714,0.502097371419,True
site type,2,atom,0,main text,False,630,502,0.870352183595,1,context:dd44c8cc42c94692b481d5dc,WARCRYXKINZHGQ,12.49,11.1421979268,-1.34780207316,True
site type,2,atom,0,main text,False,630,502,0.870352183595,1,context:de65154542a141228a281893,BLWYXBNNBYXPPL,14.75,16.3935349782,1.64353497823,True
site type,2,atom,0,main text,False,630,502,0.870352183595,1,context:e21eb29452a3ae52a6555386,RYDKCSZCFDOYMM,14.19,13.1449111303,-1.04508886973,True
site type,2,atom,0,main text,False,630,502,0.870352183595,1,context:e370fc8473ce87286731d551,AGBOAUNKIUIEGH,20.22,19.8004906972,-0.419509302775,True
site type,2,atom,0,main text,False,630,502,0.870352183595,1,context:e460046fcc304b9d0143276b,MNEWPTXCYUMJKC,24.99,26.6578496297,1.66784962972,True
site type,2,atom,0,main text,False,630,502,0.870352183595,1,context:eb6cd37a112f67ec8c3ea3e7,YKFRUJSEPGHZFJ,11.43,12.2454471588,0.815447158813,True
site type,2,atom,0,main text,False,630,502,0.870352183595,1,context:eb725e72322d6034a2214834,VVBLMPAHLKEJIS,12.35,13.7472314835,1.39723148346,True
site type,2,atom,0,main text,False,630,502,0.870352183595,1,context:ec4c82a5dca4e65a77c7f804,BTJIUGUIPKRLHP,15.14,17.2357762655,2.09577626546,True
site type,2,atom,0,main text,False,630,502,0.870352183595,1,context:ed937310be7a8650581bfc70,WGIBLLKNPFCFIK,10.83,10.9721151988,0.142115198771,True
site type,2,atom,0,main text,False,630,502,0.870352183595,1,context:f32315dce16d627c79b595b5,HREIFDWKNPVPMP,4.67,5.35096788406,0.680967884064,True
site type,2,atom,0,main text,False,630,502,0.870352183595,1,context:f580bc599b447e28cf0b139b,JUJWROOIHBZHMG,12.9,12.5223045349,-0.377695465088,True
site type,2,atom,0,main text,False,630,502,0.870352183595,1,context:f6fb2cdc92ca70d0dd7d1c85,ALTGURJQVWBILJ,15.69,19.4837118785,3.79371187846,True
site type,2,atom,0,main text,False,630,502,0.870352183595,1,context:f73defab43cfe37427a6f08e,YUKGJHBJVJSQMU,19.58,19.4175256093,-0.162474390666,True
site type,2,atom,0,main text,False,630,502,0.870352183595,1,context:f905592f9996443173300183,ZYERMUSVJRTOLH,27.77,27.3115196228,-0.458480377197,True
site type,2,atom,0,main text,False,630,502,0.870352183595,1,context:f9a42587545e4f14501b5250,CROPDUGHHVHJOA,25.94,23.4552987417,-2.48470125834,True
site type,2,atom,0,main text,False,630,502,0.870352183595,1,context:fb6bfee9fb6a01db5e250560,KIPSRYDSZQRPEA,12.15,13.0671784083,0.917178408305,True
site type,2,atom,0,main text,False,630,502,0.870352183595,1,context:fce495275a5d9fcbb2523575,AVXURJPOCDRRFD,12.8,11.7795743942,-1.02042560577,True
site type,2,atom,0,main text,False,630,502,0.870352183595,1,context:fe5abbf79290593e86569ebd,UGEJOEBBMPOJMT,23.4,21.3251775106,-2.07482248942,True
site type,2,atom,0,main text,False,630,502,0.870352183595,2,context:026b96b3063775741a0ae01a,NBTOZLQBSIZIKS,15.78,19.2543697357,3.47436973572,True
site type,2,atom,0,main text,False,630,502,0.870352183595,2,context:028a91f64fb736abbafc87f3,CZLRSLOXHJWOFV,14.42,14.9729601542,0.552960154215,True
site type,2,atom,0,main text,False,630,502,0.870352183595,2,context:030e83aab7f135e0133aa41f,HZAXFHJVJLSVMW,14.11,13.6964524587,-0.4135475413,True
site type,2,atom,0,main text,False,630,502,0.870352183595,2,context:09b3ae1e126b41012e248cf8,VISBKZYDQCHZRG,11.29,6.92339642843,-4.36660357157,True
site type,2,atom,0,main text,False,630,502,0.870352183595,2,context:09f0dbd8b24d4b90404054b4,WGQKYBSKWIADBV,13.44,12.7834418615,-0.656558138529,True
site type,2,atom,0,main text,False,630,502,0.870352183595,2,context:0c366168070cc5dfed893203,IURHAHGTFVRCIT,16.5133333333,18.2001654307,1.68683209737,True
site type,2,atom,0,main text,False,630,502,0.870352183595,2,context:0e605707546ed7048b41f516,PKYCXNVLSSGOFD,18.68,18.5621700287,-0.117829971313,True
site type,2,atom,0,main text,False,630,502,0.870352183595,2,context:14402e407fec5db1bff1a900,IAZDPXIOMUYVGZ,11.3,9.80671564738,-1.49328435262,True
site type,2,atom,0,main text,False,630,502,0.870352183595,2,context:14c173cebd6c777a417cc2b5,BUJZXAPKHBWNII,18.5,19.6807530721,1.1807530721,True
site type,2,atom,0,main text,False,630,502,0.870352183595,2,context:16efe844af97c91715848b85,GLVYLTSKTCWWJR,18.43,19.2835267385,0.853526738485,True
site type,2,atom,0,main text,False,630,502,0.870352183595,2,context:1995a20c597d88c0e700d8c6,IVUSHBHIOWRDAM,19.41,19.274500529,-0.135499471029,True
site type,2,atom,0,main text,False,630,502,0.870352183595,2,context:1bda57e961f67673722a35ff,BEBCJVAWIBVWNZ,12.29,11.8393259048,-0.450674095154,True
site type,2,atom,0,main text,False,630,502,0.870352183595,2,context:1e3add533f640317d55dab2f,ZIPLUEXSCPLCEI,20.33,19.7586243947,-0.571375605265,True
site type,2,atom,0,main text,False,630,502,0.870352183595,2,context:21d2478620ac307a608b8278,NWVVVBRKAWDGAB,20.09,20.4389235179,0.348923517863,True
site type,2,atom,0,main text,False,630,502,0.870352183595,2,context:222215f383f7930f46670801,SUYJEMFJSAFJBG,20.08,21.661640803,1.58164080302,True
site type,2,atom,0,main text,False,630,502,0.870352183595,2,context:23e15683143e8a56167f25e8,SPBRYLXACBPZLU,7.24,7.4835117658,0.243511765798,True
site type,2,atom,0,main text,False,630,502,0.870352183595,2,context:29ced4b0c513df1372b98c37,TZHIYVWDNYEFOA,17,17.102215449,0.102215449015,True
site type,2,atom,0,main text,False,630,502,0.870352183595,2,context:2c42ed243e7dd33ce08283de,ZBCBWPMODOFKDW,15.51,15.2381372452,-0.271862754822,True
site type,2,atom,0,main text,False,630,502,0.870352183595,2,context:2f0c0d845c48ac47fa56fd88,ZVNDTFFBORBYMW,15.9,14.9824946721,-0.917505327861,True
site type,2,atom,0,main text,False,630,502,0.870352183595,2,context:35394cdbf7533a7546930816,QFDUNXOXVCHBBF,7.46,7.18416961034,-0.275830389659,True
site type,2,atom,0,main text,False,630,502,0.870352183595,2,context:3a5ca9cc4d3e968d0c310c49,VSFUTDSKGMGVSY,21.16,20.9552815755,-0.204718424479,True
site type,2,atom,0,main text,False,630,502,0.870352183595,2,context:3b6aeb55af353fadb24526a4,VARHFUNXFXTFII,15.6,15.3374951681,-0.26250483195,True
site type,2,atom,0,main text,False,630,502,0.870352183595,2,context:3e7afe37372fff3f4fdc3bbb,IUPFPUMBFYRTHX,10.13,7.79735740026,-2.33264259974,True
site type,2,atom,0,main text,False,630,502,0.870352183595,2,context:40cdfe7515fe5656ecf58253,IQNHBUQSOSYAJU,15.7,16.6795934041,0.979593404134,True
site type,2,atom,0,main text,False,630,502,0.870352183595,2,context:41b2ed804c01a7f92413a2cf,MMWSWKQEVOOIRK,27.57,26.3358478546,-1.23415214539,True
site type,2,atom,0,main text,False,630,502,0.870352183595,2,context:446e53c033990c82fcf7b976,AKTKDBVPMGVMEK,24.88,23.274307251,-1.60569274902,True
site type,2,atom,0,main text,False,630,502,0.870352183595,2,context:472b8a09f33f138e48509424,ROSDSFDQCJNGOL,17.96,18.0687796275,0.108779627482,True
site type,2,atom,0,main text,False,630,502,0.870352183595,2,context:480667c80a4bb52eb64abcc1,NWVVVBRKAWDGAB,19.9,20.2256991069,0.325699106852,True
site type,2,atom,0,main text,False,630,502,0.870352183595,2,context:4a3a0be37a98ad9c086a43f1,IQUPABOKLQSFBK,15.48,18.2900625865,2.81006258647,True
site type,2,atom,0,main text,False,630,502,0.870352183595,2,context:4a62d641470aec3502df8330,FTBCOQFMQSTCQQ,22.8,23.2433770498,0.443377049764,True
site type,2,atom,0,main text,False,630,502,0.870352183595,2,context:4d439533be11244cce3da968,WXVYOQGMPQQMIS,25.11,25.9747193654,0.864719365438,True
site type,2,atom,0,main text,False,630,502,0.870352183595,2,context:4de6c4aedcda1c2c0b34cb43,MLLMAIJXIZOSFS,17.61,14.7148609161,-2.89513908386,True
site type,2,atom,0,main text,False,630,502,0.870352183595,2,context:50011306bc226d72addc1535,QUSNBJAOOMFDIB,12.87,12.9876937866,0.117693786621,True
site type,2,atom,0,main text,False,630,502,0.870352183595,2,context:50f0d6c871823b11bf78cfc2,BUJZXAPKHBWNII,19.9,18.0830993652,-1.81690063477,True
site type,2,atom,0,main text,False,630,502,0.870352183595,2,context:5112f19c001d379698831625,CREBLIJIJKVBCB,3.96,3.51898670197,-0.441013298035,True
site type,2,atom,0,main text,False,630,502,0.870352183595,2,context:51ea177825c49838904574d5,RVZZHMNHTWPCMU,14.99,16.3584734599,1.36847345988,True
site type,2,atom,0,main text,False,630,502,0.870352183595,2,context:53797c1b7d71c07044448b9f,USZHELOKTTXIFV,18.81,17.7629311879,-1.04706881205,True
site type,2,atom,0,main text,False,630,502,0.870352183595,2,context:54dd02aef1f52b94c2714920,UVGXNNJEGDSWFX,15.13,13.8162558873,-1.31374411265,True
site type,2,atom,0,main text,False,630,502,0.870352183595,2,context:5551fc7a996f25ee3468c3ef,UEUIGOQXYNBPIH,16.63,15.4758386612,-1.15416133881,True
site type,2,atom,0,main text,False,630,502,0.870352183595,2,context:565487b1f7094b38c035d545,ASDHTSDNZLOXGY,14.48,18.4581241608,3.97812416077,False
site type,2,atom,0,main text,False,630,502,0.870352183595,2,context:566a164372083def7ffbcbef,DHMQDGOQFOQNFH,13.51,12.7589537303,-0.751046269735,False
site type,2,atom,0,main text,False,630,502,0.870352183595,2,context:5af2252e4939252705a72bb2,QZHWOLKBXYORRO,14.07,13.5642887751,-0.505711224874,False
site type,2,atom,0,main text,False,630,502,0.870352183595,2,context:5c7b0b199059fc9cff3ee624,FXTWICLWDHLSCD,14.62,14.5600961049,-0.0599038950602,True
site type,2,atom,0,main text,False,630,502,0.870352183595,2,context:64939953b621c7c7cb393169,NUDSQBDHIMXRNA,13.63,14.138680776,0.50868077596,True
site type,2,atom,0,main text,False,630,502,0.870352183595,2,context:64e28da22b1e435a51210097,SLGXUCXFODJWTG,25.39,22.9827391307,-2.40726086934,True
site type,2,atom,0,main text,False,630,502,0.870352183595,2,context:65870c17fa6fac13970b89e0,IURHAHGTFVRCIT,17.88,18.6118227641,0.731822764079,True
site type,2,atom,0,main text,False,630,502,0.870352183595,2,context:659ca63553d9d137c2d87c5f,XTTGYFREQJCEML,10.36,-3.79494889577,-14.1549488958,False
site type,2,atom,0,main text,False,630,502,0.870352183595,2,context:67bd24b988225ba3c38b8196,KYVBNYUBXIEUFW,13.58,14.4040495555,0.824049555461,False
site type,2,atom,0,main text,False,630,502,0.870352183595,2,context:67be13a6d6ff89f3647cf642,YVVDJFDQAXGXAU,16.81,17.3899078369,0.579907836914,True
site type,2,atom,0,main text,False,630,502,0.870352183595,2,context:68f6a3b8d2c8fa3e8b41c727,HSNZIGNSOMUKKC,10.97,7.83079338074,-3.13920661926,True
site type,2,atom,0,main text,False,630,502,0.870352183595,2,context:6db7b2b38401a5853d8c8585,DKACXUFSLUYRFU,11.4,10.8205938339,-0.579406166077,True
site type,2,atom,0,main text,False,630,502,0.870352183595,2,context:6fe48fbf9373793908993fab,FAGLEPBREOXSAC,5.47,14.0859899521,8.61598995209,False
site type,2,atom,0,main text,False,630,502,0.870352183595,2,context:70955d9e7684f93163c1e983,RHIAGXPBZHFBGN,16.23,17.3472029368,1.11720293681,True
site type,2,atom,0,main text,False,630,502,0.870352183595,2,context:70b4dc28810952dcec3faac5,KAANTNXREIRLCT,10.27,13.2895043691,3.0195043691,True
site type,2,atom,0,main text,False,630,502,0.870352183595,2,context:71e02da28f2bec61b6ac756c,IDFJWCBXDQMLQC,7.32,6.81042289734,-0.509577102661,False
site type,2,atom,0,main text,False,630,502,0.870352183595,2,context:746020d0fbfb9bb13b216cd6,QFPCZAFYDVWWCG,13.23,12.7359383901,-0.494061609904,True
site type,2,atom,0,main text,False,630,502,0.870352183595,2,context:7535c637bc4661b19ad0c2a5,OKKJLVBELUTLKV,7.54,8.98778502146,1.44778502146,True
site type,2,atom,0,main text,False,630,502,0.870352183595,2,context:76a7d9329ee6f8156026d4e0,XOORIUBOZNFYHJ,13.91,14.1957832972,0.285783297221,True
site type,2,atom,0,main text,False,630,502,0.870352183595,2,context:78c61474cb4dff81233ca673,CWFXWJSSDWTGBX,23,21.8076165517,-1.19238344828,True
site type,2,atom,0,main text,False,630,502,0.870352183595,2,context:7ecce7518114ac6466e58e2b,NUKYPUAOHBNCPY,15.2,14.2008838654,-0.999116134644,True
site type,2,atom,0,main text,False,630,502,0.870352183595,2,context:82029b97a28c2c3679e01060,HWBQWDNOLPTEBU,14.76,14.412132899,-0.347867101034,True
site type,2,atom,0,main text,False,630,502,0.870352183595,2,context:85d1276fc581c600b89aeeae,HNDVDQJCIGZPNO,13.83,13.4355745316,-0.394425468445,True
site type,2,atom,0,main text,False,630,502,0.870352183595,2,context:86556b9674232b242b1927ed,BHPRLMYARNVDRJ,14.4,15.681350708,1.28135070801,True
site type,2,atom,0,main text,False,630,502,0.870352183595,2,context:8c5bc1a3403209459800001a,JJYDGWGMEIHTBU,14,15.7671848933,1.76718489329,True
site type,2,atom,0,main text,False,630,502,0.870352183595,2,context:8cf29dc6292198c59786653c,CRGRWBQSZSQVIE,9.35,8.25990152359,-1.09009847641,True
site type,2,atom,0,main text,False,630,502,0.870352183595,2,context:8ff9e94d2964ca35be40c676,UOWLSDCDSBWIKH,20,19.611626943,-0.388373057048,True
site type,2,atom,0,main text,False,630,502,0.870352183595,2,context:948c5b38641c55f67bed3337,MBLICBJGZXMESX,14.94,13.6934229533,-1.24657704671,True
site type,2,atom,0,main text,False,630,502,0.870352183595,2,context:98fe1640c509d2c4b261775b,TZEOAFPSARGQNA,23,20.1931056976,-2.80689430237,True
site type,2,atom,0,main text,False,630,502,0.870352183595,2,context:9b3643a74f46c617603d67fe,GUXJXWKCUUWCLX,9.81,10.6014506022,0.791450602214,True
site type,2,atom,0,main text,False,630,502,0.870352183595,2,context:9e2d0a452a489d8149544e71,HZAXFHJVJLSVMW,16.07,14.9221989314,-1.14780106862,True
site type,2,atom,0,main text,False,630,502,0.870352183595,2,context:a18bfc9ac646a8c824acc6ba,UCMIRNVEIXFBKS,13.26,13.8865652084,0.626565208435,True
site type,2,atom,0,main text,False,630,502,0.870352183595,2,context:a2d9500db6e502545bc036a3,UBQKCCHYAOITMY,19.91,18.2825857798,-1.62741422017,True
site type,2,atom,0,main text,False,630,502,0.870352183595,2,context:a59ee1589f0a38611bd9dae1,NUKYPUAOHBNCPY,12.19,12.2370179494,0.0470179494222,True
site type,2,atom,0,main text,False,630,502,0.870352183595,2,context:a771a6598170e50e5c45620b,WGQKYBSKWIADBV,14.29,13.7709929148,-0.519007085164,True
site type,2,atom,0,main text,False,630,502,0.870352183595,2,context:a779a0941dfac0753badf054,NWVVVBRKAWDGAB,20.62,20.1232013702,-0.496798629761,True
site type,2,atom,0,main text,False,630,502,0.870352183595,2,context:a834fe0a7ccc31c86173bdfe,UBQKCCHYAOITMY,12.47,13.2210493088,0.751049308777,True
site type,2,atom,0,main text,False,630,502,0.870352183595,2,context:a984d5aa9d24bdb86db5eb53,YHBRWJNSOXJBPT,15.58,17.6967919668,2.11679196676,True
site type,2,atom,0,main text,False,630,502,0.870352183595,2,context:ac1dcab282b5396d81a9e9ec,JHNAIVKYDKSQEA,9.16,12.7988843918,3.63888439178,True
site type,2,atom,0,main text,False,630,502,0.870352183595,2,context:addf24db111a0821e907290d,CQCAYWAIRTVXIY,9.09,7.57886648178,-1.51113351822,False
site type,2,atom,0,main text,False,630,502,0.870352183595,2,context:aef16221caf7f7bf1a0301df,YZHDCNWZYODVJZ,17.46,17.1302318573,-0.3297681427,True
site type,2,atom,0,main text,False,630,502,0.870352183595,2,context:b032aaacdf33e020e79ecd78,CXGFWRCEONCYDO,17.5,15.1528746287,-2.3471253713,True
site type,2,atom,0,main text,False,630,502,0.870352183595,2,context:b0cfba79726c8d599d23e382,SVTYLQPDIOFSTM,21.07,22.7340571086,1.66405710856,True
site type,2,atom,0,main text,False,630,502,0.870352183595,2,context:b1328b5d36f5c3be2e5db37c,LRDAFFPMQTZPCG,6.46,7.19919331868,0.739193318685,True
site type,2,atom,0,main text,False,630,502,0.870352183595,2,context:b1b67bef9b2f7e6fd34ba78a,YXBWPNOSJRJIKB,29.02,29.0494721731,0.029472173055,True
site type,2,atom,0,main text,False,630,502,0.870352183595,2,context:b5a41b474b46d7ffba8aac96,HVVNJUAVDAZWCB,16.74,16.1874567668,-0.552543233236,True
site type,2,atom,0,main text,False,630,502,0.870352183595,2,context:b5e99f3fe899c9a8e41b01fc,HZAXFHJVJLSVMW,12.61,12.5221443176,-0.087855682373,True
site type,2,atom,0,main text,False,630,502,0.870352183595,2,context:b888170ad9a340b4cefe718a,UBQKCCHYAOITMY,20.11,17.6527277629,-2.45727223714,True
site type,2,atom,0,main text,False,630,502,0.870352183595,2,context:bf5663cc95ff03d5452aa635,BHPRLMYARNVDRJ,15.33,15.2474323908,-0.0825676091512,True
site type,2,atom,0,main text,False,630,502,0.870352183595,2,context:c5327dd92eaa5ebcbd953264,WEHWNAOGRSTTBQ,14.51,15.5445229212,1.03452292124,True
site type,2,atom,0,main text,False,630,502,0.870352183595,2,context:c5cbd36122fb5f6311ef9242,SEULWJSKCVACTH,11.31,10.6080395381,-0.701960461934,True
site type,2,atom,0,main text,False,630,502,0.870352183595,2,context:d4f87a56acd1f31d36ce9975,BXGXGTXWGGOFSP,15.63,17.3630485535,1.73304855347,True
site type,2,atom,0,main text,False,630,502,0.870352183595,2,context:d61c30493a2e6bc9b688b38c,PAQKPEIXPUQANL,17.52,17.7156035105,0.195603510539,True
site type,2,atom,0,main text,False,630,502,0.870352183595,2,context:d6cf4e9145fd6bfe5337b41d,GVLZYMDNTPNTLV,15.59,14.7742033005,-0.815796699524,True
site type,2,atom,0,main text,False,630,502,0.870352183595,2,context:d8b53025b889eeb4c93c7fcc,IPAFDBBZLFLLBK,7.98,4.18352444967,-3.79647555033,True
site type,2,atom,0,main text,False,630,502,0.870352183595,2,context:d982a83b8075804de3c150e0,AYFVYJQAPQTCCC,12.69,13.0319550832,0.341955083211,True
site type,2,atom,0,main text,False,630,502,0.870352183595,2,context:dac66a4ec7be679abcde1df9,JXRIJOKAIPTVJM,18.74,19.0603116353,0.320311635335,True
site type,2,atom,0,main text,False,630,502,0.870352183595,2,context:dca4cd8565b4ccd6296ae4bc,COIOYMYWGDAQPM,8.56,14.3500986099,5.79009860992,True
site type,2,atom,0,main text,False,630,502,0.870352183595,2,context:dd5620774dff76a6e3477952,WGQKYBSKWIADBV,15.28,14.7491219838,-0.530878016154,True
site type,2,atom,0,main text,False,630,502,0.870352183595,2,context:de5dc22f0de657af741a9a46,AGGWMMREWZMVCV,19.36,17.9952004751,-1.36479952494,True
site type,2,atom,0,main text,False,630,502,0.870352183595,2,context:df57156a118f52f1da287dab,KFZMGEQAYNKOFK,6.82,-0.472394625346,-7.29239462535,False
site type,2,atom,0,main text,False,630,502,0.870352183595,2,context:e3aeee7747d9e0b8098d1be7,QJAMTKNSLVOXAF,14.49,15.3381881714,0.848188171387,True
site type,2,atom,0,main text,False,630,502,0.870352183595,2,context:e8d7073ebe18daf9513f99d1,YPWFISCTZQNZAU,11.94,13.2581075033,1.31810750326,True
site type,2,atom,0,main text,False,630,502,0.870352183595,2,context:ea9ab3f5c7d1d8971a4092b3,WLPUWLXVBWGYMZ,14.64,15.8398577372,1.19985773722,True
site type,2,atom,0,main text,False,630,502,0.870352183595,2,context:ebb7dbcdc48e89b7419814e6,RUJFIXHHAWJMRM,16.8,16.935517629,0.135517628988,True
site type,2,atom,0,main text,False,630,502,0.870352183595,2,context:ebcba9672d2a5200364d8aac,ROSDSFDQCJNGOL,17.12,16.2912336985,-0.828766301473,True
site type,2,atom,0,main text,False,630,502,0.870352183595,2,context:ec130964c1d513d7bc7eed85,VYZGUDWMCNUVCU,3.16,10.2156035105,7.05560351054,False
site type,2,atom,0,main text,False,630,502,0.870352183595,2,context:eee81696a56003b19f4d122c,RUJFIXHHAWJMRM,15.7,17.6036535899,1.90365358988,True
site type,2,atom,0,main text,False,630,502,0.870352183595,2,context:f30df2cdaeac4367c6ebbd7f,UXRWKUANJXGBFO,13.49,14.289132754,0.799132754008,True
site type,2,atom,0,main text,False,630,502,0.870352183595,2,context:f30e230f60072bfee504d1de,DOSUFOHMKYVOEX,7.15,7.77301708857,0.623017088572,True
site type,2,atom,0,main text,False,630,502,0.870352183595,2,context:f321c3aa8a60b34231f3f831,XGWUPYJCHCOOMU,4.06,7.21841287613,3.15841287613,False
site type,2,atom,0,main text,False,630,502,0.870352183595,2,context:f567361183388faaac3df689,KCBNBKKOFYQYKM,19.15,20.7657845815,1.6157845815,True
site type,2,atom,0,main text,False,630,502,0.870352183595,2,context:f5820c8b1fe395fbc6e2302a,OKKJLVBELUTLKV,6.86,9.13926331202,2.27926331202,True
site type,2,atom,0,main text,False,630,502,0.870352183595,2,context:f9fde469fff501434f45fc13,PHODFIDDEBEGCS,13.96,14.9434394836,0.983439483643,True
site type,2,atom,0,main text,False,630,502,0.870352183595,2,context:fcc341c4876b02b97c02be17,ZBCBWPMODOFKDW,13,13.3370189667,0.337018966675,True
site type,2,atom,0,main text,False,630,502,0.870352183595,2,context:fd81e382acc48c2942093435,QFPCZAFYDVWWCG,16.96,17.0124104818,0.0524104817708,True
site type,2,atom,0,main text,False,630,502,0.870352183595,2,context:fecf0f7efcea1fb6443c631e,OGCGXUGBDJGFFY,16.18,11.8969217936,-4.28307820638,True
site type,2,atom,0,main text,False,630,502,0.870352183595,2,context:fed76c98c34cff45b358c41c,NKHMSOXIXROFRU,17.43,15.783097585,-1.64690241496,True
site type,2,atom,0,main text,False,630,502,0.870352183595,2,context:ff347129e8f02e72207eade3,IQUPABOKLQSFBK,16.65,19.1279220581,2.47792205811,True
site type,2,atom,0,main text,False,630,502,0.870352183595,2,context:ff523eef0e27136df1c05852,IQUPABOKLQSFBK,15.83,19.7176017761,3.88760177612,True
site type,2,atom,0,main text,False,630,502,0.870352183595,3,context:020277730fcd8aca28ecbb4a,FTOQQKWSIFEMPP,17.19,17.1264616648,-0.0635383351644,True
site type,2,atom,0,main text,False,630,502,0.870352183595,3,context:03d8605b10e73d9af9472f37,IWDCLRJOBJJRNH,14.3,15.4370765686,1.1370765686,True
site type,2,atom,0,main text,False,630,502,0.870352183595,3,context:047bb9a53157848d84af427d,VEXZGXHMUGYJMC,12.9,11.3272473017,-1.57275269826,True
site type,2,atom,0,main text,False,630,502,0.870352183595,3,context:05eb12c16f72868bf1b5be56,SKHPYKHVYFTIOI,5.44,8.03473377228,2.59473377228,True
site type,2,atom,0,main text,False,630,502,0.870352183595,3,context:09ce772c3d342961a7abfaec,GQHTUMJGOHRCHB,16.12,16.7873395284,0.667339528402,True
site type,2,atom,0,main text,False,630,502,0.870352183595,3,context:0ab42d91f53ee6c83637eb61,MNQRNWDJCMKRJG,21.36,21.2932122548,-0.0667877451579,True
site type,2,atom,0,main text,False,630,502,0.870352183595,3,context:0c9f69df75dc3386282b8e08,GCNTZFIIOFTKIY,20.22,13.131017367,-7.08898263295,False
site type,2,atom,0,main text,False,630,502,0.870352183595,3,context:0dbeb1ab2afe14a28401bd4a,ZRRVZQSGSIASQR,6.98,7.20630741119,0.226307411194,True
site type,2,atom,0,main text,False,630,502,0.870352183595,3,context:0e9265b44244ff4c588df95d,IWDCLRJOBJJRNH,19.65,19.8349583944,0.184958394368,True
site type,2,atom,0,main text,False,630,502,0.870352183595,3,context:1056e4659739711fbabe1eef,XRQSRQMPWGQSPN,9.9,15.3808873494,5.48088734945,True
site type,2,atom,0,main text,False,630,502,0.870352183595,3,context:1185c6f0e7272fd74a1c6c15,KSESOTWVQYBRLJ,12.46,13.7949059804,1.33490598043,True
site type,2,atom,0,main text,False,630,502,0.870352183595,3,context:12a747e3f94e5635a344ed7f,FRVMBCZVEPYCTA,19.23,19.8555577596,0.625557759603,True
site type,2,atom,0,main text,False,630,502,0.870352183595,3,context:13a61c03d54b5ce8cd100d5d,LRLGEWICBZWMKM,19.69,17.3618799845,-2.32812001546,True
site type,2,atom,0,main text,False,630,502,0.870352183595,3,context:1cd0769ca99d12077e38f773,LALQVQUNUJNEST,15.43,16.9788087209,1.54880872091,True
site type,2,atom,0,main text,False,630,502,0.870352183595,3,context:20a9c9c38a945c8ea32e131a,VEXZGXHMUGYJMC,10.1,11.1502094269,1.05020942688,True
site type,2,atom,0,main text,False,630,502,0.870352183595,3,context:21178382eec0c0b1f1b1d735,UYUUAUOYLFIRJG,16.17,15.9083916346,-0.261608365377,True
site type,2,atom,0,main text,False,630,502,0.870352183595,3,context:21e256d7c18c11cf1be01ff2,JRMQJLMBSMCLHJ,19.63,18.0201047262,-1.60989527384,True
site type,2,atom,0,main text,False,630,502,0.870352183595,3,context:239c209644a459769d7a4e4e,VHYFNPMBLIVWCW,15.9,15.9949541092,0.0949541091919,True
site type,2,atom,0,main text,False,630,502,0.870352183595,3,context:23a0d9198dfa8cc8d477f985,ARKOCDVCEWZODQ,7.68,7.21107451121,-0.46892548879,True
site type,2,atom,0,main text,False,630,502,0.870352183595,3,context:247d7f9786c0a311bc0f8cd9,QTCAPCHXGMZXKA,15.7,14.7298663457,-0.970133654277,True
site type,2,atom,0,main text,False,630,502,0.870352183595,3,context:262a59d32ff72e5330833bea,FFEARJCKVFRZRR,13.16,13.7650108337,0.60501083374,True
site type,2,atom,0,main text,False,630,502,0.870352183595,3,context:26559375cf94c91a04ba6dc5,ONDSBJMLAHVLMI,8.97,7.61969566345,-1.35030433655,True
site type,2,atom,0,main text,False,630,502,0.870352183595,3,context:2a2dd4d4890b9dfb695cd858,WGYKZJWCGVVSQN,13.33,13.5617233912,0.231723391215,True
site type,2,atom,0,main text,False,630,502,0.870352183595,3,context:2acf2a596cb7c974b99ea781,QJWQYVJVCXMTJP,14.59,14.5375254949,-0.0524745051066,True
site type,2,atom,0,main text,False,630,502,0.870352183595,3,context:2bb2d87993fd2f6b131da5a4,BINFMIKPPPUPAO,24.86,26.4601993561,1.60019935608,True
site type,2,atom,0,main text,False,630,502,0.870352183595,3,context:318187d727d24e368da91703,VHYFNPMBLIVWCW,13.19,12.4348243078,-0.75517569224,True
site type,2,atom,0,main text,False,630,502,0.870352183595,3,context:31f2a5d0db6891f7ac305768,FGYADSCZTQOAFK,10.37,10.6558059057,0.28580590566,False
site type,2,atom,0,main text,False,630,502,0.870352183595,3,context:32e3c70e30850099ce1f3cc3,HLFSDGLLUJUHTE,13.86,14.1040811539,0.24408115387,True
site type,2,atom,0,main text,False,630,502,0.870352183595,3,context:338c8cf49fa5ef512ef88209,SBLRFBKQSSXEII,19.92,20.4769026438,0.55690264384,True
site type,2,atom,0,main text,False,630,502,0.870352183595,3,context:33f8963636f15518878e4814,BPFJZNDCLIJVHI,22.6,22.5809415181,-0.0190584818522,True
site type,2,atom,0,main text,False,630,502,0.870352183595,3,context:34479984a05c7593b128b575,YRPAQTVBOLAERV,6.3,6.85386451085,0.553864510854,True
site type,2,atom,0,main text,False,630,502,0.870352183595,3,context:36df988fcdcad8da09b9f7f7,MTCFGRXMJLQNBG,13.16,13.0462751389,-0.113724861145,True
site type,2,atom,0,main text,False,630,502,0.870352183595,3,context:39011775062c98f99d3f9dd2,JRMQJLMBSMCLHJ,17.28,17.1338113149,-0.146188685099,True
site type,2,atom,0,main text,False,630,502,0.870352183595,3,context:3a05e6f0731c3f1187679506,BEGMZNUWQMNYNI,19.51,17.5469926198,-1.96300738017,True
site type,2,atom,0,main text,False,630,502,0.870352183595,3,context:3ce05d23e14b436283744601,XJXQQBZHPCSDER,8.92,7.96635230382,-0.953647696177,True
site type,2,atom,0,main text,False,630,502,0.870352183595,3,context:3d2cf933e45dc7bffd4132d6,SGUVLZREKBPKCE,15.5,15.1143805186,-0.385619481405,True
site type,2,atom,0,main text,False,630,502,0.870352183595,3,context:3e0cd24eeec0a3ca4afbdc8b,ISWSIDIOOBJBQZ,19.86,20.1412938436,0.281293843587,True
site type,2,atom,0,main text,False,630,502,0.870352183595,3,context:3eaf9e4413ace510fb7f9c8a,CGJVMOPWJILVLF,14.24,15.3382342656,1.09823426565,True
site type,2,atom,0,main text,False,630,502,0.870352183595,3,context:3f4ec58f6362c3872c00d9e2,PAMIQIKDUOTOBW,18.72,21.2080281576,2.48802815755,True
site type,2,atom,0,main text,False,630,502,0.870352183595,3,context:41b0a70dfc580762e0ec6347,VEXZGXHMUGYJMC,17.2,14.9596261978,-2.24037380219,True
site type,2,atom,0,main text,False,630,502,0.870352183595,3,context:4294b044cb7fe306bdf9dd79,VVJKKWFAADXIJK,14.37,14.5445165634,0.174516563416,True
site type,2,atom,0,main text,False,630,502,0.870352183595,3,context:42a41f0c4e875713e98ef0f3,ROHFNLRQFUQHCH,14.01,14.0269171397,0.0169171396891,True
site type,2,atom,0,main text,False,630,502,0.870352183595,3,context:43b4ce97ced587a892943b7e,ZOQOPXVJANRGJZ,18.39,18.5313504537,0.141350453695,True
site type,2,atom,0,main text,False,630,502,0.870352183595,3,context:465f9354d9d9b39de1d39217,KCAQWPZIMLLEAF,19.71,21.7826099396,2.07260993958,True
site type,2,atom,0,main text,False,630,502,0.870352183595,3,context:4763316f5212da925626508e,VHYFNPMBLIVWCW,14.9,14.9191026688,0.0191026687622,True
site type,2,atom,0,main text,False,630,502,0.870352183595,3,context:47defb7794effd0e905a598d,NTNZTEQNFHNYBC,14.3,14.6534468333,0.353446833293,True
site type,2,atom,0,main text,False,630,502,0.870352183595,3,context:4979b625f1bbda84667651f1,JITQYZIBZBYZSK,16.11,15.4496161143,-0.660383885701,True
site type,2,atom,0,main text,False,630,502,0.870352183595,3,context:4c3726f47ed8add05475ce67,BWZVCCNYKMEVEX,9.39,10.8455282847,1.45552828471,True
site type,2,atom,0,main text,False,630,502,0.870352183595,3,context:4c9a0598e72a9490163db0f2,JITQYZIBZBYZSK,14.19,17.0342388153,2.84423881531,True
site type,2,atom,0,main text,False,630,502,0.870352183595,3,context:4e357959f54147dda5ff9abe,PAMIQIKDUOTOBW,18.9,20.2140127818,1.31401278178,True
site type,2,atom,0,main text,False,630,502,0.870352183595,3,context:4e84d21933f6eccc0c980be5,IVHJSNNMKJWPFW,10.86,10.8373394012,-0.0226605987549,True
site type,2,atom,0,main text,False,630,502,0.870352183595,3,context:500613401f28b4b0952c000d,VKCPVXCYHWANEC,17.29,17.2631759644,-0.0268240356445,True
site type,2,atom,0,main text,False,630,502,0.870352183595,3,context:50a98aa417f41bcc68a40747,WGYKZJWCGVVSQN,15.11,14.6928551992,-0.417144800822,True
site type,2,atom,0,main text,False,630,502,0.870352183595,3,context:510c63b2ddfe45b4192e31c1,BWWCSQTYPABWBT,15.33,14.6205005646,-0.709499435425,True
site type,2,atom,0,main text,False,630,502,0.870352183595,3,context:523e7fe8e3dc5e193c84e859,CPELXLSAUQHCOX,11.7,17.5414218903,5.84142189026,True
site type,2,atom,0,main text,False,630,502,0.870352183595,3,context:5442b0e9024093d2c98c3080,DSPAGGVPWBWMBP,18.67,18.827554067,0.157554066976,True
site type,2,atom,0,main text,False,630,502,0.870352183595,3,context:544689f1ecc9ed21c3473dea,YNAVUWVOSKDBBP,15.62,15.6391146978,0.0191146977743,True
site type,2,atom,0,main text,False,630,502,0.870352183595,3,context:5ba4085f03ddb86555b51cdc,VHYFNPMBLIVWCW,15.8,15.1216602325,-0.678339767456,True
site type,2,atom,0,main text,False,630,502,0.870352183595,3,context:63317bca6cd5cae44a1d622b,SNBCZNABMJUYMS,19.23,18.6890017192,-0.540998280843,True
site type,2,atom,0,main text,False,630,502,0.870352183595,3,context:63768c6bb77df83e92226c73,HSRPLROZBPXWIY,30.25,28.6686471303,-1.58135286967,True
site type,2,atom,0,main text,False,630,502,0.870352183595,3,context:660926094fbfaa917710f4d4,XWVMHHKVOZLYQQ,23.64,24.8226178487,1.18261784871,True
site type,2,atom,0,main text,False,630,502,0.870352183595,3,context:66a203c41d748f0dbb9884b3,SYFJKBMUTRSQMS,17.46,15.1840858459,-2.27591415405,True
site type,2,atom,0,main text,False,630,502,0.870352183595,3,context:6e4a57174d6946a6f98a2810,WBTCPVUCKKBWBS,16.03,17.0368836721,1.00688367208,True
site type,2,atom,0,main text,False,630,502,0.870352183595,3,context:6e77ad84c6fe1778bede0d24,GCNTZFIIOFTKIY,14.76,14.1768379211,-0.583162078857,True
site type,2,atom,0,main text,False,630,502,0.870352183595,3,context:6f179f777671ea16f97d3411,JAECFOXREFJWIQ,26.9,27.8745708466,0.974570846558,True
site type,2,atom,0,main text,False,630,502,0.870352183595,3,context:6f78921165095c04644f69b0,YNAVUWVOSKDBBP,16.96,16.0753421783,-0.884657821655,True
site type,2,atom,0,main text,False,630,502,0.870352183595,3,context:71d67a01ba53a82b13c163b0,WCMLRSZJUIKVCW,21.3,21.9229246775,0.622924677531,True
site type,2,atom,0,main text,False,630,502,0.870352183595,3,context:72f1954993f4e7c8534b029c,HOKIBTXDUCLZQR,15.85,16.098338445,0.248338445028,True
site type,2,atom,0,main text,False,630,502,0.870352183595,3,context:73feb99f4e6b4ddbd88ec1a7,YKHWTRUFZHTBMJ,24.3,23.1734555562,-1.12654444377,True
site type,2,atom,0,main text,False,630,502,0.870352183595,3,context:747e9b73428e74177ffb857a,XTPVMJZCDLGELL,15.99,14.9010429382,-1.08895706177,True
site type,2,atom,0,main text,False,630,502,0.870352183595,3,context:79c65256b559d6d381320fb6,GQHTUMJGOHRCHB,15.29,15.5288356145,0.238835614522,True
site type,2,atom,0,main text,False,630,502,0.870352183595,3,context:7afc77936697482adb7a1f43,UYPHGAMYOHOZJK,16.63,15.6143334707,-1.01566652934,True
site type,2,atom,0,main text,False,630,502,0.870352183595,3,context:7e668643a74ae47e7d41748f,OHYUGAGDOHRBPX,15.97,15.5629240672,-0.407075932821,True
site type,2,atom,0,main text,False,630,502,0.870352183595,3,context:8091521933b80d1d2bcb055b,DJBNGARJVCYIMQ,6.5,8.86623255412,2.36623255412,False
site type,2,atom,0,main text,False,630,502,0.870352183595,3,context:811ae9efcd0193872121497e,WGYKZJWCGVVSQN,15.7,16.0694157283,0.369415728251,True
site type,2,atom,0,main text,False,630,502,0.870352183595,3,context:83d89f504c32f936af35d07c,OAJHUPAFXARZGF,13,14.3249702454,1.32497024536,True
site type,2,atom,0,main text,False,630,502,0.870352183595,3,context:84078208c008c047b25acf64,YERBBVNYIKLXDM,11.25,11.2072512309,-0.0427487691243,True
site type,2,atom,0,main text,False,630,502,0.870352183595,3,context:86147d68481eeb09813c9fc3,XLYOFNOQVPJJNP,10.47,14.6223319372,4.15233193715,True
site type,2,atom,0,main text,False,630,502,0.870352183595,3,context:87908d0dc6a3a19f1ab7b04a,YERBBVNYIKLXDM,22.21,18.6106115977,-3.5993884023,True
site type,2,atom,0,main text,False,630,502,0.870352183595,3,context:88dc2fb2a8fa785ece10e5c8,SGUVLZREKBPKCE,16.28,15.4359105428,-0.844089457194,True
site type,2,atom,0,main text,False,630,502,0.870352183595,3,context:892c9c011ecfd597feecbf8d,CQJDYPZUDYXHLM,22.5,22.7421099345,0.242109934489,True
site type,2,atom,0,main text,False,630,502,0.870352183595,3,context:8a5b36b60b7cfcb57c3ad503,ZMYZJAQMQBHNLH,13.45,14.096432368,0.646432367961,True
site type,2,atom,0,main text,False,630,502,0.870352183595,3,context:900e0ef528d122743759721d,KFTADSJYQHFUKZ,20.02,21.0969708761,1.07697087606,True
site type,2,atom,0,main text,False,630,502,0.870352183595,3,context:90b4f64e72ef28d9e9981436,ZOQOPXVJANRGJZ,18.47,17.9079538981,-0.562046101888,True
site type,2,atom,0,main text,False,630,502,0.870352183595,3,context:949b1c1beccdbbc6ac0e4e06,ZOQOPXVJANRGJZ,20.37,19.2696247101,-1.10037528992,True
site type,2,atom,0,main text,False,630,502,0.870352183595,3,context:94a61b16c071603466488247,IQKSLJOIKWOGIZ,12.58,14.2635790507,1.6835790507,True
site type,2,atom,0,main text,False,630,502,0.870352183595,3,context:982b6372a6e0963fa3349f82,YVDVSJFCKBIGDL,11.85,8.48259385427,-3.36740614573,True
site type,2,atom,0,main text,False,630,502,0.870352183595,3,context:9af11d59c9ea233c8010f6bb,BTCSSZJGUNDROE,13.55,13.6179240545,0.0679240544637,True
site type,2,atom,0,main text,False,630,502,0.870352183595,3,context:9ed05bdbe4e0643fba096326,VEXZGXHMUGYJMC,14.7,10.9449294408,-3.75507055918,True
site type,2,atom,0,main text,False,630,502,0.870352183595,3,context:a2b956996902a0c95279f30c,IAPQCQCJCOIPGG,17.84,18.095553716,0.255553716024,True
site type,2,atom,0,main text,False,630,502,0.870352183595,3,context:a3e9db402d50367ae82f56f8,ULVUGRJTZCWZRN,17.93,18.6316229502,0.701622950236,True
site type,2,atom,0,main text,False,630,502,0.870352183595,3,context:ad9d3bb3f215a1bd183c99b2,XLYOFNOQVPJJNP,5.2,5.80287075043,0.602870750427,True
site type,2,atom,0,main text,False,630,502,0.870352183595,3,context:b44b93b78777b9b06d72907a,YAYTYCFOMPKBLT,19.5,12.9146881104,-6.58531188965,True
site type,2,atom,0,main text,False,630,502,0.870352183595,3,context:b7e1139870fe9139d0577224,LRLGEWICBZWMKM,19.91,20.6079953512,0.697995351156,True
site type,2,atom,0,main text,False,630,502,0.870352183595,3,context:b840db4d6d4c6e3bf4370ca3,YGYSYVIYOVIODP,18.61,17.0681902568,-1.54180974325,True
site type,2,atom,0,main text,False,630,502,0.870352183595,3,context:b8690ed83fcc1f63ec6a3192,AVAKHEUFLLONCE,16.5,14.3055712382,-2.1944287618,True
site type,2,atom,0,main text,False,630,502,0.870352183595,3,context:bd9bcdb175e11b897dabcd28,NJRFUIBZODLJFT,15.32,13.2148065567,-2.1051934433,False
site type,2,atom,0,main text,False,630,502,0.870352183595,3,context:bda4a8efd0a6071173148caf,MZRSAJZDYIISJW,9.54,10.5016638438,0.961663843791,True
site type,2,atom,0,main text,False,630,502,0.870352183595,3,context:c230f506962530139725d833,OISVCGZHLKNMSJ,9.87,9.38837941488,-0.481620585124,True
site type,2,atom,0,main text,False,630,502,0.870352183595,3,context:c28e9784db55d15adb8563d0,RFCQDOVPMUSZMN,22.55,22.4885851542,-0.0614148457845,True
site type,2,atom,0,main text,False,630,502,0.870352183595,3,context:c56d8e873d18427b4a6c2221,JITQYZIBZBYZSK,15.84,15.5627498627,-0.277250137329,True
site type,2,atom,0,main text,False,630,502,0.870352183595,3,context:c5ab4fbff33ea1c23ed1a668,YAYTYCFOMPKBLT,19.36,18.3006928762,-1.05930712382,True
site type,2,atom,0,main text,False,630,502,0.870352183595,3,context:c67fcfe4828561685a6b02aa,VHYFNPMBLIVWCW,14.8,15.2668704987,0.466870498657,False
site type,2,atom,0,main text,False,630,502,0.870352183595,3,context:c929963fdc06b138006e5312,LLAIMYGLOIRRGL,12.02,14.1306196849,2.11061968486,True
site type,2,atom,0,main text,False,630,502,0.870352183595,3,context:cbf66445fe772b3b7820a6db,ASHGTJPOSUFTGB,18.81,20.5386918386,1.72869183858,True
site type,2,atom,0,main text,False,630,502,0.870352183595,3,context:cc7462c586f1194519c806fa,IWDCLRJOBJJRNH,19.08,20.0007095337,0.920709533691,True
site type,2,atom,0,main text,False,630,502,0.870352183595,3,context:d1bb2f25909a5e2048042b2d,VVJKKWFAADXIJK,13.21,13.5044720968,0.294472096761,True
site type,2,atom,0,main text,False,630,502,0.870352183595,3,context:d1f97a98cb5a25be406a8195,XTPVMJZCDLGELL,18.82,18.4842650096,-0.335734990438,True
site type,2,atom,0,main text,False,630,502,0.870352183595,3,context:d4152848c65b374210bdc5ef,GCNTZFIIOFTKIY,18.97,20.1553592682,1.18535926819,True
site type,2,atom,0,main text,False,630,502,0.870352183595,3,context:d4c2fab5287ea7098f4f0230,OISVCGZHLKNMSJ,9.11,9.60928408305,0.499284083049,True
site type,2,atom,0,main text,False,630,502,0.870352183595,3,context:d8803a83cbf2e897e4af9181,OXOBKZZXZVFOBB,16.61,16.1802304586,-0.429769541423,True
site type,2,atom,0,main text,False,630,502,0.870352183595,3,context:dbb2b7aa0524286e51014716,UBCOTVOUIYQRDQ,17.19,16.2728830973,-0.917116902669,True
site type,2,atom,0,main text,False,630,502,0.870352183595,3,context:dc62c3a7eb79716791382b52,IUHHODLEEGNQCK,0.16,0.0974626541138,-0.0625373458862,True
site type,2,atom,0,main text,False,630,502,0.870352183595,3,context:dcec0d5191af8ca31753e7ff,RJARUKHEHLEIMS,15.93,16.3516419729,0.42164197286,True
site type,2,atom,0,main text,False,630,502,0.870352183595,3,context:de3b2485e87e95ef76620c9a,MNLNQEMXGZMOEI,14.62,13.3964090347,-1.22359096527,True
site type,2,atom,0,main text,False,630,502,0.870352183595,3,context:df4a5feae3fda103be3d480a,IRCZONILFAZELT,7.66,8.41655572255,0.756555722555,True
site type,2,atom,0,main text,False,630,502,0.870352183595,3,context:dfc76f6e772b215b852beb3f,BWZVCCNYKMEVEX,9.34,10.8586209615,1.51862096151,True
site type,2,atom,0,main text,False,630,502,0.870352183595,3,context:e087b743f12113f78646f735,YERBBVNYIKLXDM,21.54,19.9788118998,-1.56118810018,True
site type,2,atom,0,main text,False,630,502,0.870352183595,3,context:e24e4d7fd96d667c1d2deccf,ZDXPYRJPNDTMRX,13.45,13.5456034342,0.0956034342448,True
site type,2,atom,0,main text,False,630,502,0.870352183595,3,context:e2d071d237cecc852b1a0c6f,JMXPLMBSBMEJNB,27.54,27.1524537404,-0.387546259562,True
site type,2,atom,0,main text,False,630,502,0.870352183595,3,context:e4917630ae07ba3dcfae3ed7,CVHZOJJKTDOEJC,10.78,11.8889401754,1.10894017537,True
site type,2,atom,0,main text,False,630,502,0.870352183595,3,context:e79fe3c23b9bd6857d93b8d3,FKNQCJSGGFJEIZ,13.7,13.8918031057,0.191803105672,True
site type,2,atom,0,main text,False,630,502,0.870352183595,3,context:ee79474ab6712126e20b8f97,MHAJPDPJQMAIIY,15.4,15.5898443858,0.189844385783,False
site type,2,atom,0,main text,False,630,502,0.870352183595,3,context:eef73f92f21983ff483b9239,VHYFNPMBLIVWCW,15.51,14.7914301554,-0.718569844564,True
site type,2,atom,0,main text,False,630,502,0.870352183595,3,context:f28ec5da63392e1651687bce,NWSWKDROXITUOW,8.56,9.62179629008,1.06179629008,True
site type,2,atom,0,main text,False,630,502,0.870352183595,3,context:f53eba96ba1e12264d2d7bc1,FKNQCJSGGFJEIZ,11.1,11.8385572433,0.738557243347,True
site type,2,atom,0,main text,False,630,502,0.870352183595,3,context:f7029689fcad4f0347c63c73,XLYOFNOQVPJJNP,5.79,6.09367783864,0.303677838643,True
site type,2,atom,0,main text,False,630,502,0.870352183595,3,context:f79cbdea285f4ccacece2c07,QJWQYVJVCXMTJP,14.8,14.3200743993,-0.479925600688,True
site type,2,atom,0,main text,False,630,502,0.870352183595,3,context:f8a9352cc568c9cf5cf6ccac,ISWSIDIOOBJBQZ,18.86,20.072517395,1.21251739502,True
site type,2,atom,0,main text,False,630,502,0.870352183595,3,context:fb79cf9c01dfd62ac3953c15,CILSZJRLZHUMTE,6.83,6.16106065114,-0.668939348857,False
site type,2,atom,0,main text,False,630,502,0.870352183595,3,context:fbcc78d2ed5637a53df454a7,WHUUTDBJXJRKMK,13.96,13.564458847,-0.395541152954,True
site type,2,atom,0,main text,False,630,502,0.870352183595,3,context:fbe1f2b3bf5c4b6656f50bd3,GMUGMDGQOFYHAX,16.65,17.3025391897,0.652539189657,True
site type,2,atom,0,main text,False,630,502,0.870352183595,3,context:fc1cc983665e145c5c3f5959,YNAVUWVOSKDBBP,15.65,15.72118028,0.0711802800496,True
site type,2,atom,0,main text,False,630,502,0.870352183595,3,context:fd4292af88f1f87464f10b69,ISWSIDIOOBJBQZ,18.53,20.4553807576,1.92538075765,True
site type,2,atom,0,main text,False,630,502,0.870352183595,3,context:fd935620b0b1c06b2d5d5da4,VQLPKXVGNWNVFY,13.31,13.632089297,0.322089296977,True
site type,2,atom,0,main text,False,630,502,0.870352183595,3,context:ff0e6840c6876bdb13e2cc35,XFXPMWWXUTWYJX,16.27,18.3662166595,2.09621665955,False
site type,2,atom,0,main text,False,630,502,0.870352183595,3,context:ff156dbe306c9fdc1fc5b061,DFPLUISJTGAKGA,17.8,20.6801586151,2.88015861511,True
site type,2,atom,0,main text,False,630,502,0.870352183595,4,context:03b146b027b29d95f2c62601,AUKXFNABVHIUAC,17.24,17.1479225159,-0.0920774841309,True
site type,2,atom,0,main text,False,630,502,0.870352183595,4,context:07de06084c7bdeb904676ef7,MCTWTZJPVLRJOU,11.9,11.5682738622,-0.331726137797,False
site type,2,atom,0,main text,False,630,502,0.870352183595,4,context:09046fec8456871d3b429293,RMVRSNDYEFQCLF,23.36,23.984161377,0.624161376953,True
site type,2,atom,0,main text,False,630,502,0.870352183595,4,context:0cf9bfdf8a025b9f32ccd1b8,IIHPVYJPDKJYOU,12.79,11.1853024165,-1.60469758352,True
site type,2,atom,0,main text,False,630,502,0.870352183595,4,context:107be5bb9f651335a161deed,RWRDLPDLKQPQOW,17.21,17.3970247904,0.187024790446,True
site type,2,atom,0,main text,False,630,502,0.870352183595,4,context:1148cf278b4e49ad0ad7b099,JHLOOOWAEXGHGS,13.94,14.7527208328,0.812720832825,True
site type,2,atom,0,main text,False,630,502,0.870352183595,4,context:119199d1f38aa9ae820bce0b,ITLHXEGAYQFOHJ,5.29,7.09977499644,1.80977499644,True
site type,2,atom,0,main text,False,630,502,0.870352183595,4,context:122046d347614b7c29be8580,WJRBRSLFGCUECM,17.52,17.8053538005,0.285353800456,True
site type,2,atom,0,main text,False,630,502,0.870352183595,4,context:1951c08c108b1fc6ff4c4a97,XUMYXWQECJOOTL,17.33,17.1325009664,-0.19749903361,True
site type,2,atom,0,main text,False,630,502,0.870352183595,4,context:1956d5b680049141c56b22a0,ZBJDBFWPAOORHG,13.91,15.7834424973,1.87344249725,True
site type,2,atom,0,main text,False,630,502,0.870352183595,4,context:1b004815eee4643cc1c5b4f0,COLNVLDHVKWLRT,14.12,13.4204594294,-0.699540570577,True
site type,2,atom,0,main text,False,630,502,0.870352183595,4,context:1b4611edb8b5ce18814f3b2a,NRKYWOKHZRQRJR,15.81,16.1246306101,0.314630610148,True
site type,2,atom,0,main text,False,630,502,0.870352183595,4,context:2065e12e5f86c117a9969567,RZXMPPFPUUCRFN,13,12.1439530055,-0.856046994527,True
site type,2,atom,0,main text,False,630,502,0.870352183595,4,context:225c2e58862e9a974965867f,KGANXKJXGWZHIT,19.38,17.9903303782,-1.38966962179,True
site type,2,atom,0,main text,False,630,502,0.870352183595,4,context:230cf6f4895a503eff45eb66,HDZGCSFEDULWCS,17.23,13.1118672689,-4.11813273112,False
site type,2,atom,0,main text,False,630,502,0.870352183595,4,context:23d73c4048189eec05ae404a,BAYGVMXZJBFEMB,21.69,21.8762753805,0.186275380452,True
site type,2,atom,0,main text,False,630,502,0.870352183595,4,context:291acfb63dedd7ff4481b001,URBDFHBJUSYZIR,15.24,15.9703725179,0.730372517904,True
site type,2,atom,0,main text,False,630,502,0.870352183595,4,context:29aee7eff81b55c913860d35,IVJPPXLWFDRDRE,5.53,7.15042066574,1.62042066574,True
site type,2,atom,0,main text,False,630,502,0.870352183595,4,context:2a24eaa30d93662177b4bc12,CMLWFCUAXGSMBB,18.11,13.6693468094,-4.44065319061,True
site type,2,atom,0,main text,False,630,502,0.870352183595,4,context:2c7e3b33b386cff0291fffcf,NHQDETIJWKXCTC,18.19,18.1332670848,-0.0567329152425,True
site type,2,atom,0,main text,False,630,502,0.870352183595,4,context:2d30b422fff296f981311fc8,ZCPWZUGSUPGMLC,21.5,21.4663016001,-0.0336983998617,True
site type,2,atom,0,main text,False,630,502,0.870352183595,4,context:2e5d770353ceaf58fad6fa91,QLXMOFWIKWAQBW,20.08,18.7394860586,-1.34051394145,True
site type,2,atom,0,main text,False,630,502,0.870352183595,4,context:2ff1aec14e3bcdcafc645e22,MCTWTZJPVLRJOU,9.91,9.94557952881,0.0355795288086,False
site type,2,atom,0,main text,False,630,502,0.870352183595,4,context:3101f3fe5be1e24229df0064,JVZMNODVCGXDQK,15.07,15.69267718,0.622677179972,True
site type,2,atom,0,main text,False,630,502,0.870352183595,4,context:33d586a3dcda0fc4f356b3ab,BAYGVMXZJBFEMB,22.05,21.9150218964,-0.134978103638,True
site type,2,atom,0,main text,False,630,502,0.870352183595,4,context:352fceabe8f2c132a0ddecf2,HDZGCSFEDULWCS,17.73,15.5446058909,-2.18539410909,False
site type,2,atom,0,main text,False,630,502,0.870352183595,4,context:380178bb314da3f2fe5e0c0d,HPNMFZURTQLUMO,14.68,14.7269624074,0.04696240743,True
site type,2,atom,0,main text,False,630,502,0.870352183595,4,context:39bc8cdc8df528adf3a48ea6,PAYRUJLWNCNPSJ,12.99,12.1128393809,-0.8771606191,True
site type,2,atom,0,main text,False,630,502,0.870352183595,4,context:3b4c151085be17c6e5d0fe4a,IQBIARKBWBZCBC,14.07,13.8797931671,-0.190206832886,True
site type,2,atom,0,main text,False,630,502,0.870352183595,4,context:3c30a3c353f8018c29a59cc1,GETQZCLCWQTVFV,23.05,18.5923220317,-4.45767796834,True
site type,2,atom,0,main text,False,630,502,0.870352183595,4,context:3c66a16770b2cb1b94a7ebae,AJZBTMWQSPSMEQ,17.98,19.1188519796,1.13885197957,True
site type,2,atom,0,main text,False,630,502,0.870352183595,4,context:3db36efd12f185c1e1b9c3cf,FMXOEQQPVONPBU,12.06,12.3883330027,0.328333002726,True
site type,2,atom,0,main text,False,630,502,0.870352183595,4,context:3e6014902806a45c5f89b141,DKGAVHZHDRPRBM,5.35,6.11567576726,0.765675767263,True
site type,2,atom,0,main text,False,630,502,0.870352183595,4,context:42f9a8c6b65e77322276a21c,AFYRKIAHDASULF,18.56,18.3612683614,-0.19873163859,True
site type,2,atom,0,main text,False,630,502,0.870352183595,4,context:43e3fd4ee0ee6d83c6b00ada,BHAAPTBBJKJZER,13.42,14.2528572083,0.832857208252,True
site type,2,atom,0,main text,False,630,502,0.870352183595,4,context:43e721076339639daff45cef,XZBIXDPGRMLSTC,10.35,12.9618879954,2.6118879954,True
site type,2,atom,0,main text,False,630,502,0.870352183595,4,context:44214978ea544d1e7e3dd18f,NCTNEXWAKFHINX,19.62,20.0419750214,0.421975021362,True
site type,2,atom,0,main text,False,630,502,0.870352183595,4,context:454b04023bcf2bec6706f660,LEOBAJICZUMTJB,28.95,28.0994885763,-0.850511423747,True
site type,2,atom,0,main text,False,630,502,0.870352183595,4,context:4697c5f89a74267da9c12326,UOADRGAJWNJVGC,16.44,16.8600800832,0.420080083211,True
site type,2,atom,0,main text,False,630,502,0.870352183595,4,context:4699714a5eb4d444399b5b6e,IPPUNPCBOKIQJE,18,18.9757563273,0.975756327311,True
site type,2,atom,0,main text,False,630,502,0.870352183595,4,context:484dc70326857d7848a8e738,XSAZHMLGFSHHAR,14.47,14.4910831451,0.0210831451416,True
site type,2,atom,0,main text,False,630,502,0.870352183595,4,context:4f32203cd53bb30273bb0421,GMAZSOXPZUDWTB,17.99,18.0064716339,0.0164716339111,True
site type,2,atom,0,main text,False,630,502,0.870352183595,4,context:551320761ba7b156705d660e,QMMFVYPAHWMCMS,12.7,12.1017640432,-0.598235956828,True
site type,2,atom,0,main text,False,630,502,0.870352183595,4,context:568fb4fdb90b44d677b0cb6a,MRHSGZMVLDOZCK,20.61,24.0672887166,3.45728871663,True
site type,2,atom,0,main text,False,630,502,0.870352183595,4,context:5797e898876334cc21fbbe54,JJIGRMWSNCMAIW,18.31,18.6023604075,0.292360407511,True
site type,2,atom,0,main text,False,630,502,0.870352183595,4,context:57d430266759dccda05b8737,ARIDPRZCOYMNQD,14.43,14.650299708,0.220299708049,False
site type,2,atom,0,main text,False,630,502,0.870352183595,4,context:5f0596e78b008723e499aa6b,NQRYJNQNLNOLGT,18.13,17.6279404958,-0.502059504191,True
site type,2,atom,0,main text,False,630,502,0.870352183595,4,context:60260ac532ca2aa5c288544a,SNOAYWWTVMKALE,15.26,14.2353547414,-1.02464525859,True
site type,2,atom,0,main text,False,630,502,0.870352183595,4,context:6091bd2301516003910d6e51,NGKOCETVOBCCII,12.98,13.0449581146,0.064958114624,True
site type,2,atom,0,main text,False,630,502,0.870352183595,4,context:629276fce561f2fef1ddf3b6,FUHMXNCIWUEEOS,25.59,26.5092080434,0.919208043416,True
site type,2,atom,0,main text,False,630,502,0.870352183595,4,context:6775d99ad3c1b351c8c6867f,IZXIZTKNFFYFOF,22.4,19.1230036418,-3.27699635824,True
site type,2,atom,0,main text,False,630,502,0.870352183595,4,context:67a77a88e7d690bd1deb7c15,NCTNEXWAKFHINX,15.57,17.757575353,2.18757535299,True
site type,2,atom,0,main text,False,630,502,0.870352183595,4,context:67d69a6a20e197ae30cd76a6,JJIGRMWSNCMAIW,13.09,12.535033226,-0.554966773987,True
site type,2,atom,0,main text,False,630,502,0.870352183595,4,context:69d076f569c3d235014d2001,BSKHPKMHTQYZBB,10.98,11.6095158259,0.629515825907,True
site type,2,atom,0,main text,False,630,502,0.870352183595,4,context:6a55096855f9d314610762f9,FMXOEQQPVONPBU,20.71,19.8489875793,-0.861012420654,True
site type,2,atom,0,main text,False,630,502,0.870352183595,4,context:6ca58b21e5db9904eb708a76,HXKKHQJGJAFBHI,15.47,14.9217300415,-0.548269958496,True
site type,2,atom,0,main text,False,630,502,0.870352183595,4,context:6e6a401dc25bcdce382c3515,PTTODLHIQLXZIF,22.3,22.2331473033,-0.0668526967367,True
site type,2,atom,0,main text,False,630,502,0.870352183595,4,context:72e318a245b638a2d745748e,UFAZHCVBGMSJHS,-1.24,-0.145904223124,1.09409577688,True
site type,2,atom,0,main text,False,630,502,0.870352183595,4,context:78219337fa07aa51b725f02c,CWERGRDVMFNCDR,22.62,21.6046193441,-1.01538065592,True
site type,2,atom,0,main text,False,630,502,0.870352183595,4,context:7a9730d488a266fa2217671e,LEZZSPMYYQOQRD,12.66,13.2458928426,0.585892842611,True
site type,2,atom,0,main text,False,630,502,0.870352183595,4,context:7d79978fb66a1b279b0e0da7,DFNYGALUNNFWKJ,10.8,11.6429239909,0.842923990885,True
site type,2,atom,0,main text,False,630,502,0.870352183595,4,context:80c62a65950944463324a6e4,APISVOVOJVZIBA,12.29,11.5420916875,-0.74790831248,True
site type,2,atom,0,main text,False,630,502,0.870352183595,4,context:8107203de6a98dc10d30d0bb,RPFGCUFAJAQNLJ,8.8,10.5198119481,1.71981194814,True
site type,2,atom,0,main text,False,630,502,0.870352183595,4,context:83fe2f12e40d758f4bbca968,WPNCPIASBHXNGM,20.6,19.0747337341,-1.52526626587,True
site type,2,atom,0,main text,False,630,502,0.870352183595,4,context:843c178340fd63ad343a3c47,CUJRVFIICFDLGR,13.73,13.764805158,0.0348051579793,True
site type,2,atom,0,main text,False,630,502,0.870352183595,4,context:84854e1188e887abf0e72d4b,ARIDPRZCOYMNQD,14.58,14.8228610357,0.242861035665,False
site type,2,atom,0,main text,False,630,502,0.870352183595,4,context:872dfd150b2fd5afb606c011,ZDYBRMAFPIENJI,13.79,13.7512820562,-0.0387179438273,True
site type,2,atom,0,main text,False,630,502,0.870352183595,4,context:886d6621bfc25690eb20c6e0,CTSZPNIMMLSKDV,13.12,9.96818510691,-3.15181489309,True
site type,2,atom,0,main text,False,630,502,0.870352183595,4,context:8a8bd635725f8c3997f9265b,MGBSQSNUNMDOOF,17.69,16.5495452881,-1.14045471191,True
site type,2,atom,0,main text,False,630,502,0.870352183595,4,context:8ce8c05e600f200167d9ea98,BHAAPTBBJKJZER,14.28,12.7593377431,-1.52066225688,True
site type,2,atom,0,main text,False,630,502,0.870352183595,4,context:908222a6672bc8229b37a507,MRHSGZMVLDOZCK,10.69,14.2897326152,3.59973261515,True
site type,2,atom,0,main text,False,630,502,0.870352183595,4,context:944072cce1db1a5f567633e3,MNGYXDOGPIDUNU,7.17,6.49540599187,-0.674594008128,True
site type,2,atom,0,main text,False,630,502,0.870352183595,4,context:95701497ccbde9e4e0263ccd,ONIBWKKTOPOVIA,18.08,14.9906740189,-3.08932598114,True
site type,2,atom,0,main text,False,630,502,0.870352183595,4,context:973c0a0f35594e2e6e8ca13a,YMAWOPBAYDPSLA,12.91,12.5902363459,-0.319763654073,True
site type,2,atom,0,main text,False,630,502,0.870352183595,4,context:99503aec35fe0d809c2139ba,BKCCAYLNRIRKDJ,12.31,13.5160039266,1.2060039266,True
site type,2,atom,0,main text,False,630,502,0.870352183595,4,context:9d45e885ddcf1d82c61d0bee,PAYRUJLWNCNPSJ,12.64,13.689546903,1.04954690297,True
site type,2,atom,0,main text,False,630,502,0.870352183595,4,context:9e7cf3336b86869f1bc12272,LSMWOQFDLBIYPM,23.35,17.7914600372,-5.55853996277,True
site type,2,atom,0,main text,False,630,502,0.870352183595,4,context:a0d8ab51c24522f926dec6ce,QMMFVYPAHWMCMS,12.32,11.7193183899,-0.600681610107,True
site type,2,atom,0,main text,False,630,502,0.870352183595,4,context:a17600b0c70e7081853de6b3,RZXMPPFPUUCRFN,13.19,13.6415774028,0.451577402751,True
site type,2,atom,0,main text,False,630,502,0.870352183595,4,context:a385e2b2be87e902ae9cefaf,MSARUAFFWZCZHC,13.57,16.4822572072,2.91225720723,True
site type,2,atom,0,main text,False,630,502,0.870352183595,4,context:a4b8e257361a99613adba8ca,FBWBURVAZWBHPX,18.63,18.1510982513,-0.478901748657,True
site type,2,atom,0,main text,False,630,502,0.870352183595,4,context:acf2c5905677cf2f89a96d34,KZENFXVDPUMQOE,13.09,12.1203123728,-0.969687627157,True
site type,2,atom,0,main text,False,630,502,0.870352183595,4,context:adf56c725e7b708269f14236,ARIDPRZCOYMNQD,15.21,14.0279038747,-1.18209612528,True
site type,2,atom,0,main text,False,630,502,0.870352183595,4,context:aeec3cbd5d8c089748b94f1d,OJOFMLDBXPDXLQ,22.67,19.3630530039,-3.30694699605,True
site type,2,atom,0,main text,False,630,502,0.870352183595,4,context:b1ba2b5af1083e7042ca2111,ONIBWKKTOPOVIA,19.95,18.122030894,-1.82796910604,True
site type,2,atom,0,main text,False,630,502,0.870352183595,4,context:b218b48bac376a82bba40669,QGZKDVFQNNGYKY,9.48,9.86650276184,0.386502761841,True
site type,2,atom,0,main text,False,630,502,0.870352183595,4,context:b4379192a81a451b2c8bb420,CPQCSJYYDADLCZ,14.1,14.7049160004,0.604916000366,True
site type,2,atom,0,main text,False,630,502,0.870352183595,4,context:b584b746a569e09329873f46,CUJRVFIICFDLGR,17.64,17.2393779755,-0.400622024536,True
site type,2,atom,0,main text,False,630,502,0.870352183595,4,context:b5db293c21a91cc32f86f377,ZBJDBFWPAOORHG,12.06,11.4195419947,-0.640458005269,True
site type,2,atom,0,main text,False,630,502,0.870352183595,4,context:b9f5421b4ee01b9e354e20dc,BAYGVMXZJBFEMB,18.98,20.789308548,1.80930854797,True
site type,2,atom,0,main text,False,630,502,0.870352183595,4,context:bac1aae4e954997e59a5f190,GQYCDHQAMSGQOC,12.52,13.5561583837,1.03615838369,True
site type,2,atom,0,main text,False,630,502,0.870352183595,4,context:c046aec29642eb4f4703d435,JCBPETKZIGVZRE,14.39,14.6206347148,0.230634714762,True
site type,2,atom,0,main text,False,630,502,0.870352183595,4,context:c2d7f9687a3f8e3aa909f476,IERLOSGMYPXIOS,6.18,4.99942366282,-1.18057633718,True
site type,2,atom,0,main text,False,630,502,0.870352183595,4,context:c5c558df1d0d922fe7d079a1,GNETVOUSGGAEDK,18.39,17.2194906871,-1.17050931295,True
site type,2,atom,0,main text,False,630,502,0.870352183595,4,context:c5cb9e9944be6742a3a267eb,PFLHSEQQKXYSOI,15.68,17.8212038676,2.14120386759,True
site type,2,atom,0,main text,False,630,502,0.870352183595,4,context:c8ba9a3ee4afcc8aced4f7b9,XPUANKANCPMJFC,29.1,29.1997356415,0.0997356414795,True
site type,2,atom,0,main text,False,630,502,0.870352183595,4,context:c91c523da9ce43462aa28d5f,IIHPVYJPDKJYOU,12.21,13.9283587138,1.71835871379,True
site type,2,atom,0,main text,False,630,502,0.870352183595,4,context:cbfa42a0dd135d2db93ede6d,MUDSDYNRBDKLGK,11.6,10.6742509206,-0.925749079386,True
site type,2,atom,0,main text,False,630,502,0.870352183595,4,context:cfd64c531578685a542110cc,RWRDLPDLKQPQOW,18.58,18.3574504852,-0.222549514771,True
site type,2,atom,0,main text,False,630,502,0.870352183595,4,context:d4d54c98a2f232eccd3663c1,YBTFTZSRVCNOLA,14.25,15.7983640035,1.5483640035,True
site type,2,atom,0,main text,False,630,502,0.870352183595,4,context:d59c0e317cb68d0521e2bcc9,UZJGVXSQDRSSHU,16.02,18.1585216522,2.13852165222,True
site type,2,atom,0,main text,False,630,502,0.870352183595,4,context:d91fe4f25e81a2532ad2ae39,HPNMFZURTQLUMO,15.1,15.5101591746,0.410159174601,True
site type,2,atom,0,main text,False,630,502,0.870352183595,4,context:d95541c3f285ddb05b7f07f3,BSKHPKMHTQYZBB,10.52,11.5191825231,0.999182523092,True
site type,2,atom,0,main text,False,630,502,0.870352183595,4,context:dac2ab4cb8fda42bdfc9a46a,XUMYXWQECJOOTL,16.15,16.082291921,-0.0677080790202,True
site type,2,atom,0,main text,False,630,502,0.870352183595,4,context:dbe33314b002ea972dcda0e4,YGCWPCVAVSIFLO,13.06,13.3688062032,0.308806203206,True
site type,2,atom,0,main text,False,630,502,0.870352183595,4,context:dca79eefc8f81b75eff0c327,DUYAAUVXQSMXQP,21.2,17.9067077637,-3.29329223633,True
site type,2,atom,0,main text,False,630,502,0.870352183595,4,context:dd7825d578bf8596421050e5,VCJDCAYCIMKALC,11,9.10752550761,-1.89247449239,False
site type,2,atom,0,main text,False,630,502,0.870352183595,4,context:de96bb5bdc1d1711e0fc5ac3,NQRYJNQNLNOLGT,17.35,18.4896653493,1.13966534932,True
site type,2,atom,0,main text,False,630,502,0.870352183595,4,context:e53fa77227dd1761e4f8ed3c,YQHLDYVWEZKEOX,13.92,15.2336441676,1.31364416758,True
site type,2,atom,0,main text,False,630,502,0.870352183595,4,context:e5eb19962a8a55ef03c7b7d8,XDHRVAHAGMMFMC,14.88,8.7241490682,-6.1558509318,True
site type,2,atom,0,main text,False,630,502,0.870352183595,4,context:e60b90af462633dddd34c1d4,QGZKDVFQNNGYKY,11.39,12.0034770966,0.613477096558,True
site type,2,atom,0,main text,False,630,502,0.870352183595,4,context:e824ba4a74679873d051dd90,KGZLNGOGFMKIHQ,23.9,27.3302415212,3.4302415212,True
site type,2,atom,0,main text,False,630,502,0.870352183595,4,context:e96681537f2d76f2646151d5,CTFWDLWPAQNEKJ,18.32,19.0734882355,0.753488235474,True
site type,2,atom,0,main text,False,630,502,0.870352183595,4,context:f07122c3895ece21a62cb886,IWHOTBXJHCGHRY,19.46,19.805727005,0.345727005005,True
site type,2,atom,0,main text,False,630,502,0.870352183595,4,context:f16502fe669b00585b111b28,YBTFTZSRVCNOLA,18.06,18.18846639,0.128466389974,True
site type,2,atom,0,main text,False,630,502,0.870352183595,4,context:f363e7e84dfe18ed94ae5ba5,JGJLWPGRMCADHB,16.69,13.3558012644,-3.33419873556,True
site type,2,atom,0,main text,False,630,502,0.870352183595,4,context:f54b2cd3f4e98770428a2481,CMLWFCUAXGSMBB,15.19,13.7768710454,-1.41312895457,True
site type,2,atom,0,main text,False,630,502,0.870352183595,4,context:f8746b4cdeac8697636af298,NQRYJNQNLNOLGT,17.19,19.7898578644,2.59985786438,True
site type,2,atom,0,main text,False,630,502,0.870352183595,4,context:fb4e8049cfcb553f6ef1e21c,IBZKBSXREAQDTO,13.24,14.1183684667,0.878368466695,True
site type,2,atom,0,main text,False,630,502,0.870352183595,4,context:fed51cb2bca59714b2194f5c,SHMULLBJFZQILL,16.55,17.5968596141,1.04685961405,True
site type,2,bond,1,main text,False,159,144,0.933155580591,0,context:0b6c95348653b6f10c426164,DCFOWKDNANGCTA,12.03,11.6634550095,-0.36654499054,True
site type,2,bond,1,main text,False,159,144,0.933155580591,0,context:1aa45c306021fc9c59c6bc28,DRLPQHUSIRTYBM,10.3,11.3890873591,1.08908735911,True
site type,2,bond,1,main text,False,159,144,0.933155580591,0,context:1d7f74611726de1d3e40ba2c,VTGIVYVOVVQLRL,9.81,10.8676592509,1.0576592509,True
site type,2,bond,1,main text,False,159,144,0.933155580591,0,context:206208777f16c1a993720f92,HJTMLKUQGRHHBV,3.17,5.03501462936,1.86501462936,True
site type,2,bond,1,main text,False,159,144,0.933155580591,0,context:2bc2210e23222f2ca1056fea,AFFPCIMDERUIST,6.22,5.24630212784,-0.973697872162,True
site type,2,bond,1,main text,False,159,144,0.933155580591,0,context:2bfa69960aef26811d418f7d,KKFHAJHLJHVUDM,5.02,2.16033045451,-2.85966954549,False
site type,2,bond,1,main text,False,159,144,0.933155580591,0,context:3430fb24e13c01a1c2b1f374,OMRYFORMTXHEKG,12.26,11.7426687876,-0.517331212362,True
site type,2,bond,1,main text,False,159,144,0.933155580591,0,context:3f291e98cdee9b74b828c413,SUGDTIRKYVZSJV,0.61,0.289595286051,-0.320404713949,True
site type,2,bond,1,main text,False,159,144,0.933155580591,0,context:4025c01c926785d20b4da857,OMRYFORMTXHEKG,13.87,12.9652630488,-0.904736951192,True
site type,2,bond,1,main text,False,159,144,0.933155580591,0,context:4b655358583f89db3e0df328,OTMWKVKLWVNOIR,-0.26,-0.320624669393,-0.0606246693929,True
site type,2,bond,1,main text,False,159,144,0.933155580591,0,context:4f94c0d1686cedd9704e545b,WMEWVEGNFHLPSE,11.99,10.7682971954,-1.22170280457,True
site type,2,bond,1,main text,False,159,144,0.933155580591,0,context:501b7e461778b4b921582278,RSEUOMWVYSLIKM,10.04,11.2247794469,1.18477944692,True
site type,2,bond,1,main text,False,159,144,0.933155580591,0,context:5d0fb36cab7bd0e930227806,ZCNQIKXAMNBENN,5.18,4.65237188339,-0.527628116608,True
site type,2,bond,1,main text,False,159,144,0.933155580591,0,context:67770d8629fea2fbc751003a,SIRKLJAAYVUMHD,3.44,2.56705792745,-0.87294207255,True
site type,2,bond,1,main text,False,159,144,0.933155580591,0,context:6d39068728338474cb8b12a7,PDELBHCVXBSVPJ,0.68,0.467419306437,-0.212580693563,False
site type,2,bond,1,main text,False,159,144,0.933155580591,0,context:6fc996e25232cfba497818fe,UVUCNSNMTAWNQM,7.99,6.97157684962,-1.01842315038,True
site type,2,bond,1,main text,False,159,144,0.933155580591,0,context:8931b4baf65a6cb3b8f5cb7c,BKOOMYPCSUNDGP,0.65,0.417743682861,-0.232256317139,True
site type,2,bond,1,main text,False,159,144,0.933155580591,0,context:911265bcff5e0e286db9cf17,FIONWRDVKJFHRC,-0.43,0.793171564738,1.22317156474,True
site type,2,bond,1,main text,False,159,144,0.933155580591,0,context:91b0731e743a60365754f31e,UVUCNSNMTAWNQM,8.3,7.51149749756,-0.788502502441,True
site type,2,bond,1,main text,False,159,144,0.933155580591,0,context:a96e6a9e6f2d3bb121fe73df,ACKMJXPGBWTWGC,11.28,10.5799166361,-0.700083363851,True
site type,2,bond,1,main text,False,159,144,0.933155580591,0,context:ac982fe97657c8af530f50fb,CVLCYQFQIMSIHJ,5.5,5.05731312434,-0.442686875661,True
site type,2,bond,1,main text,False,159,144,0.933155580591,0,context:b62c4999dd33fa8482f4293b,OUQXBIMQCUSOGP,-0.65,-0.582483291626,0.067516708374,True
site type,2,bond,1,main text,False,159,144,0.933155580591,0,context:b939e721a54f89915f85cea8,VMGFHPGLWRZORG,5.07,6.79408868154,1.72408868154,True
site type,2,bond,1,main text,False,159,144,0.933155580591,0,context:c1e0e264126b914e151029f3,WQLOIPJBHZUMDQ,5.38,4.76100158691,-0.618998413086,True
site type,2,bond,1,main text,False,159,144,0.933155580591,0,context:c24763e636662121ff0af679,HEVPNXRKMVHCNL,4.8,5.54936059316,0.74936059316,True
site type,2,bond,1,main text,False,159,144,0.933155580591,0,context:cd6c7f2e9e50d298d669a067,DRLPQHUSIRTYBM,9.96,10.3982922236,0.438292223612,True
site type,2,bond,1,main text,False,159,144,0.933155580591,0,context:e570da68634a7dae810334ea,JFNLZVQOOSMTJK,-0.25,-1.55041631063,-1.30041631063,True
site type,2,bond,1,main text,False,159,144,0.933155580591,0,context:f18c376da10bde2ffc18a9cc,IXRNQIKIVWWFBH,5.73,6.01616938909,0.286169389089,True
site type,2,bond,1,main text,False,159,144,0.933155580591,0,context:fb90d5b0a9b4b463d2b2fafe,RAMNFTKKGHOHPJ,12.9,11.8206570943,-1.07934290568,True
site type,2,bond,1,main text,False,159,144,0.933155580591,1,context:013d10528d577ad23343fe24,DVUMGIDOTXJYIW,5.6,6.04932816823,0.449328168233,True
site type,2,bond,1,main text,False,159,144,0.933155580591,1,context:131d6c46f6c14c0cd20d1dd1,VQTUBCCKSQIDNK,1.11,0.527196884155,-0.582803115845,True
site type,2,bond,1,main text,False,159,144,0.933155580591,1,context:15e6e8b9d92c865fb032ba8a,WPZQENSANSNYSI,4.01,3.97558387121,-0.0344161287944,True
site type,2,bond,1,main text,False,159,144,0.933155580591,1,context:195064f7a53aab9469bd6e71,JKTCBAGSMQIFNL,4.37,3.24444611867,-1.12555388133,True
site type,2,bond,1,main text,False,159,144,0.933155580591,1,context:36a60dcacd689271d3d18d4e,KPVMGWQGPJULFL,14.02,15.4701989492,1.45019894918,True
site type,2,bond,1,main text,False,159,144,0.933155580591,1,context:404bf59c32cf699e6796c3be,UXQDCOOBHOHTCR,7.79,8.65107663472,0.861076634725,True
site type,2,bond,1,main text,False,159,144,0.933155580591,1,context:415e9fdbe62273d85b5a09bd,GVJPCYQNQCNEAO,3.85,3.71702734629,-0.132972653707,True
site type,2,bond,1,main text,False,159,144,0.933155580591,1,context:56d2bbd0c00b76f288366c4e,PAQMOJBNTFYAFL,6.04,5.59014765422,-0.449852345785,True
site type,2,bond,1,main text,False,159,144,0.933155580591,1,context:57f9b1144ec7d9800b73c776,QIXNINALAYEKKB,0.58,1.78686491648,1.20686491648,True
site type,2,bond,1,main text,False,159,144,0.933155580591,1,context:581f6f950209e5a3e18937e3,XVQDTXHCRHPVKU,7.06,5.7890103658,-1.2709896342,True
site type,2,bond,1,main text,False,159,144,0.933155580591,1,context:60a070cb9cf3f7e2e170d20a,GNROSMHJEUZVFQ,10.73,11.8036343257,1.07363432566,True
site type,2,bond,1,main text,False,159,144,0.933155580591,1,context:685b918ba0fd154e2d79d44b,OLANGBUYTLNYCP,-2.94,-2.67202218374,0.267977816264,True
site type,2,bond,1,main text,False,159,144,0.933155580591,1,context:727f472f92d8d55448af4fc0,CTMHWPIWNRWQEG,0.08,1.37007427216,1.29007427216,True
site type,2,bond,1,main text,False,159,144,0.933155580591,1,context:7343fbc9f96a2ea1dd784f66,UZKWTJUDCOPSNM,3.76,4.58752791087,0.827527910868,True
site type,2,bond,1,main text,False,159,144,0.933155580591,1,context:896b243f7362a3f08efd6c43,WEOLAPIPKPOLGJ,4.4,4.0347495079,-0.365250492096,True
site type,2,bond,1,main text,False,159,144,0.933155580591,1,context:9189fdf2970ca0fe9ea2f01e,KPVMGWQGPJULFL,13.36,14.0021944046,0.642194404602,True
site type,2,bond,1,main text,False,159,144,0.933155580591,1,context:9ed26fa745888933574a2ce5,IIWSLXWOGWUDPL,-1.46,-2.20394229889,-0.743942298889,True
site type,2,bond,1,main text,False,159,144,0.933155580591,1,context:a425baa54b98f0de9b55f7ff,FXNDIJDIPNCZQJ,0.79,-0.126125653585,-0.916125653585,True
site type,2,bond,1,main text,False,159,144,0.933155580591,1,context:b26630fba92aa5e105ad4ee3,DCVICHWBECIALB,6.82,3.42552804947,-3.39447195053,True
site type,2,bond,1,main text,False,159,144,0.933155580591,1,context:b5117e6dd52e5f5a64381fbc,RHAFPDMTJCXVAM,11.66,11.1338342031,-0.526165796916,True
site type,2,bond,1,main text,False,159,144,0.933155580591,1,context:b58abecd293f8e63e352f4b2,HAHWYZKXGPCZPC,11.5,12.3978198369,0.897819836934,True
site type,2,bond,1,main text,False,159,144,0.933155580591,1,context:c709e99ccf7c6c92d81e1bb7,JLBJTVDPSNHSKJ,1.7,0.76216729482,-0.93783270518,True
site type,2,bond,1,main text,False,159,144,0.933155580591,1,context:cac4e4e0278c62ba340a89ee,UYHVGSLAEZDHER,5.76,4.60069322586,-1.15930677414,True
site type,2,bond,1,main text,False,159,144,0.933155580591,1,context:d1b4f6982964363eba7fa7fb,XVFWSVOQGGAMGB,3.84,5.13281774521,1.29281774521,True
site type,2,bond,1,main text,False,159,144,0.933155580591,1,context:d6295089975eb421aafc81d7,KZVPFSJPLBOVLO,3.94,3.15648873647,-0.783511263529,True
site type,2,bond,1,main text,False,159,144,0.933155580591,1,context:ec1313ad61a1a2a268460821,JKTCBAGSMQIFNL,5.02,2.88531335195,-2.13468664805,True
site type,2,bond,1,main text,False,159,144,0.933155580591,1,context:fa4f7643ccb394753d09b249,LIKMAJRDDDTEIG,-2.77,-1.97175852458,0.798241475423,False
site type,2,bond,1,main text,False,159,144,0.933155580591,2,context:0ab8765197e529e9cdbe5c4a,SKQFWLMZKFEKRZ,14.09,13.9949795405,-0.095020459493,True
site type,2,bond,1,main text,False,159,144,0.933155580591,2,context:10eb87177546527bc43e1ef8,XWLLGMTXHZNRDQ,11.66,12.5312856038,0.871285603841,True
site type,2,bond,1,main text,False,159,144,0.933155580591,2,context:1b857dd0ac32063532e9f8b5,CCTCRLPORAQCQS,5.39,4.64794810613,-0.74205189387,True
site type,2,bond,1,main text,False,159,144,0.933155580591,2,context:27be502f8f8eb586c54ced8c,VEKDDHYCIOYPHJ,5.47,4.48041566213,-0.98958433787,True
site type,2,bond,1,main text,False,159,144,0.933155580591,2,context:2f6621f5e9bb44a721f8d73a,VWUHPHHTAVCBMR,1.47,2.86514123281,1.39514123281,True
site type,2,bond,1,main text,False,159,144,0.933155580591,2,context:311c6dfd6c44c173849d6627,JJRADMCAQVSRQP,1.38,2.09680366516,0.716803665161,True
site type,2,bond,1,main text,False,159,144,0.933155580591,2,context:3ad7f5145082dd7c8f297e26,WSMPLUKWVPUMKQ,6.57,5.89194154739,-0.678058452606,True
site type,2,bond,1,main text,False,159,144,0.933155580591,2,context:42db5869004d81c1a52ebad7,XOQLIZBCINYJGM,9.23,9.14604759216,-0.0839524078369,True
site type,2,bond,1,main text,False,159,144,0.933155580591,2,context:48e9f5e974e428105d041719,MXZJWRWAEWKOIG,8.16,7.74939362208,-0.41060637792,True
site type,2,bond,1,main text,False,159,144,0.933155580591,2,context:5f4e649522c90e67881cc116,NFJPEKRRHIYYES,2.82,1.47408803304,-1.34591196696,True
site type,2,bond,1,main text,False,159,144,0.933155580591,2,context:72136ab184cd419687f617cd,MHIFCLKKYRCSOC,8.78,10.7560005188,1.9760005188,True
site type,2,bond,1,main text,False,159,144,0.933155580591,2,context:7803c048bdfd005702bba1bc,DZTFOBJTWGCIFC,8.52,9.14780934652,0.627809346517,True
site type,2,bond,1,main text,False,159,144,0.933155580591,2,context:7842f6fbf83282e616295e55,YLHGVZFDDSZKPT,4.76,4.64006153742,-0.119938462575,True
site type,2,bond,1,main text,False,159,144,0.933155580591,2,context:86af89000ccd26647736ae7b,YDNZMDGXIHCQTN,5.44,5.59621016184,0.156210161845,True
site type,2,bond,1,main text,False,159,144,0.933155580591,2,context:8ce88e5365ac7ac650375e0f,SBEMOANGDSSPJY,5.21,6.00973701477,0.799737014771,True
site type,2,bond,1,main text,False,159,144,0.933155580591,2,context:987ef593e9e5690bc3996291,AUYRUAVCWOAHQN,0.06,-0.433954874674,-0.493954874674,True
site type,2,bond,1,main text,False,159,144,0.933155580591,2,context:9f785c562aae8f92e0de3fa1,XWLLGMTXHZNRDQ,10.76,11.8446235657,1.08462356567,True
site type,2,bond,1,main text,False,159,144,0.933155580591,2,context:9fefed71fdd0f52974ed70b8,NWBWEIOJMVYRIC,4.23,4.11591355006,-0.114086449941,True
site type,2,bond,1,main text,False,159,144,0.933155580591,2,context:a1c76225b2c9bca7b1322eda,NKXWEDVASURZRA,11.77,11.86800162,0.0980016199748,True
site type,2,bond,1,main text,False,159,144,0.933155580591,2,context:a1d5ce1cec0fd06dee016218,JUCGZPLNAFWVGZ,3.1,2.68014558156,-0.419854418437,True
site type,2,bond,1,main text,False,159,144,0.933155580591,2,context:a536fb8677a55fd034074879,BTAXCDFJMGWYEI,6.19,5.41732549667,-0.772674503326,True
site type,2,bond,1,main text,False,159,144,0.933155580591,2,context:ae7b911a996c124cac8b7844,HCAPRCHZTKBBOP,6.21,5.46640968323,-0.743590316772,True
site type,2,bond,1,main text,False,159,144,0.933155580591,2,context:b67d11ba358da98110502c9f,FMXIGEXRLSNRMR,1.97,1.5119228363,-0.458077163696,True
site type,2,bond,1,main text,False,159,144,0.933155580591,2,context:c39448a395855de821fcd261,XFTYGCGYGZSRHZ,5.35,4.98362938563,-0.36637061437,True
site type,2,bond,1,main text,False,159,144,0.933155580591,2,context:cd049503ec5505139525a8b2,HYCVUSVTXXYRDT,7.92,8.6911611557,0.771161155701,True
site type,2,bond,1,main text,False,159,144,0.933155580591,2,context:eb4610042d7de2f119b4ea1e,OZBUYKMVICLROK,12.51,13.2782147725,0.768214772542,True
site type,2,bond,1,main text,False,159,144,0.933155580591,2,context:fbcca05b36a0f0897f6b9618,CAUJWSPJKGGYDW,4.57,4.05583413442,-0.51416586558,True
site type,2,bond,1,main text,False,159,144,0.933155580591,3,context:06e417c082fcf3b3a8457721,IIQFBBQJYPGOHJ,11.4,13.2254021962,1.82540219625,True
site type,2,bond,1,main text,False,159,144,0.933155580591,3,context:0a24a04e9009b2f0a36f3ab2,VAPOFMGACKUWCI,13.41,14.1306470235,0.720647023519,True
site type,2,bond,1,main text,False,159,144,0.933155580591,3,context:15c870458dfc37c9dbfe424f,DTGNHQQWMBBUMN,9.94,10.5725755692,0.632575569153,True
site type,2,bond,1,main text,False,159,144,0.933155580591,3,context:1a973174cc5853b1716a3d34,AKBVCJHFENPJAC,7.1,7.40595181783,0.30595181783,True
site type,2,bond,1,main text,False,159,144,0.933155580591,3,context:27709a8218cae0b06af021a4,AZQJMOSEBVCAFB,7.06,7.72714487712,0.667144877116,True
site type,2,bond,1,main text,False,159,144,0.933155580591,3,context:319b681f1f3f0e45bed545f1,ROCZJWMPGISRQB,12.34,11.11804835,-1.22195164998,True
site type,2,bond,1,main text,False,159,144,0.933155580591,3,context:327cf6803eadfa6ebca46695,ROCZJWMPGISRQB,12.56,11.1975498199,-1.36245018005,True
site type,2,bond,1,main text,False,159,144,0.933155580591,3,context:3bba208775a42cc144b1edbc,LWCASYBTPPNMOQ,4.61,4.18278519313,-0.427214806875,True
site type,2,bond,1,main text,False,159,144,0.933155580591,3,context:3f01be5be1d0186e2fea0e8f,HIHAXAWWHPHLKU,2.81,4.30995750427,1.49995750427,True
site type,2,bond,1,main text,False,159,144,0.933155580591,3,context:406afa70a50991af07988d54,GUCCFDCVUOWKND,4.23,3.07558790843,-1.15441209157,True
site type,2,bond,1,main text,False,159,144,0.933155580591,3,context:65c08bb1e80a3627646c0ced,IANGWLHLGYIGEL,10.63,10.9633000692,0.333300069173,True
site type,2,bond,1,main text,False,159,144,0.933155580591,3,context:6ca49dd3e58cf3ece1828586,RTAVABBUANOMOB,6.49,7.46541150411,0.97541150411,True
site type,2,bond,1,main text,False,159,144,0.933155580591,3,context:75b4fd93c019deb5a01c69a9,IAQRGUVFOMOMEM,-2.44,-0.604225476583,1.83577452342,True
site type,2,bond,1,main text,False,159,144,0.933155580591,3,context:75c98a4330ae1af2e4b9d3f8,LDWDMHUVQVGZOX,5.16,3.02172470093,-2.13827529907,True
site type,2,bond,1,main text,False,159,144,0.933155580591,3,context:8714bd2dca42ece385720228,WVBWWBNJMBVGNG,8.13,7.85044733683,-0.279552663167,True
site type,2,bond,1,main text,False,159,144,0.933155580591,3,context:8a7ef30a23323e8945cc9794,QVOVAPDFMDEZJZ,10.21,9.87249056498,-0.337509435018,True
site type,2,bond,1,main text,False,159,144,0.933155580591,3,context:91c341b607fd8bb66bfb35b4,PYQMBKPWEPUANG,3,4.05270735423,1.05270735423,True
site type,2,bond,1,main text,False,159,144,0.933155580591,3,context:9577da62c06995023c463936,YXZRFWIVBXHTBE,7.32,5.45527839661,-1.86472160339,True
site type,2,bond,1,main text,False,159,144,0.933155580591,3,context:a6ae47f323efa3e6a6ecd529,AZQJMOSEBVCAFB,7.74,7.96181329091,0.221813290914,True
site type,2,bond,1,main text,False,159,144,0.933155580591,3,context:a6b771105ca338023cde458a,WVBWWBNJMBVGNG,8.12,8.02758566538,-0.0924143346151,True
site type,2,bond,1,main text,False,159,144,0.933155580591,3,context:aad56734dc6233eba8f81f7d,BGCWDXXJMUHZHE,7.65,6.04488627116,-1.60511372884,True
site type,2,bond,1,main text,False,159,144,0.933155580591,3,context:acdfdd2ff1742eb7efc5f7a8,ZMPUERSSNVHHJM,4.01,4.07931693395,0.0693169339498,True
site type,2,bond,1,main text,False,159,144,0.933155580591,3,context:b341dc1bd2106af80f2da057,OWWIWYDDISJUMY,0.65,-0.0198599497477,-0.669859949748,True
site type,2,bond,1,main text,False,159,144,0.933155580591,3,context:c39a3b2388910651eb46e771,CSFAVKFWVDJVAR,9.64,9.10244083405,-0.537559165955,True
site type,2,bond,1,main text,False,159,144,0.933155580591,3,context:c6871fd1a2609465bc08b9ff,IUFWLBQYLXTUFY,10.38,8.84001572927,-1.53998427073,True
site type,2,bond,1,main text,False,159,144,0.933155580591,3,context:c717312c7fe3cd46f5294a98,GCHPDOOMYGOBOI,1.85,2.29420757294,0.444207572937,True
site type,2,bond,1,main text,False,159,144,0.933155580591,3,context:d4780e321293e26a4a497619,MVUMJYQUKKUOHO,9.43,9.45534420013,0.0253442001343,False
site type,2,bond,1,main text,False,159,144,0.933155580591,3,context:daf0907985231c6efeca64e8,UAIFZYSPVVBOPN,5.41,5.12601915995,-0.283980840047,True
site type,2,bond,1,main text,False,159,144,0.933155580591,3,context:df10f25647cc5e1526092073,CHDOLVPDVFKCKP,10.32,10.2630726496,-0.0569273503621,True
site type,2,bond,1,main text,False,159,144,0.933155580591,3,context:e3e7cd05eef9b734b558fd7a,RRKDQZVVBXLBDC,8.23,7.74735879898,-0.482641201019,True
site type,2,bond,1,main text,False,159,144,0.933155580591,3,context:e6ff6b0b2d0e3769c13a548c,QNLJVGMVNHDIKM,2.04,2.20329380035,0.163293800354,True
site type,2,bond,1,main text,False,159,144,0.933155580591,3,context:fae015fae1f808d3fa919340,PEHJULPJEVIIFJ,3.78,3.54644552867,-0.233554471334,True
site type,2,bond,1,main text,False,159,144,0.933155580591,3,context:fb1a5b3581ec7dcfb5223458,PPBRXRYQALVLMV,0.78,0.801873842875,0.0218738428752,True
site type,2,bond,1,main text,False,159,144,0.933155580591,3,context:fdcac9dbfcf4bd78441f9690,LXYZBHWFQIWZLM,9.25,9.72943814596,0.479438145955,True
site type,2,bond,1,main text,False,159,144,0.933155580591,4,context:044c3fdae3c6e4b58c939351,WDUAYVHCYGZARQ,12.26,9.51287587484,-2.74712412516,True
site type,2,bond,1,main text,False,159,144,0.933155580591,4,context:0e29d880a226d2484b344ebf,WBXRIHAXVFNDKL,7.06,6.54484971364,-0.515150286357,True
site type,2,bond,1,main text,False,159,144,0.933155580591,4,context:116730390e688e83e8b0ead8,SWSBEBHRHKHUHH,15.06,13.4966306686,-1.56336933136,True
site type,2,bond,1,main text,False,159,144,0.933155580591,4,context:155b7737490818b7ec7621e4,WWUVJRULCWHUSA,0.84,0.876082102458,0.0360821024577,True
site type,2,bond,1,main text,False,159,144,0.933155580591,4,context:181eadcc084fe8c56dfb3e6b,MXYLLYBWXIUMIT,1.89,2.05902989705,0.169029897054,True
site type,2,bond,1,main text,False,159,144,0.933155580591,4,context:2227e91f71b84c9827a2db9f,XDTNJCHVNRPULS,10.19,10.6776660283,0.487666028341,True
site type,2,bond,1,main text,False,159,144,0.933155580591,4,context:22ab4d7e6a8daad7c4923d83,BUDQDWGNQVEFAC,2.98,4.814412117,1.834412117,True
site type,2,bond,1,main text,False,159,144,0.933155580591,4,context:2c364065df30f1f0d57b3c45,UBMYYGXGMPGCBO,6.57,5.45990101496,-1.11009898504,True
site type,2,bond,1,main text,False,159,144,0.933155580591,4,context:39653e600f34144a92f6b452,TWPRBLNPCZWJLZ,10.42,9.09074370066,-1.32925629934,True
site type,2,bond,1,main text,False,159,144,0.933155580591,4,context:3e0d248cdfa07d800f514dcf,WZSFKEHHXXHHIV,2.87,2.01779270172,-0.852207298279,True
site type,2,bond,1,main text,False,159,144,0.933155580591,4,context:4451a262025356e75838f9eb,YULMNMJFAZWLLN,1.16,2.39258003235,1.23258003235,True
site type,2,bond,1,main text,False,159,144,0.933155580591,4,context:478bd7b56ed64fd0b513e7f7,KTZNVZJECQAMBV,16.42,14.4667043686,-1.95329563141,True
site type,2,bond,1,main text,False,159,144,0.933155580591,4,context:50161f39a923507aee20a59a,LLPWGHLVUPBSLP,1.72,1.46721394857,-0.252786051432,True
site type,2,bond,1,main text,False,159,144,0.933155580591,4,context:5ece031e8c879cfb428322ee,MXYLLYBWXIUMIT,1.75,1.77707004547,0.0270700454712,True
site type,2,bond,1,main text,False,159,144,0.933155580591,4,context:6568b26e7ebabffeefabce67,PAFMWEOWHZKACA,13.84,13.045033137,-0.794966862996,True
site type,2,bond,1,main text,False,159,144,0.933155580591,4,context:67ed750647d1b6e29959fb35,BPRJSWGFGAQRNA,4.98,4.71654081345,-0.263459186554,True
site type,2,bond,1,main text,False,159,144,0.933155580591,4,context:6b3a4fe7dab8125f230c7fbe,KHVMRHHPMYLEGH,11.6,10.9456427892,-0.654357210795,True
site type,2,bond,1,main text,False,159,144,0.933155580591,4,context:75e95e2e33934b2c5f7b131e,PZJPNKKRMNFDQJ,1.53,2.84693050385,1.31693050385,True
site type,2,bond,1,main text,False,159,144,0.933155580591,4,context:76540b6c6f40cc9b064b707d,HTTSVXZDXSLAOJ,3.12,6.57186222076,3.45186222076,False
site type,2,bond,1,main text,False,159,144,0.933155580591,4,context:865f5a7635708883246d8bf1,WDUAYVHCYGZARQ,12.06,11.0034939448,-1.0565060552,True
site type,2,bond,1,main text,False,159,144,0.933155580591,4,context:987ce259e39ed9ec685429ef,CAUIWDWUUCGKBV,5.06,7.08118136724,2.02118136724,True
site type,2,bond,1,main text,False,159,144,0.933155580591,4,context:9c19cee5d8f60f804f9c5b91,FTXCTXYJXIABGR,10.52,11.9347254435,1.41472544352,True
site type,2,bond,1,main text,False,159,144,0.933155580591,4,context:9c997554fdf4fad80265fdf8,ZASBNSNNQWRELF,5.17,4.47228988012,-0.697710119883,True
site type,2,bond,1,main text,False,159,144,0.933155580591,4,context:9dc1eeeb0b20d8056a03e03e,UEXCJVNBTNXOEH,-0.04,4.68994140625,4.72994140625,False
site type,2,bond,1,main text,False,159,144,0.933155580591,4,context:b18b61bf4f28669b2647f937,YMXWEGBWDPMVRJ,2.87,4.21820751826,1.34820751826,True
site type,2,bond,1,main text,False,159,144,0.933155580591,4,context:b6e33b06cd63c4a07b1be388,UBMYYGXGMPGCBO,6.43,5.48199892044,-0.948001079559,True
site type,2,bond,1,main text,False,159,144,0.933155580591,4,context:b79fc98802357f840cb557bc,PJWQVCOHIKOJPW,1.94,1.52512931824,-0.414870681763,True
site type,2,bond,1,main text,False,159,144,0.933155580591,4,context:b8914b82fb3d63949114f7fb,JNOGVQJEBGEKMG,9,9.53699938456,0.536999384562,True
site type,2,bond,1,main text,False,159,144,0.933155580591,4,context:bc6157f25f73177fcbe68171,KOFSFYBXUYHNJL,15.91,13.6027641296,-2.30723587036,True
site type,2,bond,1,main text,False,159,144,0.933155580591,4,context:c0fc125e885800c5f3a7b9a1,FVRPGFDQHUQCSW,-0.31,0.282251040141,0.592251040141,True
site type,2,bond,1,main text,False,159,144,0.933155580591,4,context:c0fcc07973d61a6e6f0740f8,PNLQPWWBHXMFCA,-3.65,0.891663233439,4.54166323344,True
site type,2,bond,1,main text,False,159,144,0.933155580591,4,context:c43b5fb8cb4c6fc563244cc9,FTXCTXYJXIABGR,10.61,12.0408843358,1.43088433584,True
site type,2,bond,1,main text,False,159,144,0.933155580591,4,context:d001a7f6f2ba3b7fe779ed1e,JNOGVQJEBGEKMG,9.11,9.33649222056,0.226492220561,True
site type,2,bond,1,main text,False,159,144,0.933155580591,4,context:da77c8114e29099ce8827b44,INQUAPASCFTPLI,6.08,5.55669816335,-0.52330183665,True
site type,2,bond,1,main text,False,159,144,0.933155580591,4,context:dd981811c0768ce657835381,ATQUFXWBVZUTKO,1.18,0.17311223348,-1.00688776652,True
site type,2,bond,1,main text,False,159,144,0.933155580591,4,context:ded762dfaf5b4df434d4fd08,GVYQJELFAHQBFX,-3.52,-3.46560160319,0.0543983968099,True
site type,2,bond,1,main text,False,159,144,0.933155580591,4,context:e181530fe10a27253254a124,ZPJURDXVHOYDGB,15.27,14.2416162491,-1.02838375092,True
site type,2,bond,1,main text,False,159,144,0.933155580591,4,context:e49e5d2ccd38e9f6f7a6a8df,KTZNVZJECQAMBV,14.91,13.4565982819,-1.45340171814,True
site type,2,bond,1,main text,False,159,144,0.933155580591,4,context:ee123d410dcb7c1ee11cbe37,CMOFCAVYKAYXSN,4.13,4.43786907196,0.30786907196,True
site type,2,bond,1,main text,False,159,144,0.933155580591,4,context:f37f0f3a3d724c1c3c845129,RKDAPIXTZRTFKL,5.64,6.70954465866,1.06954465866,True
site type,2,bond,1,main text,False,159,144,0.933155580591,4,context:f9a974833521bf198d328e3f,WNAGIMQWCVOKKX,-1.13,-0.925040880839,0.204959119161,True
site type,2,bond,1,main text,False,159,144,0.933155580591,4,context:fae1d3a003beffe9260989b1,QROGIFZRVHSFLM,-0.49,0.355696678162,0.845696678162,True
site type,2,transferable H,2,main text,False,137,130,0.868601487829,0,context:046650b42d9338282244a2d8,WNGRAVYBVJNTMT,-1.2,-0.286630312602,0.913369687398,False
site type,2,transferable H,2,main text,False,137,130,0.868601487829,0,context:0b7cf750d726379289cdc1df,JIABXJQBVOUBOD,-4.8,-3.155474027,1.644525973,True
site type,2,transferable H,2,main text,False,137,130,0.868601487829,0,context:288cc6beb66cb328095d548c,FUPIVZHYVSCYLX,-2.5,-0.707476615906,1.79252338409,True
site type,2,transferable H,2,main text,False,137,130,0.868601487829,0,context:29e5bbce5254d2dac1ffbd22,BHLKIZCNPYDMOY,0.8,3.01926898956,2.21926898956,True
site type,2,transferable H,2,main text,False,137,130,0.868601487829,0,context:2c1a5d14a43c365e85d4804a,ZACFZWVWCJFOCW,6.53,4.28319152196,-2.24680847804,True
site type,2,transferable H,2,main text,False,137,130,0.868601487829,0,context:2c808b13daaa61e2f6d4753c,ZISUALSZTAEPJH,3.55,3.01589711507,-0.534102884928,True
site type,2,transferable H,2,main text,False,137,130,0.868601487829,0,context:4c93c4353e4fb08790bf79a6,SQMFULTZZQBFBM,3.61,-0.174039840698,-3.7840398407,True
site type,2,transferable H,2,main text,False,137,130,0.868601487829,0,context:50d0003ee7c34e8242409e0f,LPGWNCNRGQANGC,10.01,10.1350800196,0.125080019633,True
site type,2,transferable H,2,main text,False,137,130,0.868601487829,0,context:5c932a5a707faf4a1d8d4816,PARWUHTVGZSQPD,0.06,0.766449928284,0.706449928284,True
site type,2,transferable H,2,main text,False,137,130,0.868601487829,0,context:71430ff0a7183d78d7d86cd5,MRXYAMDBOPZJJK,-1,-0.217644055684,0.782355944316,False
site type,2,transferable H,2,main text,False,137,130,0.868601487829,0,context:7e213e0b900e91c693b92650,AKQNYQDSIDKVJZ,2.65,2.01632944743,-0.633670552572,True
site type,2,transferable H,2,main text,False,137,130,0.868601487829,0,context:8019b9cf1b4d1b390e19717b,UVJHQYIOXKWHFD,0.09,-0.88077100118,-0.97077100118,True
site type,2,transferable H,2,main text,False,137,130,0.868601487829,0,context:8f6ba47e73ed7489abf7a143,LYVYUAHSSSHKHC,-5.4,-3.59563223521,1.80436776479,True
site type,2,transferable H,2,main text,False,137,130,0.868601487829,0,context:8fe3d3bda1ba20a64d2d160b,OAZWDJGLIYNYMU,-3.3,-3.2271493276,0.072850672404,True
site type,2,transferable H,2,main text,False,137,130,0.868601487829,0,context:992c0eadbe25a381ab5fdaa9,CMNUYDSETOTBDE,8.67,8.92942969004,0.259429690043,True
site type,2,transferable H,2,main text,False,137,130,0.868601487829,0,context:a4379c962bcb29e5fa8762fd,FUPIVZHYVSCYLX,-0.07,-0.276529630025,-0.206529630025,True
site type,2,transferable H,2,main text,False,137,130,0.868601487829,0,context:a65af6ab7938ca5563462eeb,SMCZAFXJZGCLQH,4.23,3.91803455353,-0.311965446472,True
site type,2,transferable H,2,main text,False,137,130,0.868601487829,0,context:ae7dae587ead93a8d23cf8a6,MZIGTOLTYBBGEV,10.46,10.5076840719,0.0476840718587,True
site type,2,transferable H,2,main text,False,137,130,0.868601487829,0,context:b2148f730cc8fa004dc2a383,WECJUPODCKXNQK,-2.11,-1.5643342336,0.545665766398,True
site type,2,transferable H,2,main text,False,137,130,0.868601487829,0,context:b472207a5469ed04ab915cc9,IKGHVFNXLBSAFX,10.33,10.3031632106,-0.0268367894491,True
site type,2,transferable H,2,main text,False,137,130,0.868601487829,0,context:b4a2a4f99946fe6fa6310a03,CWZRQWCJPONHOD,-6.4,-3.22542413076,3.17457586924,True
site type,2,transferable H,2,main text,False,137,130,0.868601487829,0,context:bee88a396aaf8c76eef89d99,VFTRUCCMVUPYFC,19.85,17.1065622965,-2.74343770345,True
site type,2,transferable H,2,main text,False,137,130,0.868601487829,0,context:c16baac1c8203bcb17fed5dc,IGKZJQSYTNNPIQ,-3.5,-3.45595486959,0.0440451304118,True
site type,2,transferable H,2,main text,False,137,130,0.868601487829,0,context:ceb6fae0326a8a1396c98cbc,IBNSYFQZHBBNLR,3.89,4.57019265493,0.680192654928,True
site type,2,transferable H,2,main text,False,137,130,0.868601487829,0,context:d5459a7ce6f9ef1e4c3087fe,UVJHQYIOXKWHFD,0.35,-1.01196448008,-1.36196448008,True
site type,2,transferable H,2,main text,False,137,130,0.868601487829,0,context:ef014762e11f0d2a3289968c,FSXRUCROJQTPJL,5.51,5.813483874,0.303483874003,True
site type,2,transferable H,2,main text,False,137,130,0.868601487829,0,context:f4678a3e07b10f3b9f85aa7e,KCQAMWOSJTWKNI,7.49,11.8305651347,4.34056513468,True
site type,2,transferable H,2,main text,False,137,130,0.868601487829,0,context:f79096b8dda843f4aefe2a72,JAGYXYUAYDLKNO,-0.74,-1.85651906331,-1.11651906331,False
site type,2,transferable H,2,main text,False,137,130,0.868601487829,1,context:08b64e5d08f015f03937ffca,YQQFFTNDQFUNHB,-2.1,-2.70232804616,-0.602328046163,True
site type,2,transferable H,2,main text,False,137,130,0.868601487829,1,context:093c49e9de05754d68ebc889,MRMOZBOQVYRSEM,0.1,-2.05982939402,-2.15982939402,False
site type,2,transferable H,2,main text,False,137,130,0.868601487829,1,context:136998ed9d421e73aba9cbbc,FWNSPYIKHBSEAH,4.95,1.67830276489,-3.27169723511,True
site type,2,transferable H,2,main text,False,137,130,0.868601487829,1,context:18d37ab4b2b4a8f29e8a141d,QQQSFSZALRVCSZ,-1.8,2.05626138051,3.85626138051,True
site type,2,transferable H,2,main text,False,137,130,0.868601487829,1,context:1e4bcbaf7b560172aaaf8855,YGHUUVGIRWMJGE,0.79,-0.275531450907,-1.06553145091,True
site type,2,transferable H,2,main text,False,137,130,0.868601487829,1,context:206ec3b9fe4bc58a15228abb,BEHPKGIJAWBJMV,2.4,3.29747486115,0.897474861145,True
site type,2,transferable H,2,main text,False,137,130,0.868601487829,1,context:24a5f8cfdcaae49d1c6f7ea5,CROBTXVXNQNKKO,14.94,19.3171844482,4.37718444824,False
site type,2,transferable H,2,main text,False,137,130,0.868601487829,1,context:2b80cf137e6185ba9ecd7b83,KKJVNKHIPVHCQX,8.36,8.15383466085,-0.206165339152,True
site type,2,transferable H,2,main text,False,137,130,0.868601487829,1,context:39e984a45f10fde75799f050,WZKXBGJNNCGHIC,-4.2,-4.59071985881,-0.390719858805,True
site type,2,transferable H,2,main text,False,137,130,0.868601487829,1,context:582d0809ca7404b54b808139,SUXVTICOXXNSKI,1.88,0.707217534383,-1.17278246562,True
site type,2,transferable H,2,main text,False,137,130,0.868601487829,1,context:626d491d1576051326f00ee9,ARLBPBOMNUIDOG,8.11,7.95417372386,-0.155826276143,True
site type,2,transferable H,2,main text,False,137,130,0.868601487829,1,context:64cf075e76f4a30a3f470d70,NJHWKFPLUOUXOM,-3.4,-4.22491931915,-0.824919319153,True
site type,2,transferable H,2,main text,False,137,130,0.868601487829,1,context:6642a9b4be2f5df822854e2f,LTLGQZPDSQYFSB,4,4.67569700877,0.675697008769,True
site type,2,transferable H,2,main text,False,137,130,0.868601487829,1,context:6b7ab89e0502123301223b09,YNCCYIAVGRFFNA,12.44,11.2579609553,-1.1820390447,True
site type,2,transferable H,2,main text,False,137,130,0.868601487829,1,context:74c0635ee831b2e8b4c23bb1,CQFRXHDORNUERA,2.3,4.13802051544,1.83802051544,True
site type,2,transferable H,2,main text,False,137,130,0.868601487829,1,context:7580733c6a7819a9f36ec24e,JNZPAOFOCUDNDX,13.46,20.8992595673,7.43925956726,True
site type,2,transferable H,2,main text,False,137,130,0.868601487829,1,context:7a75802ec7dcc3872bc03dd1,GACALPFXAWHEBC,4.27,1.50472386678,-2.76527613322,True
site type,2,transferable H,2,main text,False,137,130,0.868601487829,1,context:7e7fa65fb8f731408642a008,TYLBDZLHYORWJA,4.91,5.14186986287,0.231869862874,True
site type,2,transferable H,2,main text,False,137,130,0.868601487829,1,context:895c8593add43e69516f8ec4,SJCJNAHOFNKBAF,3.59,5.27757072449,1.68757072449,True
site type,2,transferable H,2,main text,False,137,130,0.868601487829,1,context:a256a77d3f1eab452162cebd,LOJSXZBYZPEQRS,3.55,3.57311916351,0.0231191635132,True
site type,2,transferable H,2,main text,False,137,130,0.868601487829,1,context:ada3cd1a236ca3dc720bb07f,VCZQFJFZMMALHB,-6.5,-5.07001654307,1.42998345693,True
site type,2,transferable H,2,main text,False,137,130,0.868601487829,1,context:c096e1d72c564944086a74a1,HJWLCRVIBGQPNF,-4.12,-4.20579147339,-0.0857914733887,False
site type,2,transferable H,2,main text,False,137,130,0.868601487829,1,context:c3824808eed7a4f7b22be19d,JIVXOVKFQCJKAK,-1.7,-1.63778114319,0.0622188568115,True
site type,2,transferable H,2,main text,False,137,130,0.868601487829,1,context:d7440ac402a7c00ff68496a7,MRYUZFHUXCUPQI,-4.7,-2.8890616099,1.8109383901,True
site type,2,transferable H,2,main text,False,137,130,0.868601487829,1,context:e9c484139b822f3b07d1aecd,RWWNQEOPUOCKGR,-2.4,-4.09351062775,-1.69351062775,True
site type,2,transferable H,2,main text,False,137,130,0.868601487829,1,context:faba65abf1ba6bbf63cc4733,CROBTXVXNQNKKO,12.1,13.4711996714,1.37119967143,False
site type,2,transferable H,2,main text,False,137,130,0.868601487829,1,context:fef8090e20ba56535f2620ef,AOJHDNSYXUZCCE,3.12,3.13993024826,0.0199302482605,True
site type,2,transferable H,2,main text,False,137,130,0.868601487829,2,context:0af9d64b6b3139ac739f9173,JARUXAOCUHNKJV,8.84,9.6034784317,0.763478431702,True
site type,2,transferable H,2,main text,False,137,130,0.868601487829,2,context:0d8ad7ee4901a2cf1b8f86b7,IKQUUYYDRTYXAP,-3.08,-1.75128173828,1.32871826172,False
site type,2,transferable H,2,main text,False,137,130,0.868601487829,2,context:21ae076d2a3c7d8e677c6cf4,KFZMGEQAYNKOFK,-2.6,7.6595304807,10.2595304807,False
site type,2,transferable H,2,main text,False,137,130,0.868601487829,2,context:33854c28d4e2f299ffe08dcc,GJCOSYZMQJWQCA,0.64,1.21029535929,0.570295359294,True
site type,2,transferable H,2,main text,False,137,130,0.868601487829,2,context:3c453a42d1a48b42cbcc8f13,AQRLNPVMDITEJU,3.58,3.20533148448,-0.374668515523,True
site type,2,transferable H,2,main text,False,137,130,0.868601487829,2,context:4a9dafbc7addbcccb633a826,LDRYFBIQMKMANQ,8.74,8.48132991791,-0.258670082092,True
site type,2,transferable H,2,main text,False,137,130,0.868601487829,2,context:4b6671b921432ed55e1a579a,NKDDWNXOKDWJAK,-4.9,-4.69723383586,0.202766164144,True
site type,2,transferable H,2,main text,False,137,130,0.868601487829,2,context:504282ea8ed58745400da70f,ASDHTSDNZLOXGY,7.15,5.25987672806,-1.89012327194,True
site type,2,transferable H,2,main text,False,137,130,0.868601487829,2,context:514ca8e1744640d6fb10801d,QQXSEZVCKAEYQJ,-4.7,-4.49347305298,0.206526947021,True
site type,2,transferable H,2,main text,False,137,130,0.868601487829,2,context:5c354dcf4b34677a09cf5599,IUDSCMPRPHGDII,9.99,13.4956232707,3.50562327067,True
site type,2,transferable H,2,main text,False,137,130,0.868601487829,2,context:683187562ae64329b2e0441d,ONRDAGWFOUZNLV,8.9,8.53338559469,-0.366614405314,True
site type,2,transferable H,2,main text,False,137,130,0.868601487829,2,context:7f0d02d8a5ceac690800b651,LJXTYJXBORAIHX,9,6.47943115234,-2.52056884766,True
site type,2,transferable H,2,main text,False,137,130,0.868601487829,2,context:8585d8ac7b56199c13600b4b,BOPGDPNILDQYTO,10.37,13.470831871,3.10083187103,False
site type,2,transferable H,2,main text,False,137,130,0.868601487829,2,context:8a6d13d076246e59bf40d2bd,MSYPQYVTHSBORB,9.38,8.65740044912,-0.722599550883,True
site type,2,transferable H,2,main text,False,137,130,0.868601487829,2,context:9986b30acbc1d9673d12a80d,AOLMQKSSMXFUPJ,3.05,2.30585734049,-0.744142659505,True
site type,2,transferable H,2,main text,False,137,130,0.868601487829,2,context:a4335f72939a0cccd51fece2,PXRYIMUHEOUCPU,18.74,13.7725893656,-4.96741063436,True
site type,2,transferable H,2,main text,False,137,130,0.868601487829,2,context:aafdb9d6171b313d573129e5,RIRAVPPUGSNYOU,-7,-4.71278699239,2.28721300761,True
site type,2,transferable H,2,main text,False,137,130,0.868601487829,2,context:ae49602792fb9fc899432299,ZHOVAWFVVBWEGQ,3.67,3.62329737345,-0.0467026265462,True
site type,2,transferable H,2,main text,False,137,130,0.868601487829,2,context:b60a7560daaeb689908cdfe8,IUDSCMPRPHGDII,11.52,17.6346467336,6.1146467336,True
site type,2,transferable H,2,main text,False,137,130,0.868601487829,2,context:c7acd2c4e06d90e1b4b00fd7,YKHOCZAGQAVNHX,17.68,20.2325070699,2.55250706991,True
site type,2,transferable H,2,main text,False,137,130,0.868601487829,2,context:c7ace95893be7bbbe2b5c0b1,KDQBKCRYCZJUAE,-3.86,-2.38144429525,1.47855570475,True
site type,2,transferable H,2,main text,False,137,130,0.868601487829,2,context:d6880797b4826e410604dcce,UVGXNNJEGDSWFX,6.21,5.75812498728,-0.451875012716,True
site type,2,transferable H,2,main text,False,137,130,0.868601487829,2,context:d6bb49551b49eeffeba20626,AIZXHAQJVQMZKC,-2.4,-3.56863562266,-1.16863562266,True
site type,2,transferable H,2,main text,False,137,130,0.868601487829,2,context:de91c6cb5da2a661de9703e3,WYGIWVCWYKSYOE,-8.8,-5.14304097493,3.65695902507,True
site type,2,transferable H,2,main text,False,137,130,0.868601487829,2,context:ecef81dc7db97b63f7c09790,CWTAUZSJBADZNH,-3.4,-3.48038673401,-0.0803867340088,True
site type,2,transferable H,2,main text,False,137,130,0.868601487829,2,context:f095e913e5bfb6896ba60e12,WNXJIVFYUVYPPR,-2.86,-3.88107649485,-1.02107649485,True
site type,2,transferable H,2,main text,False,137,130,0.868601487829,2,context:f29ce1a716de52fd5fa2a2c4,WYGIWVCWYKSYOE,-3.62,-4.33050823212,-0.710508232117,True
site type,2,transferable H,2,main text,False,137,130,0.868601487829,2,context:f57d3ed8833b8ecbd00a9f7e,HFPZCAJZSCWRBC,-2.8,-3.29289023081,-0.492890230815,False
site type,2,transferable H,2,main text,False,137,130,0.868601487829,2,context:f975dbfb496f51a8334232d0,SLCJQIBAFJDZBP,3.83,2.69803619385,-1.13196380615,True
site type,2,transferable H,2,main text,False,137,130,0.868601487829,2,context:fdd045374269b5b36d630482,XBKIDSNNBHCFMZ,7.53,7.73273515701,0.202735157013,True
site type,2,transferable H,2,main text,False,137,130,0.868601487829,3,context:032678b7f79f9876930bdf0b,YDJXDYKQMRNUSA,2.93,-1.30610243479,-4.23610243479,False
site type,2,transferable H,2,main text,False,137,130,0.868601487829,3,context:0f5720064160850a05508c95,JVCCMXQDRZDLSY,14.45,12.048921903,-2.40107809703,True
site type,2,transferable H,2,main text,False,137,130,0.868601487829,3,context:1a9b4dc51aacd84ea8e8bb66,XFHGQPCADCWUJX,0.87,3.47440210978,2.60440210978,True
site type,2,transferable H,2,main text,False,137,130,0.868601487829,3,context:21161b509f74b8cd263d80aa,HTWIZMNMTWYQRN,-3.3,-1.34347120921,1.95652879079,True
site type,2,transferable H,2,main text,False,137,130,0.868601487829,3,context:35ee07181e2eded3005d2587,SMASNBFYNOFLQG,11.01,10.7160905202,-0.293909479777,True
site type,2,transferable H,2,main text,False,137,130,0.868601487829,3,context:39d89feba8ceccab050cea14,USQQZWZBVGCDBX,2.78,3.4510380427,0.671038042704,True
site type,2,transferable H,2,main text,False,137,130,0.868601487829,3,context:3c84f16ba2ec79f4af446fd6,ACCILMOFBCODON,-3.1,-3.76195939382,-0.661959393819,True
site type,2,transferable H,2,main text,False,137,130,0.868601487829,3,context:428760b187999d3470634768,CZLMRJZAHXYRIX,-3.8,-3.34080473582,0.459195264181,True
site type,2,transferable H,2,main text,False,137,130,0.868601487829,3,context:481a46ca93ac9d2c7caf9e64,WPDAVTSOEQEGMS,-0.86,-0.66705195109,0.19294804891,True
site type,2,transferable H,2,main text,False,137,130,0.868601487829,3,context:53fc4d3631dba0437fdde3d3,AKYRVZLYALGKEA,7.68,7.97965113322,0.299651133219,True
site type,2,transferable H,2,main text,False,137,130,0.868601487829,3,context:63abda22eed5b266c7603618,WYURNTSHIVDZCO,-3.5,-4.00680446625,-0.506804466248,True
site type,2,transferable H,2,main text,False,137,130,0.868601487829,3,context:70447420a047d2e1c6853be4,UUTZEAQZDHSEAL,3.4,3.34862295787,-0.0513770421346,True
site type,2,transferable H,2,main text,False,137,130,0.868601487829,3,context:7dc431d0c7fb19fbe1db981a,RWCLZNAGACFNEX,2.27,2.4431292216,0.173129221598,True
site type,2,transferable H,2,main text,False,137,130,0.868601487829,3,context:863b376abd11b6cd8ab3f8ba,QGGUMTNPIYCTSF,0.19,-5.31049537659,-5.50049537659,False
site type,2,transferable H,2,main text,False,137,130,0.868601487829,3,context:96cc12243cb7308b7a7b879d,AAAQKTZKLRYKHR,-4.27,-5.61121241252,-1.34121241252,True
site type,2,transferable H,2,main text,False,137,130,0.868601487829,3,context:a67192e244b884f7edaf5de7,PRPMBEZVXZKPOS,-0.73,-0.698260943095,0.0317390569051,True
site type,2,transferable H,2,main text,False,137,130,0.868601487829,3,context:ab4f099cc387e071731b479d,LYINTWKRUWVLBA,-0.9,-0.742285092672,0.157714907328,True
site type,2,transferable H,2,main text,False,137,130,0.868601487829,3,context:b87ab519eed317de504f5e06,KTSWILXIWHVQLR,5.92,4.53677225113,-1.38322774887,True
site type,2,transferable H,2,main text,False,137,130,0.868601487829,3,context:c3a5cfbb7858313910f80629,CKPJWJGGZOJURQ,1.35,-1.49596405029,-2.84596405029,True
site type,2,transferable H,2,main text,False,137,130,0.868601487829,3,context:c7d66d4e45144188209f398f,QGBMSFLTRRZTGI,3.3,3.33218574524,0.0321857452393,True
site type,2,transferable H,2,main text,False,137,130,0.868601487829,3,context:c92b1880a8e55736b899ad4d,NFHRNKANAAGQOH,5.64,6.96849107742,1.32849107742,True
site type,2,transferable H,2,main text,False,137,130,0.868601487829,3,context:d5b20f0c1691f088a3ff765f,SWILASQDIICLLP,-5.18,-7.02623176575,-1.84623176575,True
site type,2,transferable H,2,main text,False,137,130,0.868601487829,3,context:dda994161815a3495545a2e3,AFCAKJKUYFLYFK,-0.3,-4.30512682597,-4.00512682597,True
site type,2,transferable H,2,main text,False,137,130,0.868601487829,4,context:0f1a763a492b4ba04a7361c4,RBEROAUIKMEYDR,-0.88,-0.853910446167,0.026089553833,False
site type,2,transferable H,2,main text,False,137,130,0.868601487829,4,context:1669e9792fadd8c97a24da05,SBWCARQXLPGQNH,2.2,3.70332781474,1.50332781474,True
site type,2,transferable H,2,main text,False,137,130,0.868601487829,4,context:233a959a2c911e0011325237,CHVJITGCYZJHLR,0.55,2.52631950378,1.97631950378,True
site type,2,transferable H,2,main text,False,137,130,0.868601487829,4,context:24b54ae6de2992d22011bc0b,RTZKZFJDLAIYFH,-5.1,-4.05381266276,1.04618733724,True
site type,2,transferable H,2,main text,False,137,130,0.868601487829,4,context:27b053ef39c6db36c12fc10b,VDCSGNNYCFPWFK,1.52,1.68076165517,0.160761655172,True
site type,2,transferable H,2,main text,False,137,130,0.868601487829,4,context:32766dd4553fe1b598e4f37b,VPVXTYYXTKCTPM,-2.4,-3.13226159414,-0.732261594137,True
site type,2,transferable H,2,main text,False,137,130,0.868601487829,4,context:3cd21e191ae616c74ec11aaf,VDWAQPIHXBRGGA,5.54,4.28473011653,-1.25526988347,True
site type,2,transferable H,2,main text,False,137,130,0.868601487829,4,context:41d81a623832f7867e2ed775,QYZLKGVUSQXAMU,-2.99,-3.67254479726,-0.682544797262,True
site type,2,transferable H,2,main text,False,137,130,0.868601487829,4,context:463b173fc9313129608e533a,NWKBSEBOBPHMKL,-3.2,-1.48110771179,1.71889228821,True
site type,2,transferable H,2,main text,False,137,130,0.868601487829,4,context:48cad362d7932d969ad0e47e,QRLBICHXRCOJDU,2.13,1.20606994629,-0.923930053711,True
site type,2,transferable H,2,main text,False,137,130,0.868601487829,4,context:49fd347bedbd1edbeb240e3f,JSDUOUVZQRZOOY,-1.06,-3.09460067749,-2.03460067749,True
site type,2,transferable H,2,main text,False,137,130,0.868601487829,4,context:674e3b5c51984c48d6abbf37,VDWAQPIHXBRGGA,4,11.3050289154,7.30502891541,False
site type,2,transferable H,2,main text,False,137,130,0.868601487829,4,context:6793ca5ce0c163b8e4c1887f,FULSRCPEOUATID,2.72,2.27086098989,-0.449139010111,True
site type,2,transferable H,2,main text,False,137,130,0.868601487829,4,context:686f9958559bc847496b37e5,SPIUPAOJDZNUJH,-0.7,0.0495233535767,0.749523353577,True
site type,2,transferable H,2,main text,False,137,130,0.868601487829,4,context:6876e1c0c3fd72c364f0ed74,UVRHPCHNWMQZLQ,1.3,3.3633591334,2.0633591334,True
site type,2,transferable H,2,main text,False,137,130,0.868601487829,4,context:6a348b33b3cd78784267830f,XISYFRGVGQIFHM,4.86,4.09202082952,-0.767979170481,True
site type,2,transferable H,2,main text,False,137,130,0.868601487829,4,context:6d775d437805f563af1369c0,CHVJITGCYZJHLR,0.52,3.20015176137,2.68015176137,True
site type,2,transferable H,2,main text,False,137,130,0.868601487829,4,context:7468e5d62052f9d36a9ab056,OMRRIKKMQMYXLQ,9.55,10.3894602458,0.839460245768,True
site type,2,transferable H,2,main text,False,137,130,0.868601487829,4,context:96ccd7f55a254fd1f432b7a3,DOCWIYKENOSTCZ,20.93,18.1230182648,-2.80698173523,True
site type,2,transferable H,2,main text,False,137,130,0.868601487829,4,context:9b612ce389b8d5d9e5d7961e,KQVSXUGMDCAISO,7.97,8.38324769338,0.41324769338,True
site type,2,transferable H,2,main text,False,137,130,0.868601487829,4,context:9d1b05e8231f1bee5f3876b4,HIAZFYQNGXRLTF,3.99,4.03226089478,0.0422608947754,True
site type,2,transferable H,2,main text,False,137,130,0.868601487829,4,context:9eb082db3f538552ebb9b0d2,YYDUKBHWKGEMLM,25.54,19.1962833405,-6.34371665955,True
site type,2,transferable H,2,main text,False,137,130,0.868601487829,4,context:b45d7c3cdcec0b5fc988f966,SABMKDWVEYTWLO,5.36,4.35974136988,-1.00025863012,True
site type,2,transferable H,2,main text,False,137,130,0.868601487829,4,context:d82a09d9de3348fe96fd1937,DBGVGMSCBYYSLD,9.96,6.23377879461,-3.72622120539,True
site type,2,transferable H,2,main text,False,137,130,0.868601487829,4,context:d8b33b35a827ed3c41fe3b89,ZPJPPTSCBDTYDP,9.12,9.26120853424,0.141208534241,True
site type,2,transferable H,2,main text,False,137,130,0.868601487829,4,context:e09e46e5393542fa5dfdff12,PQDJYEQOELDLCP,3.15,2.3839079539,-0.766092046102,True
site type,2,transferable H,2,main text,False,137,130,0.868601487829,4,context:e254324853d787b062c88c43,OJPMLDITIICIDN,8.53,9.26974741618,0.739747416178,True
site type,2,transferable H,2,main text,False,137,130,0.868601487829,4,context:e4af45d8a7b4022cbd54a18e,NXHORDQDUDIXOS,3.99,3.73205773036,-0.257942269643,True
site type,2,transferable H,2,main text,False,137,130,0.868601487829,4,context:f76c66586786c9c40af4aa6d,WDITXRGBBBKEET,11.88,10.1926705043,-1.68732949575,True
site type,2,delocalized region,3,main text,False,61,61,0.766275920309,0,context:3b811e197d9b46329ab92cad,BQCIUPMFLJNBIZ,7.79,6.87450297674,-0.915497023265,True
site type,2,delocalized region,3,main text,False,61,61,0.766275920309,0,context:540416c0c3d81c0c8b862336,YKXTUAGSORHHEC,0.9,3.95656792323,3.05656792323,False
site type,2,delocalized region,3,main text,False,61,61,0.766275920309,0,context:630dea893af48e2ceff430cd,XQQBUAPQHNYYRS,1.35,2.12483406067,0.774834060669,True
site type,2,delocalized region,3,main text,False,61,61,0.766275920309,0,context:63b73b1f6264f63166a91179,VSWGLJOQFUMFOQ,7.26,6.72997204463,-0.530027955373,True
site type,2,delocalized region,3,main text,False,61,61,0.766275920309,0,context:688a91d83a46070bb1ebae42,RFSKGCVUDQRZSD,3.06,4.52642917633,1.46642917633,True
site type,2,delocalized region,3,main text,False,61,61,0.766275920309,0,context:807c37d0f04d431d98aa438d,ZEBBLOXDLGIMEG,11.63,7.11059125264,-4.51940874736,True
site type,2,delocalized region,3,main text,False,61,61,0.766275920309,0,context:9228967bc4510f8f659f36c5,YMHIEPNFCBNQQU,-0.64,-1.61735979716,-0.97735979716,True
site type,2,delocalized region,3,main text,False,61,61,0.766275920309,0,context:a0c15b9089c1328d45fb68cf,MFFMQGGZCLEMCI,10.67,7.19316387177,-3.47683612823,True
site type,2,delocalized region,3,main text,False,61,61,0.766275920309,0,context:b86c2e9af6334b2d9670036e,LMIQERWZRIFWNZ,6.44,5.68623272578,-0.753767274221,True
site type,2,delocalized region,3,main text,False,61,61,0.766275920309,0,context:ba9ea8effc624601730e8dc8,DXJZZRSMGLGFPW,-0.13,0.924028396606,1.05402839661,True
site type,2,delocalized region,3,main text,False,61,61,0.766275920309,1,context:206b78dae8b3648108a62d42,YAXSHOYVZVGDND,4.17,3.86393562953,-0.306064370473,True
site type,2,delocalized region,3,main text,False,61,61,0.766275920309,1,context:2cabe2dd19cc048d8fa2d37e,YLGRTLMDMVAFNI,5.46,3.99392811457,-1.46607188543,True
site type,2,delocalized region,3,main text,False,61,61,0.766275920309,1,context:346a96217133a4296dd83d49,ZCBIFHNDZBSCEP,7.22,8.85615603129,1.63615603129,True
site type,2,delocalized region,3,main text,False,61,61,0.766275920309,1,context:369606617ef5a3bb9b2c9dc5,PAPNRQCYSFBWDI,8.01,8.88130633036,0.871306330363,True
site type,2,delocalized region,3,main text,False,61,61,0.766275920309,1,context:3c25c591fe9606f9b246cf25,NDUYAGLANMHJHF,3.09,2.70809110006,-0.381908899943,True
site type,2,delocalized region,3,main text,False,61,61,0.766275920309,1,context:4f07c0ff41ea145ef262cbec,WXACXMWYHXOSIX,3.93,5.1444773674,1.2144773674,True
site type,2,delocalized region,3,main text,False,61,61,0.766275920309,1,context:686d1a7b6b72e1ebd72d0011,IVSZLXZYQVIEFR,-3.57,-2.83673063914,0.73326936086,True
site type,2,delocalized region,3,main text,False,61,61,0.766275920309,1,context:98fd3cc1dcf4cddb5df85326,HYWCXWRMUZYRPH,1.68,-0.224093437195,-1.90409343719,True
site type,2,delocalized region,3,main text,False,61,61,0.766275920309,1,context:a0c6674b0d4136f31f57f03a,AQWNKDATHZVQIK,9.49,8.5207824707,-0.969217529297,False
site type,2,delocalized region,3,main text,False,61,61,0.766275920309,1,context:c1f6f4623c50422d657d7bc4,DQWVAAWANRXNEG,5.29,9.41040770213,4.12040770213,False
site type,2,delocalized region,3,main text,False,61,61,0.766275920309,1,context:ca178de80ef60355af81a87a,CYIUFVYZGOCGEV,7.48,7.02500581741,-0.454994182587,True
site type,2,delocalized region,3,main text,False,61,61,0.766275920309,1,context:da03cd30c10dd2d6bead6fe6,MVXVYAKCVDQRLW,3.87,4.01118977865,0.141189778646,True
site type,2,delocalized region,3,main text,False,61,61,0.766275920309,2,context:08000475f3d07bd0d2ed13c6,BLRHMMGNCXNXJL,5.75,5.85833676656,0.108336766561,True
site type,2,delocalized region,3,main text,False,61,61,0.766275920309,2,context:33aef67643cbd72249c53a0d,BHNHHSOHWZKFOX,6.91,6.27284447352,-0.637155526479,True
site type,2,delocalized region,3,main text,False,61,61,0.766275920309,2,context:3b99e960c731fc7f0838d70c,OWVJMAKUWHECNI,4.41,3.19787756602,-1.21212243398,True
site type,2,delocalized region,3,main text,False,61,61,0.766275920309,2,context:5b8050265262069ad5270813,REJRONNJIQDQFN,5.38,3.04504172007,-2.33495827993,True
site type,2,delocalized region,3,main text,False,61,61,0.766275920309,2,context:679bc78b6b32212bb23f3c78,YPKBCLZFIYBSHK,6,5.72570912043,-0.274290879567,True
site type,2,delocalized region,3,main text,False,61,61,0.766275920309,2,context:6a34b6a2be7dfe10c15c9386,DWAQDRSOVMLGRQ,6.22,5.83879454931,-0.381205450694,True
site type,2,delocalized region,3,main text,False,61,61,0.766275920309,2,context:6e71df640e2f8adedc31a8f5,VNVFJBSQHSVSKZ,18.1,15.6194241842,-2.48057581584,True
site type,2,delocalized region,3,main text,False,61,61,0.766275920309,2,context:810fcac004a57fcba6af11b8,OWPIFQXNMLDXKW,1.68,3.2485888799,1.5685888799,True
site type,2,delocalized region,3,main text,False,61,61,0.766275920309,2,context:85f4ed8f65d424a893cc9782,FIXQBRDVPNLSGD,6.72,6.08257039388,-0.63742960612,True
site type,2,delocalized region,3,main text,False,61,61,0.766275920309,2,context:9bb2f5c1c4490b310186e3de,MYTGFBZJLDLWQG,4.42,4.54626592,0.126265920003,True
site type,2,delocalized region,3,main text,False,61,61,0.766275920309,2,context:c8287d3c54ac6549178c1236,LUNOXNMCFPFPMO,5.41,6.51680533091,1.10680533091,True
site type,2,delocalized region,3,main text,False,61,61,0.766275920309,2,context:d4eb852c1bcd5b9137d6f6e8,PXUCISHGVVQCJJ,4.67,4.06908448537,-0.600915514628,True
site type,2,delocalized region,3,main text,False,61,61,0.766275920309,2,context:d5c0a0463e4c1077962b2cbe,RRHGJUQNOFWUDK,1.1,1.05369472504,-0.0463052749634,False
site type,2,delocalized region,3,main text,False,61,61,0.766275920309,2,context:e594f98f70ebe845b776bbaf,YRABRACUKBOTKB,8.69,8.92675940196,0.236759401957,True
site type,2,delocalized region,3,main text,False,61,61,0.766275920309,2,context:ed98b693f762083339eea336,YHYLDEVWYOFIJK,2.83,4.50809192657,1.67809192657,True
site type,2,delocalized region,3,main text,False,61,61,0.766275920309,3,context:00c1006666a6ee0580579003,KMVZWUQHMJAWSY,-0.57,0.905666987101,1.4756669871,True
site type,2,delocalized region,3,main text,False,61,61,0.766275920309,3,context:0a6218a0296b67837b6b9a1b,PRLWTCJLCYVORV,1.95,6.45135052999,4.50135052999,True
site type,2,delocalized region,3,main text,False,61,61,0.766275920309,3,context:1a398883d0e1913280db6274,QPGRQOPOFHBWCT,4.63,7.86776129405,3.23776129405,True
site type,2,delocalized region,3,main text,False,61,61,0.766275920309,3,context:1e8484b529709735e9a3a718,CUFNKYGDVFVPHO,6.66,6.56295824051,-0.097041759491,False
site type,2,delocalized region,3,main text,False,61,61,0.766275920309,3,context:204f52ee8fcdd4d29b0a1f62,IENZCGNHSIMFJE,3.97,3.33344491323,-0.636555086772,True
site type,2,delocalized region,3,main text,False,61,61,0.766275920309,3,context:298de7c90e2b5d3ebda60b7b,DPZNOMCNRMUKPS,2.48,2.45399665833,-0.0260033416748,True
site type,2,delocalized region,3,main text,False,61,61,0.766275920309,3,context:2f31279786c48aca2b251ab3,FBQURXLBJJNDBX,3.12,4.96036815643,1.84036815643,True
site type,2,delocalized region,3,main text,False,61,61,0.766275920309,3,context:578b91828446432b17d2d32f,WUVWAXJXPRYUME,6.08,5.62330961227,-0.456690387726,True
site type,2,delocalized region,3,main text,False,61,61,0.766275920309,3,context:7570ecd2c3bbd68836b63493,GWWFMBNBRVZBPC,6.68,1.99508635203,-4.68491364797,False
site type,2,delocalized region,3,main text,False,61,61,0.766275920309,3,context:7dcccb2e6906ee18d7b7a0bf,YXFVVABEGXRONW,-4.36,-2.63242212931,1.72757787069,False
site type,2,delocalized region,3,main text,False,61,61,0.766275920309,3,context:a92d0aa3a11b4e464645e329,KAESVJOAVNADME,4.63,5.61727666855,0.987276668549,True
site type,2,delocalized region,3,main text,False,61,61,0.766275920309,3,context:b3a275786bb7f842b880c170,SIKJAQJRHWYJAI,5.55,4.58699766795,-0.963002332052,True
site type,2,delocalized region,3,main text,False,61,61,0.766275920309,3,context:bf8585ddd47f6b23a6dfb659,YLQBMQCUIZJEEH,1.33,0.938037236532,-0.391962763468,True
site type,2,delocalized region,3,main text,False,61,61,0.766275920309,3,context:d9562f42b5877daf1cc02d8d,BJMUOUXGBFNLSN,6.54,6.8552330335,0.315233033498,True
site type,2,delocalized region,3,main text,False,61,61,0.766275920309,3,context:ddcdb6bd7f3df6e91f5d8652,ZFLFWZRPMDXJCW,7.22,6.96190373103,-0.258096268972,True
site type,2,delocalized region,3,main text,False,61,61,0.766275920309,4,context:1be4ef156924130179fc849b,VQKFNUFAXTZWDK,3.61,2.71033573151,-0.899664268494,True
site type,2,delocalized region,3,main text,False,61,61,0.766275920309,4,context:241b2f4e6f4b8f02767793f0,VXWVFZFZYXOBTA,4.38,4.90787792206,0.527877922058,True
site type,2,delocalized region,3,main text,False,61,61,0.766275920309,4,context:2e785db4025d7ab418f31788,AWUJBJHPBXFVFC,15.6,17.8337885539,2.23378855387,True
site type,2,delocalized region,3,main text,False,61,61,0.766275920309,4,context:8baf7fbf7f5e8af64f3161f7,SHALBPKEGDBVKK,8.57,3.78405300776,-4.78594699224,False
site type,2,delocalized region,3,main text,False,61,61,0.766275920309,4,context:9af3a95a5611635d99920a65,VIOQQUSQVGNIQC,11.2,9.31604957581,-1.88395042419,True
site type,2,delocalized region,3,main text,False,61,61,0.766275920309,4,context:bec25d849c425f9edd17cdc7,YKRGGPCEWFPOIC,8.71,8.20076433818,-0.509235661825,True
site type,2,delocalized region,3,main text,False,61,61,0.766275920309,4,context:db14416ca1ec037acaef952d,DAVVYCRMXOFZQG,-0.1,4.4614961942,4.5614961942,False
site type,2,delocalized region,3,main text,False,61,61,0.766275920309,4,context:e199d687c7fe46a2ecca4707,OSIGJGFTADMDOB,0.13,0.254744211833,0.124744211833,True
site type,2,delocalized region,3,main text,False,61,61,0.766275920309,4,context:f61020482fc860402cac5638,OXHNLMTVIGZXSG,5.85,4.20512708028,-1.64487291972,True
site type,2,atom group,4,main text,False,39,33,0.921636464896,0,context:06e6d7dec0af50fa72831e57,IVRMZWNICZWHMI,20.5,15.6168518066,-4.88314819336,False
site type,2,atom group,4,main text,False,39,33,0.921636464896,0,context:240fd2ffad6a938368e2f5c3,NRMQMTQTYONMFY,21.72,22.7669576009,1.04695760091,True
site type,2,atom group,4,main text,False,39,33,0.921636464896,0,context:2c8b623afe89567861089788,LJUQGASMPRMWIW,11.08,10.9542706807,-0.125729319255,True
site type,2,atom group,4,main text,False,39,33,0.921636464896,0,context:2e3e48b834eb017dc1b5abf5,QTBSBXVTEAMEQO,16.9,16.977921168,0.0779211680094,True
site type,2,atom group,4,main text,False,39,33,0.921636464896,0,context:32244f821b4c117bc6bb69c4,RREAVEQOCKXSHQ,23.8533333333,27.4756482442,3.62231491089,False
site type,2,atom group,4,main text,False,39,33,0.921636464896,0,context:43dfd007875e9355ac0b09fb,OAKJQQAXSVQMHS,16.45,14.6616945267,-1.78830547333,True
site type,2,atom group,4,main text,False,39,33,0.921636464896,0,context:685e870ff662803e7026f805,ALDROZNLTAZHKM,21.03,20.8560117086,-0.173988291423,True
site type,2,atom group,4,main text,False,39,33,0.921636464896,0,context:82b5459ad16032d7dd4f7b44,UETCMNDFHMOYSP,4.84,7.31258710225,2.47258710225,False
site type,2,atom group,4,main text,False,39,33,0.921636464896,0,context:83d957069d2b0682f7ca5c7b,MZGNSEAPZQGJRB,20.93,22.1359138489,1.20591384888,True
site type,2,atom group,4,main text,False,39,33,0.921636464896,0,context:85a689ce13f3268050252c35,OAKJQQAXSVQMHS,13.46,14.8402287165,1.38022871653,True
site type,2,atom group,4,main text,False,39,33,0.921636464896,0,context:a6a5de240902d4b9945e4bbc,XPEIPGVWERPKHJ,11.07,13.0636733373,1.9936733373,True
site type,2,atom group,4,main text,False,39,33,0.921636464896,0,context:c97e0cd1c67c67eb918aa3fb,RWXZXCZBMQPOBF,10.69,10.7394282023,0.0494282023112,True
site type,2,atom group,4,main text,False,39,33,0.921636464896,1,context:331a1c6820892ac9e1d6acb3,JBFYUZGYRGXSFL,21.09,20.9051233927,-0.184876607259,True
site type,2,atom group,4,main text,False,39,33,0.921636464896,1,context:c5dfc6b4da871b7bdb5f6c59,ZOOODBUHSVUZEM,19.3,18.7555961609,-0.544403839111,True
site type,2,atom group,4,main text,False,39,33,0.921636464896,2,context:6f66ae742c982c78338add24,PIICEJLVQHRZGT,13.28,13.2023216883,-0.0776783116659,True
site type,2,atom group,4,main text,False,39,33,0.921636464896,2,context:8bbd998690b73e50016a3036,KLTWGRFNJPLFDA,19.13,19.2761866252,0.146186625163,True
site type,2,atom group,4,main text,False,39,33,0.921636464896,2,context:95c59207696bce98a773a3f1,GLUUGHFHXGJENI,17.22,16.40858078,-0.811419219971,True
site type,2,atom group,4,main text,False,39,33,0.921636464896,2,context:a6d12cf8435e0457e932521e,LDZYRENCLPUXAX,10.02,11.1785078049,1.15850780487,True
site type,2,atom group,4,main text,False,39,33,0.921636464896,2,context:a75649a884cb743552a09be7,VSWDORGPIHIGNW,22.4,22.915594101,0.515594100952,True
site type,2,atom group,4,main text,False,39,33,0.921636464896,2,context:fe8033b706fa1f29525414df,DIIIISSCIXVANO,16.15,17.1867624919,1.03676249186,True
site type,2,atom group,4,main text,False,39,33,0.921636464896,3,context:04b64edad0cefffb0d196d79,UOJYYXATTMQQNA,18.27,19.7088101705,1.43881017049,True
site type,2,atom group,4,main text,False,39,33,0.921636464896,3,context:2f7cdee9df16a9b429f0d03f,RAXXELZNTBOGNW,11.47,11.5625559489,0.0925559488932,True
site type,2,atom group,4,main text,False,39,33,0.921636464896,3,context:4a952e70bc7025c3da22dd2c,OTLNPYWUJOZPPA,18.74,18.7751261393,0.0351261393229,True
site type,2,atom group,4,main text,False,39,33,0.921636464896,3,context:802efb563294ee44870311da,IMNIMPAHZVJRPE,18.8,17.5307102203,-1.26928977966,True
site type,2,atom group,4,main text,False,39,33,0.921636464896,3,context:840fd600607d5836cc66637e,ZRNARZDEJVFNSK,23.61,21.7711448669,-1.83885513306,True
site type,2,atom group,4,main text,False,39,33,0.921636464896,3,context:8ba2d320c3b6827037459f01,VJGBJVIKLSPWJY,7.67,7.17176580429,-0.498234195709,False
site type,2,atom group,4,main text,False,39,33,0.921636464896,3,context:9d2c3139ea78de96abdbe5ad,RAXXELZNTBOGNW,11.58,11.6625375748,0.0825375747681,True
site type,2,atom group,4,main text,False,39,33,0.921636464896,3,context:b88c67ca401e48fbfab5c039,OTLNPYWUJOZPPA,15.3,15.6200269063,0.320026906331,True
site type,2,atom group,4,main text,False,39,33,0.921636464896,3,context:c8f7eb26a0d2738c3301f876,RAXXELZNTBOGNW,9.63,9.28025372823,-0.349746271769,True
site type,2,atom group,4,main text,False,39,33,0.921636464896,3,context:fcd639b8c9b4cf22f976266b,FAIPQCJQEAURIB,23.84,21.9985561371,-1.84144386292,True
site type,2,atom group,4,main text,False,39,33,0.921636464896,4,context:1743ca3c1727e01083cd3c83,FHGCQCXIJRSFGF,12.75,13.6107540131,0.860754013062,False
site type,2,atom group,4,main text,False,39,33,0.921636464896,4,context:3d5311a77de02a2f06aa7389,HYZJCKYKOHLVJF,10.5,10.376209259,-0.123790740967,True
site type,2,atom group,4,main text,False,39,33,0.921636464896,4,context:53cf2d82f66429c019f0bd40,CXHHBNMLPJOKQD,16.03,15.1495933533,-0.880406646729,True
site type,2,atom group,4,main text,False,39,33,0.921636464896,4,context:7f17f9435e107035f3a86421,VYWYYJYRVSBHJQ,14.9,15.0019585292,0.101958529154,True
site type,2,atom group,4,main text,False,39,33,0.921636464896,4,context:809d1fb2dc1b4da75a2807ec,XLSZMDLNRCVEIJ,11.79,11.1928450267,-0.597154973348,True
site type,2,atom group,4,main text,False,39,33,0.921636464896,4,context:8d85ac1c9ae4ec0c4892e261,LXBGSDVWAMZHDD,9.45,9.23422431946,-0.215775680542,True
site type,2,atom group,4,main text,False,39,33,0.921636464896,4,context:abb67462906e5598eb88ace3,XFNJVJPLKCPIBV,14.02,13.6237691243,-0.396230875651,True
site type,2,atom group,4,main text,False,39,33,0.921636464896,4,context:df4c03f7509df1dc68aa5120,LXBGSDVWAMZHDD,11.74,10.8329877853,-0.907012214661,True
site type,2,atom group,4,main text,False,39,33,0.921636464896,4,context:f834ccfc524a8a8c486af933,VYWYYJYRVSBHJQ,18.8,18.7049484253,-0.095051574707,True
